Step,AgentID,Tick,Year,Type,Unique_ID,State_ID,Contracted_Production,Spot_Production,Curtailed_Volume,Take_Or_Pay_Penalty,Annual_Load_Factor,Feedstock_Price,Available_Feedstock,Current_Supply,Max_Supply,Cumulative_Allocated,Num_Owned_Sites,State_Spot_Price,Aggregator_Contracted_Capacity
0,agg_PUNJAB,0,2024,FeedstockAggregator,agg_PUNJAB,PUNJAB,0.0,0.0,0.0,0.0,1.0,360.0,4787000.0,3996131.3048631,4787000.0,0.0,0,440.00000000000006,0.0
0,agg_HARYANA,0,2024,FeedstockAggregator,agg_HARYANA,HARYANA,0.0,0.0,0.0,0.0,1.0,360.0,4000000.0,4000000.0,4000000.0,0.0,0,445.50000000000006,0.0
0,agg_UTTAR_PRADESH,0,2024,FeedstockAggregator,agg_UTTAR_PRADESH,UTTAR_PRADESH,0.0,0.0,0.0,0.0,1.0,390.0,16500000.0,13689860.498466259,16500000.0,0.0,0,473.00000000000006,0.0
0,agg_BIHAR,0,2024,FeedstockAggregator,agg_BIHAR,BIHAR,0.0,0.0,0.0,0.0,1.0,390.0,3333333.333,2822871.560080959,3333333.333,0.0,0,467.50000000000006,0.0
0,agg_ANDHRA_PRADESH,0,2024,FeedstockAggregator,agg_ANDHRA_PRADESH,ANDHRA_PRADESH,0.0,0.0,0.0,0.0,1.0,405.0,3000000.0,2571197.3737186096,3000000.0,0.0,0,495.00000000000006,0.0
0,agg_TAMIL_NADU,0,2024,FeedstockAggregator,agg_TAMIL_NADU,TAMIL_NADU,0.0,0.0,0.0,0.0,1.0,435.0,1333333.333,1333333.333,1333333.333,0.0,0,522.5,0.0
0,agg_MAHARASHTRA,0,2024,FeedstockAggregator,agg_MAHARASHTRA,MAHARASHTRA,0.0,0.0,0.0,0.0,1.0,435.0,10333333.333,10333333.333,10333333.333,0.0,0,517.0,0.0
0,agg_KARNATAKA,0,2024,FeedstockAggregator,agg_KARNATAKA,KARNATAKA,0.0,0.0,0.0,0.0,1.0,405.0,5666666.667,5666666.667,5666666.667,0.0,0,489.50000000000006,0.0
0,agg_WEST_BENGAL,0,2024,FeedstockAggregator,agg_WEST_BENGAL,WEST_BENGAL,0.0,0.0,0.0,0.0,1.0,405.0,5497000.0,5497000.0,5497000.0,0.0,0,500.50000000000006,0.0
0,agg_CHHATTISGARH,0,2024,FeedstockAggregator,agg_CHHATTISGARH,CHHATTISGARH,0.0,0.0,0.0,0.0,1.0,360.0,2666666.667,2666666.667,2666666.667,0.0,0,440.00000000000006,0.0
0,agg_ODISHA,0,2024,FeedstockAggregator,agg_ODISHA,ODISHA,0.0,0.0,0.0,0.0,1.0,360.0,3204666.667,3204666.667,3204666.667,0.0,0,445.50000000000006,0.0
0,agg_MADHYA_PRADESH,0,2024,FeedstockAggregator,agg_MADHYA_PRADESH,MADHYA_PRADESH,0.0,0.0,0.0,0.0,1.0,390.0,3333333.333,3300557.8511478715,3333333.333,0.0,0,473.00000000000006,0.0
0,agg_TELANGANA,0,2024,FeedstockAggregator,agg_TELANGANA,TELANGANA,0.0,0.0,0.0,0.0,1.0,390.0,5698000.0,5698000.0,5698000.0,0.0,0,478.50000000000006,0.0
0,agg_ASSAM,0,2024,FeedstockAggregator,agg_ASSAM,ASSAM,0.0,0.0,0.0,0.0,1.0,480.0,2000000.0,1813424.1497157328,2000000.0,0.0,0,572.0,0.0
0,agg_JHARKHAND,0,2024,FeedstockAggregator,agg_JHARKHAND,JHARKHAND,0.0,0.0,0.0,0.0,1.0,435.0,1666666.667,1666666.667,1666666.667,0.0,0,528.0,0.0
0,agg_RAJASTHAN,0,2024,FeedstockAggregator,agg_RAJASTHAN,RAJASTHAN,0.0,0.0,0.0,0.0,1.0,435.0,2333333.333,2333333.333,2333333.333,86687.64211908758,0,533.5,86687.64211908758
0,agg_KERALA,0,2024,FeedstockAggregator,agg_KERALA,KERALA,0.0,0.0,0.0,0.0,1.0,480.0,1000000.0,990733.5043237108,1000000.0,0.0,0,577.5,0.0
0,agg_GUJARAT,0,2024,FeedstockAggregator,agg_GUJARAT,GUJARAT,0.0,0.0,0.0,0.0,1.0,405.0,1583333.333,1583333.333,1583333.333,0.0,0,495.00000000000006,0.0
1,agg_PUNJAB,1,2025,FeedstockAggregator,agg_PUNJAB,PUNJAB,0.0,0.0,0.0,0.0,1.0,360.0,4787000.0,4787000.0,4787000.0,82949.12572358613,0,440.00000000000006,82949.12572358613
1,agg_HARYANA,1,2025,FeedstockAggregator,agg_HARYANA,HARYANA,0.0,0.0,0.0,0.0,1.0,360.0,3484038.702473453,3484038.702473453,4000000.0,0.0,0,445.50000000000006,0.0
1,agg_UTTAR_PRADESH,1,2025,FeedstockAggregator,agg_UTTAR_PRADESH,UTTAR_PRADESH,0.0,0.0,0.0,0.0,1.0,390.0,15420091.234091077,15420091.234091077,16500000.0,0.0,0,473.00000000000006,0.0
1,agg_BIHAR,1,2025,FeedstockAggregator,agg_BIHAR,BIHAR,0.0,0.0,0.0,0.0,1.0,390.0,3333333.333,3333333.333,3333333.333,0.0,0,467.50000000000006,0.0
1,agg_ANDHRA_PRADESH,1,2025,FeedstockAggregator,agg_ANDHRA_PRADESH,ANDHRA_PRADESH,0.0,0.0,0.0,0.0,1.0,405.0,3000000.0,3000000.0,3000000.0,0.0,0,495.00000000000006,0.0
1,agg_TAMIL_NADU,1,2025,FeedstockAggregator,agg_TAMIL_NADU,TAMIL_NADU,0.0,0.0,0.0,0.0,1.0,435.0,1333333.333,1333333.333,1333333.333,0.0,0,522.5,0.0
1,agg_MAHARASHTRA,1,2025,FeedstockAggregator,agg_MAHARASHTRA,MAHARASHTRA,0.0,0.0,0.0,0.0,1.0,435.0,10333333.333,10333333.333,10333333.333,0.0,0,517.0,0.0
1,agg_KARNATAKA,1,2025,FeedstockAggregator,agg_KARNATAKA,KARNATAKA,0.0,0.0,0.0,0.0,1.0,405.0,5666666.667,5666666.667,5666666.667,0.0,0,489.50000000000006,0.0
1,agg_WEST_BENGAL,1,2025,FeedstockAggregator,agg_WEST_BENGAL,WEST_BENGAL,0.0,0.0,0.0,0.0,1.0,405.0,5013803.897798306,5013803.897798306,5497000.0,0.0,0,500.50000000000006,0.0
1,agg_CHHATTISGARH,1,2025,FeedstockAggregator,agg_CHHATTISGARH,CHHATTISGARH,0.0,0.0,0.0,0.0,1.0,360.0,2435162.7322900905,2435162.7322900905,2666666.667,79725.6777735848,0,440.00000000000006,79725.6777735848
1,agg_ODISHA,1,2025,FeedstockAggregator,agg_ODISHA,ODISHA,0.0,0.0,0.0,0.0,1.0,360.0,3204666.667,3204666.667,3204666.667,0.0,0,445.50000000000006,0.0
1,agg_MADHYA_PRADESH,1,2025,FeedstockAggregator,agg_MADHYA_PRADESH,MADHYA_PRADESH,0.0,0.0,0.0,0.0,1.0,390.0,3333333.333,3333333.333,3333333.333,0.0,0,473.00000000000006,0.0
1,agg_TELANGANA,1,2025,FeedstockAggregator,agg_TELANGANA,TELANGANA,0.0,0.0,0.0,0.0,1.0,390.0,5698000.0,5698000.0,5698000.0,0.0,0,478.50000000000006,0.0
1,agg_ASSAM,1,2025,FeedstockAggregator,agg_ASSAM,ASSAM,0.0,0.0,0.0,0.0,1.0,480.0,2000000.0,2000000.0,2000000.0,0.0,0,572.0,0.0
1,agg_JHARKHAND,1,2025,FeedstockAggregator,agg_JHARKHAND,JHARKHAND,0.0,0.0,0.0,0.0,1.0,435.0,1460218.1122950795,1460218.1122950795,1666666.667,0.0,0,528.0,0.0
1,agg_RAJASTHAN,1,2025,FeedstockAggregator,agg_RAJASTHAN,RAJASTHAN,0.0,0.0,0.0,0.0,1.0,435.0,2233333.333,2333333.333,2333333.333,86687.64211908758,0,533.5,86687.64211908758
1,agg_KERALA,1,2025,FeedstockAggregator,agg_KERALA,KERALA,0.0,0.0,0.0,0.0,1.0,480.0,1000000.0,1000000.0,1000000.0,0.0,0,577.5,0.0
1,agg_GUJARAT,1,2025,FeedstockAggregator,agg_GUJARAT,GUJARAT,0.0,0.0,0.0,0.0,1.0,405.0,1583333.333,1583333.333,1583333.333,0.0,0,495.00000000000006,0.0
2,agg_PUNJAB,2,2026,FeedstockAggregator,agg_PUNJAB,PUNJAB,0.0,0.0,0.0,0.0,1.0,360.0,4264475.358889747,4264475.358889747,4787000.0,82949.12572358613,0,440.00000000000006,82949.12572358613
2,agg_HARYANA,2,2026,FeedstockAggregator,agg_HARYANA,HARYANA,0.0,0.0,0.0,0.0,1.0,360.0,3862224.012933559,3862224.012933559,4000000.0,79507.62586418398,0,445.50000000000006,79507.62586418398
2,agg_UTTAR_PRADESH,2,2026,FeedstockAggregator,agg_UTTAR_PRADESH,UTTAR_PRADESH,0.0,0.0,0.0,0.0,1.0,390.0,16500000.0,16500000.0,16500000.0,0.0,0,473.00000000000006,0.0
2,agg_BIHAR,2,2026,FeedstockAggregator,agg_BIHAR,BIHAR,0.0,0.0,0.0,0.0,1.0,390.0,2810740.130831044,2810740.130831044,3333333.333,0.0,0,467.50000000000006,0.0
2,agg_ANDHRA_PRADESH,2,2026,FeedstockAggregator,agg_ANDHRA_PRADESH,ANDHRA_PRADESH,0.0,0.0,0.0,0.0,1.0,405.0,2731429.6200212515,2731429.6200212515,3000000.0,0.0,0,495.00000000000006,0.0
2,agg_TAMIL_NADU,2,2026,FeedstockAggregator,agg_TAMIL_NADU,TAMIL_NADU,0.0,0.0,0.0,0.0,1.0,435.0,1333333.333,1333333.333,1333333.333,0.0,0,522.5,0.0
2,agg_MAHARASHTRA,2,2026,FeedstockAggregator,agg_MAHARASHTRA,MAHARASHTRA,0.0,0.0,0.0,0.0,1.0,435.0,10333333.333,10333333.333,10333333.333,0.0,0,517.0,0.0
2,agg_KARNATAKA,2,2026,FeedstockAggregator,agg_KARNATAKA,KARNATAKA,0.0,0.0,0.0,0.0,1.0,405.0,5666666.667,5666666.667,5666666.667,0.0,0,489.50000000000006,0.0
2,agg_WEST_BENGAL,2,2026,FeedstockAggregator,agg_WEST_BENGAL,WEST_BENGAL,0.0,0.0,0.0,0.0,1.0,405.0,4748233.125202276,4748233.125202276,5497000.0,0.0,0,500.50000000000006,0.0
2,agg_CHHATTISGARH,2,2026,FeedstockAggregator,agg_CHHATTISGARH,CHHATTISGARH,0.0,0.0,0.0,0.0,1.0,360.0,2533486.4652486863,2533486.4652486863,2666666.667,79725.6777735848,0,440.00000000000006,79725.6777735848
2,agg_ODISHA,2,2026,FeedstockAggregator,agg_ODISHA,ODISHA,0.0,0.0,0.0,0.0,1.0,360.0,3009776.401493981,3009776.401493981,3204666.667,0.0,0,445.50000000000006,0.0
2,agg_MADHYA_PRADESH,2,2026,FeedstockAggregator,agg_MADHYA_PRADESH,MADHYA_PRADESH,0.0,0.0,0.0,0.0,1.0,390.0,3333333.333,3333333.333,3333333.333,0.0,0,473.00000000000006,0.0
2,agg_TELANGANA,2,2026,FeedstockAggregator,agg_TELANGANA,TELANGANA,0.0,0.0,0.0,0.0,1.0,390.0,5698000.0,5698000.0,5698000.0,0.0,0,478.50000000000006,0.0
2,agg_ASSAM,2,2026,FeedstockAggregator,agg_ASSAM,ASSAM,0.0,0.0,0.0,0.0,1.0,480.0,1901177.1929084167,1901177.1929084167,2000000.0,0.0,0,572.0,0.0
2,agg_JHARKHAND,2,2026,FeedstockAggregator,agg_JHARKHAND,JHARKHAND,0.0,0.0,0.0,0.0,1.0,435.0,1494803.6560101807,1494803.6560101807,1666666.667,0.0,0,528.0,0.0
2,agg_RAJASTHAN,2,2026,FeedstockAggregator,agg_RAJASTHAN,RAJASTHAN,0.0,0.0,0.0,0.0,1.0,435.0,2129224.3012645654,2229224.3012645654,2333333.333,86687.64211908758,0,533.5,86687.64211908758
2,agg_KERALA,2,2026,FeedstockAggregator,agg_KERALA,KERALA,0.0,0.0,0.0,0.0,1.0,480.0,920662.8848929141,920662.8848929141,1000000.0,0.0,0,577.5,0.0
2,agg_GUJARAT,2,2026,FeedstockAggregator,agg_GUJARAT,GUJARAT,0.0,0.0,0.0,0.0,1.0,405.0,1285089.3326116493,1285089.3326116493,1583333.333,0.0,0,495.00000000000006,0.0
3,agg_PUNJAB,3,2027,FeedstockAggregator,agg_PUNJAB,PUNJAB,0.0,0.0,0.0,0.0,1.0,360.0,4787000.0,4787000.0,4787000.0,82949.12572358613,0,440.00000000000006,82949.12572358613
3,agg_HARYANA,3,2027,FeedstockAggregator,agg_HARYANA,HARYANA,0.0,0.0,0.0,0.0,1.0,360.0,3312085.475738227,3312085.475738227,4000000.0,79507.62586418398,0,445.50000000000006,79507.62586418398
3,agg_UTTAR_PRADESH,3,2027,FeedstockAggregator,agg_UTTAR_PRADESH,UTTAR_PRADESH,0.0,0.0,0.0,0.0,1.0,390.0,16500000.0,16500000.0,16500000.0,0.0,0,473.00000000000006,0.0
3,agg_BIHAR,3,2027,FeedstockAggregator,agg_BIHAR,BIHAR,0.0,0.0,0.0,0.0,1.0,390.0,3333333.333,3333333.333,3333333.333,0.0,0,467.50000000000006,0.0
3,agg_ANDHRA_PRADESH,3,2027,FeedstockAggregator,agg_ANDHRA_PRADESH,ANDHRA_PRADESH,0.0,0.0,0.0,0.0,1.0,405.0,3000000.0,3000000.0,3000000.0,0.0,0,495.00000000000006,0.0
3,agg_TAMIL_NADU,3,2027,FeedstockAggregator,agg_TAMIL_NADU,TAMIL_NADU,0.0,0.0,0.0,0.0,1.0,435.0,1333333.333,1333333.333,1333333.333,0.0,0,522.5,0.0
3,agg_MAHARASHTRA,3,2027,FeedstockAggregator,agg_MAHARASHTRA,MAHARASHTRA,0.0,0.0,0.0,0.0,1.0,435.0,10333333.333,10333333.333,10333333.333,0.0,0,517.0,0.0
3,agg_KARNATAKA,3,2027,FeedstockAggregator,agg_KARNATAKA,KARNATAKA,0.0,0.0,0.0,0.0,1.0,405.0,5069211.64118687,5069211.64118687,5666666.667,0.0,0,489.50000000000006,0.0
3,agg_WEST_BENGAL,3,2027,FeedstockAggregator,agg_WEST_BENGAL,WEST_BENGAL,0.0,0.0,0.0,0.0,1.0,405.0,4785931.428020753,4785931.428020753,5497000.0,0.0,0,500.50000000000006,0.0
3,agg_CHHATTISGARH,3,2027,FeedstockAggregator,agg_CHHATTISGARH,CHHATTISGARH,0.0,0.0,0.0,0.0,1.0,360.0,2666666.667,2666666.667,2666666.667,79725.6777735848,0,440.00000000000006,79725.6777735848
3,agg_ODISHA,3,2027,FeedstockAggregator,agg_ODISHA,ODISHA,0.0,0.0,0.0,0.0,1.0,360.0,3204666.667,3204666.667,3204666.667,0.0,0,445.50000000000006,0.0
3,agg_MADHYA_PRADESH,3,2027,FeedstockAggregator,agg_MADHYA_PRADESH,MADHYA_PRADESH,0.0,0.0,0.0,0.0,1.0,390.0,2737311.2510401914,2737311.2510401914,3333333.333,0.0,0,473.00000000000006,0.0
3,agg_TELANGANA,3,2027,FeedstockAggregator,agg_TELANGANA,TELANGANA,0.0,0.0,0.0,0.0,1.0,390.0,5698000.0,5698000.0,5698000.0,0.0,0,478.50000000000006,0.0
3,agg_ASSAM,3,2027,FeedstockAggregator,agg_ASSAM,ASSAM,0.0,0.0,0.0,0.0,1.0,480.0,2000000.0,2000000.0,2000000.0,0.0,0,572.0,0.0
3,agg_JHARKHAND,3,2027,FeedstockAggregator,agg_JHARKHAND,JHARKHAND,0.0,0.0,0.0,0.0,1.0,435.0,1666666.667,1666666.667,1666666.667,0.0,0,528.0,0.0
3,agg_RAJASTHAN,3,2027,FeedstockAggregator,agg_RAJASTHAN,RAJASTHAN,0.0,0.0,0.0,0.0,1.0,435.0,2233333.333,2333333.333,2333333.333,86687.64211908758,0,533.5,86687.64211908758
3,agg_KERALA,3,2027,FeedstockAggregator,agg_KERALA,KERALA,0.0,0.0,0.0,0.0,1.0,480.0,1000000.0,1000000.0,1000000.0,0.0,0,577.5,0.0
3,agg_GUJARAT,3,2027,FeedstockAggregator,agg_GUJARAT,GUJARAT,0.0,0.0,0.0,0.0,1.0,405.0,1496759.2592046387,1496759.2592046387,1583333.333,0.0,0,495.00000000000006,0.0
4,agg_PUNJAB,4,2028,FeedstockAggregator,agg_PUNJAB,PUNJAB,0.0,0.0,0.0,0.0,1.0,360.0,4760775.649188353,4760775.649188353,4787000.0,82949.12572358613,0,440.00000000000006,82949.12572358613
4,agg_HARYANA,4,2028,FeedstockAggregator,agg_HARYANA,HARYANA,0.0,0.0,0.0,0.0,1.0,360.0,3955125.2808912816,3955125.2808912816,4000000.0,79507.62586418398,0,445.50000000000006,79507.62586418398
4,agg_UTTAR_PRADESH,4,2028,FeedstockAggregator,agg_UTTAR_PRADESH,UTTAR_PRADESH,0.0,0.0,0.0,0.0,1.0,390.0,16500000.0,16500000.0,16500000.0,0.0,0,473.00000000000006,0.0
4,agg_BIHAR,4,2028,FeedstockAggregator,agg_BIHAR,BIHAR,0.0,0.0,0.0,0.0,1.0,390.0,3333333.333,3333333.333,3333333.333,0.0,0,467.50000000000006,0.0
4,agg_ANDHRA_PRADESH,4,2028,FeedstockAggregator,agg_ANDHRA_PRADESH,ANDHRA_PRADESH,0.0,0.0,0.0,0.0,1.0,405.0,3000000.0,3000000.0,3000000.0,0.0,0,495.00000000000006,0.0
4,agg_TAMIL_NADU,4,2028,FeedstockAggregator,agg_TAMIL_NADU,TAMIL_NADU,0.0,0.0,0.0,0.0,1.0,435.0,1114871.9372744197,1114871.9372744197,1333333.333,0.0,0,522.5,0.0
4,agg_MAHARASHTRA,4,2028,FeedstockAggregator,agg_MAHARASHTRA,MAHARASHTRA,0.0,0.0,0.0,0.0,1.0,435.0,10333333.333,10333333.333,10333333.333,0.0,0,517.0,0.0
4,agg_KARNATAKA,4,2028,FeedstockAggregator,agg_KARNATAKA,KARNATAKA,0.0,0.0,0.0,0.0,1.0,405.0,5666666.667,5666666.667,5666666.667,0.0,0,489.50000000000006,0.0
4,agg_WEST_BENGAL,4,2028,FeedstockAggregator,agg_WEST_BENGAL,WEST_BENGAL,0.0,0.0,0.0,0.0,1.0,405.0,5497000.0,5497000.0,5497000.0,0.0,0,500.50000000000006,0.0
4,agg_CHHATTISGARH,4,2028,FeedstockAggregator,agg_CHHATTISGARH,CHHATTISGARH,0.0,0.0,0.0,0.0,1.0,360.0,2666666.667,2666666.667,2666666.667,79725.6777735848,0,440.00000000000006,79725.6777735848
4,agg_ODISHA,4,2028,FeedstockAggregator,agg_ODISHA,ODISHA,0.0,0.0,0.0,0.0,1.0,360.0,3204666.667,3204666.667,3204666.667,0.0,0,445.50000000000006,0.0
4,agg_MADHYA_PRADESH,4,2028,FeedstockAggregator,agg_MADHYA_PRADESH,MADHYA_PRADESH,0.0,0.0,0.0,0.0,1.0,390.0,3034242.788387557,3034242.788387557,3333333.333,0.0,0,473.00000000000006,0.0
4,agg_TELANGANA,4,2028,FeedstockAggregator,agg_TELANGANA,TELANGANA,0.0,0.0,0.0,0.0,1.0,390.0,5698000.0,5698000.0,5698000.0,0.0,0,478.50000000000006,0.0
4,agg_ASSAM,4,2028,FeedstockAggregator,agg_ASSAM,ASSAM,0.0,0.0,0.0,0.0,1.0,480.0,1973212.275927092,1973212.275927092,2000000.0,0.0,0,572.0,0.0
4,agg_JHARKHAND,4,2028,FeedstockAggregator,agg_JHARKHAND,JHARKHAND,0.0,0.0,0.0,0.0,1.0,435.0,1666666.667,1666666.667,1666666.667,0.0,0,528.0,0.0
4,agg_RAJASTHAN,4,2028,FeedstockAggregator,agg_RAJASTHAN,RAJASTHAN,0.0,0.0,0.0,0.0,1.0,435.0,2233333.333,2333333.333,2333333.333,86687.64211908758,0,533.5,86687.64211908758
4,agg_KERALA,4,2028,FeedstockAggregator,agg_KERALA,KERALA,0.0,0.0,0.0,0.0,1.0,480.0,1000000.0,1000000.0,1000000.0,0.0,0,577.5,0.0
4,agg_GUJARAT,4,2028,FeedstockAggregator,agg_GUJARAT,GUJARAT,0.0,0.0,0.0,0.0,1.0,405.0,1583333.333,1583333.333,1583333.333,0.0,0,495.00000000000006,0.0
5,agg_PUNJAB,5,2029,FeedstockAggregator,agg_PUNJAB,PUNJAB,0.0,0.0,0.0,0.0,1.0,360.0,4521277.570643379,4621277.570643379,4787000.0,82949.12572358613,0,440.00000000000006,82949.12572358613
5,agg_HARYANA,5,2029,FeedstockAggregator,agg_HARYANA,HARYANA,0.0,0.0,0.0,0.0,1.0,360.0,3621676.1996922935,3621676.1996922935,4000000.0,79507.62586418398,0,445.50000000000006,79507.62586418398
5,agg_UTTAR_PRADESH,5,2029,FeedstockAggregator,agg_UTTAR_PRADESH,UTTAR_PRADESH,0.0,0.0,0.0,0.0,1.0,390.0,16280336.593168784,16280336.593168784,16500000.0,0.0,0,473.00000000000006,0.0
5,agg_BIHAR,5,2029,FeedstockAggregator,agg_BIHAR,BIHAR,0.0,0.0,0.0,0.0,1.0,390.0,3333333.333,3333333.333,3333333.333,0.0,0,467.50000000000006,0.0
5,agg_ANDHRA_PRADESH,5,2029,FeedstockAggregator,agg_ANDHRA_PRADESH,ANDHRA_PRADESH,0.0,0.0,0.0,0.0,1.0,405.0,3000000.0,3000000.0,3000000.0,0.0,0,495.00000000000006,0.0
5,agg_TAMIL_NADU,5,2029,FeedstockAggregator,agg_TAMIL_NADU,TAMIL_NADU,0.0,0.0,0.0,0.0,1.0,435.0,1218044.6022166314,1218044.6022166314,1333333.333,0.0,0,522.5,0.0
5,agg_MAHARASHTRA,5,2029,FeedstockAggregator,agg_MAHARASHTRA,MAHARASHTRA,0.0,0.0,0.0,0.0,1.0,435.0,8875295.887405386,8875295.887405386,10333333.333,0.0,0,517.0,0.0
5,agg_KARNATAKA,5,2029,FeedstockAggregator,agg_KARNATAKA,KARNATAKA,0.0,0.0,0.0,0.0,1.0,405.0,5351526.12754911,5351526.12754911,5666666.667,0.0,0,489.50000000000006,0.0
5,agg_WEST_BENGAL,5,2029,FeedstockAggregator,agg_WEST_BENGAL,WEST_BENGAL,0.0,0.0,0.0,0.0,1.0,405.0,5497000.0,5497000.0,5497000.0,0.0,0,500.50000000000006,0.0
5,agg_CHHATTISGARH,5,2029,FeedstockAggregator,agg_CHHATTISGARH,CHHATTISGARH,0.0,0.0,0.0,0.0,1.0,360.0,2566666.667,2666666.667,2666666.667,79725.6777735848,0,440.00000000000006,79725.6777735848
5,agg_ODISHA,5,2029,FeedstockAggregator,agg_ODISHA,ODISHA,0.0,0.0,0.0,0.0,1.0,360.0,2614133.400853269,2614133.400853269,3204666.667,0.0,0,445.50000000000006,0.0
5,agg_MADHYA_PRADESH,5,2029,FeedstockAggregator,agg_MADHYA_PRADESH,MADHYA_PRADESH,0.0,0.0,0.0,0.0,1.0,390.0,2838850.2300405065,2838850.2300405065,3333333.333,0.0,0,473.00000000000006,0.0
5,agg_TELANGANA,5,2029,FeedstockAggregator,agg_TELANGANA,TELANGANA,0.0,0.0,0.0,0.0,1.0,390.0,5386894.386541647,5386894.386541647,5698000.0,0.0,0,478.50000000000006,0.0
5,agg_ASSAM,5,2029,FeedstockAggregator,agg_ASSAM,ASSAM,0.0,0.0,0.0,0.0,1.0,480.0,1873157.4042638133,1873157.4042638133,2000000.0,0.0,0,572.0,0.0
5,agg_JHARKHAND,5,2029,FeedstockAggregator,agg_JHARKHAND,JHARKHAND,0.0,0.0,0.0,0.0,1.0,435.0,1465819.0985954946,1465819.0985954946,1666666.667,0.0,0,528.0,0.0
5,agg_RAJASTHAN,5,2029,FeedstockAggregator,agg_RAJASTHAN,RAJASTHAN,0.0,0.0,0.0,0.0,1.0,435.0,1867245.238755681,1967245.238755681,2333333.333,86687.64211908758,0,533.5,86687.64211908758
5,agg_KERALA,5,2029,FeedstockAggregator,agg_KERALA,KERALA,0.0,0.0,0.0,0.0,1.0,480.0,1000000.0,1000000.0,1000000.0,0.0,0,577.5,0.0
5,agg_GUJARAT,5,2029,FeedstockAggregator,agg_GUJARAT,GUJARAT,0.0,0.0,0.0,0.0,1.0,405.0,1366359.7226762688,1366359.7226762688,1583333.333,0.0,0,495.00000000000006,0.0
6,agg_PUNJAB,6,2030,FeedstockAggregator,agg_PUNJAB,PUNJAB,0.0,0.0,0.0,0.0,1.0,360.0,4687000.0,4787000.0,4787000.0,82949.12572358613,0,440.00000000000006,82949.12572358613
6,agg_HARYANA,6,2030,FeedstockAggregator,agg_HARYANA,HARYANA,0.0,0.0,0.0,0.0,1.0,360.0,3900000.0,4000000.0,4000000.0,79507.62586418398,0,445.50000000000006,79507.62586418398
6,agg_UTTAR_PRADESH,6,2030,FeedstockAggregator,agg_UTTAR_PRADESH,UTTAR_PRADESH,0.0,0.0,0.0,0.0,1.0,390.0,16500000.0,16500000.0,16500000.0,0.0,0,473.00000000000006,0.0
6,agg_BIHAR,6,2030,FeedstockAggregator,agg_BIHAR,BIHAR,0.0,0.0,0.0,0.0,1.0,390.0,3333333.333,3333333.333,3333333.333,0.0,0,467.50000000000006,0.0
6,agg_ANDHRA_PRADESH,6,2030,FeedstockAggregator,agg_ANDHRA_PRADESH,ANDHRA_PRADESH,0.0,0.0,0.0,0.0,1.0,405.0,2980078.310704307,2980078.310704307,3000000.0,0.0,0,495.00000000000006,0.0
6,agg_TAMIL_NADU,6,2030,FeedstockAggregator,agg_TAMIL_NADU,TAMIL_NADU,0.0,0.0,0.0,0.0,1.0,435.0,1266911.2835850848,1266911.2835850848,1333333.333,0.0,0,522.5,0.0
6,agg_MAHARASHTRA,6,2030,FeedstockAggregator,agg_MAHARASHTRA,MAHARASHTRA,0.0,0.0,0.0,0.0,1.0,435.0,10164397.430160135,10164397.430160135,10333333.333,0.0,0,517.0,0.0
6,agg_KARNATAKA,6,2030,FeedstockAggregator,agg_KARNATAKA,KARNATAKA,0.0,0.0,0.0,0.0,1.0,405.0,5666666.667,5666666.667,5666666.667,0.0,0,489.50000000000006,0.0
6,agg_WEST_BENGAL,6,2030,FeedstockAggregator,agg_WEST_BENGAL,WEST_BENGAL,0.0,0.0,0.0,0.0,1.0,405.0,5497000.0,5497000.0,5497000.0,0.0,0,500.50000000000006,0.0
6,agg_CHHATTISGARH,6,2030,FeedstockAggregator,agg_CHHATTISGARH,CHHATTISGARH,0.0,0.0,0.0,0.0,1.0,360.0,2566666.667,2666666.667,2666666.667,79725.6777735848,0,440.00000000000006,79725.6777735848
6,agg_ODISHA,6,2030,FeedstockAggregator,agg_ODISHA,ODISHA,0.0,0.0,0.0,0.0,1.0,360.0,3204666.667,3204666.667,3204666.667,0.0,0,445.50000000000006,0.0
6,agg_MADHYA_PRADESH,6,2030,FeedstockAggregator,agg_MADHYA_PRADESH,MADHYA_PRADESH,0.0,0.0,0.0,0.0,1.0,390.0,3146987.0872810227,3146987.0872810227,3333333.333,0.0,0,473.00000000000006,0.0
6,agg_TELANGANA,6,2030,FeedstockAggregator,agg_TELANGANA,TELANGANA,0.0,0.0,0.0,0.0,1.0,390.0,5076000.271383354,5076000.271383354,5698000.0,0.0,0,478.50000000000006,0.0
6,agg_ASSAM,6,2030,FeedstockAggregator,agg_ASSAM,ASSAM,0.0,0.0,0.0,0.0,1.0,480.0,1832167.0049018804,1832167.0049018804,2000000.0,0.0,0,572.0,0.0
6,agg_JHARKHAND,6,2030,FeedstockAggregator,agg_JHARKHAND,JHARKHAND,0.0,0.0,0.0,0.0,1.0,435.0,1392479.6203576974,1392479.6203576974,1666666.667,0.0,0,528.0,0.0
6,agg_RAJASTHAN,6,2030,FeedstockAggregator,agg_RAJASTHAN,RAJASTHAN,0.0,0.0,0.0,0.0,1.0,435.0,1995295.5363965342,2095295.5363965342,2333333.333,86687.64211908758,0,533.5,86687.64211908758
6,agg_KERALA,6,2030,FeedstockAggregator,agg_KERALA,KERALA,0.0,0.0,0.0,0.0,1.0,480.0,1000000.0,1000000.0,1000000.0,0.0,0,577.5,0.0
6,agg_GUJARAT,6,2030,FeedstockAggregator,agg_GUJARAT,GUJARAT,0.0,0.0,0.0,0.0,1.0,405.0,1583333.333,1583333.333,1583333.333,0.0,0,495.00000000000006,0.0
7,agg_PUNJAB,7,2031,FeedstockAggregator,agg_PUNJAB,PUNJAB,0.0,0.0,0.0,0.0,1.0,360.0,4687000.0,4787000.0,4787000.0,82949.12572358613,0,440.00000000000006,82949.12572358613
7,agg_HARYANA,7,2031,FeedstockAggregator,agg_HARYANA,HARYANA,0.0,0.0,0.0,0.0,1.0,360.0,3861240.39071386,3961240.39071386,4000000.0,79507.62586418398,0,445.50000000000006,79507.62586418398
7,agg_UTTAR_PRADESH,7,2031,FeedstockAggregator,agg_UTTAR_PRADESH,UTTAR_PRADESH,0.0,0.0,0.0,0.0,1.0,390.0,16149177.177304428,16149177.177304428,16500000.0,0.0,0,473.00000000000006,0.0
7,agg_BIHAR,7,2031,FeedstockAggregator,agg_BIHAR,BIHAR,0.0,0.0,0.0,0.0,1.0,390.0,3324815.7478962014,3324815.7478962014,3333333.333,0.0,0,467.50000000000006,0.0
7,agg_ANDHRA_PRADESH,7,2031,FeedstockAggregator,agg_ANDHRA_PRADESH,ANDHRA_PRADESH,0.0,0.0,0.0,0.0,1.0,405.0,3000000.0,3000000.0,3000000.0,0.0,0,495.00000000000006,0.0
7,agg_TAMIL_NADU,7,2031,FeedstockAggregator,agg_TAMIL_NADU,TAMIL_NADU,0.0,0.0,0.0,0.0,1.0,435.0,1098512.9810861563,1098512.9810861563,1333333.333,0.0,0,522.5,0.0
7,agg_MAHARASHTRA,7,2031,FeedstockAggregator,agg_MAHARASHTRA,MAHARASHTRA,0.0,0.0,0.0,0.0,1.0,435.0,10333333.333,10333333.333,10333333.333,0.0,0,517.0,0.0
7,agg_KARNATAKA,7,2031,FeedstockAggregator,agg_KARNATAKA,KARNATAKA,0.0,0.0,0.0,0.0,1.0,405.0,5034673.171651369,5034673.171651369,5666666.667,0.0,0,489.50000000000006,0.0
7,agg_WEST_BENGAL,7,2031,FeedstockAggregator,agg_WEST_BENGAL,WEST_BENGAL,0.0,0.0,0.0,0.0,1.0,405.0,5116871.042047115,5116871.042047115,5497000.0,0.0,0,500.50000000000006,0.0
7,agg_CHHATTISGARH,7,2031,FeedstockAggregator,agg_CHHATTISGARH,CHHATTISGARH,0.0,0.0,0.0,0.0,1.0,360.0,2130196.3575855563,2230196.3575855563,2666666.667,79725.6777735848,0,440.00000000000006,79725.6777735848
7,agg_ODISHA,7,2031,FeedstockAggregator,agg_ODISHA,ODISHA,0.0,0.0,0.0,0.0,1.0,360.0,3010973.9347100663,3010973.9347100663,3204666.667,0.0,0,445.50000000000006,0.0
7,agg_MADHYA_PRADESH,7,2031,FeedstockAggregator,agg_MADHYA_PRADESH,MADHYA_PRADESH,0.0,0.0,0.0,0.0,1.0,390.0,3104967.508927469,3104967.508927469,3333333.333,0.0,0,473.00000000000006,0.0
7,agg_TELANGANA,7,2031,FeedstockAggregator,agg_TELANGANA,TELANGANA,0.0,0.0,0.0,0.0,1.0,390.0,5698000.0,5698000.0,5698000.0,0.0,0,478.50000000000006,0.0
7,agg_ASSAM,7,2031,FeedstockAggregator,agg_ASSAM,ASSAM,0.0,0.0,0.0,0.0,1.0,480.0,2000000.0,2000000.0,2000000.0,0.0,0,572.0,0.0
7,agg_JHARKHAND,7,2031,FeedstockAggregator,agg_JHARKHAND,JHARKHAND,0.0,0.0,0.0,0.0,1.0,435.0,1638715.9503252143,1638715.9503252143,1666666.667,0.0,0,528.0,0.0
7,agg_RAJASTHAN,7,2031,FeedstockAggregator,agg_RAJASTHAN,RAJASTHAN,0.0,0.0,0.0,0.0,1.0,435.0,2233333.333,2333333.333,2333333.333,86687.64211908758,0,533.5,86687.64211908758
7,agg_KERALA,7,2031,FeedstockAggregator,agg_KERALA,KERALA,0.0,0.0,0.0,0.0,1.0,480.0,1000000.0,1000000.0,1000000.0,0.0,0,577.5,0.0
7,agg_GUJARAT,7,2031,FeedstockAggregator,agg_GUJARAT,GUJARAT,0.0,0.0,0.0,0.0,1.0,405.0,1583333.333,1583333.333,1583333.333,0.0,0,495.00000000000006,0.0
8,agg_PUNJAB,8,2032,FeedstockAggregator,agg_PUNJAB,PUNJAB,0.0,0.0,0.0,0.0,1.0,360.0,4593370.204928949,4693370.204928949,4787000.0,82949.12572358613,0,440.00000000000006,82949.12572358613
8,agg_HARYANA,8,2032,FeedstockAggregator,agg_HARYANA,HARYANA,0.0,0.0,0.0,0.0,1.0,360.0,3900000.0,4000000.0,4000000.0,79507.62586418398,0,445.50000000000006,79507.62586418398
8,agg_UTTAR_PRADESH,8,2032,FeedstockAggregator,agg_UTTAR_PRADESH,UTTAR_PRADESH,0.0,0.0,0.0,0.0,1.0,390.0,16500000.0,16500000.0,16500000.0,0.0,0,473.00000000000006,0.0
8,agg_BIHAR,8,2032,FeedstockAggregator,agg_BIHAR,BIHAR,0.0,0.0,0.0,0.0,1.0,390.0,2952883.303620906,2952883.303620906,3333333.333,0.0,0,467.50000000000006,0.0
8,agg_ANDHRA_PRADESH,8,2032,FeedstockAggregator,agg_ANDHRA_PRADESH,ANDHRA_PRADESH,0.0,0.0,0.0,0.0,1.0,405.0,3000000.0,3000000.0,3000000.0,0.0,0,495.00000000000006,0.0
8,agg_TAMIL_NADU,8,2032,FeedstockAggregator,agg_TAMIL_NADU,TAMIL_NADU,0.0,0.0,0.0,0.0,1.0,435.0,1278716.45246473,1278716.45246473,1333333.333,0.0,0,522.5,0.0
8,agg_MAHARASHTRA,8,2032,FeedstockAggregator,agg_MAHARASHTRA,MAHARASHTRA,0.0,0.0,0.0,0.0,1.0,435.0,10333333.333,10333333.333,10333333.333,0.0,0,517.0,0.0
8,agg_KARNATAKA,8,2032,FeedstockAggregator,agg_KARNATAKA,KARNATAKA,0.0,0.0,0.0,0.0,1.0,405.0,5058683.13938834,5058683.13938834,5666666.667,0.0,0,489.50000000000006,0.0
8,agg_WEST_BENGAL,8,2032,FeedstockAggregator,agg_WEST_BENGAL,WEST_BENGAL,0.0,0.0,0.0,0.0,1.0,405.0,5497000.0,5497000.0,5497000.0,0.0,0,500.50000000000006,0.0
8,agg_CHHATTISGARH,8,2032,FeedstockAggregator,agg_CHHATTISGARH,CHHATTISGARH,0.0,0.0,0.0,0.0,1.0,360.0,2071865.8649570649,2171865.864957065,2666666.667,79725.6777735848,0,440.00000000000006,79725.6777735848
8,agg_ODISHA,8,2032,FeedstockAggregator,agg_ODISHA,ODISHA,0.0,0.0,0.0,0.0,1.0,360.0,2864422.633958985,2864422.633958985,3204666.667,0.0,0,445.50000000000006,0.0
8,agg_MADHYA_PRADESH,8,2032,FeedstockAggregator,agg_MADHYA_PRADESH,MADHYA_PRADESH,0.0,0.0,0.0,0.0,1.0,390.0,3333333.333,3333333.333,3333333.333,0.0,0,473.00000000000006,0.0
8,agg_TELANGANA,8,2032,FeedstockAggregator,agg_TELANGANA,TELANGANA,0.0,0.0,0.0,0.0,1.0,390.0,5698000.0,5698000.0,5698000.0,0.0,0,478.50000000000006,0.0
8,agg_ASSAM,8,2032,FeedstockAggregator,agg_ASSAM,ASSAM,0.0,0.0,0.0,0.0,1.0,480.0,2000000.0,2000000.0,2000000.0,0.0,0,572.0,0.0
8,agg_JHARKHAND,8,2032,FeedstockAggregator,agg_JHARKHAND,JHARKHAND,0.0,0.0,0.0,0.0,1.0,435.0,1593207.8108603281,1593207.8108603281,1666666.667,0.0,0,528.0,0.0
8,agg_RAJASTHAN,8,2032,FeedstockAggregator,agg_RAJASTHAN,RAJASTHAN,0.0,0.0,0.0,0.0,1.0,435.0,2233333.333,2333333.333,2333333.333,86687.64211908758,0,533.5,86687.64211908758
8,agg_KERALA,8,2032,FeedstockAggregator,agg_KERALA,KERALA,0.0,0.0,0.0,0.0,1.0,480.0,1000000.0,1000000.0,1000000.0,0.0,0,577.5,0.0
8,agg_GUJARAT,8,2032,FeedstockAggregator,agg_GUJARAT,GUJARAT,0.0,0.0,0.0,0.0,1.0,405.0,1583333.333,1583333.333,1583333.333,0.0,0,495.00000000000006,0.0
9,agg_PUNJAB,9,2033,FeedstockAggregator,agg_PUNJAB,PUNJAB,0.0,0.0,0.0,0.0,1.0,360.0,4687000.0,4787000.0,4787000.0,82949.12572358613,0,440.00000000000006,82949.12572358613
9,agg_HARYANA,9,2033,FeedstockAggregator,agg_HARYANA,HARYANA,0.0,0.0,0.0,0.0,1.0,360.0,3695856.4201193843,3795856.4201193843,4000000.0,79507.62586418398,0,445.50000000000006,79507.62586418398
9,agg_UTTAR_PRADESH,9,2033,FeedstockAggregator,agg_UTTAR_PRADESH,UTTAR_PRADESH,0.0,0.0,0.0,0.0,1.0,390.0,16328301.567431709,16328301.567431709,16500000.0,0.0,0,473.00000000000006,0.0
9,agg_BIHAR,9,2033,FeedstockAggregator,agg_BIHAR,BIHAR,0.0,0.0,0.0,0.0,1.0,390.0,3333333.333,3333333.333,3333333.333,0.0,0,467.50000000000006,0.0
9,agg_ANDHRA_PRADESH,9,2033,FeedstockAggregator,agg_ANDHRA_PRADESH,ANDHRA_PRADESH,0.0,0.0,0.0,0.0,1.0,405.0,2403195.335546963,2403195.335546963,3000000.0,0.0,0,495.00000000000006,0.0
9,agg_TAMIL_NADU,9,2033,FeedstockAggregator,agg_TAMIL_NADU,TAMIL_NADU,0.0,0.0,0.0,0.0,1.0,435.0,1333333.333,1333333.333,1333333.333,0.0,0,522.5,0.0
9,agg_MAHARASHTRA,9,2033,FeedstockAggregator,agg_MAHARASHTRA,MAHARASHTRA,0.0,0.0,0.0,0.0,1.0,435.0,8703471.857114825,8703471.857114825,10333333.333,0.0,0,517.0,0.0
9,agg_KARNATAKA,9,2033,FeedstockAggregator,agg_KARNATAKA,KARNATAKA,0.0,0.0,0.0,0.0,1.0,405.0,4838383.519187847,4838383.519187847,5666666.667,0.0,0,489.50000000000006,0.0
9,agg_WEST_BENGAL,9,2033,FeedstockAggregator,agg_WEST_BENGAL,WEST_BENGAL,0.0,0.0,0.0,0.0,1.0,405.0,5497000.0,5497000.0,5497000.0,0.0,0,500.50000000000006,0.0
9,agg_CHHATTISGARH,9,2033,FeedstockAggregator,agg_CHHATTISGARH,CHHATTISGARH,0.0,0.0,0.0,0.0,1.0,360.0,2566666.667,2666666.667,2666666.667,79725.6777735848,0,440.00000000000006,79725.6777735848
9,agg_ODISHA,9,2033,FeedstockAggregator,agg_ODISHA,ODISHA,0.0,0.0,0.0,0.0,1.0,360.0,3204666.667,3204666.667,3204666.667,76223.71755342207,0,445.50000000000006,76223.71755342207
9,agg_MADHYA_PRADESH,9,2033,FeedstockAggregator,agg_MADHYA_PRADESH,MADHYA_PRADESH,0.0,0.0,0.0,0.0,1.0,390.0,2963878.2849885994,2963878.2849885994,3333333.333,0.0,0,473.00000000000006,0.0
9,agg_TELANGANA,9,2033,FeedstockAggregator,agg_TELANGANA,TELANGANA,0.0,0.0,0.0,0.0,1.0,390.0,5698000.0,5698000.0,5698000.0,0.0,0,478.50000000000006,0.0
9,agg_ASSAM,9,2033,FeedstockAggregator,agg_ASSAM,ASSAM,0.0,0.0,0.0,0.0,1.0,480.0,2000000.0,2000000.0,2000000.0,0.0,0,572.0,0.0
9,agg_JHARKHAND,9,2033,FeedstockAggregator,agg_JHARKHAND,JHARKHAND,0.0,0.0,0.0,0.0,1.0,435.0,1666666.667,1666666.667,1666666.667,0.0,0,528.0,0.0
9,agg_RAJASTHAN,9,2033,FeedstockAggregator,agg_RAJASTHAN,RAJASTHAN,0.0,0.0,0.0,0.0,1.0,435.0,2233333.333,2333333.333,2333333.333,86687.64211908758,0,533.5,86687.64211908758
9,agg_KERALA,9,2033,FeedstockAggregator,agg_KERALA,KERALA,0.0,0.0,0.0,0.0,1.0,480.0,859626.5857212277,859626.5857212277,1000000.0,0.0,0,577.5,0.0
9,agg_GUJARAT,9,2033,FeedstockAggregator,agg_GUJARAT,GUJARAT,0.0,0.0,0.0,0.0,1.0,405.0,1566265.3189028138,1566265.3189028138,1583333.333,0.0,0,495.00000000000006,0.0
10,agg_PUNJAB,10,2034,FeedstockAggregator,agg_PUNJAB,PUNJAB,0.0,0.0,0.0,0.0,1.0,360.0,4645415.098678058,4745415.098678058,4787000.0,82949.12572358613,0,440.00000000000006,82949.12572358613
10,agg_HARYANA,10,2034,FeedstockAggregator,agg_HARYANA,HARYANA,0.0,0.0,0.0,0.0,1.0,360.0,3900000.0,4000000.0,4000000.0,79507.62586418398,0,445.50000000000006,79507.62586418398
10,agg_UTTAR_PRADESH,10,2034,FeedstockAggregator,agg_UTTAR_PRADESH,UTTAR_PRADESH,0.0,0.0,0.0,0.0,1.0,390.0,16500000.0,16500000.0,16500000.0,0.0,0,473.00000000000006,0.0
10,agg_BIHAR,10,2034,FeedstockAggregator,agg_BIHAR,BIHAR,0.0,0.0,0.0,0.0,1.0,390.0,3333333.333,3333333.333,3333333.333,0.0,0,467.50000000000006,0.0
10,agg_ANDHRA_PRADESH,10,2034,FeedstockAggregator,agg_ANDHRA_PRADESH,ANDHRA_PRADESH,0.0,0.0,0.0,0.0,1.0,405.0,3000000.0,3000000.0,3000000.0,0.0,0,495.00000000000006,0.0
10,agg_TAMIL_NADU,10,2034,FeedstockAggregator,agg_TAMIL_NADU,TAMIL_NADU,0.0,0.0,0.0,0.0,1.0,435.0,1316469.6213912014,1316469.6213912014,1333333.333,0.0,0,522.5,0.0
10,agg_MAHARASHTRA,10,2034,FeedstockAggregator,agg_MAHARASHTRA,MAHARASHTRA,0.0,0.0,0.0,0.0,1.0,435.0,9210814.03385271,9210814.03385271,10333333.333,0.0,0,517.0,0.0
10,agg_KARNATAKA,10,2034,FeedstockAggregator,agg_KARNATAKA,KARNATAKA,0.0,0.0,0.0,0.0,1.0,405.0,5104029.127739802,5104029.127739802,5666666.667,0.0,0,489.50000000000006,0.0
10,agg_WEST_BENGAL,10,2034,FeedstockAggregator,agg_WEST_BENGAL,WEST_BENGAL,0.0,0.0,0.0,0.0,1.0,405.0,5497000.0,5497000.0,5497000.0,0.0,0,500.50000000000006,0.0
10,agg_CHHATTISGARH,10,2034,FeedstockAggregator,agg_CHHATTISGARH,CHHATTISGARH,0.0,0.0,0.0,0.0,1.0,360.0,2566666.667,2666666.667,2666666.667,79725.6777735848,0,440.00000000000006,79725.6777735848
10,agg_ODISHA,10,2034,FeedstockAggregator,agg_ODISHA,ODISHA,0.0,0.0,0.0,0.0,1.0,360.0,2809754.3669591793,2809754.3669591793,3204666.667,76223.71755342207,0,445.50000000000006,76223.71755342207
10,agg_MADHYA_PRADESH,10,2034,FeedstockAggregator,agg_MADHYA_PRADESH,MADHYA_PRADESH,0.0,0.0,0.0,0.0,1.0,390.0,3333333.333,3333333.333,3333333.333,0.0,0,473.00000000000006,0.0
10,agg_TELANGANA,10,2034,FeedstockAggregator,agg_TELANGANA,TELANGANA,0.0,0.0,0.0,0.0,1.0,390.0,5163531.182900562,5163531.182900562,5698000.0,0.0,0,478.50000000000006,0.0
10,agg_ASSAM,10,2034,FeedstockAggregator,agg_ASSAM,ASSAM,0.0,0.0,0.0,0.0,1.0,480.0,2000000.0,2000000.0,2000000.0,0.0,0,572.0,0.0
10,agg_JHARKHAND,10,2034,FeedstockAggregator,agg_JHARKHAND,JHARKHAND,0.0,0.0,0.0,0.0,1.0,435.0,1666666.667,1666666.667,1666666.667,0.0,0,528.0,0.0
10,agg_RAJASTHAN,10,2034,FeedstockAggregator,agg_RAJASTHAN,RAJASTHAN,0.0,0.0,0.0,0.0,1.0,435.0,2233333.333,2333333.333,2333333.333,86687.64211908758,0,533.5,86687.64211908758
10,agg_KERALA,10,2034,FeedstockAggregator,agg_KERALA,KERALA,0.0,0.0,0.0,0.0,1.0,480.0,896933.6577342756,896933.6577342756,1000000.0,0.0,0,577.5,0.0
10,agg_GUJARAT,10,2034,FeedstockAggregator,agg_GUJARAT,GUJARAT,0.0,0.0,0.0,0.0,1.0,405.0,1583333.333,1583333.333,1583333.333,0.0,0,495.00000000000006,0.0
11,agg_PUNJAB,11,2035,FeedstockAggregator,agg_PUNJAB,PUNJAB,0.0,0.0,0.0,0.0,1.0,360.0,4687000.0,4787000.0,4787000.0,82949.12572358613,0,440.00000000000006,82949.12572358613
11,agg_HARYANA,11,2035,FeedstockAggregator,agg_HARYANA,HARYANA,0.0,0.0,0.0,0.0,1.0,360.0,3207394.5499221836,3307394.5499221836,4000000.0,79507.62586418398,0,445.50000000000006,79507.62586418398
11,agg_UTTAR_PRADESH,11,2035,FeedstockAggregator,agg_UTTAR_PRADESH,UTTAR_PRADESH,0.0,0.0,0.0,0.0,1.0,390.0,16500000.0,16500000.0,16500000.0,0.0,0,473.00000000000006,0.0
11,agg_BIHAR,11,2035,FeedstockAggregator,agg_BIHAR,BIHAR,0.0,0.0,0.0,0.0,1.0,390.0,2805895.519139608,2805895.519139608,3333333.333,0.0,0,467.50000000000006,0.0
11,agg_ANDHRA_PRADESH,11,2035,FeedstockAggregator,agg_ANDHRA_PRADESH,ANDHRA_PRADESH,0.0,0.0,0.0,0.0,1.0,405.0,3000000.0,3000000.0,3000000.0,0.0,0,495.00000000000006,0.0
11,agg_TAMIL_NADU,11,2035,FeedstockAggregator,agg_TAMIL_NADU,TAMIL_NADU,0.0,0.0,0.0,0.0,1.0,435.0,1333333.333,1333333.333,1333333.333,0.0,0,522.5,0.0
11,agg_MAHARASHTRA,11,2035,FeedstockAggregator,agg_MAHARASHTRA,MAHARASHTRA,0.0,0.0,0.0,0.0,1.0,435.0,10333333.333,10333333.333,10333333.333,0.0,0,517.0,0.0
11,agg_KARNATAKA,11,2035,FeedstockAggregator,agg_KARNATAKA,KARNATAKA,0.0,0.0,0.0,0.0,1.0,405.0,5293865.1735331295,5293865.1735331295,5666666.667,0.0,0,489.50000000000006,0.0
11,agg_WEST_BENGAL,11,2035,FeedstockAggregator,agg_WEST_BENGAL,WEST_BENGAL,0.0,0.0,0.0,0.0,1.0,405.0,5497000.0,5497000.0,5497000.0,0.0,0,500.50000000000006,0.0
11,agg_CHHATTISGARH,11,2035,FeedstockAggregator,agg_CHHATTISGARH,CHHATTISGARH,0.0,0.0,0.0,0.0,1.0,360.0,2566666.667,2666666.667,2666666.667,79725.6777735848,0,440.00000000000006,79725.6777735848
11,agg_ODISHA,11,2035,FeedstockAggregator,agg_ODISHA,ODISHA,0.0,0.0,0.0,0.0,1.0,360.0,3204666.667,3204666.667,3204666.667,76223.71755342207,0,445.50000000000006,76223.71755342207
11,agg_MADHYA_PRADESH,11,2035,FeedstockAggregator,agg_MADHYA_PRADESH,MADHYA_PRADESH,0.0,0.0,0.0,0.0,1.0,390.0,3333333.333,3333333.333,3333333.333,0.0,0,473.00000000000006,0.0
11,agg_TELANGANA,11,2035,FeedstockAggregator,agg_TELANGANA,TELANGANA,0.0,0.0,0.0,0.0,1.0,390.0,5571180.142202969,5571180.142202969,5698000.0,0.0,0,478.50000000000006,0.0
11,agg_ASSAM,11,2035,FeedstockAggregator,agg_ASSAM,ASSAM,0.0,0.0,0.0,0.0,1.0,480.0,1704169.3324466215,1704169.3324466215,2000000.0,0.0,0,572.0,0.0
11,agg_JHARKHAND,11,2035,FeedstockAggregator,agg_JHARKHAND,JHARKHAND,0.0,0.0,0.0,0.0,1.0,435.0,1636991.7884129502,1636991.7884129502,1666666.667,0.0,0,528.0,0.0
11,agg_RAJASTHAN,11,2035,FeedstockAggregator,agg_RAJASTHAN,RAJASTHAN,0.0,0.0,0.0,0.0,1.0,435.0,2233333.333,2333333.333,2333333.333,86687.64211908758,0,533.5,86687.64211908758
11,agg_KERALA,11,2035,FeedstockAggregator,agg_KERALA,KERALA,0.0,0.0,0.0,0.0,1.0,480.0,1000000.0,1000000.0,1000000.0,0.0,0,577.5,0.0
11,agg_GUJARAT,11,2035,FeedstockAggregator,agg_GUJARAT,GUJARAT,0.0,0.0,0.0,0.0,1.0,405.0,1583333.333,1583333.333,1583333.333,0.0,0,495.00000000000006,0.0
12,agg_PUNJAB,12,2036,FeedstockAggregator,agg_PUNJAB,PUNJAB,0.0,0.0,0.0,0.0,1.0,360.0,4687000.0,4787000.0,4787000.0,82949.12572358613,0,440.00000000000006,82949.12572358613
12,agg_HARYANA,12,2036,FeedstockAggregator,agg_HARYANA,HARYANA,0.0,0.0,0.0,0.0,1.0,360.0,3728660.3064546823,3828660.3064546823,4000000.0,79507.62586418398,0,445.50000000000006,79507.62586418398
12,agg_UTTAR_PRADESH,12,2036,FeedstockAggregator,agg_UTTAR_PRADESH,UTTAR_PRADESH,0.0,0.0,0.0,0.0,1.0,390.0,16500000.0,16500000.0,16500000.0,0.0,0,473.00000000000006,0.0
12,agg_BIHAR,12,2036,FeedstockAggregator,agg_BIHAR,BIHAR,0.0,0.0,0.0,0.0,1.0,390.0,3333333.333,3333333.333,3333333.333,0.0,0,467.50000000000006,0.0
12,agg_ANDHRA_PRADESH,12,2036,FeedstockAggregator,agg_ANDHRA_PRADESH,ANDHRA_PRADESH,0.0,0.0,0.0,0.0,1.0,405.0,3000000.0,3000000.0,3000000.0,0.0,0,495.00000000000006,0.0
12,agg_TAMIL_NADU,12,2036,FeedstockAggregator,agg_TAMIL_NADU,TAMIL_NADU,0.0,0.0,0.0,0.0,1.0,435.0,1123615.4335534843,1123615.4335534843,1333333.333,0.0,0,522.5,0.0
12,agg_MAHARASHTRA,12,2036,FeedstockAggregator,agg_MAHARASHTRA,MAHARASHTRA,0.0,0.0,0.0,0.0,1.0,435.0,10333333.333,10333333.333,10333333.333,0.0,0,517.0,0.0
12,agg_KARNATAKA,12,2036,FeedstockAggregator,agg_KARNATAKA,KARNATAKA,0.0,0.0,0.0,0.0,1.0,405.0,5666666.667,5666666.667,5666666.667,0.0,0,489.50000000000006,0.0
12,agg_WEST_BENGAL,12,2036,FeedstockAggregator,agg_WEST_BENGAL,WEST_BENGAL,0.0,0.0,0.0,0.0,1.0,405.0,5327732.756998514,5327732.756998514,5497000.0,0.0,0,500.50000000000006,0.0
12,agg_CHHATTISGARH,12,2036,FeedstockAggregator,agg_CHHATTISGARH,CHHATTISGARH,0.0,0.0,0.0,0.0,1.0,360.0,2516575.078252908,2616575.078252908,2666666.667,79725.6777735848,0,440.00000000000006,79725.6777735848
12,agg_ODISHA,12,2036,FeedstockAggregator,agg_ODISHA,ODISHA,0.0,0.0,0.0,0.0,1.0,360.0,3204666.667,3204666.667,3204666.667,76223.71755342207,0,445.50000000000006,76223.71755342207
12,agg_MADHYA_PRADESH,12,2036,FeedstockAggregator,agg_MADHYA_PRADESH,MADHYA_PRADESH,0.0,0.0,0.0,0.0,1.0,390.0,3333333.333,3333333.333,3333333.333,0.0,0,473.00000000000006,0.0
12,agg_TELANGANA,12,2036,FeedstockAggregator,agg_TELANGANA,TELANGANA,0.0,0.0,0.0,0.0,1.0,390.0,5698000.0,5698000.0,5698000.0,0.0,0,478.50000000000006,0.0
12,agg_ASSAM,12,2036,FeedstockAggregator,agg_ASSAM,ASSAM,0.0,0.0,0.0,0.0,1.0,480.0,2000000.0,2000000.0,2000000.0,0.0,0,572.0,0.0
12,agg_JHARKHAND,12,2036,FeedstockAggregator,agg_JHARKHAND,JHARKHAND,0.0,0.0,0.0,0.0,1.0,435.0,1666666.667,1666666.667,1666666.667,0.0,0,528.0,0.0
12,agg_RAJASTHAN,12,2036,FeedstockAggregator,agg_RAJASTHAN,RAJASTHAN,0.0,0.0,0.0,0.0,1.0,435.0,2233333.333,2333333.333,2333333.333,86687.64211908758,0,533.5,86687.64211908758
12,agg_KERALA,12,2036,FeedstockAggregator,agg_KERALA,KERALA,0.0,0.0,0.0,0.0,1.0,480.0,1000000.0,1000000.0,1000000.0,0.0,0,577.5,0.0
12,agg_GUJARAT,12,2036,FeedstockAggregator,agg_GUJARAT,GUJARAT,0.0,0.0,0.0,0.0,1.0,405.0,1518780.6577839279,1518780.6577839279,1583333.333,0.0,0,495.00000000000006,0.0
13,agg_PUNJAB,13,2037,FeedstockAggregator,agg_PUNJAB,PUNJAB,0.0,0.0,0.0,0.0,1.0,360.0,4687000.0,4787000.0,4787000.0,82949.12572358613,0,440.00000000000006,82949.12572358613
13,agg_HARYANA,13,2037,FeedstockAggregator,agg_HARYANA,HARYANA,0.0,0.0,0.0,0.0,1.0,360.0,3719309.061546606,3819309.061546606,4000000.0,79507.62586418398,0,445.50000000000006,79507.62586418398
13,agg_UTTAR_PRADESH,13,2037,FeedstockAggregator,agg_UTTAR_PRADESH,UTTAR_PRADESH,0.0,0.0,0.0,0.0,1.0,390.0,16500000.0,16500000.0,16500000.0,0.0,0,473.00000000000006,0.0
13,agg_BIHAR,13,2037,FeedstockAggregator,agg_BIHAR,BIHAR,0.0,0.0,0.0,0.0,1.0,390.0,2927540.1802979494,2927540.1802979494,3333333.333,0.0,0,467.50000000000006,0.0
13,agg_ANDHRA_PRADESH,13,2037,FeedstockAggregator,agg_ANDHRA_PRADESH,ANDHRA_PRADESH,0.0,0.0,0.0,0.0,1.0,405.0,2518280.0463435105,2518280.0463435105,3000000.0,0.0,0,495.00000000000006,0.0
13,agg_TAMIL_NADU,13,2037,FeedstockAggregator,agg_TAMIL_NADU,TAMIL_NADU,0.0,0.0,0.0,0.0,1.0,435.0,1135317.2486447748,1135317.2486447748,1333333.333,0.0,0,522.5,0.0
13,agg_MAHARASHTRA,13,2037,FeedstockAggregator,agg_MAHARASHTRA,MAHARASHTRA,0.0,0.0,0.0,0.0,1.0,435.0,8866689.12589832,8866689.12589832,10333333.333,0.0,0,517.0,0.0
13,agg_KARNATAKA,13,2037,FeedstockAggregator,agg_KARNATAKA,KARNATAKA,0.0,0.0,0.0,0.0,1.0,405.0,5633637.791679373,5633637.791679373,5666666.667,0.0,0,489.50000000000006,0.0
13,agg_WEST_BENGAL,13,2037,FeedstockAggregator,agg_WEST_BENGAL,WEST_BENGAL,0.0,0.0,0.0,0.0,1.0,405.0,5497000.0,5497000.0,5497000.0,0.0,0,500.50000000000006,0.0
13,agg_CHHATTISGARH,13,2037,FeedstockAggregator,agg_CHHATTISGARH,CHHATTISGARH,0.0,0.0,0.0,0.0,1.0,360.0,2566666.667,2666666.667,2666666.667,79725.6777735848,0,440.00000000000006,79725.6777735848
13,agg_ODISHA,13,2037,FeedstockAggregator,agg_ODISHA,ODISHA,0.0,0.0,0.0,0.0,1.0,360.0,3104666.667,3204666.667,3204666.667,76223.71755342207,0,445.50000000000006,76223.71755342207
13,agg_MADHYA_PRADESH,13,2037,FeedstockAggregator,agg_MADHYA_PRADESH,MADHYA_PRADESH,0.0,0.0,0.0,0.0,1.0,390.0,2951660.4475411773,2951660.4475411773,3333333.333,0.0,0,473.00000000000006,0.0
13,agg_TELANGANA,13,2037,FeedstockAggregator,agg_TELANGANA,TELANGANA,0.0,0.0,0.0,0.0,1.0,390.0,4870993.119525264,4870993.119525264,5698000.0,0.0,0,478.50000000000006,0.0
13,agg_ASSAM,13,2037,FeedstockAggregator,agg_ASSAM,ASSAM,0.0,0.0,0.0,0.0,1.0,480.0,1864871.17827448,1864871.17827448,2000000.0,0.0,0,572.0,0.0
13,agg_JHARKHAND,13,2037,FeedstockAggregator,agg_JHARKHAND,JHARKHAND,0.0,0.0,0.0,0.0,1.0,435.0,1666666.667,1666666.667,1666666.667,0.0,0,528.0,0.0
13,agg_RAJASTHAN,13,2037,FeedstockAggregator,agg_RAJASTHAN,RAJASTHAN,0.0,0.0,0.0,0.0,1.0,435.0,2189903.955404775,2289903.955404775,2333333.333,86687.64211908758,0,533.5,86687.64211908758
13,agg_KERALA,13,2037,FeedstockAggregator,agg_KERALA,KERALA,0.0,0.0,0.0,0.0,1.0,480.0,931253.8135444002,931253.8135444002,1000000.0,0.0,0,577.5,0.0
13,agg_GUJARAT,13,2037,FeedstockAggregator,agg_GUJARAT,GUJARAT,0.0,0.0,0.0,0.0,1.0,405.0,1553692.842655409,1553692.842655409,1583333.333,0.0,0,495.00000000000006,0.0
14,agg_PUNJAB,14,2038,FeedstockAggregator,agg_PUNJAB,PUNJAB,0.0,0.0,0.0,0.0,1.0,360.0,4687000.0,4787000.0,4787000.0,82949.12572358613,0,440.00000000000006,82949.12572358613
14,agg_HARYANA,14,2038,FeedstockAggregator,agg_HARYANA,HARYANA,0.0,0.0,0.0,0.0,1.0,360.0,3440090.0279216995,3540090.0279216995,4000000.0,79507.62586418398,0,445.50000000000006,79507.62586418398
14,agg_UTTAR_PRADESH,14,2038,FeedstockAggregator,agg_UTTAR_PRADESH,UTTAR_PRADESH,0.0,0.0,0.0,0.0,1.0,390.0,16066647.909145972,16066647.909145972,16500000.0,0.0,0,473.00000000000006,0.0
14,agg_BIHAR,14,2038,FeedstockAggregator,agg_BIHAR,BIHAR,0.0,0.0,0.0,0.0,1.0,390.0,3327570.2395598954,3327570.2395598954,3333333.333,0.0,0,467.50000000000006,0.0
14,agg_ANDHRA_PRADESH,14,2038,FeedstockAggregator,agg_ANDHRA_PRADESH,ANDHRA_PRADESH,0.0,0.0,0.0,0.0,1.0,405.0,3000000.0,3000000.0,3000000.0,0.0,0,495.00000000000006,0.0
14,agg_TAMIL_NADU,14,2038,FeedstockAggregator,agg_TAMIL_NADU,TAMIL_NADU,0.0,0.0,0.0,0.0,1.0,435.0,1121666.8180669064,1121666.8180669064,1333333.333,0.0,0,522.5,0.0
14,agg_MAHARASHTRA,14,2038,FeedstockAggregator,agg_MAHARASHTRA,MAHARASHTRA,0.0,0.0,0.0,0.0,1.0,435.0,8758931.641529167,8758931.641529167,10333333.333,0.0,0,517.0,0.0
14,agg_KARNATAKA,14,2038,FeedstockAggregator,agg_KARNATAKA,KARNATAKA,0.0,0.0,0.0,0.0,1.0,405.0,5666666.667,5666666.667,5666666.667,0.0,0,489.50000000000006,0.0
14,agg_WEST_BENGAL,14,2038,FeedstockAggregator,agg_WEST_BENGAL,WEST_BENGAL,0.0,0.0,0.0,0.0,1.0,405.0,5497000.0,5497000.0,5497000.0,0.0,0,500.50000000000006,0.0
14,agg_CHHATTISGARH,14,2038,FeedstockAggregator,agg_CHHATTISGARH,CHHATTISGARH,0.0,0.0,0.0,0.0,1.0,360.0,2566666.667,2666666.667,2666666.667,79725.6777735848,0,440.00000000000006,79725.6777735848
14,agg_ODISHA,14,2038,FeedstockAggregator,agg_ODISHA,ODISHA,0.0,0.0,0.0,0.0,1.0,360.0,3104666.667,3204666.667,3204666.667,76223.71755342207,0,445.50000000000006,76223.71755342207
14,agg_MADHYA_PRADESH,14,2038,FeedstockAggregator,agg_MADHYA_PRADESH,MADHYA_PRADESH,0.0,0.0,0.0,0.0,1.0,390.0,3333333.333,3333333.333,3333333.333,0.0,0,473.00000000000006,0.0
14,agg_TELANGANA,14,2038,FeedstockAggregator,agg_TELANGANA,TELANGANA,0.0,0.0,0.0,0.0,1.0,390.0,5698000.0,5698000.0,5698000.0,0.0,0,478.50000000000006,0.0
14,agg_ASSAM,14,2038,FeedstockAggregator,agg_ASSAM,ASSAM,0.0,0.0,0.0,0.0,1.0,480.0,2000000.0,2000000.0,2000000.0,0.0,0,572.0,0.0
14,agg_JHARKHAND,14,2038,FeedstockAggregator,agg_JHARKHAND,JHARKHAND,0.0,0.0,0.0,0.0,1.0,435.0,1375206.982215306,1375206.982215306,1666666.667,0.0,0,528.0,0.0
14,agg_RAJASTHAN,14,2038,FeedstockAggregator,agg_RAJASTHAN,RAJASTHAN,0.0,0.0,0.0,0.0,1.0,435.0,1932787.2510328912,2032787.2510328912,2333333.333,86687.64211908758,0,533.5,86687.64211908758
14,agg_KERALA,14,2038,FeedstockAggregator,agg_KERALA,KERALA,0.0,0.0,0.0,0.0,1.0,480.0,1000000.0,1000000.0,1000000.0,0.0,0,577.5,0.0
14,agg_GUJARAT,14,2038,FeedstockAggregator,agg_GUJARAT,GUJARAT,0.0,0.0,0.0,0.0,1.0,405.0,1583333.333,1583333.333,1583333.333,0.0,0,495.00000000000006,0.0
15,agg_PUNJAB,15,2039,FeedstockAggregator,agg_PUNJAB,PUNJAB,0.0,0.0,0.0,0.0,1.0,360.0,4687000.0,4787000.0,4787000.0,82949.12572358613,0,440.00000000000006,82949.12572358613
15,agg_HARYANA,15,2039,FeedstockAggregator,agg_HARYANA,HARYANA,0.0,0.0,0.0,0.0,1.0,360.0,3131709.4432263384,3231709.4432263384,4000000.0,79507.62586418398,0,445.50000000000006,79507.62586418398
15,agg_UTTAR_PRADESH,15,2039,FeedstockAggregator,agg_UTTAR_PRADESH,UTTAR_PRADESH,0.0,0.0,0.0,0.0,1.0,390.0,16500000.0,16500000.0,16500000.0,0.0,0,473.00000000000006,0.0
15,agg_BIHAR,15,2039,FeedstockAggregator,agg_BIHAR,BIHAR,0.0,0.0,0.0,0.0,1.0,390.0,3333333.333,3333333.333,3333333.333,85490.36144725543,0,467.50000000000006,85490.36144725543
15,agg_ANDHRA_PRADESH,15,2039,FeedstockAggregator,agg_ANDHRA_PRADESH,ANDHRA_PRADESH,0.0,0.0,0.0,0.0,1.0,405.0,2966567.3493298865,2966567.3493298865,3000000.0,0.0,0,495.00000000000006,0.0
15,agg_TAMIL_NADU,15,2039,FeedstockAggregator,agg_TAMIL_NADU,TAMIL_NADU,0.0,0.0,0.0,0.0,1.0,435.0,1285386.8904487977,1285386.8904487977,1333333.333,0.0,0,522.5,0.0
15,agg_MAHARASHTRA,15,2039,FeedstockAggregator,agg_MAHARASHTRA,MAHARASHTRA,0.0,0.0,0.0,0.0,1.0,435.0,10333333.333,10333333.333,10333333.333,0.0,0,517.0,0.0
15,agg_KARNATAKA,15,2039,FeedstockAggregator,agg_KARNATAKA,KARNATAKA,0.0,0.0,0.0,0.0,1.0,405.0,5129410.951669643,5129410.951669643,5666666.667,0.0,0,489.50000000000006,0.0
15,agg_WEST_BENGAL,15,2039,FeedstockAggregator,agg_WEST_BENGAL,WEST_BENGAL,0.0,0.0,0.0,0.0,1.0,405.0,4767732.258385289,4767732.258385289,5497000.0,0.0,0,500.50000000000006,0.0
15,agg_CHHATTISGARH,15,2039,FeedstockAggregator,agg_CHHATTISGARH,CHHATTISGARH,0.0,0.0,0.0,0.0,1.0,360.0,2149328.4785835007,2249328.4785835007,2666666.667,79725.6777735848,0,440.00000000000006,79725.6777735848
15,agg_ODISHA,15,2039,FeedstockAggregator,agg_ODISHA,ODISHA,0.0,0.0,0.0,0.0,1.0,360.0,3104666.667,3204666.667,3204666.667,76223.71755342207,0,445.50000000000006,76223.71755342207
15,agg_MADHYA_PRADESH,15,2039,FeedstockAggregator,agg_MADHYA_PRADESH,MADHYA_PRADESH,0.0,0.0,0.0,0.0,1.0,390.0,3333333.333,3333333.333,3333333.333,0.0,0,473.00000000000006,0.0
15,agg_TELANGANA,15,2039,FeedstockAggregator,agg_TELANGANA,TELANGANA,0.0,0.0,0.0,0.0,1.0,390.0,5040522.1309442865,5040522.1309442865,5698000.0,0.0,0,478.50000000000006,0.0
15,agg_ASSAM,15,2039,FeedstockAggregator,agg_ASSAM,ASSAM,0.0,0.0,0.0,0.0,1.0,480.0,1814886.2659625234,1814886.2659625234,2000000.0,0.0,0,572.0,0.0
15,agg_JHARKHAND,15,2039,FeedstockAggregator,agg_JHARKHAND,JHARKHAND,0.0,0.0,0.0,0.0,1.0,435.0,1659020.3618355796,1659020.3618355796,1666666.667,0.0,0,528.0,0.0
15,agg_RAJASTHAN,15,2039,FeedstockAggregator,agg_RAJASTHAN,RAJASTHAN,0.0,0.0,0.0,0.0,1.0,435.0,2183189.272269248,2283189.272269248,2333333.333,86687.64211908758,0,533.5,86687.64211908758
15,agg_KERALA,15,2039,FeedstockAggregator,agg_KERALA,KERALA,0.0,0.0,0.0,0.0,1.0,480.0,956967.6678286719,956967.6678286719,1000000.0,0.0,0,577.5,0.0
15,agg_GUJARAT,15,2039,FeedstockAggregator,agg_GUJARAT,GUJARAT,0.0,0.0,0.0,0.0,1.0,405.0,1492873.8180953094,1492873.8180953094,1583333.333,0.0,0,495.00000000000006,0.0
16,agg_PUNJAB,16,2040,FeedstockAggregator,agg_PUNJAB,PUNJAB,0.0,0.0,0.0,0.0,1.0,360.0,4687000.0,4787000.0,4787000.0,82949.12572358613,0,440.00000000000006,82949.12572358613
16,agg_HARYANA,16,2040,FeedstockAggregator,agg_HARYANA,HARYANA,0.0,0.0,0.0,0.0,1.0,360.0,3900000.0,4000000.0,4000000.0,79507.62586418398,0,445.50000000000006,79507.62586418398
16,agg_UTTAR_PRADESH,16,2040,FeedstockAggregator,agg_UTTAR_PRADESH,UTTAR_PRADESH,0.0,0.0,0.0,0.0,1.0,390.0,16500000.0,16500000.0,16500000.0,0.0,0,473.00000000000006,0.0
16,agg_BIHAR,16,2040,FeedstockAggregator,agg_BIHAR,BIHAR,0.0,0.0,0.0,0.0,1.0,390.0,3333333.333,3333333.333,3333333.333,85490.36144725543,0,467.50000000000006,85490.36144725543
16,agg_ANDHRA_PRADESH,16,2040,FeedstockAggregator,agg_ANDHRA_PRADESH,ANDHRA_PRADESH,0.0,0.0,0.0,0.0,1.0,405.0,2902708.7355578532,2902708.7355578532,3000000.0,0.0,0,495.00000000000006,0.0
16,agg_TAMIL_NADU,16,2040,FeedstockAggregator,agg_TAMIL_NADU,TAMIL_NADU,0.0,0.0,0.0,0.0,1.0,435.0,1333333.333,1333333.333,1333333.333,0.0,0,522.5,0.0
16,agg_MAHARASHTRA,16,2040,FeedstockAggregator,agg_MAHARASHTRA,MAHARASHTRA,0.0,0.0,0.0,0.0,1.0,435.0,9009971.491799233,9009971.491799233,10333333.333,0.0,0,517.0,0.0
16,agg_KARNATAKA,16,2040,FeedstockAggregator,agg_KARNATAKA,KARNATAKA,0.0,0.0,0.0,0.0,1.0,405.0,5666666.667,5666666.667,5666666.667,0.0,0,489.50000000000006,0.0
16,agg_WEST_BENGAL,16,2040,FeedstockAggregator,agg_WEST_BENGAL,WEST_BENGAL,0.0,0.0,0.0,0.0,1.0,405.0,4880421.89460345,4880421.89460345,5497000.0,0.0,0,500.50000000000006,0.0
16,agg_CHHATTISGARH,16,2040,FeedstockAggregator,agg_CHHATTISGARH,CHHATTISGARH,0.0,0.0,0.0,0.0,1.0,360.0,2566666.667,2666666.667,2666666.667,79725.6777735848,0,440.00000000000006,79725.6777735848
16,agg_ODISHA,16,2040,FeedstockAggregator,agg_ODISHA,ODISHA,0.0,0.0,0.0,0.0,1.0,360.0,3104666.667,3204666.667,3204666.667,76223.71755342207,0,445.50000000000006,76223.71755342207
16,agg_MADHYA_PRADESH,16,2040,FeedstockAggregator,agg_MADHYA_PRADESH,MADHYA_PRADESH,0.0,0.0,0.0,0.0,1.0,390.0,3092605.1368635315,3092605.1368635315,3333333.333,83268.98731313777,0,473.00000000000006,83268.98731313777
16,agg_TELANGANA,16,2040,FeedstockAggregator,agg_TELANGANA,TELANGANA,0.0,0.0,0.0,0.0,1.0,390.0,5494536.582924556,5494536.582924556,5698000.0,0.0,0,478.50000000000006,0.0
16,agg_ASSAM,16,2040,FeedstockAggregator,agg_ASSAM,ASSAM,0.0,0.0,0.0,0.0,1.0,480.0,1703482.696308705,1703482.696308705,2000000.0,0.0,0,572.0,0.0
16,agg_JHARKHAND,16,2040,FeedstockAggregator,agg_JHARKHAND,JHARKHAND,0.0,0.0,0.0,0.0,1.0,435.0,1661855.0602456324,1661855.0602456324,1666666.667,0.0,0,528.0,0.0
16,agg_RAJASTHAN,16,2040,FeedstockAggregator,agg_RAJASTHAN,RAJASTHAN,0.0,0.0,0.0,0.0,1.0,435.0,2233333.333,2333333.333,2333333.333,86687.64211908758,0,533.5,86687.64211908758
16,agg_KERALA,16,2040,FeedstockAggregator,agg_KERALA,KERALA,0.0,0.0,0.0,0.0,1.0,480.0,1000000.0,1000000.0,1000000.0,0.0,0,577.5,0.0
16,agg_GUJARAT,16,2040,FeedstockAggregator,agg_GUJARAT,GUJARAT,0.0,0.0,0.0,0.0,1.0,405.0,1274035.6736899172,1274035.6736899172,1583333.333,0.0,0,495.00000000000006,0.0
17,agg_PUNJAB,17,2041,FeedstockAggregator,agg_PUNJAB,PUNJAB,0.0,0.0,0.0,0.0,1.0,360.0,4687000.0,4787000.0,4787000.0,82949.12572358613,0,440.00000000000006,82949.12572358613
17,agg_HARYANA,17,2041,FeedstockAggregator,agg_HARYANA,HARYANA,0.0,0.0,0.0,0.0,1.0,360.0,3900000.0,4000000.0,4000000.0,79507.62586418398,0,445.50000000000006,79507.62586418398
17,agg_UTTAR_PRADESH,17,2041,FeedstockAggregator,agg_UTTAR_PRADESH,UTTAR_PRADESH,0.0,0.0,0.0,0.0,1.0,390.0,16500000.0,16500000.0,16500000.0,0.0,0,473.00000000000006,0.0
17,agg_BIHAR,17,2041,FeedstockAggregator,agg_BIHAR,BIHAR,0.0,0.0,0.0,0.0,1.0,390.0,3072667.509672361,3072667.509672361,3333333.333,85490.36144725543,0,467.50000000000006,85490.36144725543
17,agg_ANDHRA_PRADESH,17,2041,FeedstockAggregator,agg_ANDHRA_PRADESH,ANDHRA_PRADESH,0.0,0.0,0.0,0.0,1.0,405.0,2999298.143705662,2999298.143705662,3000000.0,0.0,0,495.00000000000006,0.0
17,agg_TAMIL_NADU,17,2041,FeedstockAggregator,agg_TAMIL_NADU,TAMIL_NADU,0.0,0.0,0.0,0.0,1.0,435.0,1333333.333,1333333.333,1333333.333,0.0,0,522.5,0.0
17,agg_MAHARASHTRA,17,2041,FeedstockAggregator,agg_MAHARASHTRA,MAHARASHTRA,0.0,0.0,0.0,0.0,1.0,435.0,10333333.333,10333333.333,10333333.333,0.0,0,517.0,0.0
17,agg_KARNATAKA,17,2041,FeedstockAggregator,agg_KARNATAKA,KARNATAKA,0.0,0.0,0.0,0.0,1.0,405.0,5196227.924549057,5196227.924549057,5666666.667,0.0,0,489.50000000000006,0.0
17,agg_WEST_BENGAL,17,2041,FeedstockAggregator,agg_WEST_BENGAL,WEST_BENGAL,0.0,0.0,0.0,0.0,1.0,405.0,5497000.0,5497000.0,5497000.0,0.0,0,500.50000000000006,0.0
17,agg_CHHATTISGARH,17,2041,FeedstockAggregator,agg_CHHATTISGARH,CHHATTISGARH,0.0,0.0,0.0,0.0,1.0,360.0,2566666.667,2666666.667,2666666.667,79725.6777735848,0,440.00000000000006,79725.6777735848
17,agg_ODISHA,17,2041,FeedstockAggregator,agg_ODISHA,ODISHA,0.0,0.0,0.0,0.0,1.0,360.0,3021732.732983558,3121732.732983558,3204666.667,76223.71755342207,0,445.50000000000006,76223.71755342207
17,agg_MADHYA_PRADESH,17,2041,FeedstockAggregator,agg_MADHYA_PRADESH,MADHYA_PRADESH,0.0,0.0,0.0,0.0,1.0,390.0,3090145.621566844,3090145.621566844,3333333.333,83268.98731313777,0,473.00000000000006,83268.98731313777
17,agg_TELANGANA,17,2041,FeedstockAggregator,agg_TELANGANA,TELANGANA,0.0,0.0,0.0,0.0,1.0,390.0,5698000.0,5698000.0,5698000.0,0.0,0,478.50000000000006,0.0
17,agg_ASSAM,17,2041,FeedstockAggregator,agg_ASSAM,ASSAM,0.0,0.0,0.0,0.0,1.0,480.0,2000000.0,2000000.0,2000000.0,0.0,0,572.0,0.0
17,agg_JHARKHAND,17,2041,FeedstockAggregator,agg_JHARKHAND,JHARKHAND,0.0,0.0,0.0,0.0,1.0,435.0,1501971.789747526,1501971.789747526,1666666.667,0.0,0,528.0,0.0
17,agg_RAJASTHAN,17,2041,FeedstockAggregator,agg_RAJASTHAN,RAJASTHAN,0.0,0.0,0.0,0.0,1.0,435.0,2211081.905664542,2311081.905664542,2333333.333,86687.64211908758,0,533.5,86687.64211908758
17,agg_KERALA,17,2041,FeedstockAggregator,agg_KERALA,KERALA,0.0,0.0,0.0,0.0,1.0,480.0,1000000.0,1000000.0,1000000.0,0.0,0,577.5,0.0
17,agg_GUJARAT,17,2041,FeedstockAggregator,agg_GUJARAT,GUJARAT,0.0,0.0,0.0,0.0,1.0,405.0,1583333.333,1583333.333,1583333.333,0.0,0,495.00000000000006,0.0
18,agg_PUNJAB,18,2042,FeedstockAggregator,agg_PUNJAB,PUNJAB,0.0,0.0,0.0,0.0,1.0,360.0,3946916.3297041776,4046916.3297041776,4787000.0,82949.12572358613,0,440.00000000000006,82949.12572358613
18,agg_HARYANA,18,2042,FeedstockAggregator,agg_HARYANA,HARYANA,0.0,0.0,0.0,0.0,1.0,360.0,3120646.9279777394,3220646.9279777394,4000000.0,79507.62586418398,0,445.50000000000006,79507.62586418398
18,agg_UTTAR_PRADESH,18,2042,FeedstockAggregator,agg_UTTAR_PRADESH,UTTAR_PRADESH,0.0,0.0,0.0,0.0,1.0,390.0,15073320.636526132,15073320.636526132,16500000.0,0.0,0,473.00000000000006,0.0
18,agg_BIHAR,18,2042,FeedstockAggregator,agg_BIHAR,BIHAR,0.0,0.0,0.0,0.0,1.0,390.0,3333333.333,3333333.333,3333333.333,85490.36144725543,0,467.50000000000006,85490.36144725543
18,agg_ANDHRA_PRADESH,18,2042,FeedstockAggregator,agg_ANDHRA_PRADESH,ANDHRA_PRADESH,0.0,0.0,0.0,0.0,1.0,405.0,3000000.0,3000000.0,3000000.0,0.0,0,495.00000000000006,0.0
18,agg_TAMIL_NADU,18,2042,FeedstockAggregator,agg_TAMIL_NADU,TAMIL_NADU,0.0,0.0,0.0,0.0,1.0,435.0,1333333.333,1333333.333,1333333.333,0.0,0,522.5,0.0
18,agg_MAHARASHTRA,18,2042,FeedstockAggregator,agg_MAHARASHTRA,MAHARASHTRA,0.0,0.0,0.0,0.0,1.0,435.0,8565942.613795346,8565942.613795346,10333333.333,0.0,0,517.0,0.0
18,agg_KARNATAKA,18,2042,FeedstockAggregator,agg_KARNATAKA,KARNATAKA,0.0,0.0,0.0,0.0,1.0,405.0,5666666.667,5666666.667,5666666.667,0.0,0,489.50000000000006,0.0
18,agg_WEST_BENGAL,18,2042,FeedstockAggregator,agg_WEST_BENGAL,WEST_BENGAL,0.0,0.0,0.0,0.0,1.0,405.0,4451081.360672355,4451081.360672355,5497000.0,0.0,0,500.50000000000006,0.0
18,agg_CHHATTISGARH,18,2042,FeedstockAggregator,agg_CHHATTISGARH,CHHATTISGARH,0.0,0.0,0.0,0.0,1.0,360.0,2177951.2877927697,2277951.2877927697,2666666.667,79725.6777735848,0,440.00000000000006,79725.6777735848
18,agg_ODISHA,18,2042,FeedstockAggregator,agg_ODISHA,ODISHA,0.0,0.0,0.0,0.0,1.0,360.0,2937745.558772419,3037745.558772419,3204666.667,76223.71755342207,0,445.50000000000006,76223.71755342207
18,agg_MADHYA_PRADESH,18,2042,FeedstockAggregator,agg_MADHYA_PRADESH,MADHYA_PRADESH,0.0,0.0,0.0,0.0,1.0,390.0,2964248.0521258614,2964248.0521258614,3333333.333,83268.98731313777,0,473.00000000000006,83268.98731313777
18,agg_TELANGANA,18,2042,FeedstockAggregator,agg_TELANGANA,TELANGANA,0.0,0.0,0.0,0.0,1.0,390.0,5698000.0,5698000.0,5698000.0,0.0,0,478.50000000000006,0.0
18,agg_ASSAM,18,2042,FeedstockAggregator,agg_ASSAM,ASSAM,0.0,0.0,0.0,0.0,1.0,480.0,1876959.8860493035,1876959.8860493035,2000000.0,0.0,0,572.0,0.0
18,agg_JHARKHAND,18,2042,FeedstockAggregator,agg_JHARKHAND,JHARKHAND,0.0,0.0,0.0,0.0,1.0,435.0,1666666.667,1666666.667,1666666.667,0.0,0,528.0,0.0
18,agg_RAJASTHAN,18,2042,FeedstockAggregator,agg_RAJASTHAN,RAJASTHAN,0.0,0.0,0.0,0.0,1.0,435.0,2233333.333,2333333.333,2333333.333,86687.64211908758,0,533.5,86687.64211908758
18,agg_KERALA,18,2042,FeedstockAggregator,agg_KERALA,KERALA,0.0,0.0,0.0,0.0,1.0,480.0,1000000.0,1000000.0,1000000.0,0.0,0,577.5,0.0
18,agg_GUJARAT,18,2042,FeedstockAggregator,agg_GUJARAT,GUJARAT,0.0,0.0,0.0,0.0,1.0,405.0,1525023.719716704,1525023.719716704,1583333.333,0.0,0,495.00000000000006,0.0
19,agg_PUNJAB,19,2043,FeedstockAggregator,agg_PUNJAB,PUNJAB,0.0,0.0,0.0,0.0,1.0,360.0,4497926.850164374,4597926.850164374,4787000.0,82949.12572358613,0,440.00000000000006,82949.12572358613
19,agg_HARYANA,19,2043,FeedstockAggregator,agg_HARYANA,HARYANA,0.0,0.0,0.0,0.0,1.0,360.0,3417102.614505183,3517102.614505183,4000000.0,79507.62586418398,0,445.50000000000006,79507.62586418398
19,agg_UTTAR_PRADESH,19,2043,FeedstockAggregator,agg_UTTAR_PRADESH,UTTAR_PRADESH,0.0,0.0,0.0,0.0,1.0,390.0,16500000.0,16500000.0,16500000.0,0.0,0,473.00000000000006,0.0
19,agg_BIHAR,19,2043,FeedstockAggregator,agg_BIHAR,BIHAR,0.0,0.0,0.0,0.0,1.0,390.0,3233333.333,3333333.333,3333333.333,85490.36144725543,0,467.50000000000006,85490.36144725543
19,agg_ANDHRA_PRADESH,19,2043,FeedstockAggregator,agg_ANDHRA_PRADESH,ANDHRA_PRADESH,0.0,0.0,0.0,0.0,1.0,405.0,3000000.0,3000000.0,3000000.0,0.0,0,495.00000000000006,0.0
19,agg_TAMIL_NADU,19,2043,FeedstockAggregator,agg_TAMIL_NADU,TAMIL_NADU,0.0,0.0,0.0,0.0,1.0,435.0,1248686.0362427381,1248686.0362427381,1333333.333,0.0,0,522.5,0.0
19,agg_MAHARASHTRA,19,2043,FeedstockAggregator,agg_MAHARASHTRA,MAHARASHTRA,0.0,0.0,0.0,0.0,1.0,435.0,9003480.79211075,9003480.79211075,10333333.333,0.0,0,517.0,0.0
19,agg_KARNATAKA,19,2043,FeedstockAggregator,agg_KARNATAKA,KARNATAKA,0.0,0.0,0.0,0.0,1.0,405.0,5287237.936012332,5287237.936012332,5666666.667,0.0,0,489.50000000000006,0.0
19,agg_WEST_BENGAL,19,2043,FeedstockAggregator,agg_WEST_BENGAL,WEST_BENGAL,0.0,0.0,0.0,0.0,1.0,405.0,4639340.231455984,4639340.231455984,5497000.0,0.0,0,500.50000000000006,0.0
19,agg_CHHATTISGARH,19,2043,FeedstockAggregator,agg_CHHATTISGARH,CHHATTISGARH,0.0,0.0,0.0,0.0,1.0,360.0,2348315.5122302086,2448315.5122302086,2666666.667,79725.6777735848,0,440.00000000000006,79725.6777735848
19,agg_ODISHA,19,2043,FeedstockAggregator,agg_ODISHA,ODISHA,0.0,0.0,0.0,0.0,1.0,360.0,3104666.667,3204666.667,3204666.667,76223.71755342207,0,445.50000000000006,76223.71755342207
19,agg_MADHYA_PRADESH,19,2043,FeedstockAggregator,agg_MADHYA_PRADESH,MADHYA_PRADESH,0.0,0.0,0.0,0.0,1.0,390.0,3333333.333,3333333.333,3333333.333,83268.98731313777,0,473.00000000000006,83268.98731313777
19,agg_TELANGANA,19,2043,FeedstockAggregator,agg_TELANGANA,TELANGANA,0.0,0.0,0.0,0.0,1.0,390.0,5444887.463468,5444887.463468,5698000.0,0.0,0,478.50000000000006,0.0
19,agg_ASSAM,19,2043,FeedstockAggregator,agg_ASSAM,ASSAM,0.0,0.0,0.0,0.0,1.0,480.0,2000000.0,2000000.0,2000000.0,0.0,0,572.0,0.0
19,agg_JHARKHAND,19,2043,FeedstockAggregator,agg_JHARKHAND,JHARKHAND,0.0,0.0,0.0,0.0,1.0,435.0,1440556.2063988373,1440556.2063988373,1666666.667,0.0,0,528.0,0.0
19,agg_RAJASTHAN,19,2043,FeedstockAggregator,agg_RAJASTHAN,RAJASTHAN,0.0,0.0,0.0,0.0,1.0,435.0,2233333.333,2333333.333,2333333.333,86687.64211908758,0,533.5,86687.64211908758
19,agg_KERALA,19,2043,FeedstockAggregator,agg_KERALA,KERALA,0.0,0.0,0.0,0.0,1.0,480.0,1000000.0,1000000.0,1000000.0,0.0,0,577.5,0.0
19,agg_GUJARAT,19,2043,FeedstockAggregator,agg_GUJARAT,GUJARAT,0.0,0.0,0.0,0.0,1.0,405.0,1583333.333,1583333.333,1583333.333,0.0,0,495.00000000000006,0.0
20,agg_PUNJAB,20,2044,FeedstockAggregator,agg_PUNJAB,PUNJAB,0.0,0.0,0.0,0.0,1.0,360.0,4687000.0,4787000.0,4787000.0,82949.12572358613,0,440.00000000000006,82949.12572358613
20,agg_HARYANA,20,2044,FeedstockAggregator,agg_HARYANA,HARYANA,0.0,0.0,0.0,0.0,1.0,360.0,3900000.0,4000000.0,4000000.0,79507.62586418398,0,445.50000000000006,79507.62586418398
20,agg_UTTAR_PRADESH,20,2044,FeedstockAggregator,agg_UTTAR_PRADESH,UTTAR_PRADESH,0.0,0.0,0.0,0.0,1.0,390.0,15225202.970978074,15225202.970978074,16500000.0,81734.12948093614,0,473.00000000000006,81734.12948093614
20,agg_BIHAR,20,2044,FeedstockAggregator,agg_BIHAR,BIHAR,0.0,0.0,0.0,0.0,1.0,390.0,2763460.2284861444,2863460.2284861444,3333333.333,85490.36144725543,0,467.50000000000006,85490.36144725543
20,agg_ANDHRA_PRADESH,20,2044,FeedstockAggregator,agg_ANDHRA_PRADESH,ANDHRA_PRADESH,0.0,0.0,0.0,0.0,1.0,405.0,2721699.761440156,2721699.761440156,3000000.0,0.0,0,495.00000000000006,0.0
20,agg_TAMIL_NADU,20,2044,FeedstockAggregator,agg_TAMIL_NADU,TAMIL_NADU,0.0,0.0,0.0,0.0,1.0,435.0,1333333.333,1333333.333,1333333.333,0.0,0,522.5,0.0
20,agg_MAHARASHTRA,20,2044,FeedstockAggregator,agg_MAHARASHTRA,MAHARASHTRA,0.0,0.0,0.0,0.0,1.0,435.0,9166749.719956748,9166749.719956748,10333333.333,0.0,0,517.0,0.0
20,agg_KARNATAKA,20,2044,FeedstockAggregator,agg_KARNATAKA,KARNATAKA,0.0,0.0,0.0,0.0,1.0,405.0,5666666.667,5666666.667,5666666.667,0.0,0,489.50000000000006,0.0
20,agg_WEST_BENGAL,20,2044,FeedstockAggregator,agg_WEST_BENGAL,WEST_BENGAL,0.0,0.0,0.0,0.0,1.0,405.0,5367045.226312165,5367045.226312165,5497000.0,0.0,0,500.50000000000006,0.0
20,agg_CHHATTISGARH,20,2044,FeedstockAggregator,agg_CHHATTISGARH,CHHATTISGARH,0.0,0.0,0.0,0.0,1.0,360.0,2566666.667,2666666.667,2666666.667,79725.6777735848,0,440.00000000000006,79725.6777735848
20,agg_ODISHA,20,2044,FeedstockAggregator,agg_ODISHA,ODISHA,0.0,0.0,0.0,0.0,1.0,360.0,2486602.5908925035,2586602.5908925035,3204666.667,76223.71755342207,0,445.50000000000006,76223.71755342207
20,agg_MADHYA_PRADESH,20,2044,FeedstockAggregator,agg_MADHYA_PRADESH,MADHYA_PRADESH,0.0,0.0,0.0,0.0,1.0,390.0,3233333.333,3333333.333,3333333.333,83268.98731313777,0,473.00000000000006,83268.98731313777
20,agg_TELANGANA,20,2044,FeedstockAggregator,agg_TELANGANA,TELANGANA,0.0,0.0,0.0,0.0,1.0,390.0,5501890.942566669,5501890.942566669,5698000.0,0.0,0,478.50000000000006,0.0
20,agg_ASSAM,20,2044,FeedstockAggregator,agg_ASSAM,ASSAM,0.0,0.0,0.0,0.0,1.0,480.0,2000000.0,2000000.0,2000000.0,0.0,0,572.0,0.0
20,agg_JHARKHAND,20,2044,FeedstockAggregator,agg_JHARKHAND,JHARKHAND,0.0,0.0,0.0,0.0,1.0,435.0,1631967.6961299079,1631967.6961299079,1666666.667,0.0,0,528.0,0.0
20,agg_RAJASTHAN,20,2044,FeedstockAggregator,agg_RAJASTHAN,RAJASTHAN,0.0,0.0,0.0,0.0,1.0,435.0,1978906.9218034213,2078906.9218034213,2333333.333,86687.64211908758,0,533.5,86687.64211908758
20,agg_KERALA,20,2044,FeedstockAggregator,agg_KERALA,KERALA,0.0,0.0,0.0,0.0,1.0,480.0,957167.556776776,957167.556776776,1000000.0,0.0,0,577.5,0.0
20,agg_GUJARAT,20,2044,FeedstockAggregator,agg_GUJARAT,GUJARAT,0.0,0.0,0.0,0.0,1.0,405.0,1498221.8933481057,1498221.8933481057,1583333.333,0.0,0,495.00000000000006,0.0
21,agg_PUNJAB,21,2045,FeedstockAggregator,agg_PUNJAB,PUNJAB,0.0,0.0,0.0,0.0,1.0,360.0,4598334.163433395,4698334.163433395,4787000.0,82949.12572358613,0,440.00000000000006,0.0
21,agg_HARYANA,21,2045,FeedstockAggregator,agg_HARYANA,HARYANA,0.0,0.0,0.0,0.0,1.0,360.0,3900000.0,4000000.0,4000000.0,79507.62586418398,0,445.50000000000006,79507.62586418398
21,agg_UTTAR_PRADESH,21,2045,FeedstockAggregator,agg_UTTAR_PRADESH,UTTAR_PRADESH,0.0,0.0,0.0,0.0,1.0,390.0,16500000.0,16500000.0,16500000.0,81734.12948093614,0,473.00000000000006,81734.12948093614
21,agg_BIHAR,21,2045,FeedstockAggregator,agg_BIHAR,BIHAR,0.0,0.0,0.0,0.0,1.0,390.0,3217005.403270113,3317005.403270113,3333333.333,85490.36144725543,0,467.50000000000006,85490.36144725543
21,agg_ANDHRA_PRADESH,21,2045,FeedstockAggregator,agg_ANDHRA_PRADESH,ANDHRA_PRADESH,0.0,0.0,0.0,0.0,1.0,405.0,2597650.4580161013,2597650.4580161013,3000000.0,0.0,0,495.00000000000006,0.0
21,agg_TAMIL_NADU,21,2045,FeedstockAggregator,agg_TAMIL_NADU,TAMIL_NADU,0.0,0.0,0.0,0.0,1.0,435.0,1333333.333,1333333.333,1333333.333,0.0,0,522.5,0.0
21,agg_MAHARASHTRA,21,2045,FeedstockAggregator,agg_MAHARASHTRA,MAHARASHTRA,0.0,0.0,0.0,0.0,1.0,435.0,10333333.333,10333333.333,10333333.333,0.0,0,517.0,0.0
21,agg_KARNATAKA,21,2045,FeedstockAggregator,agg_KARNATAKA,KARNATAKA,0.0,0.0,0.0,0.0,1.0,405.0,5666666.667,5666666.667,5666666.667,0.0,0,489.50000000000006,0.0
21,agg_WEST_BENGAL,21,2045,FeedstockAggregator,agg_WEST_BENGAL,WEST_BENGAL,0.0,0.0,0.0,0.0,1.0,405.0,4675329.563474161,4675329.563474161,5497000.0,0.0,0,500.50000000000006,0.0
21,agg_CHHATTISGARH,21,2045,FeedstockAggregator,agg_CHHATTISGARH,CHHATTISGARH,0.0,0.0,0.0,0.0,1.0,360.0,2566666.667,2666666.667,2666666.667,79725.6777735848,0,440.00000000000006,0.0
21,agg_ODISHA,21,2045,FeedstockAggregator,agg_ODISHA,ODISHA,0.0,0.0,0.0,0.0,1.0,360.0,2747913.9001891646,2847913.9001891646,3204666.667,76223.71755342207,0,445.50000000000006,76223.71755342207
21,agg_MADHYA_PRADESH,21,2045,FeedstockAggregator,agg_MADHYA_PRADESH,MADHYA_PRADESH,0.0,0.0,0.0,0.0,1.0,390.0,3233333.333,3333333.333,3333333.333,83268.98731313777,0,473.00000000000006,83268.98731313777
21,agg_TELANGANA,21,2045,FeedstockAggregator,agg_TELANGANA,TELANGANA,0.0,0.0,0.0,0.0,1.0,390.0,4584016.185550463,4584016.185550463,5698000.0,0.0,0,478.50000000000006,0.0
21,agg_ASSAM,21,2045,FeedstockAggregator,agg_ASSAM,ASSAM,0.0,0.0,0.0,0.0,1.0,480.0,1639277.0015226565,1639277.0015226565,2000000.0,0.0,0,572.0,0.0
21,agg_JHARKHAND,21,2045,FeedstockAggregator,agg_JHARKHAND,JHARKHAND,0.0,0.0,0.0,0.0,1.0,435.0,1666666.667,1666666.667,1666666.667,0.0,0,528.0,0.0
21,agg_RAJASTHAN,21,2045,FeedstockAggregator,agg_RAJASTHAN,RAJASTHAN,0.0,0.0,0.0,0.0,1.0,435.0,2233333.333,2333333.333,2333333.333,86687.64211908758,0,533.5,0.0
21,agg_KERALA,21,2045,FeedstockAggregator,agg_KERALA,KERALA,0.0,0.0,0.0,0.0,1.0,480.0,905973.9704072417,905973.9704072417,1000000.0,0.0,0,577.5,0.0
21,agg_GUJARAT,21,2045,FeedstockAggregator,agg_GUJARAT,GUJARAT,0.0,0.0,0.0,0.0,1.0,405.0,1583333.333,1583333.333,1583333.333,0.0,0,495.00000000000006,0.0
22,agg_PUNJAB,22,2046,FeedstockAggregator,agg_PUNJAB,PUNJAB,0.0,0.0,0.0,0.0,1.0,360.0,4222504.840571222,4322504.840571222,4787000.0,82949.12572358613,0,440.00000000000006,82949.12572358613
22,agg_HARYANA,22,2046,FeedstockAggregator,agg_HARYANA,HARYANA,0.0,0.0,0.0,0.0,1.0,360.0,3859710.4271096205,3959710.4271096205,4000000.0,79507.62586418398,0,445.50000000000006,0.0
22,agg_UTTAR_PRADESH,22,2046,FeedstockAggregator,agg_UTTAR_PRADESH,UTTAR_PRADESH,0.0,0.0,0.0,0.0,1.0,390.0,14782628.239523806,14782628.239523806,16500000.0,81734.12948093614,0,473.00000000000006,81734.12948093614
22,agg_BIHAR,22,2046,FeedstockAggregator,agg_BIHAR,BIHAR,0.0,0.0,0.0,0.0,1.0,390.0,3233333.333,3333333.333,3333333.333,85490.36144725543,0,467.50000000000006,85490.36144725543
22,agg_ANDHRA_PRADESH,22,2046,FeedstockAggregator,agg_ANDHRA_PRADESH,ANDHRA_PRADESH,0.0,0.0,0.0,0.0,1.0,405.0,3000000.0,3000000.0,3000000.0,0.0,0,495.00000000000006,0.0
22,agg_TAMIL_NADU,22,2046,FeedstockAggregator,agg_TAMIL_NADU,TAMIL_NADU,0.0,0.0,0.0,0.0,1.0,435.0,1333333.333,1333333.333,1333333.333,0.0,0,522.5,0.0
22,agg_MAHARASHTRA,22,2046,FeedstockAggregator,agg_MAHARASHTRA,MAHARASHTRA,0.0,0.0,0.0,0.0,1.0,435.0,10333333.333,10333333.333,10333333.333,0.0,0,517.0,0.0
22,agg_KARNATAKA,22,2046,FeedstockAggregator,agg_KARNATAKA,KARNATAKA,0.0,0.0,0.0,0.0,1.0,405.0,5666666.667,5666666.667,5666666.667,0.0,0,489.50000000000006,0.0
22,agg_WEST_BENGAL,22,2046,FeedstockAggregator,agg_WEST_BENGAL,WEST_BENGAL,0.0,0.0,0.0,0.0,1.0,405.0,5497000.0,5497000.0,5497000.0,0.0,0,500.50000000000006,0.0
22,agg_CHHATTISGARH,22,2046,FeedstockAggregator,agg_CHHATTISGARH,CHHATTISGARH,0.0,0.0,0.0,0.0,1.0,360.0,2126274.504263726,2226274.504263726,2666666.667,79725.6777735848,0,440.00000000000006,79725.6777735848
22,agg_ODISHA,22,2046,FeedstockAggregator,agg_ODISHA,ODISHA,0.0,0.0,0.0,0.0,1.0,360.0,3104666.667,3204666.667,3204666.667,76223.71755342207,0,445.50000000000006,76223.71755342207
22,agg_MADHYA_PRADESH,22,2046,FeedstockAggregator,agg_MADHYA_PRADESH,MADHYA_PRADESH,0.0,0.0,0.0,0.0,1.0,390.0,3233333.333,3333333.333,3333333.333,83268.98731313777,0,473.00000000000006,83268.98731313777
22,agg_TELANGANA,22,2046,FeedstockAggregator,agg_TELANGANA,TELANGANA,0.0,0.0,0.0,0.0,1.0,390.0,5698000.0,5698000.0,5698000.0,0.0,0,478.50000000000006,0.0
22,agg_ASSAM,22,2046,FeedstockAggregator,agg_ASSAM,ASSAM,0.0,0.0,0.0,0.0,1.0,480.0,1718295.9486212502,1718295.9486212502,2000000.0,0.0,0,572.0,0.0
22,agg_JHARKHAND,22,2046,FeedstockAggregator,agg_JHARKHAND,JHARKHAND,0.0,0.0,0.0,0.0,1.0,435.0,1511391.462781178,1511391.462781178,1666666.667,0.0,0,528.0,0.0
22,agg_RAJASTHAN,22,2046,FeedstockAggregator,agg_RAJASTHAN,RAJASTHAN,0.0,0.0,0.0,0.0,1.0,435.0,2233333.333,2333333.333,2333333.333,86687.64211908758,0,533.5,86687.64211908758
22,agg_KERALA,22,2046,FeedstockAggregator,agg_KERALA,KERALA,0.0,0.0,0.0,0.0,1.0,480.0,849699.9330519862,849699.9330519862,1000000.0,0.0,0,577.5,0.0
22,agg_GUJARAT,22,2046,FeedstockAggregator,agg_GUJARAT,GUJARAT,0.0,0.0,0.0,0.0,1.0,405.0,1467201.5624837256,1467201.5624837256,1583333.333,0.0,0,495.00000000000006,0.0
23,agg_PUNJAB,23,2047,FeedstockAggregator,agg_PUNJAB,PUNJAB,0.0,0.0,0.0,0.0,1.0,360.0,4559637.5112365,4659637.5112365,4787000.0,82949.12572358613,0,440.00000000000006,82949.12572358613
23,agg_HARYANA,23,2047,FeedstockAggregator,agg_HARYANA,HARYANA,0.0,0.0,0.0,0.0,1.0,360.0,3900000.0,4000000.0,4000000.0,79507.62586418398,0,445.50000000000006,79507.62586418398
23,agg_UTTAR_PRADESH,23,2047,FeedstockAggregator,agg_UTTAR_PRADESH,UTTAR_PRADESH,0.0,0.0,0.0,0.0,1.0,390.0,14745593.08386881,14745593.08386881,16500000.0,81734.12948093614,0,473.00000000000006,81734.12948093614
23,agg_BIHAR,23,2047,FeedstockAggregator,agg_BIHAR,BIHAR,0.0,0.0,0.0,0.0,1.0,390.0,3233333.333,3333333.333,3333333.333,85490.36144725543,0,467.50000000000006,85490.36144725543
23,agg_ANDHRA_PRADESH,23,2047,FeedstockAggregator,agg_ANDHRA_PRADESH,ANDHRA_PRADESH,0.0,0.0,0.0,0.0,1.0,405.0,3000000.0,3000000.0,3000000.0,0.0,0,495.00000000000006,0.0
23,agg_TAMIL_NADU,23,2047,FeedstockAggregator,agg_TAMIL_NADU,TAMIL_NADU,0.0,0.0,0.0,0.0,1.0,435.0,1333333.333,1333333.333,1333333.333,0.0,0,522.5,0.0
23,agg_MAHARASHTRA,23,2047,FeedstockAggregator,agg_MAHARASHTRA,MAHARASHTRA,0.0,0.0,0.0,0.0,1.0,435.0,8357874.89844997,8357874.89844997,10333333.333,0.0,0,517.0,0.0
23,agg_KARNATAKA,23,2047,FeedstockAggregator,agg_KARNATAKA,KARNATAKA,0.0,0.0,0.0,0.0,1.0,405.0,4824045.466377199,4824045.466377199,5666666.667,0.0,0,489.50000000000006,0.0
23,agg_WEST_BENGAL,23,2047,FeedstockAggregator,agg_WEST_BENGAL,WEST_BENGAL,0.0,0.0,0.0,0.0,1.0,405.0,5497000.0,5497000.0,5497000.0,0.0,0,500.50000000000006,0.0
23,agg_CHHATTISGARH,23,2047,FeedstockAggregator,agg_CHHATTISGARH,CHHATTISGARH,0.0,0.0,0.0,0.0,1.0,360.0,2566666.667,2666666.667,2666666.667,79725.6777735848,0,440.00000000000006,79725.6777735848
23,agg_ODISHA,23,2047,FeedstockAggregator,agg_ODISHA,ODISHA,0.0,0.0,0.0,0.0,1.0,360.0,2909559.0854007537,3009559.0854007537,3204666.667,76223.71755342207,0,445.50000000000006,76223.71755342207
23,agg_MADHYA_PRADESH,23,2047,FeedstockAggregator,agg_MADHYA_PRADESH,MADHYA_PRADESH,0.0,0.0,0.0,0.0,1.0,390.0,3233333.333,3333333.333,3333333.333,83268.98731313777,0,473.00000000000006,83268.98731313777
23,agg_TELANGANA,23,2047,FeedstockAggregator,agg_TELANGANA,TELANGANA,0.0,0.0,0.0,0.0,1.0,390.0,5221701.381229965,5221701.381229965,5698000.0,0.0,0,478.50000000000006,0.0
23,agg_ASSAM,23,2047,FeedstockAggregator,agg_ASSAM,ASSAM,0.0,0.0,0.0,0.0,1.0,480.0,2000000.0,2000000.0,2000000.0,0.0,0,572.0,0.0
23,agg_JHARKHAND,23,2047,FeedstockAggregator,agg_JHARKHAND,JHARKHAND,0.0,0.0,0.0,0.0,1.0,435.0,1666666.667,1666666.667,1666666.667,0.0,0,528.0,0.0
23,agg_RAJASTHAN,23,2047,FeedstockAggregator,agg_RAJASTHAN,RAJASTHAN,0.0,0.0,0.0,0.0,1.0,435.0,1936403.0870274617,2036403.0870274617,2333333.333,86687.64211908758,0,533.5,86687.64211908758
23,agg_KERALA,23,2047,FeedstockAggregator,agg_KERALA,KERALA,0.0,0.0,0.0,0.0,1.0,480.0,943036.5757275212,943036.5757275212,1000000.0,0.0,0,577.5,0.0
23,agg_GUJARAT,23,2047,FeedstockAggregator,agg_GUJARAT,GUJARAT,0.0,0.0,0.0,0.0,1.0,405.0,1536401.3715767185,1536401.3715767185,1583333.333,0.0,0,495.00000000000006,0.0
24,agg_PUNJAB,24,2048,FeedstockAggregator,agg_PUNJAB,PUNJAB,0.0,0.0,0.0,0.0,1.0,360.0,4687000.0,4787000.0,4787000.0,82949.12572358613,0,440.00000000000006,82949.12572358613
24,agg_HARYANA,24,2048,FeedstockAggregator,agg_HARYANA,HARYANA,0.0,0.0,0.0,0.0,1.0,360.0,3370970.8563821972,3470970.8563821972,4000000.0,79507.62586418398,0,445.50000000000006,79507.62586418398
24,agg_UTTAR_PRADESH,24,2048,FeedstockAggregator,agg_UTTAR_PRADESH,UTTAR_PRADESH,0.0,0.0,0.0,0.0,1.0,390.0,16303010.138838226,16403010.138838226,16500000.0,81734.12948093614,0,473.00000000000006,81734.12948093614
24,agg_BIHAR,24,2048,FeedstockAggregator,agg_BIHAR,BIHAR,0.0,0.0,0.0,0.0,1.0,390.0,2750414.1226428975,2850414.1226428975,3333333.333,85490.36144725543,0,467.50000000000006,85490.36144725543
24,agg_ANDHRA_PRADESH,24,2048,FeedstockAggregator,agg_ANDHRA_PRADESH,ANDHRA_PRADESH,0.0,0.0,0.0,0.0,1.0,405.0,3000000.0,3000000.0,3000000.0,0.0,0,495.00000000000006,0.0
24,agg_TAMIL_NADU,24,2048,FeedstockAggregator,agg_TAMIL_NADU,TAMIL_NADU,0.0,0.0,0.0,0.0,1.0,435.0,1333333.333,1333333.333,1333333.333,0.0,0,522.5,0.0
24,agg_MAHARASHTRA,24,2048,FeedstockAggregator,agg_MAHARASHTRA,MAHARASHTRA,0.0,0.0,0.0,0.0,1.0,435.0,8926514.696206488,8926514.696206488,10333333.333,0.0,0,517.0,0.0
24,agg_KARNATAKA,24,2048,FeedstockAggregator,agg_KARNATAKA,KARNATAKA,0.0,0.0,0.0,0.0,1.0,405.0,5019865.7666112315,5019865.7666112315,5666666.667,0.0,0,489.50000000000006,0.0
24,agg_WEST_BENGAL,24,2048,FeedstockAggregator,agg_WEST_BENGAL,WEST_BENGAL,0.0,0.0,0.0,0.0,1.0,405.0,5349254.0758524835,5349254.0758524835,5497000.0,0.0,0,500.50000000000006,0.0
24,agg_CHHATTISGARH,24,2048,FeedstockAggregator,agg_CHHATTISGARH,CHHATTISGARH,0.0,0.0,0.0,0.0,1.0,360.0,2291852.8461073968,2391852.8461073968,2666666.667,79725.6777735848,0,440.00000000000006,79725.6777735848
24,agg_ODISHA,24,2048,FeedstockAggregator,agg_ODISHA,ODISHA,0.0,0.0,0.0,0.0,1.0,360.0,2631670.9885795773,2731670.9885795773,3204666.667,76223.71755342207,0,445.50000000000006,76223.71755342207
24,agg_MADHYA_PRADESH,24,2048,FeedstockAggregator,agg_MADHYA_PRADESH,MADHYA_PRADESH,0.0,0.0,0.0,0.0,1.0,390.0,3233333.333,3333333.333,3333333.333,83268.98731313777,0,473.00000000000006,83268.98731313777
24,agg_TELANGANA,24,2048,FeedstockAggregator,agg_TELANGANA,TELANGANA,0.0,0.0,0.0,0.0,1.0,390.0,5698000.0,5698000.0,5698000.0,79130.73438588412,0,478.50000000000006,79130.73438588412
24,agg_ASSAM,24,2048,FeedstockAggregator,agg_ASSAM,ASSAM,0.0,0.0,0.0,0.0,1.0,480.0,1892586.622617083,1892586.622617083,2000000.0,0.0,0,572.0,0.0
24,agg_JHARKHAND,24,2048,FeedstockAggregator,agg_JHARKHAND,JHARKHAND,0.0,0.0,0.0,0.0,1.0,435.0,1537759.774763425,1537759.774763425,1666666.667,0.0,0,528.0,0.0
24,agg_RAJASTHAN,24,2048,FeedstockAggregator,agg_RAJASTHAN,RAJASTHAN,0.0,0.0,0.0,0.0,1.0,435.0,1857001.0179327205,1957001.0179327205,2333333.333,86687.64211908758,0,533.5,86687.64211908758
24,agg_KERALA,24,2048,FeedstockAggregator,agg_KERALA,KERALA,0.0,0.0,0.0,0.0,1.0,480.0,1000000.0,1000000.0,1000000.0,0.0,0,577.5,0.0
24,agg_GUJARAT,24,2048,FeedstockAggregator,agg_GUJARAT,GUJARAT,0.0,0.0,0.0,0.0,1.0,405.0,1583333.333,1583333.333,1583333.333,0.0,0,495.00000000000006,0.0
25,agg_PUNJAB,25,2049,FeedstockAggregator,agg_PUNJAB,PUNJAB,0.0,0.0,0.0,0.0,1.0,360.0,4687000.0,4787000.0,4787000.0,82949.12572358613,0,440.00000000000006,82949.12572358613
25,agg_HARYANA,25,2049,FeedstockAggregator,agg_HARYANA,HARYANA,0.0,0.0,0.0,0.0,1.0,360.0,3826032.5598906274,3926032.5598906274,4000000.0,79507.62586418398,0,445.50000000000006,79507.62586418398
25,agg_UTTAR_PRADESH,25,2049,FeedstockAggregator,agg_UTTAR_PRADESH,UTTAR_PRADESH,0.0,0.0,0.0,0.0,1.0,390.0,16400000.0,16500000.0,16500000.0,81734.12948093614,0,473.00000000000006,81734.12948093614
25,agg_BIHAR,25,2049,FeedstockAggregator,agg_BIHAR,BIHAR,0.0,0.0,0.0,0.0,1.0,390.0,2628407.18985397,2728407.18985397,3333333.333,85490.36144725543,0,467.50000000000006,85490.36144725543
25,agg_ANDHRA_PRADESH,25,2049,FeedstockAggregator,agg_ANDHRA_PRADESH,ANDHRA_PRADESH,0.0,0.0,0.0,0.0,1.0,405.0,2662022.901292952,2662022.901292952,3000000.0,0.0,0,495.00000000000006,0.0
25,agg_TAMIL_NADU,25,2049,FeedstockAggregator,agg_TAMIL_NADU,TAMIL_NADU,0.0,0.0,0.0,0.0,1.0,435.0,1311237.1369610007,1311237.1369610007,1333333.333,0.0,0,522.5,0.0
25,agg_MAHARASHTRA,25,2049,FeedstockAggregator,agg_MAHARASHTRA,MAHARASHTRA,0.0,0.0,0.0,0.0,1.0,435.0,10333333.333,10333333.333,10333333.333,0.0,0,517.0,0.0
25,agg_KARNATAKA,25,2049,FeedstockAggregator,agg_KARNATAKA,KARNATAKA,0.0,0.0,0.0,0.0,1.0,405.0,5666666.667,5666666.667,5666666.667,0.0,0,489.50000000000006,0.0
25,agg_WEST_BENGAL,25,2049,FeedstockAggregator,agg_WEST_BENGAL,WEST_BENGAL,0.0,0.0,0.0,0.0,1.0,405.0,5497000.0,5497000.0,5497000.0,0.0,0,500.50000000000006,0.0
25,agg_CHHATTISGARH,25,2049,FeedstockAggregator,agg_CHHATTISGARH,CHHATTISGARH,0.0,0.0,0.0,0.0,1.0,360.0,2163527.935178212,2263527.935178212,2666666.667,79725.6777735848,0,440.00000000000006,79725.6777735848
25,agg_ODISHA,25,2049,FeedstockAggregator,agg_ODISHA,ODISHA,0.0,0.0,0.0,0.0,1.0,360.0,2617998.73654047,2717998.73654047,3204666.667,76223.71755342207,0,445.50000000000006,76223.71755342207
25,agg_MADHYA_PRADESH,25,2049,FeedstockAggregator,agg_MADHYA_PRADESH,MADHYA_PRADESH,0.0,0.0,0.0,0.0,1.0,390.0,2573915.5118906875,2673915.5118906875,3333333.333,83268.98731313777,0,473.00000000000006,83268.98731313777
25,agg_TELANGANA,25,2049,FeedstockAggregator,agg_TELANGANA,TELANGANA,0.0,0.0,0.0,0.0,1.0,390.0,5698000.0,5698000.0,5698000.0,79130.73438588412,0,478.50000000000006,79130.73438588412
25,agg_ASSAM,25,2049,FeedstockAggregator,agg_ASSAM,ASSAM,0.0,0.0,0.0,0.0,1.0,480.0,1850253.5653123378,1850253.5653123378,2000000.0,0.0,0,572.0,0.0
25,agg_JHARKHAND,25,2049,FeedstockAggregator,agg_JHARKHAND,JHARKHAND,0.0,0.0,0.0,0.0,1.0,435.0,1630191.4897450535,1630191.4897450535,1666666.667,0.0,0,528.0,0.0
25,agg_RAJASTHAN,25,2049,FeedstockAggregator,agg_RAJASTHAN,RAJASTHAN,0.0,0.0,0.0,0.0,1.0,435.0,2094743.6227763146,2194743.6227763146,2333333.333,86687.64211908758,0,533.5,86687.64211908758
25,agg_KERALA,25,2049,FeedstockAggregator,agg_KERALA,KERALA,0.0,0.0,0.0,0.0,1.0,480.0,1000000.0,1000000.0,1000000.0,0.0,0,577.5,0.0
25,agg_GUJARAT,25,2049,FeedstockAggregator,agg_GUJARAT,GUJARAT,0.0,0.0,0.0,0.0,1.0,405.0,1583333.333,1583333.333,1583333.333,0.0,0,495.00000000000006,0.0
26,agg_PUNJAB,26,2050,FeedstockAggregator,agg_PUNJAB,PUNJAB,0.0,0.0,0.0,0.0,1.0,360.0,4368578.861043881,4468578.861043881,4787000.0,82949.12572358613,0,440.00000000000006,82949.12572358613
26,agg_HARYANA,26,2050,FeedstockAggregator,agg_HARYANA,HARYANA,0.0,0.0,0.0,0.0,1.0,360.0,3900000.0,4000000.0,4000000.0,79507.62586418398,0,445.50000000000006,79507.62586418398
26,agg_UTTAR_PRADESH,26,2050,FeedstockAggregator,agg_UTTAR_PRADESH,UTTAR_PRADESH,0.0,0.0,0.0,0.0,1.0,390.0,15895748.745353863,15995748.745353863,16500000.0,81734.12948093614,0,473.00000000000006,81734.12948093614
26,agg_BIHAR,26,2050,FeedstockAggregator,agg_BIHAR,BIHAR,0.0,0.0,0.0,0.0,1.0,390.0,2727311.6636668434,2827311.6636668434,3333333.333,85490.36144725543,0,467.50000000000006,85490.36144725543
26,agg_ANDHRA_PRADESH,26,2050,FeedstockAggregator,agg_ANDHRA_PRADESH,ANDHRA_PRADESH,0.0,0.0,0.0,0.0,1.0,405.0,3000000.0,3000000.0,3000000.0,0.0,0,495.00000000000006,0.0
26,agg_TAMIL_NADU,26,2050,FeedstockAggregator,agg_TAMIL_NADU,TAMIL_NADU,0.0,0.0,0.0,0.0,1.0,435.0,1333333.333,1333333.333,1333333.333,0.0,0,522.5,0.0
26,agg_MAHARASHTRA,26,2050,FeedstockAggregator,agg_MAHARASHTRA,MAHARASHTRA,0.0,0.0,0.0,0.0,1.0,435.0,8374936.210552641,8374936.210552641,10333333.333,0.0,0,517.0,0.0
26,agg_KARNATAKA,26,2050,FeedstockAggregator,agg_KARNATAKA,KARNATAKA,0.0,0.0,0.0,0.0,1.0,405.0,5666666.667,5666666.667,5666666.667,0.0,0,489.50000000000006,0.0
26,agg_WEST_BENGAL,26,2050,FeedstockAggregator,agg_WEST_BENGAL,WEST_BENGAL,0.0,0.0,0.0,0.0,1.0,405.0,4592350.513299675,4592350.513299675,5497000.0,0.0,0,500.50000000000006,0.0
26,agg_CHHATTISGARH,26,2050,FeedstockAggregator,agg_CHHATTISGARH,CHHATTISGARH,0.0,0.0,0.0,0.0,1.0,360.0,2566666.667,2666666.667,2666666.667,79725.6777735848,0,440.00000000000006,79725.6777735848
26,agg_ODISHA,26,2050,FeedstockAggregator,agg_ODISHA,ODISHA,0.0,0.0,0.0,0.0,1.0,360.0,3104666.667,3204666.667,3204666.667,76223.71755342207,0,445.50000000000006,76223.71755342207
26,agg_MADHYA_PRADESH,26,2050,FeedstockAggregator,agg_MADHYA_PRADESH,MADHYA_PRADESH,0.0,0.0,0.0,0.0,1.0,390.0,3233333.333,3333333.333,3333333.333,83268.98731313777,0,473.00000000000006,83268.98731313777
26,agg_TELANGANA,26,2050,FeedstockAggregator,agg_TELANGANA,TELANGANA,0.0,0.0,0.0,0.0,1.0,390.0,5698000.0,5698000.0,5698000.0,79130.73438588412,0,478.50000000000006,79130.73438588412
26,agg_ASSAM,26,2050,FeedstockAggregator,agg_ASSAM,ASSAM,0.0,0.0,0.0,0.0,1.0,480.0,2000000.0,2000000.0,2000000.0,0.0,0,572.0,0.0
26,agg_JHARKHAND,26,2050,FeedstockAggregator,agg_JHARKHAND,JHARKHAND,0.0,0.0,0.0,0.0,1.0,435.0,1661885.9015713036,1661885.9015713036,1666666.667,0.0,0,528.0,0.0
26,agg_RAJASTHAN,26,2050,FeedstockAggregator,agg_RAJASTHAN,RAJASTHAN,0.0,0.0,0.0,0.0,1.0,435.0,1770141.1240670034,1870141.1240670034,2333333.333,86687.64211908758,0,533.5,86687.64211908758
26,agg_KERALA,26,2050,FeedstockAggregator,agg_KERALA,KERALA,0.0,0.0,0.0,0.0,1.0,480.0,823542.3670358777,823542.3670358777,1000000.0,0.0,0,577.5,0.0
26,agg_GUJARAT,26,2050,FeedstockAggregator,agg_GUJARAT,GUJARAT,0.0,0.0,0.0,0.0,1.0,405.0,1320626.4317762079,1320626.4317762079,1583333.333,0.0,0,495.00000000000006,0.0
27,agg_PUNJAB,27,2051,FeedstockAggregator,agg_PUNJAB,PUNJAB,0.0,0.0,0.0,0.0,1.0,360.0,3843549.9931385834,3943549.9931385834,4787000.0,82949.12572358613,0,440.00000000000006,82949.12572358613
27,agg_HARYANA,27,2051,FeedstockAggregator,agg_HARYANA,HARYANA,0.0,0.0,0.0,0.0,1.0,360.0,3900000.0,4000000.0,4000000.0,79507.62586418398,0,445.50000000000006,79507.62586418398
27,agg_UTTAR_PRADESH,27,2051,FeedstockAggregator,agg_UTTAR_PRADESH,UTTAR_PRADESH,0.0,0.0,0.0,0.0,1.0,390.0,14088789.380195271,14188789.380195271,16500000.0,81734.12948093614,0,473.00000000000006,81734.12948093614
27,agg_BIHAR,27,2051,FeedstockAggregator,agg_BIHAR,BIHAR,0.0,0.0,0.0,0.0,1.0,390.0,2862714.5186623824,2962714.5186623824,3333333.333,85490.36144725543,0,467.50000000000006,85490.36144725543
27,agg_ANDHRA_PRADESH,27,2051,FeedstockAggregator,agg_ANDHRA_PRADESH,ANDHRA_PRADESH,0.0,0.0,0.0,0.0,1.0,405.0,2672922.378803001,2672922.378803001,3000000.0,0.0,0,495.00000000000006,0.0
27,agg_TAMIL_NADU,27,2051,FeedstockAggregator,agg_TAMIL_NADU,TAMIL_NADU,0.0,0.0,0.0,0.0,1.0,435.0,1333333.333,1333333.333,1333333.333,0.0,0,522.5,0.0
27,agg_MAHARASHTRA,27,2051,FeedstockAggregator,agg_MAHARASHTRA,MAHARASHTRA,0.0,0.0,0.0,0.0,1.0,435.0,10261505.281469127,10261505.281469127,10333333.333,0.0,0,517.0,0.0
27,agg_KARNATAKA,27,2051,FeedstockAggregator,agg_KARNATAKA,KARNATAKA,0.0,0.0,0.0,0.0,1.0,405.0,5666666.667,5666666.667,5666666.667,80234.82260009811,0,489.50000000000006,80234.82260009811
27,agg_WEST_BENGAL,27,2051,FeedstockAggregator,agg_WEST_BENGAL,WEST_BENGAL,0.0,0.0,0.0,0.0,1.0,405.0,5008596.0685660355,5008596.0685660355,5497000.0,0.0,0,500.50000000000006,0.0
27,agg_CHHATTISGARH,27,2051,FeedstockAggregator,agg_CHHATTISGARH,CHHATTISGARH,0.0,0.0,0.0,0.0,1.0,360.0,2566666.667,2666666.667,2666666.667,79725.6777735848,0,440.00000000000006,79725.6777735848
27,agg_ODISHA,27,2051,FeedstockAggregator,agg_ODISHA,ODISHA,0.0,0.0,0.0,0.0,1.0,360.0,2483512.5406950894,2583512.5406950894,3204666.667,76223.71755342207,0,445.50000000000006,76223.71755342207
27,agg_MADHYA_PRADESH,27,2051,FeedstockAggregator,agg_MADHYA_PRADESH,MADHYA_PRADESH,0.0,0.0,0.0,0.0,1.0,390.0,3042592.351623187,3142592.351623187,3333333.333,83268.98731313777,0,473.00000000000006,83268.98731313777
27,agg_TELANGANA,27,2051,FeedstockAggregator,agg_TELANGANA,TELANGANA,0.0,0.0,0.0,0.0,1.0,390.0,5698000.0,5698000.0,5698000.0,79130.73438588412,0,478.50000000000006,79130.73438588412
27,agg_ASSAM,27,2051,FeedstockAggregator,agg_ASSAM,ASSAM,0.0,0.0,0.0,0.0,1.0,480.0,2000000.0,2000000.0,2000000.0,0.0,0,572.0,0.0
27,agg_JHARKHAND,27,2051,FeedstockAggregator,agg_JHARKHAND,JHARKHAND,0.0,0.0,0.0,0.0,1.0,435.0,1666666.667,1666666.667,1666666.667,0.0,0,528.0,0.0
27,agg_RAJASTHAN,27,2051,FeedstockAggregator,agg_RAJASTHAN,RAJASTHAN,0.0,0.0,0.0,0.0,1.0,435.0,2154852.891367226,2254852.891367226,2333333.333,86687.64211908758,0,533.5,86687.64211908758
27,agg_KERALA,27,2051,FeedstockAggregator,agg_KERALA,KERALA,0.0,0.0,0.0,0.0,1.0,480.0,1000000.0,1000000.0,1000000.0,0.0,0,577.5,0.0
27,agg_GUJARAT,27,2051,FeedstockAggregator,agg_GUJARAT,GUJARAT,0.0,0.0,0.0,0.0,1.0,405.0,1583333.333,1583333.333,1583333.333,0.0,0,495.00000000000006,0.0
28,agg_PUNJAB,28,2052,FeedstockAggregator,agg_PUNJAB,PUNJAB,0.0,0.0,0.0,0.0,1.0,360.0,4687000.0,4787000.0,4787000.0,82949.12572358613,0,440.00000000000006,82949.12572358613
28,agg_HARYANA,28,2052,FeedstockAggregator,agg_HARYANA,HARYANA,0.0,0.0,0.0,0.0,1.0,360.0,3433324.1182272253,3533324.1182272253,4000000.0,79507.62586418398,0,445.50000000000006,79507.62586418398
28,agg_UTTAR_PRADESH,28,2052,FeedstockAggregator,agg_UTTAR_PRADESH,UTTAR_PRADESH,0.0,0.0,0.0,0.0,1.0,390.0,16400000.0,16500000.0,16500000.0,81734.12948093614,0,473.00000000000006,81734.12948093614
28,agg_BIHAR,28,2052,FeedstockAggregator,agg_BIHAR,BIHAR,0.0,0.0,0.0,0.0,1.0,390.0,3173834.3139472604,3273834.3139472604,3333333.333,85490.36144725543,0,467.50000000000006,85490.36144725543
28,agg_ANDHRA_PRADESH,28,2052,FeedstockAggregator,agg_ANDHRA_PRADESH,ANDHRA_PRADESH,0.0,0.0,0.0,0.0,1.0,405.0,3000000.0,3000000.0,3000000.0,0.0,0,495.00000000000006,0.0
28,agg_TAMIL_NADU,28,2052,FeedstockAggregator,agg_TAMIL_NADU,TAMIL_NADU,0.0,0.0,0.0,0.0,1.0,435.0,1333333.333,1333333.333,1333333.333,0.0,0,522.5,0.0
28,agg_MAHARASHTRA,28,2052,FeedstockAggregator,agg_MAHARASHTRA,MAHARASHTRA,0.0,0.0,0.0,0.0,1.0,435.0,10333333.333,10333333.333,10333333.333,0.0,0,517.0,0.0
28,agg_KARNATAKA,28,2052,FeedstockAggregator,agg_KARNATAKA,KARNATAKA,0.0,0.0,0.0,0.0,1.0,405.0,5295773.444823729,5295773.444823729,5666666.667,80234.82260009811,0,489.50000000000006,80234.82260009811
28,agg_WEST_BENGAL,28,2052,FeedstockAggregator,agg_WEST_BENGAL,WEST_BENGAL,0.0,0.0,0.0,0.0,1.0,405.0,5241605.169365685,5241605.169365685,5497000.0,0.0,0,500.50000000000006,0.0
28,agg_CHHATTISGARH,28,2052,FeedstockAggregator,agg_CHHATTISGARH,CHHATTISGARH,0.0,0.0,0.0,0.0,1.0,360.0,2192627.812062009,2292627.812062009,2666666.667,79725.6777735848,0,440.00000000000006,79725.6777735848
28,agg_ODISHA,28,2052,FeedstockAggregator,agg_ODISHA,ODISHA,0.0,0.0,0.0,0.0,1.0,360.0,2579415.030547142,2679415.030547142,3204666.667,76223.71755342207,0,445.50000000000006,76223.71755342207
28,agg_MADHYA_PRADESH,28,2052,FeedstockAggregator,agg_MADHYA_PRADESH,MADHYA_PRADESH,0.0,0.0,0.0,0.0,1.0,390.0,3233333.333,3333333.333,3333333.333,83268.98731313777,0,473.00000000000006,83268.98731313777
28,agg_TELANGANA,28,2052,FeedstockAggregator,agg_TELANGANA,TELANGANA,0.0,0.0,0.0,0.0,1.0,390.0,4516047.172416761,4616047.172416761,5698000.0,79130.73438588412,0,478.50000000000006,79130.73438588412
28,agg_ASSAM,28,2052,FeedstockAggregator,agg_ASSAM,ASSAM,0.0,0.0,0.0,0.0,1.0,480.0,2000000.0,2000000.0,2000000.0,0.0,0,572.0,0.0
28,agg_JHARKHAND,28,2052,FeedstockAggregator,agg_JHARKHAND,JHARKHAND,0.0,0.0,0.0,0.0,1.0,435.0,1643011.7868108614,1643011.7868108614,1666666.667,0.0,0,528.0,0.0
28,agg_RAJASTHAN,28,2052,FeedstockAggregator,agg_RAJASTHAN,RAJASTHAN,0.0,0.0,0.0,0.0,1.0,435.0,2233333.333,2333333.333,2333333.333,86687.64211908758,0,533.5,86687.64211908758
28,agg_KERALA,28,2052,FeedstockAggregator,agg_KERALA,KERALA,0.0,0.0,0.0,0.0,1.0,480.0,1000000.0,1000000.0,1000000.0,0.0,0,577.5,0.0
28,agg_GUJARAT,28,2052,FeedstockAggregator,agg_GUJARAT,GUJARAT,0.0,0.0,0.0,0.0,1.0,405.0,1414730.595607503,1414730.595607503,1583333.333,0.0,0,495.00000000000006,0.0
29,agg_PUNJAB,29,2053,FeedstockAggregator,agg_PUNJAB,PUNJAB,0.0,0.0,0.0,0.0,1.0,360.0,4595439.867624598,4695439.867624598,4787000.0,82949.12572358613,0,440.00000000000006,82949.12572358613
29,agg_HARYANA,29,2053,FeedstockAggregator,agg_HARYANA,HARYANA,0.0,0.0,0.0,0.0,1.0,360.0,3880115.356255402,3980115.356255402,4000000.0,79507.62586418398,0,445.50000000000006,79507.62586418398
29,agg_UTTAR_PRADESH,29,2053,FeedstockAggregator,agg_UTTAR_PRADESH,UTTAR_PRADESH,0.0,0.0,0.0,0.0,1.0,390.0,16400000.0,16500000.0,16500000.0,81734.12948093614,0,473.00000000000006,81734.12948093614
29,agg_BIHAR,29,2053,FeedstockAggregator,agg_BIHAR,BIHAR,0.0,0.0,0.0,0.0,1.0,390.0,3080099.325234161,3180099.325234161,3333333.333,85490.36144725543,0,467.50000000000006,85490.36144725543
29,agg_ANDHRA_PRADESH,29,2053,FeedstockAggregator,agg_ANDHRA_PRADESH,ANDHRA_PRADESH,0.0,0.0,0.0,0.0,1.0,405.0,3000000.0,3000000.0,3000000.0,0.0,0,495.00000000000006,0.0
29,agg_TAMIL_NADU,29,2053,FeedstockAggregator,agg_TAMIL_NADU,TAMIL_NADU,0.0,0.0,0.0,0.0,1.0,435.0,1333333.333,1333333.333,1333333.333,0.0,0,522.5,0.0
29,agg_MAHARASHTRA,29,2053,FeedstockAggregator,agg_MAHARASHTRA,MAHARASHTRA,0.0,0.0,0.0,0.0,1.0,435.0,10333333.333,10333333.333,10333333.333,0.0,0,517.0,0.0
29,agg_KARNATAKA,29,2053,FeedstockAggregator,agg_KARNATAKA,KARNATAKA,0.0,0.0,0.0,0.0,1.0,405.0,5666666.667,5666666.667,5666666.667,80234.82260009811,0,489.50000000000006,80234.82260009811
29,agg_WEST_BENGAL,29,2053,FeedstockAggregator,agg_WEST_BENGAL,WEST_BENGAL,0.0,0.0,0.0,0.0,1.0,405.0,5497000.0,5497000.0,5497000.0,0.0,0,500.50000000000006,0.0
29,agg_CHHATTISGARH,29,2053,FeedstockAggregator,agg_CHHATTISGARH,CHHATTISGARH,0.0,0.0,0.0,0.0,1.0,360.0,2566666.667,2666666.667,2666666.667,79725.6777735848,0,440.00000000000006,79725.6777735848
29,agg_ODISHA,29,2053,FeedstockAggregator,agg_ODISHA,ODISHA,0.0,0.0,0.0,0.0,1.0,360.0,2705604.7659478784,2805604.7659478784,3204666.667,76223.71755342207,0,445.50000000000006,0.0
29,agg_MADHYA_PRADESH,29,2053,FeedstockAggregator,agg_MADHYA_PRADESH,MADHYA_PRADESH,0.0,0.0,0.0,0.0,1.0,390.0,2996057.0594388996,3096057.0594388996,3333333.333,83268.98731313777,0,473.00000000000006,83268.98731313777
29,agg_TELANGANA,29,2053,FeedstockAggregator,agg_TELANGANA,TELANGANA,0.0,0.0,0.0,0.0,1.0,390.0,4557910.107658549,4657910.107658549,5698000.0,79130.73438588412,0,478.50000000000006,79130.73438588412
29,agg_ASSAM,29,2053,FeedstockAggregator,agg_ASSAM,ASSAM,0.0,0.0,0.0,0.0,1.0,480.0,2000000.0,2000000.0,2000000.0,0.0,0,572.0,0.0
29,agg_JHARKHAND,29,2053,FeedstockAggregator,agg_JHARKHAND,JHARKHAND,0.0,0.0,0.0,0.0,1.0,435.0,1666666.667,1666666.667,1666666.667,0.0,0,528.0,0.0
29,agg_RAJASTHAN,29,2053,FeedstockAggregator,agg_RAJASTHAN,RAJASTHAN,0.0,0.0,0.0,0.0,1.0,435.0,2233333.333,2333333.333,2333333.333,86687.64211908758,0,533.5,86687.64211908758
29,agg_KERALA,29,2053,FeedstockAggregator,agg_KERALA,KERALA,0.0,0.0,0.0,0.0,1.0,480.0,904932.903992756,904932.903992756,1000000.0,0.0,0,577.5,0.0
29,agg_GUJARAT,29,2053,FeedstockAggregator,agg_GUJARAT,GUJARAT,0.0,0.0,0.0,0.0,1.0,405.0,1583333.333,1583333.333,1583333.333,0.0,0,495.00000000000006,0.0
30,agg_PUNJAB,30,2054,FeedstockAggregator,agg_PUNJAB,PUNJAB,0.0,0.0,0.0,0.0,1.0,360.0,4310012.707510331,4410012.707510331,4787000.0,82949.12572358613,0,440.00000000000006,82949.12572358613
30,agg_HARYANA,30,2054,FeedstockAggregator,agg_HARYANA,HARYANA,0.0,0.0,0.0,0.0,1.0,360.0,3900000.0,4000000.0,4000000.0,79507.62586418398,0,445.50000000000006,79507.62586418398
30,agg_UTTAR_PRADESH,30,2054,FeedstockAggregator,agg_UTTAR_PRADESH,UTTAR_PRADESH,0.0,0.0,0.0,0.0,1.0,390.0,16400000.0,16500000.0,16500000.0,81734.12948093614,0,473.00000000000006,81734.12948093614
30,agg_BIHAR,30,2054,FeedstockAggregator,agg_BIHAR,BIHAR,0.0,0.0,0.0,0.0,1.0,390.0,3233333.333,3333333.333,3333333.333,85490.36144725543,0,467.50000000000006,85490.36144725543
30,agg_ANDHRA_PRADESH,30,2054,FeedstockAggregator,agg_ANDHRA_PRADESH,ANDHRA_PRADESH,0.0,0.0,0.0,0.0,1.0,405.0,2816127.6480376413,2816127.6480376413,3000000.0,0.0,0,495.00000000000006,0.0
30,agg_TAMIL_NADU,30,2054,FeedstockAggregator,agg_TAMIL_NADU,TAMIL_NADU,0.0,0.0,0.0,0.0,1.0,435.0,1333333.333,1333333.333,1333333.333,0.0,0,522.5,0.0
30,agg_MAHARASHTRA,30,2054,FeedstockAggregator,agg_MAHARASHTRA,MAHARASHTRA,0.0,0.0,0.0,0.0,1.0,435.0,9744428.740936048,9744428.740936048,10333333.333,0.0,0,517.0,0.0
30,agg_KARNATAKA,30,2054,FeedstockAggregator,agg_KARNATAKA,KARNATAKA,0.0,0.0,0.0,0.0,1.0,405.0,4899567.703456195,4899567.703456195,5666666.667,80234.82260009811,0,489.50000000000006,80234.82260009811
30,agg_WEST_BENGAL,30,2054,FeedstockAggregator,agg_WEST_BENGAL,WEST_BENGAL,0.0,0.0,0.0,0.0,1.0,405.0,4688525.571784078,4688525.571784078,5497000.0,0.0,0,500.50000000000006,0.0
30,agg_CHHATTISGARH,30,2054,FeedstockAggregator,agg_CHHATTISGARH,CHHATTISGARH,0.0,0.0,0.0,0.0,1.0,360.0,2566666.667,2666666.667,2666666.667,79725.6777735848,0,440.00000000000006,79725.6777735848
30,agg_ODISHA,30,2054,FeedstockAggregator,agg_ODISHA,ODISHA,0.0,0.0,0.0,0.0,1.0,360.0,3104666.667,3204666.667,3204666.667,76223.71755342207,0,445.50000000000006,76223.71755342207
30,agg_MADHYA_PRADESH,30,2054,FeedstockAggregator,agg_MADHYA_PRADESH,MADHYA_PRADESH,0.0,0.0,0.0,0.0,1.0,390.0,3233333.333,3333333.333,3333333.333,83268.98731313777,0,473.00000000000006,83268.98731313777
30,agg_TELANGANA,30,2054,FeedstockAggregator,agg_TELANGANA,TELANGANA,0.0,0.0,0.0,0.0,1.0,390.0,5414254.272650479,5514254.272650479,5698000.0,79130.73438588412,0,478.50000000000006,79130.73438588412
30,agg_ASSAM,30,2054,FeedstockAggregator,agg_ASSAM,ASSAM,0.0,0.0,0.0,0.0,1.0,480.0,1712107.020469592,1712107.020469592,2000000.0,0.0,0,572.0,0.0
30,agg_JHARKHAND,30,2054,FeedstockAggregator,agg_JHARKHAND,JHARKHAND,0.0,0.0,0.0,0.0,1.0,435.0,1666666.667,1666666.667,1666666.667,0.0,0,528.0,0.0
30,agg_RAJASTHAN,30,2054,FeedstockAggregator,agg_RAJASTHAN,RAJASTHAN,0.0,0.0,0.0,0.0,1.0,435.0,1949164.7541317812,2049164.7541317812,2333333.333,86687.64211908758,0,533.5,86687.64211908758
30,agg_KERALA,30,2054,FeedstockAggregator,agg_KERALA,KERALA,0.0,0.0,0.0,0.0,1.0,480.0,1000000.0,1000000.0,1000000.0,0.0,0,577.5,0.0
30,agg_GUJARAT,30,2054,FeedstockAggregator,agg_GUJARAT,GUJARAT,0.0,0.0,0.0,0.0,1.0,405.0,1583333.333,1583333.333,1583333.333,0.0,0,495.00000000000006,0.0
31,agg_PUNJAB,31,2055,FeedstockAggregator,agg_PUNJAB,PUNJAB,0.0,0.0,0.0,0.0,1.0,360.0,4687000.0,4787000.0,4787000.0,82949.12572358613,0,440.00000000000006,82949.12572358613
31,agg_HARYANA,31,2055,FeedstockAggregator,agg_HARYANA,HARYANA,0.0,0.0,0.0,0.0,1.0,360.0,3854966.9409012287,3954966.9409012287,4000000.0,79507.62586418398,0,445.50000000000006,79507.62586418398
31,agg_UTTAR_PRADESH,31,2055,FeedstockAggregator,agg_UTTAR_PRADESH,UTTAR_PRADESH,0.0,0.0,0.0,0.0,1.0,390.0,15450638.169820994,15550638.169820994,16500000.0,81734.12948093614,0,473.00000000000006,81734.12948093614
31,agg_BIHAR,31,2055,FeedstockAggregator,agg_BIHAR,BIHAR,0.0,0.0,0.0,0.0,1.0,390.0,3233333.333,3333333.333,3333333.333,85490.36144725543,0,467.50000000000006,85490.36144725543
31,agg_ANDHRA_PRADESH,31,2055,FeedstockAggregator,agg_ANDHRA_PRADESH,ANDHRA_PRADESH,0.0,0.0,0.0,0.0,1.0,405.0,2746179.7001296566,2746179.7001296566,3000000.0,0.0,0,495.00000000000006,0.0
31,agg_TAMIL_NADU,31,2055,FeedstockAggregator,agg_TAMIL_NADU,TAMIL_NADU,0.0,0.0,0.0,0.0,1.0,435.0,1205652.8900000732,1205652.8900000732,1333333.333,0.0,0,522.5,0.0
31,agg_MAHARASHTRA,31,2055,FeedstockAggregator,agg_MAHARASHTRA,MAHARASHTRA,0.0,0.0,0.0,0.0,1.0,435.0,8428722.322957855,8428722.322957855,10333333.333,0.0,0,517.0,0.0
31,agg_KARNATAKA,31,2055,FeedstockAggregator,agg_KARNATAKA,KARNATAKA,0.0,0.0,0.0,0.0,1.0,405.0,5229546.693901902,5329546.693901902,5666666.667,80234.82260009811,0,489.50000000000006,80234.82260009811
31,agg_WEST_BENGAL,31,2055,FeedstockAggregator,agg_WEST_BENGAL,WEST_BENGAL,0.0,0.0,0.0,0.0,1.0,405.0,5497000.0,5497000.0,5497000.0,0.0,0,500.50000000000006,0.0
31,agg_CHHATTISGARH,31,2055,FeedstockAggregator,agg_CHHATTISGARH,CHHATTISGARH,0.0,0.0,0.0,0.0,1.0,360.0,2388951.9617799455,2488951.9617799455,2666666.667,79725.6777735848,0,440.00000000000006,79725.6777735848
31,agg_ODISHA,31,2055,FeedstockAggregator,agg_ODISHA,ODISHA,0.0,0.0,0.0,0.0,1.0,360.0,3006008.9994491115,3106008.9994491115,3204666.667,76223.71755342207,0,445.50000000000006,76223.71755342207
31,agg_MADHYA_PRADESH,31,2055,FeedstockAggregator,agg_MADHYA_PRADESH,MADHYA_PRADESH,0.0,0.0,0.0,0.0,1.0,390.0,3233333.333,3333333.333,3333333.333,83268.98731313777,0,473.00000000000006,83268.98731313777
31,agg_TELANGANA,31,2055,FeedstockAggregator,agg_TELANGANA,TELANGANA,0.0,0.0,0.0,0.0,1.0,390.0,5321058.290800952,5421058.290800952,5698000.0,79130.73438588412,0,478.50000000000006,79130.73438588412
31,agg_ASSAM,31,2055,FeedstockAggregator,agg_ASSAM,ASSAM,0.0,0.0,0.0,0.0,1.0,480.0,1895157.073268311,1895157.073268311,2000000.0,0.0,0,572.0,0.0
31,agg_JHARKHAND,31,2055,FeedstockAggregator,agg_JHARKHAND,JHARKHAND,0.0,0.0,0.0,0.0,1.0,435.0,1380374.3656506385,1380374.3656506385,1666666.667,0.0,0,528.0,0.0
31,agg_RAJASTHAN,31,2055,FeedstockAggregator,agg_RAJASTHAN,RAJASTHAN,0.0,0.0,0.0,0.0,1.0,435.0,1795657.8246987755,1895657.8246987755,2333333.333,86687.64211908758,0,533.5,86687.64211908758
31,agg_KERALA,31,2055,FeedstockAggregator,agg_KERALA,KERALA,0.0,0.0,0.0,0.0,1.0,480.0,1000000.0,1000000.0,1000000.0,0.0,0,577.5,0.0
31,agg_GUJARAT,31,2055,FeedstockAggregator,agg_GUJARAT,GUJARAT,0.0,0.0,0.0,0.0,1.0,405.0,1583333.333,1583333.333,1583333.333,86464.66907388219,0,495.00000000000006,86464.66907388219
32,agg_PUNJAB,32,2056,FeedstockAggregator,agg_PUNJAB,PUNJAB,0.0,0.0,0.0,0.0,1.0,360.0,4041300.661963517,4141300.661963517,4787000.0,82949.12572358613,0,440.00000000000006,82949.12572358613
32,agg_HARYANA,32,2056,FeedstockAggregator,agg_HARYANA,HARYANA,0.0,0.0,0.0,0.0,1.0,360.0,3279253.196562605,3379253.196562605,4000000.0,79507.62586418398,0,445.50000000000006,79507.62586418398
32,agg_UTTAR_PRADESH,32,2056,FeedstockAggregator,agg_UTTAR_PRADESH,UTTAR_PRADESH,0.0,0.0,0.0,0.0,1.0,390.0,15005262.653218176,15105262.653218176,16500000.0,81734.12948093614,0,473.00000000000006,81734.12948093614
32,agg_BIHAR,32,2056,FeedstockAggregator,agg_BIHAR,BIHAR,0.0,0.0,0.0,0.0,1.0,390.0,3233333.333,3333333.333,3333333.333,85490.36144725543,0,467.50000000000006,85490.36144725543
32,agg_ANDHRA_PRADESH,32,2056,FeedstockAggregator,agg_ANDHRA_PRADESH,ANDHRA_PRADESH,0.0,0.0,0.0,0.0,1.0,405.0,3000000.0,3000000.0,3000000.0,0.0,0,495.00000000000006,0.0
32,agg_TAMIL_NADU,32,2056,FeedstockAggregator,agg_TAMIL_NADU,TAMIL_NADU,0.0,0.0,0.0,0.0,1.0,435.0,1327618.58917493,1327618.58917493,1333333.333,0.0,0,522.5,0.0
32,agg_MAHARASHTRA,32,2056,FeedstockAggregator,agg_MAHARASHTRA,MAHARASHTRA,0.0,0.0,0.0,0.0,1.0,435.0,10333333.333,10333333.333,10333333.333,0.0,0,517.0,0.0
32,agg_KARNATAKA,32,2056,FeedstockAggregator,agg_KARNATAKA,KARNATAKA,0.0,0.0,0.0,0.0,1.0,405.0,5566666.667,5666666.667,5666666.667,80234.82260009811,0,489.50000000000006,80234.82260009811
32,agg_WEST_BENGAL,32,2056,FeedstockAggregator,agg_WEST_BENGAL,WEST_BENGAL,0.0,0.0,0.0,0.0,1.0,405.0,4702591.714598216,4702591.714598216,5497000.0,0.0,0,500.50000000000006,0.0
32,agg_CHHATTISGARH,32,2056,FeedstockAggregator,agg_CHHATTISGARH,CHHATTISGARH,0.0,0.0,0.0,0.0,1.0,360.0,2221937.9797389847,2321937.9797389847,2666666.667,79725.6777735848,0,440.00000000000006,79725.6777735848
32,agg_ODISHA,32,2056,FeedstockAggregator,agg_ODISHA,ODISHA,0.0,0.0,0.0,0.0,1.0,360.0,3045210.7879796643,3145210.7879796643,3204666.667,76223.71755342207,0,445.50000000000006,76223.71755342207
32,agg_MADHYA_PRADESH,32,2056,FeedstockAggregator,agg_MADHYA_PRADESH,MADHYA_PRADESH,0.0,0.0,0.0,0.0,1.0,390.0,2647284.7168930103,2747284.7168930103,3333333.333,83268.98731313777,0,473.00000000000006,83268.98731313777
32,agg_TELANGANA,32,2056,FeedstockAggregator,agg_TELANGANA,TELANGANA,0.0,0.0,0.0,0.0,1.0,390.0,5451586.130890363,5551586.130890363,5698000.0,79130.73438588412,0,478.50000000000006,79130.73438588412
32,agg_ASSAM,32,2056,FeedstockAggregator,agg_ASSAM,ASSAM,0.0,0.0,0.0,0.0,1.0,480.0,1653824.1194073982,1653824.1194073982,2000000.0,0.0,0,572.0,0.0
32,agg_JHARKHAND,32,2056,FeedstockAggregator,agg_JHARKHAND,JHARKHAND,0.0,0.0,0.0,0.0,1.0,435.0,1613616.006864212,1613616.006864212,1666666.667,0.0,0,528.0,0.0
32,agg_RAJASTHAN,32,2056,FeedstockAggregator,agg_RAJASTHAN,RAJASTHAN,0.0,0.0,0.0,0.0,1.0,435.0,2233333.333,2333333.333,2333333.333,86687.64211908758,0,533.5,86687.64211908758
32,agg_KERALA,32,2056,FeedstockAggregator,agg_KERALA,KERALA,0.0,0.0,0.0,0.0,1.0,480.0,1000000.0,1000000.0,1000000.0,0.0,0,577.5,0.0
32,agg_GUJARAT,32,2056,FeedstockAggregator,agg_GUJARAT,GUJARAT,0.0,0.0,0.0,0.0,1.0,405.0,1458367.968781196,1458367.968781196,1583333.333,86464.66907388219,0,495.00000000000006,86464.66907388219
33,agg_PUNJAB,33,2057,FeedstockAggregator,agg_PUNJAB,PUNJAB,0.0,0.0,0.0,0.0,1.0,360.0,4687000.0,4787000.0,4787000.0,82949.12572358613,0,440.00000000000006,82949.12572358613
33,agg_HARYANA,33,2057,FeedstockAggregator,agg_HARYANA,HARYANA,0.0,0.0,0.0,0.0,1.0,360.0,3900000.0,4000000.0,4000000.0,79507.62586418398,0,445.50000000000006,79507.62586418398
33,agg_UTTAR_PRADESH,33,2057,FeedstockAggregator,agg_UTTAR_PRADESH,UTTAR_PRADESH,0.0,0.0,0.0,0.0,1.0,390.0,16400000.0,16500000.0,16500000.0,81734.12948093614,0,473.00000000000006,81734.12948093614
33,agg_BIHAR,33,2057,FeedstockAggregator,agg_BIHAR,BIHAR,0.0,0.0,0.0,0.0,1.0,390.0,3233333.333,3333333.333,3333333.333,85490.36144725543,0,467.50000000000006,85490.36144725543
33,agg_ANDHRA_PRADESH,33,2057,FeedstockAggregator,agg_ANDHRA_PRADESH,ANDHRA_PRADESH,0.0,0.0,0.0,0.0,1.0,405.0,2897069.2564657615,2897069.2564657615,3000000.0,85022.29777344248,0,495.00000000000006,85022.29777344248
33,agg_TAMIL_NADU,33,2057,FeedstockAggregator,agg_TAMIL_NADU,TAMIL_NADU,0.0,0.0,0.0,0.0,1.0,435.0,1084158.072527968,1084158.072527968,1333333.333,0.0,0,522.5,0.0
33,agg_MAHARASHTRA,33,2057,FeedstockAggregator,agg_MAHARASHTRA,MAHARASHTRA,0.0,0.0,0.0,0.0,1.0,435.0,10328244.544347785,10328244.544347785,10333333.333,0.0,0,517.0,0.0
33,agg_KARNATAKA,33,2057,FeedstockAggregator,agg_KARNATAKA,KARNATAKA,0.0,0.0,0.0,0.0,1.0,405.0,5566666.667,5666666.667,5666666.667,80234.82260009811,0,489.50000000000006,80234.82260009811
33,agg_WEST_BENGAL,33,2057,FeedstockAggregator,agg_WEST_BENGAL,WEST_BENGAL,0.0,0.0,0.0,0.0,1.0,405.0,5497000.0,5497000.0,5497000.0,0.0,0,500.50000000000006,0.0
33,agg_CHHATTISGARH,33,2057,FeedstockAggregator,agg_CHHATTISGARH,CHHATTISGARH,0.0,0.0,0.0,0.0,1.0,360.0,2566666.667,2666666.667,2666666.667,79725.6777735848,0,440.00000000000006,79725.6777735848
33,agg_ODISHA,33,2057,FeedstockAggregator,agg_ODISHA,ODISHA,0.0,0.0,0.0,0.0,1.0,360.0,3048816.333096074,3148816.333096074,3204666.667,76223.71755342207,0,445.50000000000006,76223.71755342207
33,agg_MADHYA_PRADESH,33,2057,FeedstockAggregator,agg_MADHYA_PRADESH,MADHYA_PRADESH,0.0,0.0,0.0,0.0,1.0,390.0,3233333.333,3333333.333,3333333.333,83268.98731313777,0,473.00000000000006,83268.98731313777
33,agg_TELANGANA,33,2057,FeedstockAggregator,agg_TELANGANA,TELANGANA,0.0,0.0,0.0,0.0,1.0,390.0,5094955.482610995,5194955.482610995,5698000.0,79130.73438588412,0,478.50000000000006,79130.73438588412
33,agg_ASSAM,33,2057,FeedstockAggregator,agg_ASSAM,ASSAM,0.0,0.0,0.0,0.0,1.0,480.0,1609007.6271189277,1609007.6271189277,2000000.0,0.0,0,572.0,0.0
33,agg_JHARKHAND,33,2057,FeedstockAggregator,agg_JHARKHAND,JHARKHAND,0.0,0.0,0.0,0.0,1.0,435.0,1666666.667,1666666.667,1666666.667,0.0,0,528.0,0.0
33,agg_RAJASTHAN,33,2057,FeedstockAggregator,agg_RAJASTHAN,RAJASTHAN,0.0,0.0,0.0,0.0,1.0,435.0,2082263.1834204765,2182263.1834204765,2333333.333,86687.64211908758,0,533.5,86687.64211908758
33,agg_KERALA,33,2057,FeedstockAggregator,agg_KERALA,KERALA,0.0,0.0,0.0,0.0,1.0,480.0,900269.9782703217,900269.9782703217,1000000.0,0.0,0,577.5,0.0
33,agg_GUJARAT,33,2057,FeedstockAggregator,agg_GUJARAT,GUJARAT,0.0,0.0,0.0,0.0,1.0,405.0,1425254.0028782384,1425254.0028782384,1583333.333,86464.66907388219,0,495.00000000000006,86464.66907388219
34,agg_PUNJAB,34,2058,FeedstockAggregator,agg_PUNJAB,PUNJAB,0.0,0.0,0.0,0.0,1.0,360.0,4679948.794442201,4779948.794442201,4787000.0,82949.12572358613,0,440.00000000000006,82949.12572358613
34,agg_HARYANA,34,2058,FeedstockAggregator,agg_HARYANA,HARYANA,0.0,0.0,0.0,0.0,1.0,360.0,3900000.0,4000000.0,4000000.0,79507.62586418398,0,445.50000000000006,79507.62586418398
34,agg_UTTAR_PRADESH,34,2058,FeedstockAggregator,agg_UTTAR_PRADESH,UTTAR_PRADESH,0.0,0.0,0.0,0.0,1.0,390.0,16400000.0,16500000.0,16500000.0,81734.12948093614,0,473.00000000000006,81734.12948093614
34,agg_BIHAR,34,2058,FeedstockAggregator,agg_BIHAR,BIHAR,0.0,0.0,0.0,0.0,1.0,390.0,3233333.333,3333333.333,3333333.333,85490.36144725543,0,467.50000000000006,85490.36144725543
34,agg_ANDHRA_PRADESH,34,2058,FeedstockAggregator,agg_ANDHRA_PRADESH,ANDHRA_PRADESH,0.0,0.0,0.0,0.0,1.0,405.0,3000000.0,3000000.0,3000000.0,85022.29777344248,0,495.00000000000006,85022.29777344248
34,agg_TAMIL_NADU,34,2058,FeedstockAggregator,agg_TAMIL_NADU,TAMIL_NADU,0.0,0.0,0.0,0.0,1.0,435.0,1130116.1982590866,1130116.1982590866,1333333.333,0.0,0,522.5,0.0
34,agg_MAHARASHTRA,34,2058,FeedstockAggregator,agg_MAHARASHTRA,MAHARASHTRA,0.0,0.0,0.0,0.0,1.0,435.0,9650601.931729224,9650601.931729224,10333333.333,0.0,0,517.0,0.0
34,agg_KARNATAKA,34,2058,FeedstockAggregator,agg_KARNATAKA,KARNATAKA,0.0,0.0,0.0,0.0,1.0,405.0,5566666.667,5666666.667,5666666.667,80234.82260009811,0,489.50000000000006,80234.82260009811
34,agg_WEST_BENGAL,34,2058,FeedstockAggregator,agg_WEST_BENGAL,WEST_BENGAL,0.0,0.0,0.0,0.0,1.0,405.0,5497000.0,5497000.0,5497000.0,0.0,0,500.50000000000006,0.0
34,agg_CHHATTISGARH,34,2058,FeedstockAggregator,agg_CHHATTISGARH,CHHATTISGARH,0.0,0.0,0.0,0.0,1.0,360.0,2566666.667,2666666.667,2666666.667,79725.6777735848,0,440.00000000000006,79725.6777735848
34,agg_ODISHA,34,2058,FeedstockAggregator,agg_ODISHA,ODISHA,0.0,0.0,0.0,0.0,1.0,360.0,3033329.06868679,3133329.06868679,3204666.667,76223.71755342207,0,445.50000000000006,76223.71755342207
34,agg_MADHYA_PRADESH,34,2058,FeedstockAggregator,agg_MADHYA_PRADESH,MADHYA_PRADESH,0.0,0.0,0.0,0.0,1.0,390.0,2649632.4575781724,2749632.4575781724,3333333.333,83268.98731313777,0,473.00000000000006,83268.98731313777
34,agg_TELANGANA,34,2058,FeedstockAggregator,agg_TELANGANA,TELANGANA,0.0,0.0,0.0,0.0,1.0,390.0,5598000.0,5698000.0,5698000.0,79130.73438588412,0,478.50000000000006,79130.73438588412
34,agg_ASSAM,34,2058,FeedstockAggregator,agg_ASSAM,ASSAM,0.0,0.0,0.0,0.0,1.0,480.0,1955504.5595868211,1955504.5595868211,2000000.0,0.0,0,572.0,0.0
34,agg_JHARKHAND,34,2058,FeedstockAggregator,agg_JHARKHAND,JHARKHAND,0.0,0.0,0.0,0.0,1.0,435.0,1544214.9098027116,1544214.9098027116,1666666.667,0.0,0,528.0,0.0
34,agg_RAJASTHAN,34,2058,FeedstockAggregator,agg_RAJASTHAN,RAJASTHAN,0.0,0.0,0.0,0.0,1.0,435.0,2152943.4912313824,2252943.4912313824,2333333.333,86687.64211908758,0,533.5,86687.64211908758
34,agg_KERALA,34,2058,FeedstockAggregator,agg_KERALA,KERALA,0.0,0.0,0.0,0.0,1.0,480.0,1000000.0,1000000.0,1000000.0,0.0,0,577.5,0.0
34,agg_GUJARAT,34,2058,FeedstockAggregator,agg_GUJARAT,GUJARAT,0.0,0.0,0.0,0.0,1.0,405.0,1583333.333,1583333.333,1583333.333,86464.66907388219,0,495.00000000000006,86464.66907388219
35,agg_PUNJAB,35,2059,FeedstockAggregator,agg_PUNJAB,PUNJAB,0.0,0.0,0.0,0.0,1.0,360.0,4042220.0965253185,4142220.0965253185,4787000.0,82949.12572358613,0,440.00000000000006,82949.12572358613
35,agg_HARYANA,35,2059,FeedstockAggregator,agg_HARYANA,HARYANA,0.0,0.0,0.0,0.0,1.0,360.0,3646681.2119183405,3746681.2119183405,4000000.0,79507.62586418398,0,445.50000000000006,79507.62586418398
35,agg_UTTAR_PRADESH,35,2059,FeedstockAggregator,agg_UTTAR_PRADESH,UTTAR_PRADESH,0.0,0.0,0.0,0.0,1.0,390.0,13418301.41639859,13518301.41639859,16500000.0,81734.12948093614,0,473.00000000000006,81734.12948093614
35,agg_BIHAR,35,2059,FeedstockAggregator,agg_BIHAR,BIHAR,0.0,0.0,0.0,0.0,1.0,390.0,2836848.520684643,2936848.520684643,3333333.333,85490.36144725543,0,467.50000000000006,0.0
35,agg_ANDHRA_PRADESH,35,2059,FeedstockAggregator,agg_ANDHRA_PRADESH,ANDHRA_PRADESH,0.0,0.0,0.0,0.0,1.0,405.0,2859299.5557208834,2859299.5557208834,3000000.0,85022.29777344248,0,495.00000000000006,85022.29777344248
35,agg_TAMIL_NADU,35,2059,FeedstockAggregator,agg_TAMIL_NADU,TAMIL_NADU,0.0,0.0,0.0,0.0,1.0,435.0,1308266.847673336,1308266.847673336,1333333.333,0.0,0,522.5,0.0
35,agg_MAHARASHTRA,35,2059,FeedstockAggregator,agg_MAHARASHTRA,MAHARASHTRA,0.0,0.0,0.0,0.0,1.0,435.0,10333333.333,10333333.333,10333333.333,0.0,0,517.0,0.0
35,agg_KARNATAKA,35,2059,FeedstockAggregator,agg_KARNATAKA,KARNATAKA,0.0,0.0,0.0,0.0,1.0,405.0,5566666.667,5666666.667,5666666.667,80234.82260009811,0,489.50000000000006,80234.82260009811
35,agg_WEST_BENGAL,35,2059,FeedstockAggregator,agg_WEST_BENGAL,WEST_BENGAL,0.0,0.0,0.0,0.0,1.0,405.0,5243058.648454967,5243058.648454967,5497000.0,0.0,0,500.50000000000006,0.0
35,agg_CHHATTISGARH,35,2059,FeedstockAggregator,agg_CHHATTISGARH,CHHATTISGARH,0.0,0.0,0.0,0.0,1.0,360.0,2566666.667,2666666.667,2666666.667,79725.6777735848,0,440.00000000000006,79725.6777735848
35,agg_ODISHA,35,2059,FeedstockAggregator,agg_ODISHA,ODISHA,0.0,0.0,0.0,0.0,1.0,360.0,3104666.667,3204666.667,3204666.667,76223.71755342207,0,445.50000000000006,76223.71755342207
35,agg_MADHYA_PRADESH,35,2059,FeedstockAggregator,agg_MADHYA_PRADESH,MADHYA_PRADESH,0.0,0.0,0.0,0.0,1.0,390.0,3233333.333,3333333.333,3333333.333,83268.98731313777,0,473.00000000000006,83268.98731313777
35,agg_TELANGANA,35,2059,FeedstockAggregator,agg_TELANGANA,TELANGANA,0.0,0.0,0.0,0.0,1.0,390.0,5598000.0,5698000.0,5698000.0,79130.73438588412,0,478.50000000000006,79130.73438588412
35,agg_ASSAM,35,2059,FeedstockAggregator,agg_ASSAM,ASSAM,0.0,0.0,0.0,0.0,1.0,480.0,2000000.0,2000000.0,2000000.0,0.0,0,572.0,0.0
35,agg_JHARKHAND,35,2059,FeedstockAggregator,agg_JHARKHAND,JHARKHAND,0.0,0.0,0.0,0.0,1.0,435.0,1381291.5742992305,1381291.5742992305,1666666.667,0.0,0,528.0,0.0
35,agg_RAJASTHAN,35,2059,FeedstockAggregator,agg_RAJASTHAN,RAJASTHAN,0.0,0.0,0.0,0.0,1.0,435.0,1970795.9091376453,2070795.9091376453,2333333.333,86687.64211908758,0,533.5,86687.64211908758
35,agg_KERALA,35,2059,FeedstockAggregator,agg_KERALA,KERALA,0.0,0.0,0.0,0.0,1.0,480.0,1000000.0,1000000.0,1000000.0,0.0,0,577.5,0.0
35,agg_GUJARAT,35,2059,FeedstockAggregator,agg_GUJARAT,GUJARAT,0.0,0.0,0.0,0.0,1.0,405.0,1478438.6504341834,1578438.6504341834,1583333.333,86464.66907388219,0,495.00000000000006,86464.66907388219
36,agg_PUNJAB,36,2060,FeedstockAggregator,agg_PUNJAB,PUNJAB,0.0,0.0,0.0,0.0,1.0,360.0,3771816.787608199,3871816.787608199,4787000.0,82949.12572358613,0,440.00000000000006,82949.12572358613
36,agg_HARYANA,36,2060,FeedstockAggregator,agg_HARYANA,HARYANA,0.0,0.0,0.0,0.0,1.0,360.0,3498861.9696537047,3598861.9696537047,4000000.0,79507.62586418398,0,445.50000000000006,79507.62586418398
36,agg_UTTAR_PRADESH,36,2060,FeedstockAggregator,agg_UTTAR_PRADESH,UTTAR_PRADESH,0.0,0.0,0.0,0.0,1.0,390.0,16400000.0,16500000.0,16500000.0,81734.12948093614,0,473.00000000000006,81734.12948093614
36,agg_BIHAR,36,2060,FeedstockAggregator,agg_BIHAR,BIHAR,0.0,0.0,0.0,0.0,1.0,390.0,3162058.580935748,3262058.580935748,3333333.333,85490.36144725543,0,467.50000000000006,85490.36144725543
36,agg_ANDHRA_PRADESH,36,2060,FeedstockAggregator,agg_ANDHRA_PRADESH,ANDHRA_PRADESH,0.0,0.0,0.0,0.0,1.0,405.0,3000000.0,3000000.0,3000000.0,85022.29777344248,0,495.00000000000006,85022.29777344248
36,agg_TAMIL_NADU,36,2060,FeedstockAggregator,agg_TAMIL_NADU,TAMIL_NADU,0.0,0.0,0.0,0.0,1.0,435.0,1333333.333,1333333.333,1333333.333,0.0,0,522.5,0.0
36,agg_MAHARASHTRA,36,2060,FeedstockAggregator,agg_MAHARASHTRA,MAHARASHTRA,0.0,0.0,0.0,0.0,1.0,435.0,9877334.127599461,9877334.127599461,10333333.333,0.0,0,517.0,0.0
36,agg_KARNATAKA,36,2060,FeedstockAggregator,agg_KARNATAKA,KARNATAKA,0.0,0.0,0.0,0.0,1.0,405.0,4653809.47716633,4753809.47716633,5666666.667,80234.82260009811,0,489.50000000000006,80234.82260009811
36,agg_WEST_BENGAL,36,2060,FeedstockAggregator,agg_WEST_BENGAL,WEST_BENGAL,0.0,0.0,0.0,0.0,1.0,405.0,5497000.0,5497000.0,5497000.0,84171.3538191226,0,500.50000000000006,84171.3538191226
36,agg_CHHATTISGARH,36,2060,FeedstockAggregator,agg_CHHATTISGARH,CHHATTISGARH,0.0,0.0,0.0,0.0,1.0,360.0,2566666.667,2666666.667,2666666.667,79725.6777735848,0,440.00000000000006,79725.6777735848
36,agg_ODISHA,36,2060,FeedstockAggregator,agg_ODISHA,ODISHA,0.0,0.0,0.0,0.0,1.0,360.0,3104666.667,3204666.667,3204666.667,76223.71755342207,0,445.50000000000006,76223.71755342207
36,agg_MADHYA_PRADESH,36,2060,FeedstockAggregator,agg_MADHYA_PRADESH,MADHYA_PRADESH,0.0,0.0,0.0,0.0,1.0,390.0,3233333.333,3333333.333,3333333.333,83268.98731313777,0,473.00000000000006,0.0
36,agg_TELANGANA,36,2060,FeedstockAggregator,agg_TELANGANA,TELANGANA,0.0,0.0,0.0,0.0,1.0,390.0,5598000.0,5698000.0,5698000.0,79130.73438588412,0,478.50000000000006,79130.73438588412
36,agg_ASSAM,36,2060,FeedstockAggregator,agg_ASSAM,ASSAM,0.0,0.0,0.0,0.0,1.0,480.0,1826194.2165920183,1826194.2165920183,2000000.0,0.0,0,572.0,0.0
36,agg_JHARKHAND,36,2060,FeedstockAggregator,agg_JHARKHAND,JHARKHAND,0.0,0.0,0.0,0.0,1.0,435.0,1421921.980906398,1421921.980906398,1666666.667,0.0,0,528.0,0.0
36,agg_RAJASTHAN,36,2060,FeedstockAggregator,agg_RAJASTHAN,RAJASTHAN,0.0,0.0,0.0,0.0,1.0,435.0,2233333.333,2333333.333,2333333.333,86687.64211908758,0,533.5,86687.64211908758
36,agg_KERALA,36,2060,FeedstockAggregator,agg_KERALA,KERALA,0.0,0.0,0.0,0.0,1.0,480.0,812568.4769014751,812568.4769014751,1000000.0,0.0,0,577.5,0.0
36,agg_GUJARAT,36,2060,FeedstockAggregator,agg_GUJARAT,GUJARAT,0.0,0.0,0.0,0.0,1.0,405.0,1377403.6941635157,1477403.6941635157,1583333.333,86464.66907388219,0,495.00000000000006,86464.66907388219
37,agg_PUNJAB,37,2061,FeedstockAggregator,agg_PUNJAB,PUNJAB,0.0,0.0,0.0,0.0,1.0,360.0,4583431.467760372,4683431.467760372,4787000.0,82949.12572358613,0,440.00000000000006,82949.12572358613
37,agg_HARYANA,37,2061,FeedstockAggregator,agg_HARYANA,HARYANA,0.0,0.0,0.0,0.0,1.0,360.0,3900000.0,4000000.0,4000000.0,79507.62586418398,0,445.50000000000006,79507.62586418398
37,agg_UTTAR_PRADESH,37,2061,FeedstockAggregator,agg_UTTAR_PRADESH,UTTAR_PRADESH,0.0,0.0,0.0,0.0,1.0,390.0,15740751.32051365,15840751.32051365,16500000.0,81734.12948093614,0,473.00000000000006,81734.12948093614
37,agg_BIHAR,37,2061,FeedstockAggregator,agg_BIHAR,BIHAR,0.0,0.0,0.0,0.0,1.0,390.0,2921652.723352007,3021652.723352007,3333333.333,85490.36144725543,0,467.50000000000006,85490.36144725543
37,agg_ANDHRA_PRADESH,37,2061,FeedstockAggregator,agg_ANDHRA_PRADESH,ANDHRA_PRADESH,0.0,0.0,0.0,0.0,1.0,405.0,2495956.9478655565,2595956.9478655565,3000000.0,85022.29777344248,0,495.00000000000006,85022.29777344248
37,agg_TAMIL_NADU,37,2061,FeedstockAggregator,agg_TAMIL_NADU,TAMIL_NADU,0.0,0.0,0.0,0.0,1.0,435.0,1142233.9792590498,1142233.9792590498,1333333.333,0.0,0,522.5,0.0
37,agg_MAHARASHTRA,37,2061,FeedstockAggregator,agg_MAHARASHTRA,MAHARASHTRA,0.0,0.0,0.0,0.0,1.0,435.0,10333333.333,10333333.333,10333333.333,0.0,0,517.0,0.0
37,agg_KARNATAKA,37,2061,FeedstockAggregator,agg_KARNATAKA,KARNATAKA,0.0,0.0,0.0,0.0,1.0,405.0,5566666.667,5666666.667,5666666.667,80234.82260009811,0,489.50000000000006,80234.82260009811
37,agg_WEST_BENGAL,37,2061,FeedstockAggregator,agg_WEST_BENGAL,WEST_BENGAL,0.0,0.0,0.0,0.0,1.0,405.0,5497000.0,5497000.0,5497000.0,84171.3538191226,0,500.50000000000006,84171.3538191226
37,agg_CHHATTISGARH,37,2061,FeedstockAggregator,agg_CHHATTISGARH,CHHATTISGARH,0.0,0.0,0.0,0.0,1.0,360.0,2530742.2067166953,2630742.2067166953,2666666.667,79725.6777735848,0,440.00000000000006,79725.6777735848
37,agg_ODISHA,37,2061,FeedstockAggregator,agg_ODISHA,ODISHA,0.0,0.0,0.0,0.0,1.0,360.0,3104666.667,3204666.667,3204666.667,76223.71755342207,0,445.50000000000006,76223.71755342207
37,agg_MADHYA_PRADESH,37,2061,FeedstockAggregator,agg_MADHYA_PRADESH,MADHYA_PRADESH,0.0,0.0,0.0,0.0,1.0,390.0,3233333.333,3333333.333,3333333.333,83268.98731313777,0,473.00000000000006,83268.98731313777
37,agg_TELANGANA,37,2061,FeedstockAggregator,agg_TELANGANA,TELANGANA,0.0,0.0,0.0,0.0,1.0,390.0,5598000.0,5698000.0,5698000.0,79130.73438588412,0,478.50000000000006,79130.73438588412
37,agg_ASSAM,37,2061,FeedstockAggregator,agg_ASSAM,ASSAM,0.0,0.0,0.0,0.0,1.0,480.0,2000000.0,2000000.0,2000000.0,0.0,0,572.0,0.0
37,agg_JHARKHAND,37,2061,FeedstockAggregator,agg_JHARKHAND,JHARKHAND,0.0,0.0,0.0,0.0,1.0,435.0,1666666.667,1666666.667,1666666.667,0.0,0,528.0,0.0
37,agg_RAJASTHAN,37,2061,FeedstockAggregator,agg_RAJASTHAN,RAJASTHAN,0.0,0.0,0.0,0.0,1.0,435.0,2064759.6793288495,2164759.6793288495,2333333.333,86687.64211908758,0,533.5,86687.64211908758
37,agg_KERALA,37,2061,FeedstockAggregator,agg_KERALA,KERALA,0.0,0.0,0.0,0.0,1.0,480.0,1000000.0,1000000.0,1000000.0,0.0,0,577.5,0.0
37,agg_GUJARAT,37,2061,FeedstockAggregator,agg_GUJARAT,GUJARAT,0.0,0.0,0.0,0.0,1.0,405.0,1277983.6459798338,1377983.6459798338,1583333.333,86464.66907388219,0,495.00000000000006,86464.66907388219
38,agg_PUNJAB,38,2062,FeedstockAggregator,agg_PUNJAB,PUNJAB,0.0,0.0,0.0,0.0,1.0,360.0,4687000.0,4787000.0,4787000.0,82949.12572358613,0,440.00000000000006,82949.12572358613
38,agg_HARYANA,38,2062,FeedstockAggregator,agg_HARYANA,HARYANA,0.0,0.0,0.0,0.0,1.0,360.0,3100672.3255036846,3200672.3255036846,4000000.0,79507.62586418398,0,445.50000000000006,79507.62586418398
38,agg_UTTAR_PRADESH,38,2062,FeedstockAggregator,agg_UTTAR_PRADESH,UTTAR_PRADESH,0.0,0.0,0.0,0.0,1.0,390.0,16400000.0,16500000.0,16500000.0,81734.12948093614,0,473.00000000000006,81734.12948093614
38,agg_BIHAR,38,2062,FeedstockAggregator,agg_BIHAR,BIHAR,0.0,0.0,0.0,0.0,1.0,390.0,2847244.8820526125,2947244.8820526125,3333333.333,85490.36144725543,0,467.50000000000006,85490.36144725543
38,agg_ANDHRA_PRADESH,38,2062,FeedstockAggregator,agg_ANDHRA_PRADESH,ANDHRA_PRADESH,0.0,0.0,0.0,0.0,1.0,405.0,2900000.0,3000000.0,3000000.0,85022.29777344248,0,495.00000000000006,85022.29777344248
38,agg_TAMIL_NADU,38,2062,FeedstockAggregator,agg_TAMIL_NADU,TAMIL_NADU,0.0,0.0,0.0,0.0,1.0,435.0,1333333.333,1333333.333,1333333.333,0.0,0,522.5,0.0
38,agg_MAHARASHTRA,38,2062,FeedstockAggregator,agg_MAHARASHTRA,MAHARASHTRA,0.0,0.0,0.0,0.0,1.0,435.0,10047109.20819829,10047109.20819829,10333333.333,79647.36233556095,0,517.0,79647.36233556095
38,agg_KARNATAKA,38,2062,FeedstockAggregator,agg_KARNATAKA,KARNATAKA,0.0,0.0,0.0,0.0,1.0,405.0,5566666.667,5666666.667,5666666.667,80234.82260009811,0,489.50000000000006,80234.82260009811
38,agg_WEST_BENGAL,38,2062,FeedstockAggregator,agg_WEST_BENGAL,WEST_BENGAL,0.0,0.0,0.0,0.0,1.0,405.0,4896869.296871041,4896869.296871041,5497000.0,84171.3538191226,0,500.50000000000006,84171.3538191226
38,agg_CHHATTISGARH,38,2062,FeedstockAggregator,agg_CHHATTISGARH,CHHATTISGARH,0.0,0.0,0.0,0.0,1.0,360.0,2118557.5816462873,2218557.5816462873,2666666.667,79725.6777735848,0,440.00000000000006,79725.6777735848
38,agg_ODISHA,38,2062,FeedstockAggregator,agg_ODISHA,ODISHA,0.0,0.0,0.0,0.0,1.0,360.0,2837179.3423439986,2937179.3423439986,3204666.667,76223.71755342207,0,445.50000000000006,76223.71755342207
38,agg_MADHYA_PRADESH,38,2062,FeedstockAggregator,agg_MADHYA_PRADESH,MADHYA_PRADESH,0.0,0.0,0.0,0.0,1.0,390.0,2625926.2857313957,2725926.2857313957,3333333.333,83268.98731313777,0,473.00000000000006,83268.98731313777
38,agg_TELANGANA,38,2062,FeedstockAggregator,agg_TELANGANA,TELANGANA,0.0,0.0,0.0,0.0,1.0,390.0,5598000.0,5698000.0,5698000.0,79130.73438588412,0,478.50000000000006,79130.73438588412
38,agg_ASSAM,38,2062,FeedstockAggregator,agg_ASSAM,ASSAM,0.0,0.0,0.0,0.0,1.0,480.0,1794429.7660140172,1794429.7660140172,2000000.0,0.0,0,572.0,0.0
38,agg_JHARKHAND,38,2062,FeedstockAggregator,agg_JHARKHAND,JHARKHAND,0.0,0.0,0.0,0.0,1.0,435.0,1666666.667,1666666.667,1666666.667,0.0,0,528.0,0.0
38,agg_RAJASTHAN,38,2062,FeedstockAggregator,agg_RAJASTHAN,RAJASTHAN,0.0,0.0,0.0,0.0,1.0,435.0,1865560.1197200408,1965560.1197200408,2333333.333,86687.64211908758,0,533.5,86687.64211908758
38,agg_KERALA,38,2062,FeedstockAggregator,agg_KERALA,KERALA,0.0,0.0,0.0,0.0,1.0,480.0,1000000.0,1000000.0,1000000.0,0.0,0,577.5,0.0
38,agg_GUJARAT,38,2062,FeedstockAggregator,agg_GUJARAT,GUJARAT,0.0,0.0,0.0,0.0,1.0,405.0,1483333.333,1583333.333,1583333.333,86464.66907388219,0,495.00000000000006,86464.66907388219
39,agg_PUNJAB,39,2063,FeedstockAggregator,agg_PUNJAB,PUNJAB,0.0,0.0,0.0,0.0,1.0,360.0,4687000.0,4787000.0,4787000.0,82949.12572358613,0,440.00000000000006,82949.12572358613
39,agg_HARYANA,39,2063,FeedstockAggregator,agg_HARYANA,HARYANA,0.0,0.0,0.0,0.0,1.0,360.0,3113429.3896736004,3213429.3896736004,4000000.0,79507.62586418398,0,445.50000000000006,79507.62586418398
39,agg_UTTAR_PRADESH,39,2063,FeedstockAggregator,agg_UTTAR_PRADESH,UTTAR_PRADESH,0.0,0.0,0.0,0.0,1.0,390.0,16400000.0,16500000.0,16500000.0,81734.12948093614,0,473.00000000000006,81734.12948093614
39,agg_BIHAR,39,2063,FeedstockAggregator,agg_BIHAR,BIHAR,0.0,0.0,0.0,0.0,1.0,390.0,2980567.728868196,3080567.728868196,3333333.333,85490.36144725543,0,467.50000000000006,85490.36144725543
39,agg_ANDHRA_PRADESH,39,2063,FeedstockAggregator,agg_ANDHRA_PRADESH,ANDHRA_PRADESH,0.0,0.0,0.0,0.0,1.0,405.0,2900000.0,3000000.0,3000000.0,85022.29777344248,0,495.00000000000006,85022.29777344248
39,agg_TAMIL_NADU,39,2063,FeedstockAggregator,agg_TAMIL_NADU,TAMIL_NADU,0.0,0.0,0.0,0.0,1.0,435.0,1333333.333,1333333.333,1333333.333,0.0,0,522.5,0.0
39,agg_MAHARASHTRA,39,2063,FeedstockAggregator,agg_MAHARASHTRA,MAHARASHTRA,0.0,0.0,0.0,0.0,1.0,435.0,8702998.680335253,8702998.680335253,10333333.333,79647.36233556095,0,517.0,79647.36233556095
39,agg_KARNATAKA,39,2063,FeedstockAggregator,agg_KARNATAKA,KARNATAKA,0.0,0.0,0.0,0.0,1.0,405.0,5193368.656272183,5293368.656272183,5666666.667,80234.82260009811,0,489.50000000000006,80234.82260009811
39,agg_WEST_BENGAL,39,2063,FeedstockAggregator,agg_WEST_BENGAL,WEST_BENGAL,0.0,0.0,0.0,0.0,1.0,405.0,4443030.395416143,4443030.395416143,5497000.0,84171.3538191226,0,500.50000000000006,84171.3538191226
39,agg_CHHATTISGARH,39,2063,FeedstockAggregator,agg_CHHATTISGARH,CHHATTISGARH,0.0,0.0,0.0,0.0,1.0,360.0,2294778.9031689595,2394778.9031689595,2666666.667,79725.6777735848,0,440.00000000000006,79725.6777735848
39,agg_ODISHA,39,2063,FeedstockAggregator,agg_ODISHA,ODISHA,0.0,0.0,0.0,0.0,1.0,360.0,3104666.667,3204666.667,3204666.667,76223.71755342207,0,445.50000000000006,76223.71755342207
39,agg_MADHYA_PRADESH,39,2063,FeedstockAggregator,agg_MADHYA_PRADESH,MADHYA_PRADESH,0.0,0.0,0.0,0.0,1.0,390.0,2715995.086444673,2815995.086444673,3333333.333,83268.98731313777,0,473.00000000000006,83268.98731313777
39,agg_TELANGANA,39,2063,FeedstockAggregator,agg_TELANGANA,TELANGANA,0.0,0.0,0.0,0.0,1.0,390.0,4887271.809832548,4987271.809832548,5698000.0,79130.73438588412,0,478.50000000000006,79130.73438588412
39,agg_ASSAM,39,2063,FeedstockAggregator,agg_ASSAM,ASSAM,0.0,0.0,0.0,0.0,1.0,480.0,2000000.0,2000000.0,2000000.0,0.0,0,572.0,0.0
39,agg_JHARKHAND,39,2063,FeedstockAggregator,agg_JHARKHAND,JHARKHAND,0.0,0.0,0.0,0.0,1.0,435.0,1371030.4028180835,1371030.4028180835,1666666.667,0.0,0,528.0,0.0
39,agg_RAJASTHAN,39,2063,FeedstockAggregator,agg_RAJASTHAN,RAJASTHAN,0.0,0.0,0.0,0.0,1.0,435.0,2233333.333,2333333.333,2333333.333,86687.64211908758,0,533.5,86687.64211908758
39,agg_KERALA,39,2063,FeedstockAggregator,agg_KERALA,KERALA,0.0,0.0,0.0,0.0,1.0,480.0,1000000.0,1000000.0,1000000.0,0.0,0,577.5,0.0
39,agg_GUJARAT,39,2063,FeedstockAggregator,agg_GUJARAT,GUJARAT,0.0,0.0,0.0,0.0,1.0,405.0,1483333.333,1583333.333,1583333.333,86464.66907388219,0,495.00000000000006,86464.66907388219
40,agg_PUNJAB,40,2064,FeedstockAggregator,agg_PUNJAB,PUNJAB,0.0,0.0,0.0,0.0,1.0,360.0,3890299.261354889,3990299.261354889,4787000.0,82949.12572358613,0,440.00000000000006,82949.12572358613
40,agg_HARYANA,40,2064,FeedstockAggregator,agg_HARYANA,HARYANA,0.0,0.0,0.0,0.0,1.0,360.0,3672911.5332484697,3772911.5332484697,4000000.0,79507.62586418398,0,445.50000000000006,79507.62586418398
40,agg_UTTAR_PRADESH,40,2064,FeedstockAggregator,agg_UTTAR_PRADESH,UTTAR_PRADESH,0.0,0.0,0.0,0.0,1.0,390.0,14191691.391765991,14291691.391765991,16500000.0,81734.12948093614,0,473.00000000000006,0.0
40,agg_BIHAR,40,2064,FeedstockAggregator,agg_BIHAR,BIHAR,0.0,0.0,0.0,0.0,1.0,390.0,3233333.333,3333333.333,3333333.333,85490.36144725543,0,467.50000000000006,85490.36144725543
40,agg_ANDHRA_PRADESH,40,2064,FeedstockAggregator,agg_ANDHRA_PRADESH,ANDHRA_PRADESH,0.0,0.0,0.0,0.0,1.0,405.0,2900000.0,3000000.0,3000000.0,85022.29777344248,0,495.00000000000006,85022.29777344248
40,agg_TAMIL_NADU,40,2064,FeedstockAggregator,agg_TAMIL_NADU,TAMIL_NADU,0.0,0.0,0.0,0.0,1.0,435.0,1333333.333,1333333.333,1333333.333,0.0,0,522.5,0.0
40,agg_MAHARASHTRA,40,2064,FeedstockAggregator,agg_MAHARASHTRA,MAHARASHTRA,0.0,0.0,0.0,0.0,1.0,435.0,10333333.333,10333333.333,10333333.333,79647.36233556095,0,517.0,79647.36233556095
40,agg_KARNATAKA,40,2064,FeedstockAggregator,agg_KARNATAKA,KARNATAKA,0.0,0.0,0.0,0.0,1.0,405.0,5566666.667,5666666.667,5666666.667,80234.82260009811,0,489.50000000000006,80234.82260009811
40,agg_WEST_BENGAL,40,2064,FeedstockAggregator,agg_WEST_BENGAL,WEST_BENGAL,0.0,0.0,0.0,0.0,1.0,405.0,5397000.0,5497000.0,5497000.0,84171.3538191226,0,500.50000000000006,84171.3538191226
40,agg_CHHATTISGARH,40,2064,FeedstockAggregator,agg_CHHATTISGARH,CHHATTISGARH,0.0,0.0,0.0,0.0,1.0,360.0,2101412.52962339,2201412.52962339,2666666.667,79725.6777735848,0,440.00000000000006,79725.6777735848
40,agg_ODISHA,40,2064,FeedstockAggregator,agg_ODISHA,ODISHA,0.0,0.0,0.0,0.0,1.0,360.0,3104666.667,3204666.667,3204666.667,76223.71755342207,0,445.50000000000006,76223.71755342207
40,agg_MADHYA_PRADESH,40,2064,FeedstockAggregator,agg_MADHYA_PRADESH,MADHYA_PRADESH,0.0,0.0,0.0,0.0,1.0,390.0,2836427.4495751862,2936427.4495751862,3333333.333,83268.98731313777,0,473.00000000000006,83268.98731313777
40,agg_TELANGANA,40,2064,FeedstockAggregator,agg_TELANGANA,TELANGANA,0.0,0.0,0.0,0.0,1.0,390.0,5598000.0,5698000.0,5698000.0,79130.73438588412,0,478.50000000000006,79130.73438588412
40,agg_ASSAM,40,2064,FeedstockAggregator,agg_ASSAM,ASSAM,0.0,0.0,0.0,0.0,1.0,480.0,2000000.0,2000000.0,2000000.0,0.0,0,572.0,0.0
40,agg_JHARKHAND,40,2064,FeedstockAggregator,agg_JHARKHAND,JHARKHAND,0.0,0.0,0.0,0.0,1.0,435.0,1380206.2074121262,1380206.2074121262,1666666.667,0.0,0,528.0,0.0
40,agg_RAJASTHAN,40,2064,FeedstockAggregator,agg_RAJASTHAN,RAJASTHAN,0.0,0.0,0.0,0.0,1.0,435.0,2139915.523341858,2239915.523341858,2333333.333,86687.64211908758,0,533.5,86687.64211908758
40,agg_KERALA,40,2064,FeedstockAggregator,agg_KERALA,KERALA,0.0,0.0,0.0,0.0,1.0,480.0,1000000.0,1000000.0,1000000.0,0.0,0,577.5,0.0
40,agg_GUJARAT,40,2064,FeedstockAggregator,agg_GUJARAT,GUJARAT,0.0,0.0,0.0,0.0,1.0,405.0,1223579.7776813747,1323579.7776813747,1583333.333,86464.66907388219,0,495.00000000000006,86464.66907388219
41,agg_PUNJAB,41,2065,FeedstockAggregator,agg_PUNJAB,PUNJAB,0.0,0.0,0.0,0.0,1.0,360.0,4614942.68356457,4714942.68356457,4787000.0,82949.12572358613,0,440.00000000000006,82949.12572358613
41,agg_HARYANA,41,2065,FeedstockAggregator,agg_HARYANA,HARYANA,0.0,0.0,0.0,0.0,1.0,360.0,3276647.6408671304,3376647.6408671304,4000000.0,79507.62586418398,0,445.50000000000006,79507.62586418398
41,agg_UTTAR_PRADESH,41,2065,FeedstockAggregator,agg_UTTAR_PRADESH,UTTAR_PRADESH,0.0,0.0,0.0,0.0,1.0,390.0,15002182.9524118,15102182.9524118,16500000.0,81734.12948093614,0,473.00000000000006,81734.12948093614
41,agg_BIHAR,41,2065,FeedstockAggregator,agg_BIHAR,BIHAR,0.0,0.0,0.0,0.0,1.0,390.0,3228473.7588379905,3328473.7588379905,3333333.333,85490.36144725543,0,467.50000000000006,85490.36144725543
41,agg_ANDHRA_PRADESH,41,2065,FeedstockAggregator,agg_ANDHRA_PRADESH,ANDHRA_PRADESH,0.0,0.0,0.0,0.0,1.0,405.0,2900000.0,3000000.0,3000000.0,85022.29777344248,0,495.00000000000006,85022.29777344248
41,agg_TAMIL_NADU,41,2065,FeedstockAggregator,agg_TAMIL_NADU,TAMIL_NADU,0.0,0.0,0.0,0.0,1.0,435.0,1333333.333,1333333.333,1333333.333,78183.46104986248,0,522.5,78183.46104986248
41,agg_MAHARASHTRA,41,2065,FeedstockAggregator,agg_MAHARASHTRA,MAHARASHTRA,0.0,0.0,0.0,0.0,1.0,435.0,9597226.154749569,9597226.154749569,10333333.333,79647.36233556095,0,517.0,79647.36233556095
41,agg_KARNATAKA,41,2065,FeedstockAggregator,agg_KARNATAKA,KARNATAKA,0.0,0.0,0.0,0.0,1.0,405.0,4651285.750320386,4751285.750320386,5666666.667,80234.82260009811,0,489.50000000000006,80234.82260009811
41,agg_WEST_BENGAL,41,2065,FeedstockAggregator,agg_WEST_BENGAL,WEST_BENGAL,0.0,0.0,0.0,0.0,1.0,405.0,5397000.0,5497000.0,5497000.0,84171.3538191226,0,500.50000000000006,84171.3538191226
41,agg_CHHATTISGARH,41,2065,FeedstockAggregator,agg_CHHATTISGARH,CHHATTISGARH,0.0,0.0,0.0,0.0,1.0,360.0,2566666.667,2666666.667,2666666.667,79725.6777735848,0,440.00000000000006,79725.6777735848
41,agg_ODISHA,41,2065,FeedstockAggregator,agg_ODISHA,ODISHA,0.0,0.0,0.0,0.0,1.0,360.0,3104666.667,3204666.667,3204666.667,76223.71755342207,0,445.50000000000006,76223.71755342207
41,agg_MADHYA_PRADESH,41,2065,FeedstockAggregator,agg_MADHYA_PRADESH,MADHYA_PRADESH,0.0,0.0,0.0,0.0,1.0,390.0,3233333.333,3333333.333,3333333.333,83268.98731313777,0,473.00000000000006,83268.98731313777
41,agg_TELANGANA,41,2065,FeedstockAggregator,agg_TELANGANA,TELANGANA,0.0,0.0,0.0,0.0,1.0,390.0,5457294.024966292,5557294.024966292,5698000.0,79130.73438588412,0,478.50000000000006,79130.73438588412
41,agg_ASSAM,41,2065,FeedstockAggregator,agg_ASSAM,ASSAM,0.0,0.0,0.0,0.0,1.0,480.0,2000000.0,2000000.0,2000000.0,0.0,0,572.0,0.0
41,agg_JHARKHAND,41,2065,FeedstockAggregator,agg_JHARKHAND,JHARKHAND,0.0,0.0,0.0,0.0,1.0,435.0,1664862.9637364731,1664862.9637364731,1666666.667,82810.57633881283,0,528.0,82810.57633881283
41,agg_RAJASTHAN,41,2065,FeedstockAggregator,agg_RAJASTHAN,RAJASTHAN,0.0,0.0,0.0,0.0,1.0,435.0,2233333.333,2333333.333,2333333.333,86687.64211908758,0,533.5,86687.64211908758
41,agg_KERALA,41,2065,FeedstockAggregator,agg_KERALA,KERALA,0.0,0.0,0.0,0.0,1.0,480.0,845969.9149363782,845969.9149363782,1000000.0,0.0,0,577.5,0.0
41,agg_GUJARAT,41,2065,FeedstockAggregator,agg_GUJARAT,GUJARAT,0.0,0.0,0.0,0.0,1.0,405.0,1422638.8814674157,1522638.8814674157,1583333.333,86464.66907388219,0,495.00000000000006,86464.66907388219
42,agg_PUNJAB,42,2066,FeedstockAggregator,agg_PUNJAB,PUNJAB,0.0,0.0,0.0,0.0,1.0,360.0,4428313.437985275,4528313.437985275,4787000.0,82949.12572358613,0,440.00000000000006,0.0
42,agg_HARYANA,42,2066,FeedstockAggregator,agg_HARYANA,HARYANA,0.0,0.0,0.0,0.0,1.0,360.0,3900000.0,4000000.0,4000000.0,79507.62586418398,0,445.50000000000006,79507.62586418398
42,agg_UTTAR_PRADESH,42,2066,FeedstockAggregator,agg_UTTAR_PRADESH,UTTAR_PRADESH,0.0,0.0,0.0,0.0,1.0,390.0,16400000.0,16500000.0,16500000.0,81734.12948093614,0,473.00000000000006,81734.12948093614
42,agg_BIHAR,42,2066,FeedstockAggregator,agg_BIHAR,BIHAR,0.0,0.0,0.0,0.0,1.0,390.0,3233333.333,3333333.333,3333333.333,85490.36144725543,0,467.50000000000006,85490.36144725543
42,agg_ANDHRA_PRADESH,42,2066,FeedstockAggregator,agg_ANDHRA_PRADESH,ANDHRA_PRADESH,0.0,0.0,0.0,0.0,1.0,405.0,2432781.751247654,2532781.751247654,3000000.0,85022.29777344248,0,495.00000000000006,85022.29777344248
42,agg_TAMIL_NADU,42,2066,FeedstockAggregator,agg_TAMIL_NADU,TAMIL_NADU,0.0,0.0,0.0,0.0,1.0,435.0,1178081.1741062386,1178081.1741062386,1333333.333,78183.46104986248,0,522.5,78183.46104986248
42,agg_MAHARASHTRA,42,2066,FeedstockAggregator,agg_MAHARASHTRA,MAHARASHTRA,0.0,0.0,0.0,0.0,1.0,435.0,10233333.333,10333333.333,10333333.333,79647.36233556095,0,517.0,79647.36233556095
42,agg_KARNATAKA,42,2066,FeedstockAggregator,agg_KARNATAKA,KARNATAKA,0.0,0.0,0.0,0.0,1.0,405.0,4909026.727938474,5009026.727938474,5666666.667,80234.82260009811,0,489.50000000000006,80234.82260009811
42,agg_WEST_BENGAL,42,2066,FeedstockAggregator,agg_WEST_BENGAL,WEST_BENGAL,0.0,0.0,0.0,0.0,1.0,405.0,5096932.14612279,5196932.14612279,5497000.0,84171.3538191226,0,500.50000000000006,84171.3538191226
42,agg_CHHATTISGARH,42,2066,FeedstockAggregator,agg_CHHATTISGARH,CHHATTISGARH,0.0,0.0,0.0,0.0,1.0,360.0,2566666.667,2666666.667,2666666.667,79725.6777735848,0,440.00000000000006,0.0
42,agg_ODISHA,42,2066,FeedstockAggregator,agg_ODISHA,ODISHA,0.0,0.0,0.0,0.0,1.0,360.0,3104666.667,3204666.667,3204666.667,76223.71755342207,0,445.50000000000006,76223.71755342207
42,agg_MADHYA_PRADESH,42,2066,FeedstockAggregator,agg_MADHYA_PRADESH,MADHYA_PRADESH,0.0,0.0,0.0,0.0,1.0,390.0,3233333.333,3333333.333,3333333.333,83268.98731313777,0,473.00000000000006,83268.98731313777
42,agg_TELANGANA,42,2066,FeedstockAggregator,agg_TELANGANA,TELANGANA,0.0,0.0,0.0,0.0,1.0,390.0,5598000.0,5698000.0,5698000.0,79130.73438588412,0,478.50000000000006,79130.73438588412
42,agg_ASSAM,42,2066,FeedstockAggregator,agg_ASSAM,ASSAM,0.0,0.0,0.0,0.0,1.0,480.0,2000000.0,2000000.0,2000000.0,0.0,0,572.0,0.0
42,agg_JHARKHAND,42,2066,FeedstockAggregator,agg_JHARKHAND,JHARKHAND,0.0,0.0,0.0,0.0,1.0,435.0,1542461.0528367648,1542461.0528367648,1666666.667,82810.57633881283,0,528.0,82810.57633881283
42,agg_RAJASTHAN,42,2066,FeedstockAggregator,agg_RAJASTHAN,RAJASTHAN,0.0,0.0,0.0,0.0,1.0,435.0,2031070.4536070302,2131070.45360703,2333333.333,86687.64211908758,0,533.5,0.0
42,agg_KERALA,42,2066,FeedstockAggregator,agg_KERALA,KERALA,0.0,0.0,0.0,0.0,1.0,480.0,965351.7355894076,965351.7355894076,1000000.0,0.0,0,577.5,0.0
42,agg_GUJARAT,42,2066,FeedstockAggregator,agg_GUJARAT,GUJARAT,0.0,0.0,0.0,0.0,1.0,405.0,1193933.8880430853,1293933.8880430853,1583333.333,86464.66907388219,0,495.00000000000006,86464.66907388219
43,agg_PUNJAB,43,2067,FeedstockAggregator,agg_PUNJAB,PUNJAB,0.0,0.0,0.0,0.0,1.0,360.0,4687000.0,4787000.0,4787000.0,82949.12572358613,0,440.00000000000006,82949.12572358613
43,agg_HARYANA,43,2067,FeedstockAggregator,agg_HARYANA,HARYANA,0.0,0.0,0.0,0.0,1.0,360.0,3900000.0,4000000.0,4000000.0,79507.62586418398,0,445.50000000000006,0.0
43,agg_UTTAR_PRADESH,43,2067,FeedstockAggregator,agg_UTTAR_PRADESH,UTTAR_PRADESH,0.0,0.0,0.0,0.0,1.0,390.0,13580291.73013923,13680291.73013923,16500000.0,81734.12948093614,0,473.00000000000006,81734.12948093614
43,agg_BIHAR,43,2067,FeedstockAggregator,agg_BIHAR,BIHAR,0.0,0.0,0.0,0.0,1.0,390.0,3134158.2089840425,3234158.2089840425,3333333.333,85490.36144725543,0,467.50000000000006,85490.36144725543
43,agg_ANDHRA_PRADESH,43,2067,FeedstockAggregator,agg_ANDHRA_PRADESH,ANDHRA_PRADESH,0.0,0.0,0.0,0.0,1.0,405.0,2900000.0,3000000.0,3000000.0,85022.29777344248,0,495.00000000000006,85022.29777344248
43,agg_TAMIL_NADU,43,2067,FeedstockAggregator,agg_TAMIL_NADU,TAMIL_NADU,0.0,0.0,0.0,0.0,1.0,435.0,1333333.333,1333333.333,1333333.333,78183.46104986248,0,522.5,78183.46104986248
43,agg_MAHARASHTRA,43,2067,FeedstockAggregator,agg_MAHARASHTRA,MAHARASHTRA,0.0,0.0,0.0,0.0,1.0,435.0,10233333.333,10333333.333,10333333.333,79647.36233556095,0,517.0,79647.36233556095
43,agg_KARNATAKA,43,2067,FeedstockAggregator,agg_KARNATAKA,KARNATAKA,0.0,0.0,0.0,0.0,1.0,405.0,5566666.667,5666666.667,5666666.667,80234.82260009811,0,489.50000000000006,80234.82260009811
43,agg_WEST_BENGAL,43,2067,FeedstockAggregator,agg_WEST_BENGAL,WEST_BENGAL,0.0,0.0,0.0,0.0,1.0,405.0,4724455.944595282,4824455.944595282,5497000.0,84171.3538191226,0,500.50000000000006,84171.3538191226
43,agg_CHHATTISGARH,43,2067,FeedstockAggregator,agg_CHHATTISGARH,CHHATTISGARH,0.0,0.0,0.0,0.0,1.0,360.0,2317369.1028466276,2417369.1028466276,2666666.667,79725.6777735848,0,440.00000000000006,79725.6777735848
43,agg_ODISHA,43,2067,FeedstockAggregator,agg_ODISHA,ODISHA,0.0,0.0,0.0,0.0,1.0,360.0,3104666.667,3204666.667,3204666.667,76223.71755342207,0,445.50000000000006,76223.71755342207
43,agg_MADHYA_PRADESH,43,2067,FeedstockAggregator,agg_MADHYA_PRADESH,MADHYA_PRADESH,0.0,0.0,0.0,0.0,1.0,390.0,3233333.333,3333333.333,3333333.333,83268.98731313777,0,473.00000000000006,83268.98731313777
43,agg_TELANGANA,43,2067,FeedstockAggregator,agg_TELANGANA,TELANGANA,0.0,0.0,0.0,0.0,1.0,390.0,4635055.4604725335,4735055.4604725335,5698000.0,79130.73438588412,0,478.50000000000006,79130.73438588412
43,agg_ASSAM,43,2067,FeedstockAggregator,agg_ASSAM,ASSAM,0.0,0.0,0.0,0.0,1.0,480.0,1802778.8803449536,1802778.8803449536,2000000.0,0.0,0,572.0,0.0
43,agg_JHARKHAND,43,2067,FeedstockAggregator,agg_JHARKHAND,JHARKHAND,0.0,0.0,0.0,0.0,1.0,435.0,1666666.667,1666666.667,1666666.667,82810.57633881283,0,528.0,82810.57633881283
43,agg_RAJASTHAN,43,2067,FeedstockAggregator,agg_RAJASTHAN,RAJASTHAN,0.0,0.0,0.0,0.0,1.0,435.0,1853808.3404836967,1953808.3404836967,2333333.333,86687.64211908758,0,533.5,86687.64211908758
43,agg_KERALA,43,2067,FeedstockAggregator,agg_KERALA,KERALA,0.0,0.0,0.0,0.0,1.0,480.0,858548.6203514708,858548.6203514708,1000000.0,0.0,0,577.5,0.0
43,agg_GUJARAT,43,2067,FeedstockAggregator,agg_GUJARAT,GUJARAT,0.0,0.0,0.0,0.0,1.0,405.0,1483333.333,1583333.333,1583333.333,86464.66907388219,0,495.00000000000006,86464.66907388219
44,agg_PUNJAB,44,2068,FeedstockAggregator,agg_PUNJAB,PUNJAB,0.0,0.0,0.0,0.0,1.0,360.0,4687000.0,4787000.0,4787000.0,82949.12572358613,0,440.00000000000006,82949.12572358613
44,agg_HARYANA,44,2068,FeedstockAggregator,agg_HARYANA,HARYANA,0.0,0.0,0.0,0.0,1.0,360.0,3226652.2119610347,3326652.2119610347,4000000.0,79507.62586418398,0,445.50000000000006,79507.62586418398
44,agg_UTTAR_PRADESH,44,2068,FeedstockAggregator,agg_UTTAR_PRADESH,UTTAR_PRADESH,0.0,0.0,0.0,0.0,1.0,390.0,15901503.908310356,16001503.908310356,16500000.0,81734.12948093614,0,473.00000000000006,81734.12948093614
44,agg_BIHAR,44,2068,FeedstockAggregator,agg_BIHAR,BIHAR,0.0,0.0,0.0,0.0,1.0,390.0,3233333.333,3333333.333,3333333.333,85490.36144725543,0,467.50000000000006,85490.36144725543
44,agg_ANDHRA_PRADESH,44,2068,FeedstockAggregator,agg_ANDHRA_PRADESH,ANDHRA_PRADESH,0.0,0.0,0.0,0.0,1.0,405.0,2900000.0,3000000.0,3000000.0,85022.29777344248,0,495.00000000000006,85022.29777344248
44,agg_TAMIL_NADU,44,2068,FeedstockAggregator,agg_TAMIL_NADU,TAMIL_NADU,0.0,0.0,0.0,0.0,1.0,435.0,1333333.333,1333333.333,1333333.333,78183.46104986248,0,522.5,78183.46104986248
44,agg_MAHARASHTRA,44,2068,FeedstockAggregator,agg_MAHARASHTRA,MAHARASHTRA,0.0,0.0,0.0,0.0,1.0,435.0,9502967.865235776,9602967.865235776,10333333.333,79647.36233556095,0,517.0,79647.36233556095
44,agg_KARNATAKA,44,2068,FeedstockAggregator,agg_KARNATAKA,KARNATAKA,0.0,0.0,0.0,0.0,1.0,405.0,5088027.655924937,5188027.655924937,5666666.667,80234.82260009811,0,489.50000000000006,80234.82260009811
44,agg_WEST_BENGAL,44,2068,FeedstockAggregator,agg_WEST_BENGAL,WEST_BENGAL,0.0,0.0,0.0,0.0,1.0,405.0,5397000.0,5497000.0,5497000.0,84171.3538191226,0,500.50000000000006,84171.3538191226
44,agg_CHHATTISGARH,44,2068,FeedstockAggregator,agg_CHHATTISGARH,CHHATTISGARH,0.0,0.0,0.0,0.0,1.0,360.0,2566666.667,2666666.667,2666666.667,79725.6777735848,0,440.00000000000006,79725.6777735848
44,agg_ODISHA,44,2068,FeedstockAggregator,agg_ODISHA,ODISHA,0.0,0.0,0.0,0.0,1.0,360.0,3104666.667,3204666.667,3204666.667,76223.71755342207,0,445.50000000000006,76223.71755342207
44,agg_MADHYA_PRADESH,44,2068,FeedstockAggregator,agg_MADHYA_PRADESH,MADHYA_PRADESH,0.0,0.0,0.0,0.0,1.0,390.0,2702365.78373856,2802365.78373856,3333333.333,83268.98731313777,0,473.00000000000006,83268.98731313777
44,agg_TELANGANA,44,2068,FeedstockAggregator,agg_TELANGANA,TELANGANA,0.0,0.0,0.0,0.0,1.0,390.0,5598000.0,5698000.0,5698000.0,79130.73438588412,0,478.50000000000006,0.0
44,agg_ASSAM,44,2068,FeedstockAggregator,agg_ASSAM,ASSAM,0.0,0.0,0.0,0.0,1.0,480.0,1663283.5780628033,1663283.5780628033,2000000.0,0.0,0,572.0,0.0
44,agg_JHARKHAND,44,2068,FeedstockAggregator,agg_JHARKHAND,JHARKHAND,0.0,0.0,0.0,0.0,1.0,435.0,1509810.0775169234,1509810.0775169234,1666666.667,82810.57633881283,0,528.0,82810.57633881283
44,agg_RAJASTHAN,44,2068,FeedstockAggregator,agg_RAJASTHAN,RAJASTHAN,0.0,0.0,0.0,0.0,1.0,435.0,1840490.369121191,1940490.369121191,2333333.333,86687.64211908758,0,533.5,86687.64211908758
44,agg_KERALA,44,2068,FeedstockAggregator,agg_KERALA,KERALA,0.0,0.0,0.0,0.0,1.0,480.0,958850.4525114469,958850.4525114469,1000000.0,0.0,0,577.5,0.0
44,agg_GUJARAT,44,2068,FeedstockAggregator,agg_GUJARAT,GUJARAT,0.0,0.0,0.0,0.0,1.0,405.0,1455122.956445472,1555122.956445472,1583333.333,86464.66907388219,0,495.00000000000006,86464.66907388219
45,agg_PUNJAB,45,2069,FeedstockAggregator,agg_PUNJAB,PUNJAB,0.0,0.0,0.0,0.0,1.0,360.0,3840681.433156318,3940681.433156318,4787000.0,82949.12572358613,0,440.00000000000006,82949.12572358613
45,agg_HARYANA,45,2069,FeedstockAggregator,agg_HARYANA,HARYANA,0.0,0.0,0.0,0.0,1.0,360.0,3564676.3014653334,3664676.3014653334,4000000.0,79507.62586418398,0,445.50000000000006,79507.62586418398
45,agg_UTTAR_PRADESH,45,2069,FeedstockAggregator,agg_UTTAR_PRADESH,UTTAR_PRADESH,0.0,0.0,0.0,0.0,1.0,390.0,14785257.625500163,14885257.625500163,16500000.0,81734.12948093614,0,473.00000000000006,81734.12948093614
45,agg_BIHAR,45,2069,FeedstockAggregator,agg_BIHAR,BIHAR,0.0,0.0,0.0,0.0,1.0,390.0,3173900.0305980523,3273900.0305980523,3333333.333,85490.36144725543,0,467.50000000000006,85490.36144725543
45,agg_ANDHRA_PRADESH,45,2069,FeedstockAggregator,agg_ANDHRA_PRADESH,ANDHRA_PRADESH,0.0,0.0,0.0,0.0,1.0,405.0,2565682.282146582,2665682.282146582,3000000.0,85022.29777344248,0,495.00000000000006,85022.29777344248
45,agg_TAMIL_NADU,45,2069,FeedstockAggregator,agg_TAMIL_NADU,TAMIL_NADU,0.0,0.0,0.0,0.0,1.0,435.0,1233333.333,1333333.333,1333333.333,78183.46104986248,0,522.5,78183.46104986248
45,agg_MAHARASHTRA,45,2069,FeedstockAggregator,agg_MAHARASHTRA,MAHARASHTRA,0.0,0.0,0.0,0.0,1.0,435.0,9818544.77796685,9918544.77796685,10333333.333,79647.36233556095,0,517.0,79647.36233556095
45,agg_KARNATAKA,45,2069,FeedstockAggregator,agg_KARNATAKA,KARNATAKA,0.0,0.0,0.0,0.0,1.0,405.0,5161116.255482178,5261116.255482178,5666666.667,80234.82260009811,0,489.50000000000006,80234.82260009811
45,agg_WEST_BENGAL,45,2069,FeedstockAggregator,agg_WEST_BENGAL,WEST_BENGAL,0.0,0.0,0.0,0.0,1.0,405.0,5397000.0,5497000.0,5497000.0,84171.3538191226,0,500.50000000000006,84171.3538191226
45,agg_CHHATTISGARH,45,2069,FeedstockAggregator,agg_CHHATTISGARH,CHHATTISGARH,0.0,0.0,0.0,0.0,1.0,360.0,2566666.667,2666666.667,2666666.667,79725.6777735848,0,440.00000000000006,79725.6777735848
45,agg_ODISHA,45,2069,FeedstockAggregator,agg_ODISHA,ODISHA,0.0,0.0,0.0,0.0,1.0,360.0,3104666.667,3204666.667,3204666.667,158047.7721580158,0,445.50000000000006,158047.7721580158
45,agg_MADHYA_PRADESH,45,2069,FeedstockAggregator,agg_MADHYA_PRADESH,MADHYA_PRADESH,0.0,0.0,0.0,0.0,1.0,390.0,3198287.816483998,3298287.816483998,3333333.333,83268.98731313777,0,473.00000000000006,83268.98731313777
45,agg_TELANGANA,45,2069,FeedstockAggregator,agg_TELANGANA,TELANGANA,0.0,0.0,0.0,0.0,1.0,390.0,5086890.300654155,5186890.300654155,5698000.0,79130.73438588412,0,478.50000000000006,79130.73438588412
45,agg_ASSAM,45,2069,FeedstockAggregator,agg_ASSAM,ASSAM,0.0,0.0,0.0,0.0,1.0,480.0,2000000.0,2000000.0,2000000.0,0.0,0,572.0,0.0
45,agg_JHARKHAND,45,2069,FeedstockAggregator,agg_JHARKHAND,JHARKHAND,0.0,0.0,0.0,0.0,1.0,435.0,1449241.4759586945,1549241.4759586945,1666666.667,82810.57633881283,0,528.0,82810.57633881283
45,agg_RAJASTHAN,45,2069,FeedstockAggregator,agg_RAJASTHAN,RAJASTHAN,0.0,0.0,0.0,0.0,1.0,435.0,2225702.2293208786,2325702.2293208786,2333333.333,86687.64211908758,0,533.5,86687.64211908758
45,agg_KERALA,45,2069,FeedstockAggregator,agg_KERALA,KERALA,0.0,0.0,0.0,0.0,1.0,480.0,1000000.0,1000000.0,1000000.0,0.0,0,577.5,0.0
45,agg_GUJARAT,45,2069,FeedstockAggregator,agg_GUJARAT,GUJARAT,0.0,0.0,0.0,0.0,1.0,405.0,1394744.5421175458,1494744.5421175458,1583333.333,86464.66907388219,0,495.00000000000006,86464.66907388219
46,agg_PUNJAB,46,2070,FeedstockAggregator,agg_PUNJAB,PUNJAB,0.0,0.0,0.0,0.0,1.0,360.0,4687000.0,4787000.0,4787000.0,82949.12572358613,0,440.00000000000006,82949.12572358613
46,agg_HARYANA,46,2070,FeedstockAggregator,agg_HARYANA,HARYANA,0.0,0.0,0.0,0.0,1.0,360.0,3890330.5723046362,3990330.5723046362,4000000.0,79507.62586418398,0,445.50000000000006,79507.62586418398
46,agg_UTTAR_PRADESH,46,2070,FeedstockAggregator,agg_UTTAR_PRADESH,UTTAR_PRADESH,0.0,0.0,0.0,0.0,1.0,390.0,16400000.0,16500000.0,16500000.0,81734.12948093614,0,473.00000000000006,81734.12948093614
46,agg_BIHAR,46,2070,FeedstockAggregator,agg_BIHAR,BIHAR,0.0,0.0,0.0,0.0,1.0,390.0,2866999.3415918243,2966999.3415918243,3333333.333,85490.36144725543,0,467.50000000000006,85490.36144725543
46,agg_ANDHRA_PRADESH,46,2070,FeedstockAggregator,agg_ANDHRA_PRADESH,ANDHRA_PRADESH,0.0,0.0,0.0,0.0,1.0,405.0,2829046.2001956543,2929046.2001956543,3000000.0,85022.29777344248,0,495.00000000000006,85022.29777344248
46,agg_TAMIL_NADU,46,2070,FeedstockAggregator,agg_TAMIL_NADU,TAMIL_NADU,0.0,0.0,0.0,0.0,1.0,435.0,977773.4870021199,1077773.48700212,1333333.333,78183.46104986248,0,522.5,78183.46104986248
46,agg_MAHARASHTRA,46,2070,FeedstockAggregator,agg_MAHARASHTRA,MAHARASHTRA,0.0,0.0,0.0,0.0,1.0,435.0,9483008.268618064,9583008.268618064,10333333.333,79647.36233556095,0,517.0,79647.36233556095
46,agg_KARNATAKA,46,2070,FeedstockAggregator,agg_KARNATAKA,KARNATAKA,0.0,0.0,0.0,0.0,1.0,405.0,5566666.667,5666666.667,5666666.667,80234.82260009811,0,489.50000000000006,80234.82260009811
46,agg_WEST_BENGAL,46,2070,FeedstockAggregator,agg_WEST_BENGAL,WEST_BENGAL,0.0,0.0,0.0,0.0,1.0,405.0,5397000.0,5497000.0,5497000.0,84171.3538191226,0,500.50000000000006,84171.3538191226
46,agg_CHHATTISGARH,46,2070,FeedstockAggregator,agg_CHHATTISGARH,CHHATTISGARH,0.0,0.0,0.0,0.0,1.0,360.0,2483752.508222665,2583752.508222665,2666666.667,79725.6777735848,0,440.00000000000006,79725.6777735848
46,agg_ODISHA,46,2070,FeedstockAggregator,agg_ODISHA,ODISHA,0.0,0.0,0.0,0.0,1.0,360.0,3104666.667,3204666.667,3204666.667,158047.7721580158,0,665.5,158047.7721580158
46,agg_MADHYA_PRADESH,46,2070,FeedstockAggregator,agg_MADHYA_PRADESH,MADHYA_PRADESH,0.0,0.0,0.0,0.0,1.0,390.0,2701486.422025903,2801486.422025903,3333333.333,83268.98731313777,0,473.00000000000006,83268.98731313777
46,agg_TELANGANA,46,2070,FeedstockAggregator,agg_TELANGANA,TELANGANA,0.0,0.0,0.0,0.0,1.0,390.0,4764205.72822752,4864205.72822752,5698000.0,79130.73438588412,0,478.50000000000006,79130.73438588412
46,agg_ASSAM,46,2070,FeedstockAggregator,agg_ASSAM,ASSAM,0.0,0.0,0.0,0.0,1.0,480.0,2000000.0,2000000.0,2000000.0,0.0,0,572.0,0.0
46,agg_JHARKHAND,46,2070,FeedstockAggregator,agg_JHARKHAND,JHARKHAND,0.0,0.0,0.0,0.0,1.0,435.0,1511830.5022207773,1611830.5022207773,1666666.667,82810.57633881283,0,528.0,82810.57633881283
46,agg_RAJASTHAN,46,2070,FeedstockAggregator,agg_RAJASTHAN,RAJASTHAN,0.0,0.0,0.0,0.0,1.0,435.0,2233333.333,2333333.333,2333333.333,86687.64211908758,0,533.5,86687.64211908758
46,agg_KERALA,46,2070,FeedstockAggregator,agg_KERALA,KERALA,0.0,0.0,0.0,0.0,1.0,480.0,1000000.0,1000000.0,1000000.0,0.0,0,577.5,0.0
46,agg_GUJARAT,46,2070,FeedstockAggregator,agg_GUJARAT,GUJARAT,0.0,0.0,0.0,0.0,1.0,405.0,1392553.6847383364,1492553.6847383364,1583333.333,86464.66907388219,0,495.00000000000006,86464.66907388219
47,agg_PUNJAB,47,2071,FeedstockAggregator,agg_PUNJAB,PUNJAB,0.0,0.0,0.0,0.0,1.0,360.0,4687000.0,4787000.0,4787000.0,82949.12572358613,0,440.00000000000006,82949.12572358613
47,agg_HARYANA,47,2071,FeedstockAggregator,agg_HARYANA,HARYANA,0.0,0.0,0.0,0.0,1.0,360.0,3169794.1565500926,3269794.1565500926,4000000.0,79507.62586418398,0,445.50000000000006,79507.62586418398
47,agg_UTTAR_PRADESH,47,2071,FeedstockAggregator,agg_UTTAR_PRADESH,UTTAR_PRADESH,0.0,0.0,0.0,0.0,1.0,390.0,16400000.0,16500000.0,16500000.0,81734.12948093614,0,473.00000000000006,81734.12948093614
47,agg_BIHAR,47,2071,FeedstockAggregator,agg_BIHAR,BIHAR,0.0,0.0,0.0,0.0,1.0,390.0,3233333.333,3333333.333,3333333.333,85490.36144725543,0,467.50000000000006,85490.36144725543
47,agg_ANDHRA_PRADESH,47,2071,FeedstockAggregator,agg_ANDHRA_PRADESH,ANDHRA_PRADESH,0.0,0.0,0.0,0.0,1.0,405.0,2765172.0039834627,2865172.0039834627,3000000.0,85022.29777344248,0,495.00000000000006,85022.29777344248
47,agg_TAMIL_NADU,47,2071,FeedstockAggregator,agg_TAMIL_NADU,TAMIL_NADU,0.0,0.0,0.0,0.0,1.0,435.0,1233333.333,1333333.333,1333333.333,78183.46104986248,0,522.5,78183.46104986248
47,agg_MAHARASHTRA,47,2071,FeedstockAggregator,agg_MAHARASHTRA,MAHARASHTRA,0.0,0.0,0.0,0.0,1.0,435.0,9224843.633328512,9324843.633328512,10333333.333,79647.36233556095,0,517.0,79647.36233556095
47,agg_KARNATAKA,47,2071,FeedstockAggregator,agg_KARNATAKA,KARNATAKA,0.0,0.0,0.0,0.0,1.0,405.0,5566666.667,5666666.667,5666666.667,80234.82260009811,0,489.50000000000006,0.0
47,agg_WEST_BENGAL,47,2071,FeedstockAggregator,agg_WEST_BENGAL,WEST_BENGAL,0.0,0.0,0.0,0.0,1.0,405.0,5397000.0,5497000.0,5497000.0,84171.3538191226,0,500.50000000000006,84171.3538191226
47,agg_CHHATTISGARH,47,2071,FeedstockAggregator,agg_CHHATTISGARH,CHHATTISGARH,0.0,0.0,0.0,0.0,1.0,360.0,2566666.667,2666666.667,2666666.667,164430.7837875958,0,440.00000000000006,164430.7837875958
47,agg_ODISHA,47,2071,FeedstockAggregator,agg_ODISHA,ODISHA,0.0,0.0,0.0,0.0,1.0,360.0,3084074.483666054,3184074.483666054,3204666.667,158047.7721580158,0,665.5,158047.7721580158
47,agg_MADHYA_PRADESH,47,2071,FeedstockAggregator,agg_MADHYA_PRADESH,MADHYA_PRADESH,0.0,0.0,0.0,0.0,1.0,390.0,2742860.4849369833,2842860.4849369833,3333333.333,83268.98731313777,0,473.00000000000006,83268.98731313777
47,agg_TELANGANA,47,2071,FeedstockAggregator,agg_TELANGANA,TELANGANA,0.0,0.0,0.0,0.0,1.0,390.0,5439441.027183402,5539441.027183402,5698000.0,79130.73438588412,0,478.50000000000006,79130.73438588412
47,agg_ASSAM,47,2071,FeedstockAggregator,agg_ASSAM,ASSAM,0.0,0.0,0.0,0.0,1.0,480.0,2000000.0,2000000.0,2000000.0,0.0,0,572.0,0.0
47,agg_JHARKHAND,47,2071,FeedstockAggregator,agg_JHARKHAND,JHARKHAND,0.0,0.0,0.0,0.0,1.0,435.0,1566666.667,1666666.667,1666666.667,82810.57633881283,0,528.0,82810.57633881283
47,agg_RAJASTHAN,47,2071,FeedstockAggregator,agg_RAJASTHAN,RAJASTHAN,0.0,0.0,0.0,0.0,1.0,435.0,2233333.333,2333333.333,2333333.333,86687.64211908758,0,533.5,86687.64211908758
47,agg_KERALA,47,2071,FeedstockAggregator,agg_KERALA,KERALA,0.0,0.0,0.0,0.0,1.0,480.0,1000000.0,1000000.0,1000000.0,0.0,0,577.5,0.0
47,agg_GUJARAT,47,2071,FeedstockAggregator,agg_GUJARAT,GUJARAT,0.0,0.0,0.0,0.0,1.0,405.0,1183255.482760791,1283255.482760791,1583333.333,86464.66907388219,0,495.00000000000006,86464.66907388219
48,agg_PUNJAB,48,2072,FeedstockAggregator,agg_PUNJAB,PUNJAB,0.0,0.0,0.0,0.0,1.0,360.0,4687000.0,4787000.0,4787000.0,82949.12572358613,0,440.00000000000006,82949.12572358613
48,agg_HARYANA,48,2072,FeedstockAggregator,agg_HARYANA,HARYANA,0.0,0.0,0.0,0.0,1.0,360.0,3610206.030689509,3710206.030689509,4000000.0,79507.62586418398,0,445.50000000000006,79507.62586418398
48,agg_UTTAR_PRADESH,48,2072,FeedstockAggregator,agg_UTTAR_PRADESH,UTTAR_PRADESH,0.0,0.0,0.0,0.0,1.0,390.0,16400000.0,16500000.0,16500000.0,81734.12948093614,0,473.00000000000006,81734.12948093614
48,agg_BIHAR,48,2072,FeedstockAggregator,agg_BIHAR,BIHAR,0.0,0.0,0.0,0.0,1.0,390.0,3158305.6116562164,3258305.6116562164,3333333.333,85490.36144725543,0,467.50000000000006,85490.36144725543
48,agg_ANDHRA_PRADESH,48,2072,FeedstockAggregator,agg_ANDHRA_PRADESH,ANDHRA_PRADESH,0.0,0.0,0.0,0.0,1.0,405.0,2502528.3590962836,2602528.3590962836,3000000.0,85022.29777344248,0,495.00000000000006,85022.29777344248
48,agg_TAMIL_NADU,48,2072,FeedstockAggregator,agg_TAMIL_NADU,TAMIL_NADU,0.0,0.0,0.0,0.0,1.0,435.0,1027196.9599242746,1127196.9599242746,1333333.333,78183.46104986248,0,522.5,78183.46104986248
48,agg_MAHARASHTRA,48,2072,FeedstockAggregator,agg_MAHARASHTRA,MAHARASHTRA,0.0,0.0,0.0,0.0,1.0,435.0,10022818.400229445,10122818.400229445,10333333.333,79647.36233556095,0,517.0,79647.36233556095
48,agg_KARNATAKA,48,2072,FeedstockAggregator,agg_KARNATAKA,KARNATAKA,0.0,0.0,0.0,0.0,1.0,405.0,5516175.266560228,5616175.266560228,5666666.667,80234.82260009811,0,489.50000000000006,80234.82260009811
48,agg_WEST_BENGAL,48,2072,FeedstockAggregator,agg_WEST_BENGAL,WEST_BENGAL,0.0,0.0,0.0,0.0,1.0,405.0,4356440.407875715,4456440.407875715,5497000.0,84171.3538191226,0,500.50000000000006,84171.3538191226
48,agg_CHHATTISGARH,48,2072,FeedstockAggregator,agg_CHHATTISGARH,CHHATTISGARH,0.0,0.0,0.0,0.0,1.0,360.0,2354284.3147531236,2454284.3147531236,2666666.667,164430.7837875958,0,660.0,164430.7837875958
48,agg_ODISHA,48,2072,FeedstockAggregator,agg_ODISHA,ODISHA,0.0,0.0,0.0,0.0,1.0,360.0,3104666.667,3204666.667,3204666.667,158047.7721580158,0,665.5,158047.7721580158
48,agg_MADHYA_PRADESH,48,2072,FeedstockAggregator,agg_MADHYA_PRADESH,MADHYA_PRADESH,0.0,0.0,0.0,0.0,1.0,390.0,3233333.333,3333333.333,3333333.333,83268.98731313777,0,473.00000000000006,83268.98731313777
48,agg_TELANGANA,48,2072,FeedstockAggregator,agg_TELANGANA,TELANGANA,0.0,0.0,0.0,0.0,1.0,390.0,5598000.0,5698000.0,5698000.0,79130.73438588412,0,478.50000000000006,79130.73438588412
48,agg_ASSAM,48,2072,FeedstockAggregator,agg_ASSAM,ASSAM,0.0,0.0,0.0,0.0,1.0,480.0,1816042.7830116365,1816042.7830116365,2000000.0,0.0,0,572.0,0.0
48,agg_JHARKHAND,48,2072,FeedstockAggregator,agg_JHARKHAND,JHARKHAND,0.0,0.0,0.0,0.0,1.0,435.0,1566666.667,1666666.667,1666666.667,82810.57633881283,0,528.0,82810.57633881283
48,agg_RAJASTHAN,48,2072,FeedstockAggregator,agg_RAJASTHAN,RAJASTHAN,0.0,0.0,0.0,0.0,1.0,435.0,2160869.513320673,2260869.513320673,2333333.333,86687.64211908758,0,533.5,86687.64211908758
48,agg_KERALA,48,2072,FeedstockAggregator,agg_KERALA,KERALA,0.0,0.0,0.0,0.0,1.0,480.0,1000000.0,1000000.0,1000000.0,0.0,0,577.5,0.0
48,agg_GUJARAT,48,2072,FeedstockAggregator,agg_GUJARAT,GUJARAT,0.0,0.0,0.0,0.0,1.0,405.0,1327135.847475439,1427135.847475439,1583333.333,86464.66907388219,0,495.00000000000006,86464.66907388219
49,agg_PUNJAB,49,2073,FeedstockAggregator,agg_PUNJAB,PUNJAB,0.0,0.0,0.0,0.0,1.0,360.0,4687000.0,4787000.0,4787000.0,82949.12572358613,0,440.00000000000006,82949.12572358613
49,agg_HARYANA,49,2073,FeedstockAggregator,agg_HARYANA,HARYANA,0.0,0.0,0.0,0.0,1.0,360.0,3621946.7752291206,3721946.7752291206,4000000.0,157559.16418701463,0,445.50000000000006,157559.16418701463
49,agg_UTTAR_PRADESH,49,2073,FeedstockAggregator,agg_UTTAR_PRADESH,UTTAR_PRADESH,0.0,0.0,0.0,0.0,1.0,390.0,13598702.944422431,13698702.944422431,16500000.0,81734.12948093614,0,473.00000000000006,81734.12948093614
49,agg_BIHAR,49,2073,FeedstockAggregator,agg_BIHAR,BIHAR,0.0,0.0,0.0,0.0,1.0,390.0,3233333.333,3333333.333,3333333.333,85490.36144725543,0,467.50000000000006,85490.36144725543
49,agg_ANDHRA_PRADESH,49,2073,FeedstockAggregator,agg_ANDHRA_PRADESH,ANDHRA_PRADESH,0.0,0.0,0.0,0.0,1.0,405.0,2786058.4039645824,2886058.4039645824,3000000.0,85022.29777344248,0,495.00000000000006,85022.29777344248
49,agg_TAMIL_NADU,49,2073,FeedstockAggregator,agg_TAMIL_NADU,TAMIL_NADU,0.0,0.0,0.0,0.0,1.0,435.0,1233333.333,1333333.333,1333333.333,78183.46104986248,0,522.5,78183.46104986248
49,agg_MAHARASHTRA,49,2073,FeedstockAggregator,agg_MAHARASHTRA,MAHARASHTRA,0.0,0.0,0.0,0.0,1.0,435.0,10233333.333,10333333.333,10333333.333,79647.36233556095,0,517.0,79647.36233556095
49,agg_KARNATAKA,49,2073,FeedstockAggregator,agg_KARNATAKA,KARNATAKA,0.0,0.0,0.0,0.0,1.0,405.0,4467492.065211606,4567492.065211606,5666666.667,80234.82260009811,0,489.50000000000006,80234.82260009811
49,agg_WEST_BENGAL,49,2073,FeedstockAggregator,agg_WEST_BENGAL,WEST_BENGAL,0.0,0.0,0.0,0.0,1.0,405.0,5397000.0,5497000.0,5497000.0,84171.3538191226,0,500.50000000000006,84171.3538191226
49,agg_CHHATTISGARH,49,2073,FeedstockAggregator,agg_CHHATTISGARH,CHHATTISGARH,0.0,0.0,0.0,0.0,1.0,360.0,2566666.667,2666666.667,2666666.667,164430.7837875958,0,660.0,164430.7837875958
49,agg_ODISHA,49,2073,FeedstockAggregator,agg_ODISHA,ODISHA,0.0,0.0,0.0,0.0,1.0,360.0,3004666.667,3204666.667,3204666.667,158047.7721580158,0,665.5,158047.7721580158
49,agg_MADHYA_PRADESH,49,2073,FeedstockAggregator,agg_MADHYA_PRADESH,MADHYA_PRADESH,0.0,0.0,0.0,0.0,1.0,390.0,3233333.333,3333333.333,3333333.333,83268.98731313777,0,473.00000000000006,83268.98731313777
49,agg_TELANGANA,49,2073,FeedstockAggregator,agg_TELANGANA,TELANGANA,0.0,0.0,0.0,0.0,1.0,390.0,5598000.0,5698000.0,5698000.0,79130.73438588412,0,478.50000000000006,79130.73438588412
49,agg_ASSAM,49,2073,FeedstockAggregator,agg_ASSAM,ASSAM,0.0,0.0,0.0,0.0,1.0,480.0,2000000.0,2000000.0,2000000.0,0.0,0,572.0,0.0
49,agg_JHARKHAND,49,2073,FeedstockAggregator,agg_JHARKHAND,JHARKHAND,0.0,0.0,0.0,0.0,1.0,435.0,1324800.923550643,1424800.923550643,1666666.667,82810.57633881283,0,528.0,82810.57633881283
49,agg_RAJASTHAN,49,2073,FeedstockAggregator,agg_RAJASTHAN,RAJASTHAN,0.0,0.0,0.0,0.0,1.0,435.0,2233333.333,2333333.333,2333333.333,86687.64211908758,0,533.5,86687.64211908758
49,agg_KERALA,49,2073,FeedstockAggregator,agg_KERALA,KERALA,0.0,0.0,0.0,0.0,1.0,480.0,1000000.0,1000000.0,1000000.0,0.0,0,577.5,0.0
49,agg_GUJARAT,49,2073,FeedstockAggregator,agg_GUJARAT,GUJARAT,0.0,0.0,0.0,0.0,1.0,405.0,1483333.333,1583333.333,1583333.333,86464.66907388219,0,495.00000000000006,86464.66907388219
50,agg_PUNJAB,50,2074,FeedstockAggregator,agg_PUNJAB,PUNJAB,0.0,0.0,0.0,0.0,1.0,360.0,4573772.2845055545,4673772.2845055545,4787000.0,82949.12572358613,0,440.00000000000006,82949.12572358613
50,agg_HARYANA,50,2074,FeedstockAggregator,agg_HARYANA,HARYANA,0.0,0.0,0.0,0.0,1.0,360.0,3393246.9395585335,3493246.9395585335,4000000.0,157559.16418701463,0,665.5,157559.16418701463
50,agg_UTTAR_PRADESH,50,2074,FeedstockAggregator,agg_UTTAR_PRADESH,UTTAR_PRADESH,0.0,0.0,0.0,0.0,1.0,390.0,14704795.829474118,14804795.829474118,16500000.0,81734.12948093614,0,473.00000000000006,81734.12948093614
50,agg_BIHAR,50,2074,FeedstockAggregator,agg_BIHAR,BIHAR,0.0,0.0,0.0,0.0,1.0,390.0,3171278.9300130294,3271278.9300130294,3333333.333,85490.36144725543,0,467.50000000000006,85490.36144725543
50,agg_ANDHRA_PRADESH,50,2074,FeedstockAggregator,agg_ANDHRA_PRADESH,ANDHRA_PRADESH,0.0,0.0,0.0,0.0,1.0,405.0,2732192.871011365,2832192.871011365,3000000.0,85022.29777344248,0,495.00000000000006,85022.29777344248
50,agg_TAMIL_NADU,50,2074,FeedstockAggregator,agg_TAMIL_NADU,TAMIL_NADU,0.0,0.0,0.0,0.0,1.0,435.0,1233333.333,1333333.333,1333333.333,78183.46104986248,0,522.5,78183.46104986248
50,agg_MAHARASHTRA,50,2074,FeedstockAggregator,agg_MAHARASHTRA,MAHARASHTRA,0.0,0.0,0.0,0.0,1.0,435.0,10233333.333,10333333.333,10333333.333,79647.36233556095,0,517.0,79647.36233556095
50,agg_KARNATAKA,50,2074,FeedstockAggregator,agg_KARNATAKA,KARNATAKA,0.0,0.0,0.0,0.0,1.0,405.0,5184626.996994117,5284626.996994117,5666666.667,80234.82260009811,0,489.50000000000006,80234.82260009811
50,agg_WEST_BENGAL,50,2074,FeedstockAggregator,agg_WEST_BENGAL,WEST_BENGAL,0.0,0.0,0.0,0.0,1.0,405.0,4894240.42601198,4994240.42601198,5497000.0,84171.3538191226,0,500.50000000000006,84171.3538191226
50,agg_CHHATTISGARH,50,2074,FeedstockAggregator,agg_CHHATTISGARH,CHHATTISGARH,0.0,0.0,0.0,0.0,1.0,360.0,2566666.667,2666666.667,2666666.667,164430.7837875958,0,660.0,164430.7837875958
50,agg_ODISHA,50,2074,FeedstockAggregator,agg_ODISHA,ODISHA,0.0,0.0,0.0,0.0,1.0,360.0,3004666.667,3204666.667,3204666.667,158047.7721580158,0,665.5,81824.05460459372
50,agg_MADHYA_PRADESH,50,2074,FeedstockAggregator,agg_MADHYA_PRADESH,MADHYA_PRADESH,0.0,0.0,0.0,0.0,1.0,390.0,2835042.4037957857,2935042.4037957857,3333333.333,83268.98731313777,0,473.00000000000006,83268.98731313777
50,agg_TELANGANA,50,2074,FeedstockAggregator,agg_TELANGANA,TELANGANA,0.0,0.0,0.0,0.0,1.0,390.0,5085828.34400925,5185828.34400925,5698000.0,79130.73438588412,0,478.50000000000006,79130.73438588412
50,agg_ASSAM,50,2074,FeedstockAggregator,agg_ASSAM,ASSAM,0.0,0.0,0.0,0.0,1.0,480.0,1805293.418426508,1805293.418426508,2000000.0,0.0,0,572.0,0.0
50,agg_JHARKHAND,50,2074,FeedstockAggregator,agg_JHARKHAND,JHARKHAND,0.0,0.0,0.0,0.0,1.0,435.0,1566666.667,1666666.667,1666666.667,82810.57633881283,0,528.0,82810.57633881283
50,agg_RAJASTHAN,50,2074,FeedstockAggregator,agg_RAJASTHAN,RAJASTHAN,0.0,0.0,0.0,0.0,1.0,435.0,2233333.333,2333333.333,2333333.333,86687.64211908758,0,533.5,86687.64211908758
50,agg_KERALA,50,2074,FeedstockAggregator,agg_KERALA,KERALA,0.0,0.0,0.0,0.0,1.0,480.0,1000000.0,1000000.0,1000000.0,0.0,0,577.5,0.0
50,agg_GUJARAT,50,2074,FeedstockAggregator,agg_GUJARAT,GUJARAT,0.0,0.0,0.0,0.0,1.0,405.0,1255841.0865086832,1355841.0865086832,1583333.333,86464.66907388219,0,495.00000000000006,86464.66907388219
51,agg_PUNJAB,51,2075,FeedstockAggregator,agg_PUNJAB,PUNJAB,0.0,0.0,0.0,0.0,1.0,360.0,4410734.376364892,4510734.376364892,4787000.0,82949.12572358613,0,440.00000000000006,82949.12572358613
51,agg_HARYANA,51,2075,FeedstockAggregator,agg_HARYANA,HARYANA,0.0,0.0,0.0,0.0,1.0,360.0,3900000.0,4000000.0,4000000.0,157559.16418701463,0,665.5,157559.16418701463
51,agg_UTTAR_PRADESH,51,2075,FeedstockAggregator,agg_UTTAR_PRADESH,UTTAR_PRADESH,0.0,0.0,0.0,0.0,1.0,390.0,16400000.0,16500000.0,16500000.0,81734.12948093614,0,473.00000000000006,81734.12948093614
51,agg_BIHAR,51,2075,FeedstockAggregator,agg_BIHAR,BIHAR,0.0,0.0,0.0,0.0,1.0,390.0,2653702.5745876506,2753702.5745876506,3333333.333,85490.36144725543,0,467.50000000000006,85490.36144725543
51,agg_ANDHRA_PRADESH,51,2075,FeedstockAggregator,agg_ANDHRA_PRADESH,ANDHRA_PRADESH,0.0,0.0,0.0,0.0,1.0,405.0,2900000.0,3000000.0,3000000.0,85022.29777344248,0,495.00000000000006,85022.29777344248
51,agg_TAMIL_NADU,51,2075,FeedstockAggregator,agg_TAMIL_NADU,TAMIL_NADU,0.0,0.0,0.0,0.0,1.0,435.0,1233333.333,1333333.333,1333333.333,78183.46104986248,0,522.5,78183.46104986248
51,agg_MAHARASHTRA,51,2075,FeedstockAggregator,agg_MAHARASHTRA,MAHARASHTRA,0.0,0.0,0.0,0.0,1.0,435.0,10233333.333,10333333.333,10333333.333,79647.36233556095,0,517.0,79647.36233556095
51,agg_KARNATAKA,51,2075,FeedstockAggregator,agg_KARNATAKA,KARNATAKA,0.0,0.0,0.0,0.0,1.0,405.0,5566666.667,5666666.667,5666666.667,80234.82260009811,0,489.50000000000006,80234.82260009811
51,agg_WEST_BENGAL,51,2075,FeedstockAggregator,agg_WEST_BENGAL,WEST_BENGAL,0.0,0.0,0.0,0.0,1.0,405.0,4857764.120030738,4957764.120030738,5497000.0,84171.3538191226,0,500.50000000000006,84171.3538191226
51,agg_CHHATTISGARH,51,2075,FeedstockAggregator,agg_CHHATTISGARH,CHHATTISGARH,0.0,0.0,0.0,0.0,1.0,360.0,2466666.667,2666666.667,2666666.667,164430.7837875958,0,660.0,164430.7837875958
51,agg_ODISHA,51,2075,FeedstockAggregator,agg_ODISHA,ODISHA,0.0,0.0,0.0,0.0,1.0,360.0,2685288.007790355,2885288.007790355,3204666.667,158047.7721580158,0,665.5,158047.7721580158
51,agg_MADHYA_PRADESH,51,2075,FeedstockAggregator,agg_MADHYA_PRADESH,MADHYA_PRADESH,0.0,0.0,0.0,0.0,1.0,390.0,2631572.7360814493,2731572.7360814493,3333333.333,83268.98731313777,0,473.00000000000006,83268.98731313777
51,agg_TELANGANA,51,2075,FeedstockAggregator,agg_TELANGANA,TELANGANA,0.0,0.0,0.0,0.0,1.0,390.0,5047285.886360642,5147285.886360642,5698000.0,79130.73438588412,0,478.50000000000006,79130.73438588412
51,agg_ASSAM,51,2075,FeedstockAggregator,agg_ASSAM,ASSAM,0.0,0.0,0.0,0.0,1.0,480.0,1812338.0577358196,1812338.0577358196,2000000.0,0.0,0,572.0,0.0
51,agg_JHARKHAND,51,2075,FeedstockAggregator,agg_JHARKHAND,JHARKHAND,0.0,0.0,0.0,0.0,1.0,435.0,1566666.667,1666666.667,1666666.667,82810.57633881283,0,528.0,82810.57633881283
51,agg_RAJASTHAN,51,2075,FeedstockAggregator,agg_RAJASTHAN,RAJASTHAN,0.0,0.0,0.0,0.0,1.0,435.0,1799285.1222226315,1899285.1222226315,2333333.333,86687.64211908758,0,533.5,86687.64211908758
51,agg_KERALA,51,2075,FeedstockAggregator,agg_KERALA,KERALA,0.0,0.0,0.0,0.0,1.0,480.0,996811.747360939,996811.747360939,1000000.0,0.0,0,577.5,0.0
51,agg_GUJARAT,51,2075,FeedstockAggregator,agg_GUJARAT,GUJARAT,0.0,0.0,0.0,0.0,1.0,405.0,1272033.5639406254,1372033.5639406254,1583333.333,86464.66907388219,0,495.00000000000006,0.0
52,agg_PUNJAB,52,2076,FeedstockAggregator,agg_PUNJAB,PUNJAB,0.0,0.0,0.0,0.0,1.0,360.0,4687000.0,4787000.0,4787000.0,168035.90760538398,0,440.00000000000006,168035.90760538398
52,agg_HARYANA,52,2076,FeedstockAggregator,agg_HARYANA,HARYANA,0.0,0.0,0.0,0.0,1.0,360.0,3900000.0,4000000.0,4000000.0,157559.16418701463,0,665.5,157559.16418701463
52,agg_UTTAR_PRADESH,52,2076,FeedstockAggregator,agg_UTTAR_PRADESH,UTTAR_PRADESH,0.0,0.0,0.0,0.0,1.0,390.0,13543389.632049967,13643389.632049967,16500000.0,81734.12948093614,0,473.00000000000006,81734.12948093614
52,agg_BIHAR,52,2076,FeedstockAggregator,agg_BIHAR,BIHAR,0.0,0.0,0.0,0.0,1.0,390.0,2625553.934739089,2725553.934739089,3333333.333,85490.36144725543,0,467.50000000000006,85490.36144725543
52,agg_ANDHRA_PRADESH,52,2076,FeedstockAggregator,agg_ANDHRA_PRADESH,ANDHRA_PRADESH,0.0,0.0,0.0,0.0,1.0,405.0,2782795.2093133717,2882795.2093133717,3000000.0,85022.29777344248,0,495.00000000000006,85022.29777344248
52,agg_TAMIL_NADU,52,2076,FeedstockAggregator,agg_TAMIL_NADU,TAMIL_NADU,0.0,0.0,0.0,0.0,1.0,435.0,1023645.9684863857,1123645.9684863857,1333333.333,78183.46104986248,0,522.5,78183.46104986248
52,agg_MAHARASHTRA,52,2076,FeedstockAggregator,agg_MAHARASHTRA,MAHARASHTRA,0.0,0.0,0.0,0.0,1.0,435.0,10233333.333,10333333.333,10333333.333,79647.36233556095,0,517.0,79647.36233556095
52,agg_KARNATAKA,52,2076,FeedstockAggregator,agg_KARNATAKA,KARNATAKA,0.0,0.0,0.0,0.0,1.0,405.0,5566666.667,5666666.667,5666666.667,80234.82260009811,0,489.50000000000006,80234.82260009811
52,agg_WEST_BENGAL,52,2076,FeedstockAggregator,agg_WEST_BENGAL,WEST_BENGAL,0.0,0.0,0.0,0.0,1.0,405.0,5121533.722225072,5221533.722225072,5497000.0,84171.3538191226,0,500.50000000000006,84171.3538191226
52,agg_CHHATTISGARH,52,2076,FeedstockAggregator,agg_CHHATTISGARH,CHHATTISGARH,0.0,0.0,0.0,0.0,1.0,360.0,1995967.076155967,2195967.076155967,2666666.667,164430.7837875958,0,660.0,164430.7837875958
52,agg_ODISHA,52,2076,FeedstockAggregator,agg_ODISHA,ODISHA,0.0,0.0,0.0,0.0,1.0,360.0,3004666.667,3204666.667,3204666.667,158047.7721580158,0,665.5,158047.7721580158
52,agg_MADHYA_PRADESH,52,2076,FeedstockAggregator,agg_MADHYA_PRADESH,MADHYA_PRADESH,0.0,0.0,0.0,0.0,1.0,390.0,3233333.333,3333333.333,3333333.333,83268.98731313777,0,473.00000000000006,83268.98731313777
52,agg_TELANGANA,52,2076,FeedstockAggregator,agg_TELANGANA,TELANGANA,0.0,0.0,0.0,0.0,1.0,390.0,5598000.0,5698000.0,5698000.0,79130.73438588412,0,478.50000000000006,79130.73438588412
52,agg_ASSAM,52,2076,FeedstockAggregator,agg_ASSAM,ASSAM,0.0,0.0,0.0,0.0,1.0,480.0,1937096.4360151386,1937096.4360151386,2000000.0,0.0,0,572.0,0.0
52,agg_JHARKHAND,52,2076,FeedstockAggregator,agg_JHARKHAND,JHARKHAND,0.0,0.0,0.0,0.0,1.0,435.0,1444441.085459333,1544441.085459333,1666666.667,82810.57633881283,0,528.0,82810.57633881283
52,agg_RAJASTHAN,52,2076,FeedstockAggregator,agg_RAJASTHAN,RAJASTHAN,0.0,0.0,0.0,0.0,1.0,435.0,2209083.5999793517,2309083.5999793517,2333333.333,86687.64211908758,0,533.5,86687.64211908758
52,agg_KERALA,52,2076,FeedstockAggregator,agg_KERALA,KERALA,0.0,0.0,0.0,0.0,1.0,480.0,1000000.0,1000000.0,1000000.0,0.0,0,577.5,0.0
52,agg_GUJARAT,52,2076,FeedstockAggregator,agg_GUJARAT,GUJARAT,0.0,0.0,0.0,0.0,1.0,405.0,1483333.333,1583333.333,1583333.333,86464.66907388219,0,495.00000000000006,86464.66907388219
53,agg_PUNJAB,53,2077,FeedstockAggregator,agg_PUNJAB,PUNJAB,0.0,0.0,0.0,0.0,1.0,360.0,4687000.0,4787000.0,4787000.0,168035.90760538398,0,660.0,168035.90760538398
53,agg_HARYANA,53,2077,FeedstockAggregator,agg_HARYANA,HARYANA,0.0,0.0,0.0,0.0,1.0,360.0,3800000.0,4000000.0,4000000.0,157559.16418701463,0,665.5,157559.16418701463
53,agg_UTTAR_PRADESH,53,2077,FeedstockAggregator,agg_UTTAR_PRADESH,UTTAR_PRADESH,0.0,0.0,0.0,0.0,1.0,390.0,16400000.0,16500000.0,16500000.0,81734.12948093614,0,473.00000000000006,81734.12948093614
53,agg_BIHAR,53,2077,FeedstockAggregator,agg_BIHAR,BIHAR,0.0,0.0,0.0,0.0,1.0,390.0,3233333.333,3333333.333,3333333.333,85490.36144725543,0,467.50000000000006,85490.36144725543
53,agg_ANDHRA_PRADESH,53,2077,FeedstockAggregator,agg_ANDHRA_PRADESH,ANDHRA_PRADESH,0.0,0.0,0.0,0.0,1.0,405.0,2306524.4593454557,2406524.4593454557,3000000.0,85022.29777344248,0,495.00000000000006,0.0
53,agg_TAMIL_NADU,53,2077,FeedstockAggregator,agg_TAMIL_NADU,TAMIL_NADU,0.0,0.0,0.0,0.0,1.0,435.0,1233333.333,1333333.333,1333333.333,78183.46104986248,0,522.5,78183.46104986248
53,agg_MAHARASHTRA,53,2077,FeedstockAggregator,agg_MAHARASHTRA,MAHARASHTRA,0.0,0.0,0.0,0.0,1.0,435.0,10216663.165832179,10316663.165832179,10333333.333,79647.36233556095,0,517.0,79647.36233556095
53,agg_KARNATAKA,53,2077,FeedstockAggregator,agg_KARNATAKA,KARNATAKA,0.0,0.0,0.0,0.0,1.0,405.0,5209427.159815215,5309427.159815215,5666666.667,80234.82260009811,0,489.50000000000006,80234.82260009811
53,agg_WEST_BENGAL,53,2077,FeedstockAggregator,agg_WEST_BENGAL,WEST_BENGAL,0.0,0.0,0.0,0.0,1.0,405.0,4977372.53990209,5077372.53990209,5497000.0,84171.3538191226,0,500.50000000000006,84171.3538191226
53,agg_CHHATTISGARH,53,2077,FeedstockAggregator,agg_CHHATTISGARH,CHHATTISGARH,0.0,0.0,0.0,0.0,1.0,360.0,2466666.667,2666666.667,2666666.667,164430.7837875958,0,660.0,164430.7837875958
53,agg_ODISHA,53,2077,FeedstockAggregator,agg_ODISHA,ODISHA,0.0,0.0,0.0,0.0,1.0,360.0,3004666.667,3204666.667,3204666.667,158047.7721580158,0,665.5,158047.7721580158
53,agg_MADHYA_PRADESH,53,2077,FeedstockAggregator,agg_MADHYA_PRADESH,MADHYA_PRADESH,0.0,0.0,0.0,0.0,1.0,390.0,2681948.8621203615,2781948.8621203615,3333333.333,83268.98731313777,0,473.00000000000006,83268.98731313777
53,agg_TELANGANA,53,2077,FeedstockAggregator,agg_TELANGANA,TELANGANA,0.0,0.0,0.0,0.0,1.0,390.0,5598000.0,5698000.0,5698000.0,79130.73438588412,0,478.50000000000006,79130.73438588412
53,agg_ASSAM,53,2077,FeedstockAggregator,agg_ASSAM,ASSAM,0.0,0.0,0.0,0.0,1.0,480.0,1982503.6989094089,1982503.6989094089,2000000.0,0.0,0,572.0,0.0
53,agg_JHARKHAND,53,2077,FeedstockAggregator,agg_JHARKHAND,JHARKHAND,0.0,0.0,0.0,0.0,1.0,435.0,1566666.667,1666666.667,1666666.667,82810.57633881283,0,528.0,82810.57633881283
53,agg_RAJASTHAN,53,2077,FeedstockAggregator,agg_RAJASTHAN,RAJASTHAN,0.0,0.0,0.0,0.0,1.0,435.0,2181213.327820312,2281213.327820312,2333333.333,86687.64211908758,0,533.5,86687.64211908758
53,agg_KERALA,53,2077,FeedstockAggregator,agg_KERALA,KERALA,0.0,0.0,0.0,0.0,1.0,480.0,1000000.0,1000000.0,1000000.0,0.0,0,577.5,0.0
53,agg_GUJARAT,53,2077,FeedstockAggregator,agg_GUJARAT,GUJARAT,0.0,0.0,0.0,0.0,1.0,405.0,1483333.333,1583333.333,1583333.333,86464.66907388219,0,495.00000000000006,86464.66907388219
54,agg_PUNJAB,54,2078,FeedstockAggregator,agg_PUNJAB,PUNJAB,0.0,0.0,0.0,0.0,1.0,360.0,4687000.0,4787000.0,4787000.0,168035.90760538398,0,660.0,168035.90760538398
54,agg_HARYANA,54,2078,FeedstockAggregator,agg_HARYANA,HARYANA,0.0,0.0,0.0,0.0,1.0,360.0,3494340.268201636,3694340.268201636,4000000.0,157559.16418701463,0,665.5,157559.16418701463
54,agg_UTTAR_PRADESH,54,2078,FeedstockAggregator,agg_UTTAR_PRADESH,UTTAR_PRADESH,0.0,0.0,0.0,0.0,1.0,390.0,13590606.237281892,13690606.237281892,16500000.0,81734.12948093614,0,473.00000000000006,81734.12948093614
54,agg_BIHAR,54,2078,FeedstockAggregator,agg_BIHAR,BIHAR,0.0,0.0,0.0,0.0,1.0,390.0,3233333.333,3333333.333,3333333.333,85490.36144725543,0,467.50000000000006,85490.36144725543
54,agg_ANDHRA_PRADESH,54,2078,FeedstockAggregator,agg_ANDHRA_PRADESH,ANDHRA_PRADESH,0.0,0.0,0.0,0.0,1.0,405.0,2900000.0,3000000.0,3000000.0,85022.29777344248,0,495.00000000000006,85022.29777344248
54,agg_TAMIL_NADU,54,2078,FeedstockAggregator,agg_TAMIL_NADU,TAMIL_NADU,0.0,0.0,0.0,0.0,1.0,435.0,1143511.9686687894,1243511.9686687894,1333333.333,78183.46104986248,0,522.5,78183.46104986248
54,agg_MAHARASHTRA,54,2078,FeedstockAggregator,agg_MAHARASHTRA,MAHARASHTRA,0.0,0.0,0.0,0.0,1.0,435.0,10233333.333,10333333.333,10333333.333,79647.36233556095,0,517.0,79647.36233556095
54,agg_KARNATAKA,54,2078,FeedstockAggregator,agg_KARNATAKA,KARNATAKA,0.0,0.0,0.0,0.0,1.0,405.0,4924666.433073086,5024666.433073086,5666666.667,80234.82260009811,0,489.50000000000006,80234.82260009811
54,agg_WEST_BENGAL,54,2078,FeedstockAggregator,agg_WEST_BENGAL,WEST_BENGAL,0.0,0.0,0.0,0.0,1.0,405.0,5089906.812360775,5189906.812360775,5497000.0,84171.3538191226,0,500.50000000000006,84171.3538191226
54,agg_CHHATTISGARH,54,2078,FeedstockAggregator,agg_CHHATTISGARH,CHHATTISGARH,0.0,0.0,0.0,0.0,1.0,360.0,1998052.0171956033,2198052.0171956033,2666666.667,164430.7837875958,0,660.0,164430.7837875958
54,agg_ODISHA,54,2078,FeedstockAggregator,agg_ODISHA,ODISHA,0.0,0.0,0.0,0.0,1.0,360.0,2773664.2902761875,2973664.2902761875,3204666.667,158047.7721580158,0,665.5,158047.7721580158
54,agg_MADHYA_PRADESH,54,2078,FeedstockAggregator,agg_MADHYA_PRADESH,MADHYA_PRADESH,0.0,0.0,0.0,0.0,1.0,390.0,2921391.9249933814,3021391.9249933814,3333333.333,83268.98731313777,0,473.00000000000006,83268.98731313777
54,agg_TELANGANA,54,2078,FeedstockAggregator,agg_TELANGANA,TELANGANA,0.0,0.0,0.0,0.0,1.0,390.0,4610584.542968594,4710584.542968594,5698000.0,79130.73438588412,0,478.50000000000006,79130.73438588412
54,agg_ASSAM,54,2078,FeedstockAggregator,agg_ASSAM,ASSAM,0.0,0.0,0.0,0.0,1.0,480.0,2000000.0,2000000.0,2000000.0,77249.18696151016,0,572.0,77249.18696151016
54,agg_JHARKHAND,54,2078,FeedstockAggregator,agg_JHARKHAND,JHARKHAND,0.0,0.0,0.0,0.0,1.0,435.0,1240642.7814406892,1340642.7814406892,1666666.667,82810.57633881283,0,528.0,82810.57633881283
54,agg_RAJASTHAN,54,2078,FeedstockAggregator,agg_RAJASTHAN,RAJASTHAN,0.0,0.0,0.0,0.0,1.0,435.0,2233333.333,2333333.333,2333333.333,86687.64211908758,0,533.5,86687.64211908758
54,agg_KERALA,54,2078,FeedstockAggregator,agg_KERALA,KERALA,0.0,0.0,0.0,0.0,1.0,480.0,1000000.0,1000000.0,1000000.0,83841.7354205433,0,577.5,83841.7354205433
54,agg_GUJARAT,54,2078,FeedstockAggregator,agg_GUJARAT,GUJARAT,0.0,0.0,0.0,0.0,1.0,405.0,1483333.333,1583333.333,1583333.333,86464.66907388219,0,495.00000000000006,86464.66907388219
55,agg_PUNJAB,55,2079,FeedstockAggregator,agg_PUNJAB,PUNJAB,0.0,0.0,0.0,0.0,1.0,360.0,3772710.7277499833,3872710.7277499833,4787000.0,168035.90760538398,0,660.0,168035.90760538398
55,agg_HARYANA,55,2079,FeedstockAggregator,agg_HARYANA,HARYANA,0.0,0.0,0.0,0.0,1.0,360.0,3800000.0,4000000.0,4000000.0,157559.16418701463,0,665.5,157559.16418701463
55,agg_UTTAR_PRADESH,55,2079,FeedstockAggregator,agg_UTTAR_PRADESH,UTTAR_PRADESH,0.0,0.0,0.0,0.0,1.0,390.0,16400000.0,16500000.0,16500000.0,81734.12948093614,0,473.00000000000006,81734.12948093614
55,agg_BIHAR,55,2079,FeedstockAggregator,agg_BIHAR,BIHAR,0.0,0.0,0.0,0.0,1.0,390.0,3233333.333,3333333.333,3333333.333,85490.36144725543,0,467.50000000000006,85490.36144725543
55,agg_ANDHRA_PRADESH,55,2079,FeedstockAggregator,agg_ANDHRA_PRADESH,ANDHRA_PRADESH,0.0,0.0,0.0,0.0,1.0,405.0,2900000.0,3000000.0,3000000.0,85022.29777344248,0,495.00000000000006,85022.29777344248
55,agg_TAMIL_NADU,55,2079,FeedstockAggregator,agg_TAMIL_NADU,TAMIL_NADU,0.0,0.0,0.0,0.0,1.0,435.0,1233333.333,1333333.333,1333333.333,78183.46104986248,0,522.5,78183.46104986248
55,agg_MAHARASHTRA,55,2079,FeedstockAggregator,agg_MAHARASHTRA,MAHARASHTRA,0.0,0.0,0.0,0.0,1.0,435.0,10233333.333,10333333.333,10333333.333,79647.36233556095,0,517.0,79647.36233556095
55,agg_KARNATAKA,55,2079,FeedstockAggregator,agg_KARNATAKA,KARNATAKA,0.0,0.0,0.0,0.0,1.0,405.0,5077808.337423953,5177808.337423953,5666666.667,80234.82260009811,0,489.50000000000006,80234.82260009811
55,agg_WEST_BENGAL,55,2079,FeedstockAggregator,agg_WEST_BENGAL,WEST_BENGAL,0.0,0.0,0.0,0.0,1.0,405.0,5397000.0,5497000.0,5497000.0,84171.3538191226,0,500.50000000000006,84171.3538191226
55,agg_CHHATTISGARH,55,2079,FeedstockAggregator,agg_CHHATTISGARH,CHHATTISGARH,0.0,0.0,0.0,0.0,1.0,360.0,2466666.667,2666666.667,2666666.667,164430.7837875958,0,660.0,164430.7837875958
55,agg_ODISHA,55,2079,FeedstockAggregator,agg_ODISHA,ODISHA,0.0,0.0,0.0,0.0,1.0,360.0,2926822.768310208,3126822.768310208,3204666.667,158047.7721580158,0,665.5,158047.7721580158
55,agg_MADHYA_PRADESH,55,2079,FeedstockAggregator,agg_MADHYA_PRADESH,MADHYA_PRADESH,0.0,0.0,0.0,0.0,1.0,390.0,3233333.333,3333333.333,3333333.333,83268.98731313777,0,473.00000000000006,83268.98731313777
55,agg_TELANGANA,55,2079,FeedstockAggregator,agg_TELANGANA,TELANGANA,0.0,0.0,0.0,0.0,1.0,390.0,5598000.0,5698000.0,5698000.0,79130.73438588412,0,478.50000000000006,79130.73438588412
55,agg_ASSAM,55,2079,FeedstockAggregator,agg_ASSAM,ASSAM,0.0,0.0,0.0,0.0,1.0,480.0,1777321.0960421858,1777321.0960421858,2000000.0,77249.18696151016,0,572.0,77249.18696151016
55,agg_JHARKHAND,55,2079,FeedstockAggregator,agg_JHARKHAND,JHARKHAND,0.0,0.0,0.0,0.0,1.0,435.0,1566666.667,1666666.667,1666666.667,82810.57633881283,0,528.0,82810.57633881283
55,agg_RAJASTHAN,55,2079,FeedstockAggregator,agg_RAJASTHAN,RAJASTHAN,0.0,0.0,0.0,0.0,1.0,435.0,2009646.6593689513,2109646.6593689513,2333333.333,86687.64211908758,0,533.5,86687.64211908758
55,agg_KERALA,55,2079,FeedstockAggregator,agg_KERALA,KERALA,0.0,0.0,0.0,0.0,1.0,480.0,848961.3430878175,848961.3430878175,1000000.0,83841.7354205433,0,577.5,83841.7354205433
55,agg_GUJARAT,55,2079,FeedstockAggregator,agg_GUJARAT,GUJARAT,0.0,0.0,0.0,0.0,1.0,405.0,1232250.9813781206,1332250.9813781206,1583333.333,86464.66907388219,0,495.00000000000006,86464.66907388219
56,agg_PUNJAB,56,2080,FeedstockAggregator,agg_PUNJAB,PUNJAB,0.0,0.0,0.0,0.0,1.0,360.0,4153984.8595876377,4353984.859587638,4787000.0,168035.90760538398,0,660.0,168035.90760538398
56,agg_HARYANA,56,2080,FeedstockAggregator,agg_HARYANA,HARYANA,0.0,0.0,0.0,0.0,1.0,360.0,3800000.0,4000000.0,4000000.0,157559.16418701463,0,665.5,157559.16418701463
56,agg_UTTAR_PRADESH,56,2080,FeedstockAggregator,agg_UTTAR_PRADESH,UTTAR_PRADESH,0.0,0.0,0.0,0.0,1.0,390.0,14540465.628819212,14640465.628819212,16500000.0,81734.12948093614,0,473.00000000000006,81734.12948093614
56,agg_BIHAR,56,2080,FeedstockAggregator,agg_BIHAR,BIHAR,0.0,0.0,0.0,0.0,1.0,390.0,3233333.333,3333333.333,3333333.333,85490.36144725543,0,467.50000000000006,0.0
56,agg_ANDHRA_PRADESH,56,2080,FeedstockAggregator,agg_ANDHRA_PRADESH,ANDHRA_PRADESH,0.0,0.0,0.0,0.0,1.0,405.0,2437936.841000666,2537936.841000666,3000000.0,85022.29777344248,0,495.00000000000006,85022.29777344248
56,agg_TAMIL_NADU,56,2080,FeedstockAggregator,agg_TAMIL_NADU,TAMIL_NADU,0.0,0.0,0.0,0.0,1.0,435.0,1233333.333,1333333.333,1333333.333,78183.46104986248,0,522.5,78183.46104986248
56,agg_MAHARASHTRA,56,2080,FeedstockAggregator,agg_MAHARASHTRA,MAHARASHTRA,0.0,0.0,0.0,0.0,1.0,435.0,8324014.36412576,8424014.36412576,10333333.333,79647.36233556095,0,517.0,79647.36233556095
56,agg_KARNATAKA,56,2080,FeedstockAggregator,agg_KARNATAKA,KARNATAKA,0.0,0.0,0.0,0.0,1.0,405.0,5375741.001580596,5475741.001580596,5666666.667,80234.82260009811,0,489.50000000000006,80234.82260009811
56,agg_WEST_BENGAL,56,2080,FeedstockAggregator,agg_WEST_BENGAL,WEST_BENGAL,0.0,0.0,0.0,0.0,1.0,405.0,5397000.0,5497000.0,5497000.0,84171.3538191226,0,500.50000000000006,0.0
56,agg_CHHATTISGARH,56,2080,FeedstockAggregator,agg_CHHATTISGARH,CHHATTISGARH,0.0,0.0,0.0,0.0,1.0,360.0,2466666.667,2666666.667,2666666.667,164430.7837875958,0,660.0,164430.7837875958
56,agg_ODISHA,56,2080,FeedstockAggregator,agg_ODISHA,ODISHA,0.0,0.0,0.0,0.0,1.0,360.0,3004666.667,3204666.667,3204666.667,158047.7721580158,0,665.5,158047.7721580158
56,agg_MADHYA_PRADESH,56,2080,FeedstockAggregator,agg_MADHYA_PRADESH,MADHYA_PRADESH,0.0,0.0,0.0,0.0,1.0,390.0,3233333.333,3333333.333,3333333.333,83268.98731313777,0,473.00000000000006,83268.98731313777
56,agg_TELANGANA,56,2080,FeedstockAggregator,agg_TELANGANA,TELANGANA,0.0,0.0,0.0,0.0,1.0,390.0,5050486.762551148,5150486.762551148,5698000.0,79130.73438588412,0,478.50000000000006,79130.73438588412
56,agg_ASSAM,56,2080,FeedstockAggregator,agg_ASSAM,ASSAM,0.0,0.0,0.0,0.0,1.0,480.0,1627501.6994055908,1627501.6994055908,2000000.0,77249.18696151016,0,572.0,77249.18696151016
56,agg_JHARKHAND,56,2080,FeedstockAggregator,agg_JHARKHAND,JHARKHAND,0.0,0.0,0.0,0.0,1.0,435.0,1279355.8609489137,1379355.8609489137,1666666.667,82810.57633881283,0,528.0,82810.57633881283
56,agg_RAJASTHAN,56,2080,FeedstockAggregator,agg_RAJASTHAN,RAJASTHAN,0.0,0.0,0.0,0.0,1.0,435.0,2233333.333,2333333.333,2333333.333,86687.64211908758,0,533.5,86687.64211908758
56,agg_KERALA,56,2080,FeedstockAggregator,agg_KERALA,KERALA,0.0,0.0,0.0,0.0,1.0,480.0,1000000.0,1000000.0,1000000.0,83841.7354205433,0,577.5,83841.7354205433
56,agg_GUJARAT,56,2080,FeedstockAggregator,agg_GUJARAT,GUJARAT,0.0,0.0,0.0,0.0,1.0,405.0,1483333.333,1583333.333,1583333.333,86464.66907388219,0,495.00000000000006,86464.66907388219
57,agg_PUNJAB,57,2081,FeedstockAggregator,agg_PUNJAB,PUNJAB,0.0,0.0,0.0,0.0,1.0,360.0,4587000.0,4787000.0,4787000.0,168035.90760538398,0,660.0,168035.90760538398
57,agg_HARYANA,57,2081,FeedstockAggregator,agg_HARYANA,HARYANA,0.0,0.0,0.0,0.0,1.0,360.0,3800000.0,4000000.0,4000000.0,157559.16418701463,0,665.5,157559.16418701463
57,agg_UTTAR_PRADESH,57,2081,FeedstockAggregator,agg_UTTAR_PRADESH,UTTAR_PRADESH,0.0,0.0,0.0,0.0,1.0,390.0,16400000.0,16500000.0,16500000.0,81734.12948093614,0,473.00000000000006,81734.12948093614
57,agg_BIHAR,57,2081,FeedstockAggregator,agg_BIHAR,BIHAR,0.0,0.0,0.0,0.0,1.0,390.0,3093958.912122596,3193958.912122596,3333333.333,85490.36144725543,0,467.50000000000006,85490.36144725543
57,agg_ANDHRA_PRADESH,57,2081,FeedstockAggregator,agg_ANDHRA_PRADESH,ANDHRA_PRADESH,0.0,0.0,0.0,0.0,1.0,405.0,2900000.0,3000000.0,3000000.0,85022.29777344248,0,495.00000000000006,85022.29777344248
57,agg_TAMIL_NADU,57,2081,FeedstockAggregator,agg_TAMIL_NADU,TAMIL_NADU,0.0,0.0,0.0,0.0,1.0,435.0,1233333.333,1333333.333,1333333.333,78183.46104986248,0,522.5,78183.46104986248
57,agg_MAHARASHTRA,57,2081,FeedstockAggregator,agg_MAHARASHTRA,MAHARASHTRA,0.0,0.0,0.0,0.0,1.0,435.0,9193715.079293754,9293715.079293754,10333333.333,79647.36233556095,0,517.0,79647.36233556095
57,agg_KARNATAKA,57,2081,FeedstockAggregator,agg_KARNATAKA,KARNATAKA,0.0,0.0,0.0,0.0,1.0,405.0,5077171.178816633,5177171.178816633,5666666.667,80234.82260009811,0,489.50000000000006,80234.82260009811
57,agg_WEST_BENGAL,57,2081,FeedstockAggregator,agg_WEST_BENGAL,WEST_BENGAL,0.0,0.0,0.0,0.0,1.0,405.0,5397000.0,5497000.0,5497000.0,84171.3538191226,0,500.50000000000006,84171.3538191226
57,agg_CHHATTISGARH,57,2081,FeedstockAggregator,agg_CHHATTISGARH,CHHATTISGARH,0.0,0.0,0.0,0.0,1.0,360.0,2221643.861033361,2421643.861033361,2666666.667,164430.7837875958,0,660.0,164430.7837875958
57,agg_ODISHA,57,2081,FeedstockAggregator,agg_ODISHA,ODISHA,0.0,0.0,0.0,0.0,1.0,360.0,2512476.7514776853,2712476.7514776853,3204666.667,158047.7721580158,0,665.5,158047.7721580158
57,agg_MADHYA_PRADESH,57,2081,FeedstockAggregator,agg_MADHYA_PRADESH,MADHYA_PRADESH,0.0,0.0,0.0,0.0,1.0,390.0,3233333.333,3333333.333,3333333.333,83268.98731313777,0,473.00000000000006,0.0
57,agg_TELANGANA,57,2081,FeedstockAggregator,agg_TELANGANA,TELANGANA,0.0,0.0,0.0,0.0,1.0,390.0,4724851.541213399,4824851.541213399,5698000.0,79130.73438588412,0,478.50000000000006,79130.73438588412
57,agg_ASSAM,57,2081,FeedstockAggregator,agg_ASSAM,ASSAM,0.0,0.0,0.0,0.0,1.0,480.0,1737418.9651556893,1737418.9651556893,2000000.0,77249.18696151016,0,572.0,77249.18696151016
57,agg_JHARKHAND,57,2081,FeedstockAggregator,agg_JHARKHAND,JHARKHAND,0.0,0.0,0.0,0.0,1.0,435.0,1566666.667,1666666.667,1666666.667,82810.57633881283,0,528.0,82810.57633881283
57,agg_RAJASTHAN,57,2081,FeedstockAggregator,agg_RAJASTHAN,RAJASTHAN,0.0,0.0,0.0,0.0,1.0,435.0,2233333.333,2333333.333,2333333.333,86687.64211908758,0,533.5,86687.64211908758
57,agg_KERALA,57,2081,FeedstockAggregator,agg_KERALA,KERALA,0.0,0.0,0.0,0.0,1.0,480.0,1000000.0,1000000.0,1000000.0,83841.7354205433,0,577.5,83841.7354205433
57,agg_GUJARAT,57,2081,FeedstockAggregator,agg_GUJARAT,GUJARAT,0.0,0.0,0.0,0.0,1.0,405.0,1483333.333,1583333.333,1583333.333,86464.66907388219,0,495.00000000000006,86464.66907388219
58,agg_PUNJAB,58,2082,FeedstockAggregator,agg_PUNJAB,PUNJAB,0.0,0.0,0.0,0.0,1.0,360.0,4545182.581229272,4745182.581229272,4787000.0,168035.90760538398,0,660.0,168035.90760538398
58,agg_HARYANA,58,2082,FeedstockAggregator,agg_HARYANA,HARYANA,0.0,0.0,0.0,0.0,1.0,360.0,3183462.432342383,3383462.432342383,4000000.0,157559.16418701463,0,665.5,157559.16418701463
58,agg_UTTAR_PRADESH,58,2082,FeedstockAggregator,agg_UTTAR_PRADESH,UTTAR_PRADESH,0.0,0.0,0.0,0.0,1.0,390.0,13781354.350723667,13881354.350723667,16500000.0,81734.12948093614,0,473.00000000000006,81734.12948093614
58,agg_BIHAR,58,2082,FeedstockAggregator,agg_BIHAR,BIHAR,0.0,0.0,0.0,0.0,1.0,390.0,3050543.544468886,3150543.544468886,3333333.333,85490.36144725543,0,467.50000000000006,85490.36144725543
58,agg_ANDHRA_PRADESH,58,2082,FeedstockAggregator,agg_ANDHRA_PRADESH,ANDHRA_PRADESH,0.0,0.0,0.0,0.0,1.0,405.0,2604155.8670914597,2704155.8670914597,3000000.0,85022.29777344248,0,495.00000000000006,85022.29777344248
58,agg_TAMIL_NADU,58,2082,FeedstockAggregator,agg_TAMIL_NADU,TAMIL_NADU,0.0,0.0,0.0,0.0,1.0,435.0,1213066.0899405428,1313066.0899405428,1333333.333,78183.46104986248,0,522.5,78183.46104986248
58,agg_MAHARASHTRA,58,2082,FeedstockAggregator,agg_MAHARASHTRA,MAHARASHTRA,0.0,0.0,0.0,0.0,1.0,435.0,10233333.333,10333333.333,10333333.333,79647.36233556095,0,517.0,0.0
58,agg_KARNATAKA,58,2082,FeedstockAggregator,agg_KARNATAKA,KARNATAKA,0.0,0.0,0.0,0.0,1.0,405.0,4643929.680812109,4743929.680812109,5666666.667,80234.82260009811,0,489.50000000000006,80234.82260009811
58,agg_WEST_BENGAL,58,2082,FeedstockAggregator,agg_WEST_BENGAL,WEST_BENGAL,0.0,0.0,0.0,0.0,1.0,405.0,5258392.35545484,5358392.35545484,5497000.0,84171.3538191226,0,500.50000000000006,84171.3538191226
58,agg_CHHATTISGARH,58,2082,FeedstockAggregator,agg_CHHATTISGARH,CHHATTISGARH,0.0,0.0,0.0,0.0,1.0,360.0,2466666.667,2666666.667,2666666.667,164430.7837875958,0,660.0,164430.7837875958
58,agg_ODISHA,58,2082,FeedstockAggregator,agg_ODISHA,ODISHA,0.0,0.0,0.0,0.0,1.0,360.0,2727296.0954392874,2927296.0954392874,3204666.667,158047.7721580158,0,665.5,158047.7721580158
58,agg_MADHYA_PRADESH,58,2082,FeedstockAggregator,agg_MADHYA_PRADESH,MADHYA_PRADESH,0.0,0.0,0.0,0.0,1.0,390.0,3233333.333,3333333.333,3333333.333,83268.98731313777,0,473.00000000000006,83268.98731313777
58,agg_TELANGANA,58,2082,FeedstockAggregator,agg_TELANGANA,TELANGANA,0.0,0.0,0.0,0.0,1.0,390.0,4603333.779887425,4703333.779887425,5698000.0,79130.73438588412,0,478.50000000000006,79130.73438588412
58,agg_ASSAM,58,2082,FeedstockAggregator,agg_ASSAM,ASSAM,0.0,0.0,0.0,0.0,1.0,480.0,1865337.332000394,1965337.332000394,2000000.0,77249.18696151016,0,572.0,77249.18696151016
58,agg_JHARKHAND,58,2082,FeedstockAggregator,agg_JHARKHAND,JHARKHAND,0.0,0.0,0.0,0.0,1.0,435.0,1278520.1671139246,1378520.1671139246,1666666.667,82810.57633881283,0,528.0,82810.57633881283
58,agg_RAJASTHAN,58,2082,FeedstockAggregator,agg_RAJASTHAN,RAJASTHAN,0.0,0.0,0.0,0.0,1.0,435.0,2218417.1148158642,2318417.1148158642,2333333.333,86687.64211908758,0,533.5,86687.64211908758
58,agg_KERALA,58,2082,FeedstockAggregator,agg_KERALA,KERALA,0.0,0.0,0.0,0.0,1.0,480.0,900000.0,1000000.0,1000000.0,83841.7354205433,0,577.5,83841.7354205433
58,agg_GUJARAT,58,2082,FeedstockAggregator,agg_GUJARAT,GUJARAT,0.0,0.0,0.0,0.0,1.0,405.0,1228666.402692612,1328666.402692612,1583333.333,86464.66907388219,0,495.00000000000006,86464.66907388219
59,agg_PUNJAB,59,2083,FeedstockAggregator,agg_PUNJAB,PUNJAB,0.0,0.0,0.0,0.0,1.0,360.0,4587000.0,4787000.0,4787000.0,168035.90760538398,0,660.0,168035.90760538398
59,agg_HARYANA,59,2083,FeedstockAggregator,agg_HARYANA,HARYANA,0.0,0.0,0.0,0.0,1.0,360.0,3800000.0,4000000.0,4000000.0,157559.16418701463,0,665.5,157559.16418701463
59,agg_UTTAR_PRADESH,59,2083,FeedstockAggregator,agg_UTTAR_PRADESH,UTTAR_PRADESH,0.0,0.0,0.0,0.0,1.0,390.0,16400000.0,16500000.0,16500000.0,160397.96800664056,0,473.00000000000006,160397.96800664056
59,agg_BIHAR,59,2083,FeedstockAggregator,agg_BIHAR,BIHAR,0.0,0.0,0.0,0.0,1.0,390.0,3233333.333,3333333.333,3333333.333,85490.36144725543,0,467.50000000000006,85490.36144725543
59,agg_ANDHRA_PRADESH,59,2083,FeedstockAggregator,agg_ANDHRA_PRADESH,ANDHRA_PRADESH,0.0,0.0,0.0,0.0,1.0,405.0,2816048.2860718155,2916048.2860718155,3000000.0,85022.29777344248,0,495.00000000000006,85022.29777344248
59,agg_TAMIL_NADU,59,2083,FeedstockAggregator,agg_TAMIL_NADU,TAMIL_NADU,0.0,0.0,0.0,0.0,1.0,435.0,989508.2750127944,1089508.2750127944,1333333.333,78183.46104986248,0,522.5,78183.46104986248
59,agg_MAHARASHTRA,59,2083,FeedstockAggregator,agg_MAHARASHTRA,MAHARASHTRA,0.0,0.0,0.0,0.0,1.0,435.0,8574701.152670227,8674701.152670227,10333333.333,79647.36233556095,0,517.0,79647.36233556095
59,agg_KARNATAKA,59,2083,FeedstockAggregator,agg_KARNATAKA,KARNATAKA,0.0,0.0,0.0,0.0,1.0,405.0,5566666.667,5666666.667,5666666.667,80234.82260009811,0,489.50000000000006,80234.82260009811
59,agg_WEST_BENGAL,59,2083,FeedstockAggregator,agg_WEST_BENGAL,WEST_BENGAL,0.0,0.0,0.0,0.0,1.0,405.0,5397000.0,5497000.0,5497000.0,84171.3538191226,0,500.50000000000006,84171.3538191226
59,agg_CHHATTISGARH,59,2083,FeedstockAggregator,agg_CHHATTISGARH,CHHATTISGARH,0.0,0.0,0.0,0.0,1.0,360.0,2084912.7011736198,2284912.70117362,2666666.667,164430.7837875958,0,660.0,164430.7837875958
59,agg_ODISHA,59,2083,FeedstockAggregator,agg_ODISHA,ODISHA,0.0,0.0,0.0,0.0,1.0,360.0,3004666.667,3204666.667,3204666.667,158047.7721580158,0,665.5,158047.7721580158
59,agg_MADHYA_PRADESH,59,2083,FeedstockAggregator,agg_MADHYA_PRADESH,MADHYA_PRADESH,0.0,0.0,0.0,0.0,1.0,390.0,3233333.333,3333333.333,3333333.333,83268.98731313777,0,473.00000000000006,83268.98731313777
59,agg_TELANGANA,59,2083,FeedstockAggregator,agg_TELANGANA,TELANGANA,0.0,0.0,0.0,0.0,1.0,390.0,5598000.0,5698000.0,5698000.0,165462.58985117893,0,478.50000000000006,165462.58985117893
59,agg_ASSAM,59,2083,FeedstockAggregator,agg_ASSAM,ASSAM,0.0,0.0,0.0,0.0,1.0,480.0,1900000.0,2000000.0,2000000.0,77249.18696151016,0,572.0,77249.18696151016
59,agg_JHARKHAND,59,2083,FeedstockAggregator,agg_JHARKHAND,JHARKHAND,0.0,0.0,0.0,0.0,1.0,435.0,1390053.9184063417,1490053.9184063417,1666666.667,82810.57633881283,0,528.0,82810.57633881283
59,agg_RAJASTHAN,59,2083,FeedstockAggregator,agg_RAJASTHAN,RAJASTHAN,0.0,0.0,0.0,0.0,1.0,435.0,2233333.333,2333333.333,2333333.333,86687.64211908758,0,533.5,86687.64211908758
59,agg_KERALA,59,2083,FeedstockAggregator,agg_KERALA,KERALA,0.0,0.0,0.0,0.0,1.0,480.0,900000.0,1000000.0,1000000.0,83841.7354205433,0,577.5,83841.7354205433
59,agg_GUJARAT,59,2083,FeedstockAggregator,agg_GUJARAT,GUJARAT,0.0,0.0,0.0,0.0,1.0,405.0,1455956.272398347,1555956.272398347,1583333.333,86464.66907388219,0,495.00000000000006,86464.66907388219
60,agg_PUNJAB,60,2084,FeedstockAggregator,agg_PUNJAB,PUNJAB,0.0,0.0,0.0,0.0,1.0,360.0,4203393.966138676,4403393.966138676,4787000.0,168035.90760538398,0,660.0,168035.90760538398
60,agg_HARYANA,60,2084,FeedstockAggregator,agg_HARYANA,HARYANA,0.0,0.0,0.0,0.0,1.0,360.0,3615271.5154000088,3815271.5154000088,4000000.0,157559.16418701463,0,665.5,157559.16418701463
60,agg_UTTAR_PRADESH,60,2084,FeedstockAggregator,agg_UTTAR_PRADESH,UTTAR_PRADESH,0.0,0.0,0.0,0.0,1.0,390.0,16400000.0,16500000.0,16500000.0,160397.96800664056,0,693.0,160397.96800664056
60,agg_BIHAR,60,2084,FeedstockAggregator,agg_BIHAR,BIHAR,0.0,0.0,0.0,0.0,1.0,390.0,3233333.333,3333333.333,3333333.333,85490.36144725543,0,467.50000000000006,85490.36144725543
60,agg_ANDHRA_PRADESH,60,2084,FeedstockAggregator,agg_ANDHRA_PRADESH,ANDHRA_PRADESH,0.0,0.0,0.0,0.0,1.0,405.0,2900000.0,3000000.0,3000000.0,85022.29777344248,0,495.00000000000006,85022.29777344248
60,agg_TAMIL_NADU,60,2084,FeedstockAggregator,agg_TAMIL_NADU,TAMIL_NADU,0.0,0.0,0.0,0.0,1.0,435.0,1233333.333,1333333.333,1333333.333,78183.46104986248,0,522.5,78183.46104986248
60,agg_MAHARASHTRA,60,2084,FeedstockAggregator,agg_MAHARASHTRA,MAHARASHTRA,0.0,0.0,0.0,0.0,1.0,435.0,9133330.471583642,9233330.471583642,10333333.333,79647.36233556095,0,517.0,79647.36233556095
60,agg_KARNATAKA,60,2084,FeedstockAggregator,agg_KARNATAKA,KARNATAKA,0.0,0.0,0.0,0.0,1.0,405.0,5566666.667,5666666.667,5666666.667,80234.82260009811,0,489.50000000000006,80234.82260009811
60,agg_WEST_BENGAL,60,2084,FeedstockAggregator,agg_WEST_BENGAL,WEST_BENGAL,0.0,0.0,0.0,0.0,1.0,405.0,4304032.838907773,4404032.838907773,5497000.0,84171.3538191226,0,500.50000000000006,84171.3538191226
60,agg_CHHATTISGARH,60,2084,FeedstockAggregator,agg_CHHATTISGARH,CHHATTISGARH,0.0,0.0,0.0,0.0,1.0,360.0,2466666.667,2666666.667,2666666.667,164430.7837875958,0,660.0,164430.7837875958
60,agg_ODISHA,60,2084,FeedstockAggregator,agg_ODISHA,ODISHA,0.0,0.0,0.0,0.0,1.0,360.0,2900206.5013746656,3100206.5013746656,3204666.667,158047.7721580158,0,665.5,158047.7721580158
60,agg_MADHYA_PRADESH,60,2084,FeedstockAggregator,agg_MADHYA_PRADESH,MADHYA_PRADESH,0.0,0.0,0.0,0.0,1.0,390.0,3233333.333,3333333.333,3333333.333,83268.98731313777,0,473.00000000000006,83268.98731313777
60,agg_TELANGANA,60,2084,FeedstockAggregator,agg_TELANGANA,TELANGANA,0.0,0.0,0.0,0.0,1.0,390.0,5139525.991896062,5239525.991896062,5698000.0,165462.58985117893,0,698.5,165462.58985117893
60,agg_ASSAM,60,2084,FeedstockAggregator,agg_ASSAM,ASSAM,0.0,0.0,0.0,0.0,1.0,480.0,1862417.885261477,1962417.885261477,2000000.0,77249.18696151016,0,572.0,77249.18696151016
60,agg_JHARKHAND,60,2084,FeedstockAggregator,agg_JHARKHAND,JHARKHAND,0.0,0.0,0.0,0.0,1.0,435.0,1566666.667,1666666.667,1666666.667,82810.57633881283,0,528.0,82810.57633881283
60,agg_RAJASTHAN,60,2084,FeedstockAggregator,agg_RAJASTHAN,RAJASTHAN,0.0,0.0,0.0,0.0,1.0,435.0,2233333.333,2333333.333,2333333.333,86687.64211908758,0,533.5,86687.64211908758
60,agg_KERALA,60,2084,FeedstockAggregator,agg_KERALA,KERALA,0.0,0.0,0.0,0.0,1.0,480.0,785049.5711674126,885049.5711674126,1000000.0,83841.7354205433,0,577.5,83841.7354205433
60,agg_GUJARAT,60,2084,FeedstockAggregator,agg_GUJARAT,GUJARAT,0.0,0.0,0.0,0.0,1.0,405.0,1483333.333,1583333.333,1583333.333,86464.66907388219,0,495.00000000000006,86464.66907388219
61,agg_PUNJAB,61,2085,FeedstockAggregator,agg_PUNJAB,PUNJAB,0.0,0.0,0.0,0.0,1.0,360.0,4587000.0,4787000.0,4787000.0,168035.90760538398,0,660.0,168035.90760538398
61,agg_HARYANA,61,2085,FeedstockAggregator,agg_HARYANA,HARYANA,0.0,0.0,0.0,0.0,1.0,360.0,3712725.738666176,3912725.738666176,4000000.0,157559.16418701463,0,665.5,157559.16418701463
61,agg_UTTAR_PRADESH,61,2085,FeedstockAggregator,agg_UTTAR_PRADESH,UTTAR_PRADESH,0.0,0.0,0.0,0.0,1.0,390.0,15030122.77605458,15130122.77605458,16500000.0,160397.96800664056,0,693.0,78663.83852570443
61,agg_BIHAR,61,2085,FeedstockAggregator,agg_BIHAR,BIHAR,0.0,0.0,0.0,0.0,1.0,390.0,3136665.1573663964,3236665.1573663964,3333333.333,85490.36144725543,0,467.50000000000006,85490.36144725543
61,agg_ANDHRA_PRADESH,61,2085,FeedstockAggregator,agg_ANDHRA_PRADESH,ANDHRA_PRADESH,0.0,0.0,0.0,0.0,1.0,405.0,2533967.667893295,2633967.667893295,3000000.0,85022.29777344248,0,495.00000000000006,85022.29777344248
61,agg_TAMIL_NADU,61,2085,FeedstockAggregator,agg_TAMIL_NADU,TAMIL_NADU,0.0,0.0,0.0,0.0,1.0,435.0,1166846.2233294204,1266846.2233294204,1333333.333,78183.46104986248,0,522.5,0.0
61,agg_MAHARASHTRA,61,2085,FeedstockAggregator,agg_MAHARASHTRA,MAHARASHTRA,0.0,0.0,0.0,0.0,1.0,435.0,9309855.695342103,9409855.695342103,10333333.333,79647.36233556095,0,517.0,79647.36233556095
61,agg_KARNATAKA,61,2085,FeedstockAggregator,agg_KARNATAKA,KARNATAKA,0.0,0.0,0.0,0.0,1.0,405.0,5201489.162780534,5301489.162780534,5666666.667,80234.82260009811,0,489.50000000000006,80234.82260009811
61,agg_WEST_BENGAL,61,2085,FeedstockAggregator,agg_WEST_BENGAL,WEST_BENGAL,0.0,0.0,0.0,0.0,1.0,405.0,5397000.0,5497000.0,5497000.0,84171.3538191226,0,500.50000000000006,84171.3538191226
61,agg_CHHATTISGARH,61,2085,FeedstockAggregator,agg_CHHATTISGARH,CHHATTISGARH,0.0,0.0,0.0,0.0,1.0,360.0,2466666.667,2666666.667,2666666.667,164430.7837875958,0,660.0,164430.7837875958
61,agg_ODISHA,61,2085,FeedstockAggregator,agg_ODISHA,ODISHA,0.0,0.0,0.0,0.0,1.0,360.0,3004666.667,3204666.667,3204666.667,158047.7721580158,0,665.5,158047.7721580158
61,agg_MADHYA_PRADESH,61,2085,FeedstockAggregator,agg_MADHYA_PRADESH,MADHYA_PRADESH,0.0,0.0,0.0,0.0,1.0,390.0,3233333.333,3333333.333,3333333.333,83268.98731313777,0,473.00000000000006,83268.98731313777
61,agg_TELANGANA,61,2085,FeedstockAggregator,agg_TELANGANA,TELANGANA,0.0,0.0,0.0,0.0,1.0,390.0,5469833.734659846,5569833.734659846,5698000.0,165462.58985117893,0,698.5,165462.58985117893
61,agg_ASSAM,61,2085,FeedstockAggregator,agg_ASSAM,ASSAM,0.0,0.0,0.0,0.0,1.0,480.0,1671382.1160500303,1771382.1160500303,2000000.0,77249.18696151016,0,572.0,77249.18696151016
61,agg_JHARKHAND,61,2085,FeedstockAggregator,agg_JHARKHAND,JHARKHAND,0.0,0.0,0.0,0.0,1.0,435.0,1566666.667,1666666.667,1666666.667,82810.57633881283,0,528.0,0.0
61,agg_RAJASTHAN,61,2085,FeedstockAggregator,agg_RAJASTHAN,RAJASTHAN,0.0,0.0,0.0,0.0,1.0,435.0,1971374.308787118,2071374.308787118,2333333.333,86687.64211908758,0,533.5,86687.64211908758
61,agg_KERALA,61,2085,FeedstockAggregator,agg_KERALA,KERALA,0.0,0.0,0.0,0.0,1.0,480.0,706676.4965450454,806676.4965450454,1000000.0,83841.7354205433,0,577.5,83841.7354205433
61,agg_GUJARAT,61,2085,FeedstockAggregator,agg_GUJARAT,GUJARAT,0.0,0.0,0.0,0.0,1.0,405.0,1483333.333,1583333.333,1583333.333,86464.66907388219,0,495.00000000000006,86464.66907388219
62,agg_PUNJAB,62,2086,FeedstockAggregator,agg_PUNJAB,PUNJAB,0.0,0.0,0.0,0.0,1.0,360.0,4447023.471980706,4647023.471980706,4787000.0,168035.90760538398,0,660.0,168035.90760538398
62,agg_HARYANA,62,2086,FeedstockAggregator,agg_HARYANA,HARYANA,0.0,0.0,0.0,0.0,1.0,360.0,3460975.076106301,3660975.076106301,4000000.0,157559.16418701463,0,665.5,157559.16418701463
62,agg_UTTAR_PRADESH,62,2086,FeedstockAggregator,agg_UTTAR_PRADESH,UTTAR_PRADESH,0.0,0.0,0.0,0.0,1.0,390.0,16398645.726111073,16498645.726111073,16500000.0,160397.96800664056,0,693.0,160397.96800664056
62,agg_BIHAR,62,2086,FeedstockAggregator,agg_BIHAR,BIHAR,0.0,0.0,0.0,0.0,1.0,390.0,3233333.333,3333333.333,3333333.333,85490.36144725543,0,467.50000000000006,85490.36144725543
62,agg_ANDHRA_PRADESH,62,2086,FeedstockAggregator,agg_ANDHRA_PRADESH,ANDHRA_PRADESH,0.0,0.0,0.0,0.0,1.0,405.0,2900000.0,3000000.0,3000000.0,85022.29777344248,0,495.00000000000006,85022.29777344248
62,agg_TAMIL_NADU,62,2086,FeedstockAggregator,agg_TAMIL_NADU,TAMIL_NADU,0.0,0.0,0.0,0.0,1.0,435.0,1067372.352760311,1167372.352760311,1333333.333,78183.46104986248,0,522.5,78183.46104986248
62,agg_MAHARASHTRA,62,2086,FeedstockAggregator,agg_MAHARASHTRA,MAHARASHTRA,0.0,0.0,0.0,0.0,1.0,435.0,10233333.333,10333333.333,10333333.333,79647.36233556095,0,517.0,79647.36233556095
62,agg_KARNATAKA,62,2086,FeedstockAggregator,agg_KARNATAKA,KARNATAKA,0.0,0.0,0.0,0.0,1.0,405.0,4438633.523055324,4538633.523055324,5666666.667,80234.82260009811,0,489.50000000000006,80234.82260009811
62,agg_WEST_BENGAL,62,2086,FeedstockAggregator,agg_WEST_BENGAL,WEST_BENGAL,0.0,0.0,0.0,0.0,1.0,405.0,4692602.178191912,4792602.178191912,5497000.0,84171.3538191226,0,500.50000000000006,84171.3538191226
62,agg_CHHATTISGARH,62,2086,FeedstockAggregator,agg_CHHATTISGARH,CHHATTISGARH,0.0,0.0,0.0,0.0,1.0,360.0,2049328.4495751718,2249328.449575172,2666666.667,164430.7837875958,0,660.0,164430.7837875958
62,agg_ODISHA,62,2086,FeedstockAggregator,agg_ODISHA,ODISHA,0.0,0.0,0.0,0.0,1.0,360.0,3004666.667,3204666.667,3204666.667,158047.7721580158,0,665.5,158047.7721580158
62,agg_MADHYA_PRADESH,62,2086,FeedstockAggregator,agg_MADHYA_PRADESH,MADHYA_PRADESH,0.0,0.0,0.0,0.0,1.0,390.0,2785652.7640183996,2885652.7640183996,3333333.333,83268.98731313777,0,473.00000000000006,83268.98731313777
62,agg_TELANGANA,62,2086,FeedstockAggregator,agg_TELANGANA,TELANGANA,0.0,0.0,0.0,0.0,1.0,390.0,5598000.0,5698000.0,5698000.0,165462.58985117893,0,698.5,165462.58985117893
62,agg_ASSAM,62,2086,FeedstockAggregator,agg_ASSAM,ASSAM,0.0,0.0,0.0,0.0,1.0,480.0,1900000.0,2000000.0,2000000.0,77249.18696151016,0,572.0,77249.18696151016
62,agg_JHARKHAND,62,2086,FeedstockAggregator,agg_JHARKHAND,JHARKHAND,0.0,0.0,0.0,0.0,1.0,435.0,1566666.667,1666666.667,1666666.667,82810.57633881283,0,528.0,82810.57633881283
62,agg_RAJASTHAN,62,2086,FeedstockAggregator,agg_RAJASTHAN,RAJASTHAN,0.0,0.0,0.0,0.0,1.0,435.0,2055375.8658826114,2155375.8658826114,2333333.333,86687.64211908758,0,533.5,86687.64211908758
62,agg_KERALA,62,2086,FeedstockAggregator,agg_KERALA,KERALA,0.0,0.0,0.0,0.0,1.0,480.0,795212.1453139484,895212.1453139484,1000000.0,83841.7354205433,0,577.5,83841.7354205433
62,agg_GUJARAT,62,2086,FeedstockAggregator,agg_GUJARAT,GUJARAT,0.0,0.0,0.0,0.0,1.0,405.0,1364737.533757701,1464737.533757701,1583333.333,86464.66907388219,0,495.00000000000006,86464.66907388219
63,agg_PUNJAB,63,2087,FeedstockAggregator,agg_PUNJAB,PUNJAB,0.0,0.0,0.0,0.0,1.0,360.0,4341817.699848923,4541817.699848923,4787000.0,168035.90760538398,0,660.0,85086.78188179786
63,agg_HARYANA,63,2087,FeedstockAggregator,agg_HARYANA,HARYANA,0.0,0.0,0.0,0.0,1.0,360.0,3800000.0,4000000.0,4000000.0,157559.16418701463,0,665.5,157559.16418701463
63,agg_UTTAR_PRADESH,63,2087,FeedstockAggregator,agg_UTTAR_PRADESH,UTTAR_PRADESH,0.0,0.0,0.0,0.0,1.0,390.0,16300000.0,16500000.0,16500000.0,160397.96800664056,0,693.0,160397.96800664056
63,agg_BIHAR,63,2087,FeedstockAggregator,agg_BIHAR,BIHAR,0.0,0.0,0.0,0.0,1.0,390.0,3233333.333,3333333.333,3333333.333,85490.36144725543,0,467.50000000000006,85490.36144725543
63,agg_ANDHRA_PRADESH,63,2087,FeedstockAggregator,agg_ANDHRA_PRADESH,ANDHRA_PRADESH,0.0,0.0,0.0,0.0,1.0,405.0,2900000.0,3000000.0,3000000.0,85022.29777344248,0,495.00000000000006,85022.29777344248
63,agg_TAMIL_NADU,63,2087,FeedstockAggregator,agg_TAMIL_NADU,TAMIL_NADU,0.0,0.0,0.0,0.0,1.0,435.0,1186663.7063192602,1286663.7063192602,1333333.333,78183.46104986248,0,522.5,78183.46104986248
63,agg_MAHARASHTRA,63,2087,FeedstockAggregator,agg_MAHARASHTRA,MAHARASHTRA,0.0,0.0,0.0,0.0,1.0,435.0,8232929.195997275,8332929.195997275,10333333.333,79647.36233556095,0,517.0,79647.36233556095
63,agg_KARNATAKA,63,2087,FeedstockAggregator,agg_KARNATAKA,KARNATAKA,0.0,0.0,0.0,0.0,1.0,405.0,5017996.563417895,5117996.563417895,5666666.667,80234.82260009811,0,489.50000000000006,80234.82260009811
63,agg_WEST_BENGAL,63,2087,FeedstockAggregator,agg_WEST_BENGAL,WEST_BENGAL,0.0,0.0,0.0,0.0,1.0,405.0,5397000.0,5497000.0,5497000.0,84171.3538191226,0,500.50000000000006,84171.3538191226
63,agg_CHHATTISGARH,63,2087,FeedstockAggregator,agg_CHHATTISGARH,CHHATTISGARH,0.0,0.0,0.0,0.0,1.0,360.0,2226869.289370319,2426869.289370319,2666666.667,164430.7837875958,0,660.0,84705.10601401102
63,agg_ODISHA,63,2087,FeedstockAggregator,agg_ODISHA,ODISHA,0.0,0.0,0.0,0.0,1.0,360.0,3004666.667,3204666.667,3204666.667,158047.7721580158,0,665.5,158047.7721580158
63,agg_MADHYA_PRADESH,63,2087,FeedstockAggregator,agg_MADHYA_PRADESH,MADHYA_PRADESH,0.0,0.0,0.0,0.0,1.0,390.0,3059074.6050794143,3159074.6050794143,3333333.333,83268.98731313777,0,473.00000000000006,83268.98731313777
63,agg_TELANGANA,63,2087,FeedstockAggregator,agg_TELANGANA,TELANGANA,0.0,0.0,0.0,0.0,1.0,390.0,5498000.0,5698000.0,5698000.0,165462.58985117893,0,698.5,165462.58985117893
63,agg_ASSAM,63,2087,FeedstockAggregator,agg_ASSAM,ASSAM,0.0,0.0,0.0,0.0,1.0,480.0,1900000.0,2000000.0,2000000.0,77249.18696151016,0,572.0,77249.18696151016
63,agg_JHARKHAND,63,2087,FeedstockAggregator,agg_JHARKHAND,JHARKHAND,0.0,0.0,0.0,0.0,1.0,435.0,1566666.667,1666666.667,1666666.667,82810.57633881283,0,528.0,82810.57633881283
63,agg_RAJASTHAN,63,2087,FeedstockAggregator,agg_RAJASTHAN,RAJASTHAN,0.0,0.0,0.0,0.0,1.0,435.0,2233333.333,2333333.333,2333333.333,86687.64211908758,0,533.5,0.0
63,agg_KERALA,63,2087,FeedstockAggregator,agg_KERALA,KERALA,0.0,0.0,0.0,0.0,1.0,480.0,900000.0,1000000.0,1000000.0,83841.7354205433,0,577.5,83841.7354205433
63,agg_GUJARAT,63,2087,FeedstockAggregator,agg_GUJARAT,GUJARAT,0.0,0.0,0.0,0.0,1.0,405.0,1325115.2435632762,1425115.2435632762,1583333.333,86464.66907388219,0,495.00000000000006,86464.66907388219
64,agg_PUNJAB,64,2088,FeedstockAggregator,agg_PUNJAB,PUNJAB,0.0,0.0,0.0,0.0,1.0,360.0,4531149.92661677,4731149.92661677,4787000.0,168035.90760538398,0,660.0,168035.90760538398
64,agg_HARYANA,64,2088,FeedstockAggregator,agg_HARYANA,HARYANA,0.0,0.0,0.0,0.0,1.0,360.0,3800000.0,4000000.0,4000000.0,157559.16418701463,0,665.5,78051.53832283065
64,agg_UTTAR_PRADESH,64,2088,FeedstockAggregator,agg_UTTAR_PRADESH,UTTAR_PRADESH,0.0,0.0,0.0,0.0,1.0,390.0,13278974.547994934,13478974.547994934,16500000.0,160397.96800664056,0,693.0,160397.96800664056
64,agg_BIHAR,64,2088,FeedstockAggregator,agg_BIHAR,BIHAR,0.0,0.0,0.0,0.0,1.0,390.0,3233333.333,3333333.333,3333333.333,85490.36144725543,0,467.50000000000006,85490.36144725543
64,agg_ANDHRA_PRADESH,64,2088,FeedstockAggregator,agg_ANDHRA_PRADESH,ANDHRA_PRADESH,0.0,0.0,0.0,0.0,1.0,405.0,2382811.3189058155,2482811.3189058155,3000000.0,85022.29777344248,0,495.00000000000006,85022.29777344248
64,agg_TAMIL_NADU,64,2088,FeedstockAggregator,agg_TAMIL_NADU,TAMIL_NADU,0.0,0.0,0.0,0.0,1.0,435.0,1233333.333,1333333.333,1333333.333,78183.46104986248,0,522.5,78183.46104986248
64,agg_MAHARASHTRA,64,2088,FeedstockAggregator,agg_MAHARASHTRA,MAHARASHTRA,0.0,0.0,0.0,0.0,1.0,435.0,9482757.54443424,9582757.54443424,10333333.333,79647.36233556095,0,517.0,79647.36233556095
64,agg_KARNATAKA,64,2088,FeedstockAggregator,agg_KARNATAKA,KARNATAKA,0.0,0.0,0.0,0.0,1.0,405.0,4605451.085869151,4705451.085869151,5666666.667,80234.82260009811,0,489.50000000000006,80234.82260009811
64,agg_WEST_BENGAL,64,2088,FeedstockAggregator,agg_WEST_BENGAL,WEST_BENGAL,0.0,0.0,0.0,0.0,1.0,405.0,4317026.151717269,4417026.151717269,5497000.0,84171.3538191226,0,500.50000000000006,84171.3538191226
64,agg_CHHATTISGARH,64,2088,FeedstockAggregator,agg_CHHATTISGARH,CHHATTISGARH,0.0,0.0,0.0,0.0,1.0,360.0,2466666.667,2666666.667,2666666.667,164430.7837875958,0,660.0,164430.7837875958
64,agg_ODISHA,64,2088,FeedstockAggregator,agg_ODISHA,ODISHA,0.0,0.0,0.0,0.0,1.0,360.0,2680220.8949184557,2880220.8949184557,3204666.667,158047.7721580158,0,665.5,158047.7721580158
64,agg_MADHYA_PRADESH,64,2088,FeedstockAggregator,agg_MADHYA_PRADESH,MADHYA_PRADESH,0.0,0.0,0.0,0.0,1.0,390.0,2981508.413744452,3081508.413744452,3333333.333,83268.98731313777,0,473.00000000000006,83268.98731313777
64,agg_TELANGANA,64,2088,FeedstockAggregator,agg_TELANGANA,TELANGANA,0.0,0.0,0.0,0.0,1.0,390.0,5498000.0,5698000.0,5698000.0,165462.58985117893,0,698.5,165462.58985117893
64,agg_ASSAM,64,2088,FeedstockAggregator,agg_ASSAM,ASSAM,0.0,0.0,0.0,0.0,1.0,480.0,1733423.4689063209,1833423.4689063209,2000000.0,77249.18696151016,0,572.0,77249.18696151016
64,agg_JHARKHAND,64,2088,FeedstockAggregator,agg_JHARKHAND,JHARKHAND,0.0,0.0,0.0,0.0,1.0,435.0,1566666.667,1666666.667,1666666.667,82810.57633881283,0,528.0,82810.57633881283
64,agg_RAJASTHAN,64,2088,FeedstockAggregator,agg_RAJASTHAN,RAJASTHAN,0.0,0.0,0.0,0.0,1.0,435.0,2226740.9924835977,2326740.9924835977,2333333.333,86687.64211908758,0,533.5,86687.64211908758
64,agg_KERALA,64,2088,FeedstockAggregator,agg_KERALA,KERALA,0.0,0.0,0.0,0.0,1.0,480.0,865053.2011896542,965053.2011896542,1000000.0,83841.7354205433,0,577.5,83841.7354205433
64,agg_GUJARAT,64,2088,FeedstockAggregator,agg_GUJARAT,GUJARAT,0.0,0.0,0.0,0.0,1.0,405.0,1289022.9601891993,1389022.9601891993,1583333.333,86464.66907388219,0,495.00000000000006,86464.66907388219
65,agg_PUNJAB,65,2089,FeedstockAggregator,agg_PUNJAB,PUNJAB,0.0,0.0,0.0,0.0,1.0,360.0,4392288.3409403395,4592288.3409403395,4787000.0,168035.90760538398,0,660.0,168035.90760538398
65,agg_HARYANA,65,2089,FeedstockAggregator,agg_HARYANA,HARYANA,0.0,0.0,0.0,0.0,1.0,360.0,3279240.8058464536,3479240.8058464536,4000000.0,157559.16418701463,0,665.5,157559.16418701463
65,agg_UTTAR_PRADESH,65,2089,FeedstockAggregator,agg_UTTAR_PRADESH,UTTAR_PRADESH,0.0,0.0,0.0,0.0,1.0,390.0,13450273.109542243,13650273.109542243,16500000.0,160397.96800664056,0,693.0,160397.96800664056
65,agg_BIHAR,65,2089,FeedstockAggregator,agg_BIHAR,BIHAR,0.0,0.0,0.0,0.0,1.0,390.0,3233333.333,3333333.333,3333333.333,85490.36144725543,0,467.50000000000006,85490.36144725543
65,agg_ANDHRA_PRADESH,65,2089,FeedstockAggregator,agg_ANDHRA_PRADESH,ANDHRA_PRADESH,0.0,0.0,0.0,0.0,1.0,405.0,2900000.0,3000000.0,3000000.0,85022.29777344248,0,495.00000000000006,85022.29777344248
65,agg_TAMIL_NADU,65,2089,FeedstockAggregator,agg_TAMIL_NADU,TAMIL_NADU,0.0,0.0,0.0,0.0,1.0,435.0,1005071.13162462,1105071.13162462,1333333.333,78183.46104986248,0,522.5,78183.46104986248
65,agg_MAHARASHTRA,65,2089,FeedstockAggregator,agg_MAHARASHTRA,MAHARASHTRA,0.0,0.0,0.0,0.0,1.0,435.0,9044632.80687039,9144632.80687039,10333333.333,79647.36233556095,0,517.0,79647.36233556095
65,agg_KARNATAKA,65,2089,FeedstockAggregator,agg_KARNATAKA,KARNATAKA,0.0,0.0,0.0,0.0,1.0,405.0,5164855.750713798,5264855.750713798,5666666.667,80234.82260009811,0,489.50000000000006,80234.82260009811
65,agg_WEST_BENGAL,65,2089,FeedstockAggregator,agg_WEST_BENGAL,WEST_BENGAL,0.0,0.0,0.0,0.0,1.0,405.0,5397000.0,5497000.0,5497000.0,84171.3538191226,0,500.50000000000006,84171.3538191226
65,agg_CHHATTISGARH,65,2089,FeedstockAggregator,agg_CHHATTISGARH,CHHATTISGARH,0.0,0.0,0.0,0.0,1.0,360.0,2466666.667,2666666.667,2666666.667,164430.7837875958,0,660.0,164430.7837875958
65,agg_ODISHA,65,2089,FeedstockAggregator,agg_ODISHA,ODISHA,0.0,0.0,0.0,0.0,1.0,360.0,2499647.204971228,2699647.204971228,3204666.667,158047.7721580158,0,665.5,76223.71755342207
65,agg_MADHYA_PRADESH,65,2089,FeedstockAggregator,agg_MADHYA_PRADESH,MADHYA_PRADESH,0.0,0.0,0.0,0.0,1.0,390.0,2834809.49354464,2934809.49354464,3333333.333,83268.98731313777,0,473.00000000000006,83268.98731313777
65,agg_TELANGANA,65,2089,FeedstockAggregator,agg_TELANGANA,TELANGANA,0.0,0.0,0.0,0.0,1.0,390.0,5423382.292456871,5623382.292456871,5698000.0,165462.58985117893,0,698.5,86331.85546529482
65,agg_ASSAM,65,2089,FeedstockAggregator,agg_ASSAM,ASSAM,0.0,0.0,0.0,0.0,1.0,480.0,1656357.805478321,1756357.805478321,2000000.0,77249.18696151016,0,572.0,77249.18696151016
65,agg_JHARKHAND,65,2089,FeedstockAggregator,agg_JHARKHAND,JHARKHAND,0.0,0.0,0.0,0.0,1.0,435.0,1566666.667,1666666.667,1666666.667,82810.57633881283,0,528.0,82810.57633881283
65,agg_RAJASTHAN,65,2089,FeedstockAggregator,agg_RAJASTHAN,RAJASTHAN,0.0,0.0,0.0,0.0,1.0,435.0,2061242.2274863268,2161242.227486327,2333333.333,86687.64211908758,0,533.5,86687.64211908758
65,agg_KERALA,65,2089,FeedstockAggregator,agg_KERALA,KERALA,0.0,0.0,0.0,0.0,1.0,480.0,900000.0,1000000.0,1000000.0,83841.7354205433,0,577.5,83841.7354205433
65,agg_GUJARAT,65,2089,FeedstockAggregator,agg_GUJARAT,GUJARAT,0.0,0.0,0.0,0.0,1.0,405.0,1449229.6503975654,1549229.6503975654,1583333.333,86464.66907388219,0,495.00000000000006,86464.66907388219
66,agg_PUNJAB,66,2090,FeedstockAggregator,agg_PUNJAB,PUNJAB,0.0,0.0,0.0,0.0,1.0,360.0,4587000.0,4787000.0,4787000.0,168035.90760538398,0,660.0,168035.90760538398
66,agg_HARYANA,66,2090,FeedstockAggregator,agg_HARYANA,HARYANA,0.0,0.0,0.0,0.0,1.0,360.0,3800000.0,4000000.0,4000000.0,157559.16418701463,0,665.5,157559.16418701463
66,agg_UTTAR_PRADESH,66,2090,FeedstockAggregator,agg_UTTAR_PRADESH,UTTAR_PRADESH,0.0,0.0,0.0,0.0,1.0,390.0,14217627.608122203,14417627.608122203,16500000.0,160397.96800664056,0,693.0,160397.96800664056
66,agg_BIHAR,66,2090,FeedstockAggregator,agg_BIHAR,BIHAR,0.0,0.0,0.0,0.0,1.0,390.0,3233333.333,3333333.333,3333333.333,85490.36144725543,0,467.50000000000006,85490.36144725543
66,agg_ANDHRA_PRADESH,66,2090,FeedstockAggregator,agg_ANDHRA_PRADESH,ANDHRA_PRADESH,0.0,0.0,0.0,0.0,1.0,405.0,2900000.0,3000000.0,3000000.0,85022.29777344248,0,495.00000000000006,85022.29777344248
66,agg_TAMIL_NADU,66,2090,FeedstockAggregator,agg_TAMIL_NADU,TAMIL_NADU,0.0,0.0,0.0,0.0,1.0,435.0,1233333.333,1333333.333,1333333.333,78183.46104986248,0,522.5,78183.46104986248
66,agg_MAHARASHTRA,66,2090,FeedstockAggregator,agg_MAHARASHTRA,MAHARASHTRA,0.0,0.0,0.0,0.0,1.0,435.0,9366407.913803171,9466407.913803171,10333333.333,79647.36233556095,0,517.0,79647.36233556095
66,agg_KARNATAKA,66,2090,FeedstockAggregator,agg_KARNATAKA,KARNATAKA,0.0,0.0,0.0,0.0,1.0,405.0,5566666.667,5666666.667,5666666.667,80234.82260009811,0,489.50000000000006,80234.82260009811
66,agg_WEST_BENGAL,66,2090,FeedstockAggregator,agg_WEST_BENGAL,WEST_BENGAL,0.0,0.0,0.0,0.0,1.0,405.0,5397000.0,5497000.0,5497000.0,84171.3538191226,0,500.50000000000006,84171.3538191226
66,agg_CHHATTISGARH,66,2090,FeedstockAggregator,agg_CHHATTISGARH,CHHATTISGARH,0.0,0.0,0.0,0.0,1.0,360.0,2466666.667,2666666.667,2666666.667,164430.7837875958,0,660.0,164430.7837875958
66,agg_ODISHA,66,2090,FeedstockAggregator,agg_ODISHA,ODISHA,0.0,0.0,0.0,0.0,1.0,360.0,2970374.5380673446,3170374.5380673446,3204666.667,158047.7721580158,0,665.5,158047.7721580158
66,agg_MADHYA_PRADESH,66,2090,FeedstockAggregator,agg_MADHYA_PRADESH,MADHYA_PRADESH,0.0,0.0,0.0,0.0,1.0,390.0,2736541.0629987405,2836541.0629987405,3333333.333,83268.98731313777,0,473.00000000000006,83268.98731313777
66,agg_TELANGANA,66,2090,FeedstockAggregator,agg_TELANGANA,TELANGANA,0.0,0.0,0.0,0.0,1.0,390.0,5173983.084469543,5373983.084469543,5698000.0,165462.58985117893,0,698.5,165462.58985117893
66,agg_ASSAM,66,2090,FeedstockAggregator,agg_ASSAM,ASSAM,0.0,0.0,0.0,0.0,1.0,480.0,1900000.0,2000000.0,2000000.0,77249.18696151016,0,572.0,77249.18696151016
66,agg_JHARKHAND,66,2090,FeedstockAggregator,agg_JHARKHAND,JHARKHAND,0.0,0.0,0.0,0.0,1.0,435.0,1566666.667,1666666.667,1666666.667,82810.57633881283,0,528.0,82810.57633881283
66,agg_RAJASTHAN,66,2090,FeedstockAggregator,agg_RAJASTHAN,RAJASTHAN,0.0,0.0,0.0,0.0,1.0,435.0,2100346.8680587206,2200346.8680587206,2333333.333,86687.64211908758,0,533.5,86687.64211908758
66,agg_KERALA,66,2090,FeedstockAggregator,agg_KERALA,KERALA,0.0,0.0,0.0,0.0,1.0,480.0,900000.0,1000000.0,1000000.0,83841.7354205433,0,577.5,83841.7354205433
66,agg_GUJARAT,66,2090,FeedstockAggregator,agg_GUJARAT,GUJARAT,0.0,0.0,0.0,0.0,1.0,405.0,1390165.133262991,1490165.133262991,1583333.333,86464.66907388219,0,495.00000000000006,86464.66907388219
67,agg_PUNJAB,67,2091,FeedstockAggregator,agg_PUNJAB,PUNJAB,0.0,0.0,0.0,0.0,1.0,360.0,4587000.0,4787000.0,4787000.0,168035.90760538398,0,660.0,168035.90760538398
67,agg_HARYANA,67,2091,FeedstockAggregator,agg_HARYANA,HARYANA,0.0,0.0,0.0,0.0,1.0,360.0,3057883.290445164,3257883.290445164,4000000.0,157559.16418701463,0,665.5,157559.16418701463
67,agg_UTTAR_PRADESH,67,2091,FeedstockAggregator,agg_UTTAR_PRADESH,UTTAR_PRADESH,0.0,0.0,0.0,0.0,1.0,390.0,13038572.198318483,13238572.198318483,16500000.0,160397.96800664056,0,693.0,160397.96800664056
67,agg_BIHAR,67,2091,FeedstockAggregator,agg_BIHAR,BIHAR,0.0,0.0,0.0,0.0,1.0,390.0,3233333.333,3333333.333,3333333.333,85490.36144725543,0,467.50000000000006,85490.36144725543
67,agg_ANDHRA_PRADESH,67,2091,FeedstockAggregator,agg_ANDHRA_PRADESH,ANDHRA_PRADESH,0.0,0.0,0.0,0.0,1.0,405.0,2900000.0,3000000.0,3000000.0,85022.29777344248,0,495.00000000000006,85022.29777344248
67,agg_TAMIL_NADU,67,2091,FeedstockAggregator,agg_TAMIL_NADU,TAMIL_NADU,0.0,0.0,0.0,0.0,1.0,435.0,1040028.6599924546,1140028.6599924546,1333333.333,78183.46104986248,0,522.5,78183.46104986248
67,agg_MAHARASHTRA,67,2091,FeedstockAggregator,agg_MAHARASHTRA,MAHARASHTRA,0.0,0.0,0.0,0.0,1.0,435.0,9632668.33246753,9732668.33246753,10333333.333,79647.36233556095,0,517.0,79647.36233556095
67,agg_KARNATAKA,67,2091,FeedstockAggregator,agg_KARNATAKA,KARNATAKA,0.0,0.0,0.0,0.0,1.0,405.0,5092179.310318535,5192179.310318535,5666666.667,80234.82260009811,0,489.50000000000006,80234.82260009811
67,agg_WEST_BENGAL,67,2091,FeedstockAggregator,agg_WEST_BENGAL,WEST_BENGAL,0.0,0.0,0.0,0.0,1.0,405.0,4679662.455816426,4779662.455816426,5497000.0,84171.3538191226,0,500.50000000000006,84171.3538191226
67,agg_CHHATTISGARH,67,2091,FeedstockAggregator,agg_CHHATTISGARH,CHHATTISGARH,0.0,0.0,0.0,0.0,1.0,360.0,2466666.667,2666666.667,2666666.667,164430.7837875958,0,660.0,79725.6777735848
67,agg_ODISHA,67,2091,FeedstockAggregator,agg_ODISHA,ODISHA,0.0,0.0,0.0,0.0,1.0,360.0,2995825.495233854,3195825.495233854,3204666.667,158047.7721580158,0,665.5,158047.7721580158
67,agg_MADHYA_PRADESH,67,2091,FeedstockAggregator,agg_MADHYA_PRADESH,MADHYA_PRADESH,0.0,0.0,0.0,0.0,1.0,390.0,3233333.333,3333333.333,3333333.333,83268.98731313777,0,473.00000000000006,83268.98731313777
67,agg_TELANGANA,67,2091,FeedstockAggregator,agg_TELANGANA,TELANGANA,0.0,0.0,0.0,0.0,1.0,390.0,5498000.0,5698000.0,5698000.0,165462.58985117893,0,698.5,165462.58985117893
67,agg_ASSAM,67,2091,FeedstockAggregator,agg_ASSAM,ASSAM,0.0,0.0,0.0,0.0,1.0,480.0,1883770.823839903,1983770.823839903,2000000.0,77249.18696151016,0,572.0,77249.18696151016
67,agg_JHARKHAND,67,2091,FeedstockAggregator,agg_JHARKHAND,JHARKHAND,0.0,0.0,0.0,0.0,1.0,435.0,1566666.667,1666666.667,1666666.667,82810.57633881283,0,528.0,82810.57633881283
67,agg_RAJASTHAN,67,2091,FeedstockAggregator,agg_RAJASTHAN,RAJASTHAN,0.0,0.0,0.0,0.0,1.0,435.0,2233333.333,2333333.333,2333333.333,86687.64211908758,0,533.5,86687.64211908758
67,agg_KERALA,67,2091,FeedstockAggregator,agg_KERALA,KERALA,0.0,0.0,0.0,0.0,1.0,480.0,900000.0,1000000.0,1000000.0,83841.7354205433,0,577.5,83841.7354205433
67,agg_GUJARAT,67,2091,FeedstockAggregator,agg_GUJARAT,GUJARAT,0.0,0.0,0.0,0.0,1.0,405.0,1407149.5746547855,1507149.5746547855,1583333.333,86464.66907388219,0,495.00000000000006,86464.66907388219
68,agg_PUNJAB,68,2092,FeedstockAggregator,agg_PUNJAB,PUNJAB,0.0,0.0,0.0,0.0,1.0,360.0,4381065.633685062,4581065.633685062,4787000.0,168035.90760538398,0,660.0,168035.90760538398
68,agg_HARYANA,68,2092,FeedstockAggregator,agg_HARYANA,HARYANA,0.0,0.0,0.0,0.0,1.0,360.0,3471776.7532083457,3671776.7532083457,4000000.0,157559.16418701463,0,665.5,157559.16418701463
68,agg_UTTAR_PRADESH,68,2092,FeedstockAggregator,agg_UTTAR_PRADESH,UTTAR_PRADESH,0.0,0.0,0.0,0.0,1.0,390.0,13231416.645602778,13431416.645602778,16500000.0,160397.96800664056,0,693.0,160397.96800664056
68,agg_BIHAR,68,2092,FeedstockAggregator,agg_BIHAR,BIHAR,0.0,0.0,0.0,0.0,1.0,390.0,3233333.333,3333333.333,3333333.333,85490.36144725543,0,467.50000000000006,85490.36144725543
68,agg_ANDHRA_PRADESH,68,2092,FeedstockAggregator,agg_ANDHRA_PRADESH,ANDHRA_PRADESH,0.0,0.0,0.0,0.0,1.0,405.0,2897866.0194289,2997866.0194289,3000000.0,85022.29777344248,0,495.00000000000006,85022.29777344248
68,agg_TAMIL_NADU,68,2092,FeedstockAggregator,agg_TAMIL_NADU,TAMIL_NADU,0.0,0.0,0.0,0.0,1.0,435.0,1233333.333,1333333.333,1333333.333,78183.46104986248,0,522.5,78183.46104986248
68,agg_MAHARASHTRA,68,2092,FeedstockAggregator,agg_MAHARASHTRA,MAHARASHTRA,0.0,0.0,0.0,0.0,1.0,435.0,10233333.333,10333333.333,10333333.333,79647.36233556095,0,517.0,79647.36233556095
68,agg_KARNATAKA,68,2092,FeedstockAggregator,agg_KARNATAKA,KARNATAKA,0.0,0.0,0.0,0.0,1.0,405.0,5566666.667,5666666.667,5666666.667,80234.82260009811,0,489.50000000000006,0.0
68,agg_WEST_BENGAL,68,2092,FeedstockAggregator,agg_WEST_BENGAL,WEST_BENGAL,0.0,0.0,0.0,0.0,1.0,405.0,5397000.0,5497000.0,5497000.0,84171.3538191226,0,500.50000000000006,84171.3538191226
68,agg_CHHATTISGARH,68,2092,FeedstockAggregator,agg_CHHATTISGARH,CHHATTISGARH,0.0,0.0,0.0,0.0,1.0,360.0,2109705.625981598,2309705.625981598,2666666.667,164430.7837875958,0,660.0,164430.7837875958
68,agg_ODISHA,68,2092,FeedstockAggregator,agg_ODISHA,ODISHA,0.0,0.0,0.0,0.0,1.0,360.0,2841439.150323169,3041439.150323169,3204666.667,158047.7721580158,0,665.5,158047.7721580158
68,agg_MADHYA_PRADESH,68,2092,FeedstockAggregator,agg_MADHYA_PRADESH,MADHYA_PRADESH,0.0,0.0,0.0,0.0,1.0,390.0,3233333.333,3333333.333,3333333.333,83268.98731313777,0,473.00000000000006,83268.98731313777
68,agg_TELANGANA,68,2092,FeedstockAggregator,agg_TELANGANA,TELANGANA,0.0,0.0,0.0,0.0,1.0,390.0,5115389.726516502,5315389.726516502,5698000.0,165462.58985117893,0,698.5,165462.58985117893
68,agg_ASSAM,68,2092,FeedstockAggregator,agg_ASSAM,ASSAM,0.0,0.0,0.0,0.0,1.0,480.0,1900000.0,2000000.0,2000000.0,77249.18696151016,0,572.0,77249.18696151016
68,agg_JHARKHAND,68,2092,FeedstockAggregator,agg_JHARKHAND,JHARKHAND,0.0,0.0,0.0,0.0,1.0,435.0,1566666.667,1666666.667,1666666.667,82810.57633881283,0,528.0,82810.57633881283
68,agg_RAJASTHAN,68,2092,FeedstockAggregator,agg_RAJASTHAN,RAJASTHAN,0.0,0.0,0.0,0.0,1.0,435.0,2233333.333,2333333.333,2333333.333,86687.64211908758,0,533.5,86687.64211908758
68,agg_KERALA,68,2092,FeedstockAggregator,agg_KERALA,KERALA,0.0,0.0,0.0,0.0,1.0,480.0,892790.2587757927,992790.2587757927,1000000.0,83841.7354205433,0,577.5,83841.7354205433
68,agg_GUJARAT,68,2092,FeedstockAggregator,agg_GUJARAT,GUJARAT,0.0,0.0,0.0,0.0,1.0,405.0,1483333.333,1583333.333,1583333.333,86464.66907388219,0,495.00000000000006,86464.66907388219
69,agg_PUNJAB,69,2093,FeedstockAggregator,agg_PUNJAB,PUNJAB,0.0,0.0,0.0,0.0,1.0,360.0,3860082.69249096,4060082.69249096,4787000.0,168035.90760538398,0,660.0,168035.90760538398
69,agg_HARYANA,69,2093,FeedstockAggregator,agg_HARYANA,HARYANA,0.0,0.0,0.0,0.0,1.0,360.0,3076532.5311244903,3276532.5311244903,4000000.0,157559.16418701463,0,665.5,79507.62586418398
69,agg_UTTAR_PRADESH,69,2093,FeedstockAggregator,agg_UTTAR_PRADESH,UTTAR_PRADESH,0.0,0.0,0.0,0.0,1.0,390.0,16300000.0,16500000.0,16500000.0,160397.96800664056,0,693.0,160397.96800664056
69,agg_BIHAR,69,2093,FeedstockAggregator,agg_BIHAR,BIHAR,0.0,0.0,0.0,0.0,1.0,390.0,3233333.333,3333333.333,3333333.333,85490.36144725543,0,467.50000000000006,85490.36144725543
69,agg_ANDHRA_PRADESH,69,2093,FeedstockAggregator,agg_ANDHRA_PRADESH,ANDHRA_PRADESH,0.0,0.0,0.0,0.0,1.0,405.0,2606718.579126131,2706718.579126131,3000000.0,85022.29777344248,0,495.00000000000006,85022.29777344248
69,agg_TAMIL_NADU,69,2093,FeedstockAggregator,agg_TAMIL_NADU,TAMIL_NADU,0.0,0.0,0.0,0.0,1.0,435.0,1158307.5615900038,1258307.5615900038,1333333.333,78183.46104986248,0,522.5,78183.46104986248
69,agg_MAHARASHTRA,69,2093,FeedstockAggregator,agg_MAHARASHTRA,MAHARASHTRA,0.0,0.0,0.0,0.0,1.0,435.0,8274517.69977651,8374517.69977651,10333333.333,79647.36233556095,0,517.0,79647.36233556095
69,agg_KARNATAKA,69,2093,FeedstockAggregator,agg_KARNATAKA,KARNATAKA,0.0,0.0,0.0,0.0,1.0,405.0,4547958.514000496,4647958.514000496,5666666.667,80234.82260009811,0,489.50000000000006,80234.82260009811
69,agg_WEST_BENGAL,69,2093,FeedstockAggregator,agg_WEST_BENGAL,WEST_BENGAL,0.0,0.0,0.0,0.0,1.0,405.0,5397000.0,5497000.0,5497000.0,84171.3538191226,0,500.50000000000006,84171.3538191226
69,agg_CHHATTISGARH,69,2093,FeedstockAggregator,agg_CHHATTISGARH,CHHATTISGARH,0.0,0.0,0.0,0.0,1.0,360.0,1940094.1109855496,2140094.1109855496,2666666.667,164430.7837875958,0,660.0,164430.7837875958
69,agg_ODISHA,69,2093,FeedstockAggregator,agg_ODISHA,ODISHA,0.0,0.0,0.0,0.0,1.0,360.0,3004666.667,3204666.667,3204666.667,158047.7721580158,0,665.5,158047.7721580158
69,agg_MADHYA_PRADESH,69,2093,FeedstockAggregator,agg_MADHYA_PRADESH,MADHYA_PRADESH,0.0,0.0,0.0,0.0,1.0,390.0,3082725.712263055,3182725.712263055,3333333.333,83268.98731313777,0,473.00000000000006,83268.98731313777
69,agg_TELANGANA,69,2093,FeedstockAggregator,agg_TELANGANA,TELANGANA,0.0,0.0,0.0,0.0,1.0,390.0,4902328.026813567,5102328.026813567,5698000.0,165462.58985117893,0,698.5,165462.58985117893
69,agg_ASSAM,69,2093,FeedstockAggregator,agg_ASSAM,ASSAM,0.0,0.0,0.0,0.0,1.0,480.0,1900000.0,2000000.0,2000000.0,77249.18696151016,0,572.0,77249.18696151016
69,agg_JHARKHAND,69,2093,FeedstockAggregator,agg_JHARKHAND,JHARKHAND,0.0,0.0,0.0,0.0,1.0,435.0,1566666.667,1666666.667,1666666.667,82810.57633881283,0,528.0,82810.57633881283
69,agg_RAJASTHAN,69,2093,FeedstockAggregator,agg_RAJASTHAN,RAJASTHAN,0.0,0.0,0.0,0.0,1.0,435.0,1924529.0201039477,2024529.0201039477,2333333.333,86687.64211908758,0,533.5,86687.64211908758
69,agg_KERALA,69,2093,FeedstockAggregator,agg_KERALA,KERALA,0.0,0.0,0.0,0.0,1.0,480.0,900000.0,1000000.0,1000000.0,83841.7354205433,0,577.5,83841.7354205433
69,agg_GUJARAT,69,2093,FeedstockAggregator,agg_GUJARAT,GUJARAT,0.0,0.0,0.0,0.0,1.0,405.0,1483333.333,1583333.333,1583333.333,86464.66907388219,0,495.00000000000006,86464.66907388219
70,agg_PUNJAB,70,2094,FeedstockAggregator,agg_PUNJAB,PUNJAB,0.0,0.0,0.0,0.0,1.0,360.0,4315648.016332399,4515648.016332399,4787000.0,168035.90760538398,0,660.0,168035.90760538398
70,agg_HARYANA,70,2094,FeedstockAggregator,agg_HARYANA,HARYANA,0.0,0.0,0.0,0.0,1.0,360.0,3461988.286201734,3661988.286201734,4000000.0,157559.16418701463,0,665.5,157559.16418701463
70,agg_UTTAR_PRADESH,70,2094,FeedstockAggregator,agg_UTTAR_PRADESH,UTTAR_PRADESH,0.0,0.0,0.0,0.0,1.0,390.0,16300000.0,16500000.0,16500000.0,160397.96800664056,0,693.0,160397.96800664056
70,agg_BIHAR,70,2094,FeedstockAggregator,agg_BIHAR,BIHAR,0.0,0.0,0.0,0.0,1.0,390.0,2827965.1095615625,2927965.1095615625,3333333.333,85490.36144725543,0,467.50000000000006,85490.36144725543
70,agg_ANDHRA_PRADESH,70,2094,FeedstockAggregator,agg_ANDHRA_PRADESH,ANDHRA_PRADESH,0.0,0.0,0.0,0.0,1.0,405.0,2615437.467978055,2715437.467978055,3000000.0,85022.29777344248,0,495.00000000000006,85022.29777344248
70,agg_TAMIL_NADU,70,2094,FeedstockAggregator,agg_TAMIL_NADU,TAMIL_NADU,0.0,0.0,0.0,0.0,1.0,435.0,1094277.1900185195,1194277.1900185195,1333333.333,78183.46104986248,0,522.5,78183.46104986248
70,agg_MAHARASHTRA,70,2094,FeedstockAggregator,agg_MAHARASHTRA,MAHARASHTRA,0.0,0.0,0.0,0.0,1.0,435.0,10065063.671680436,10165063.671680436,10333333.333,79647.36233556095,0,517.0,79647.36233556095
70,agg_KARNATAKA,70,2094,FeedstockAggregator,agg_KARNATAKA,KARNATAKA,0.0,0.0,0.0,0.0,1.0,405.0,5272591.006962876,5372591.006962876,5666666.667,80234.82260009811,0,489.50000000000006,80234.82260009811
70,agg_WEST_BENGAL,70,2094,FeedstockAggregator,agg_WEST_BENGAL,WEST_BENGAL,0.0,0.0,0.0,0.0,1.0,405.0,5244717.49137287,5344717.49137287,5497000.0,84171.3538191226,0,500.50000000000006,84171.3538191226
70,agg_CHHATTISGARH,70,2094,FeedstockAggregator,agg_CHHATTISGARH,CHHATTISGARH,0.0,0.0,0.0,0.0,1.0,360.0,2466666.667,2666666.667,2666666.667,164430.7837875958,0,660.0,164430.7837875958
70,agg_ODISHA,70,2094,FeedstockAggregator,agg_ODISHA,ODISHA,0.0,0.0,0.0,0.0,1.0,360.0,2563436.959718217,2763436.959718217,3204666.667,158047.7721580158,0,665.5,158047.7721580158
70,agg_MADHYA_PRADESH,70,2094,FeedstockAggregator,agg_MADHYA_PRADESH,MADHYA_PRADESH,0.0,0.0,0.0,0.0,1.0,390.0,2887617.9068824505,2987617.9068824505,3333333.333,83268.98731313777,0,473.00000000000006,83268.98731313777
70,agg_TELANGANA,70,2094,FeedstockAggregator,agg_TELANGANA,TELANGANA,0.0,0.0,0.0,0.0,1.0,390.0,4857652.570003493,5057652.570003493,5698000.0,165462.58985117893,0,698.5,165462.58985117893
70,agg_ASSAM,70,2094,FeedstockAggregator,agg_ASSAM,ASSAM,0.0,0.0,0.0,0.0,1.0,480.0,1900000.0,2000000.0,2000000.0,77249.18696151016,0,572.0,77249.18696151016
70,agg_JHARKHAND,70,2094,FeedstockAggregator,agg_JHARKHAND,JHARKHAND,0.0,0.0,0.0,0.0,1.0,435.0,1566666.667,1666666.667,1666666.667,82810.57633881283,0,528.0,82810.57633881283
70,agg_RAJASTHAN,70,2094,FeedstockAggregator,agg_RAJASTHAN,RAJASTHAN,0.0,0.0,0.0,0.0,1.0,435.0,1979232.9928992717,2079232.9928992717,2333333.333,86687.64211908758,0,533.5,86687.64211908758
70,agg_KERALA,70,2094,FeedstockAggregator,agg_KERALA,KERALA,0.0,0.0,0.0,0.0,1.0,480.0,766208.2578284793,866208.2578284793,1000000.0,83841.7354205433,0,577.5,83841.7354205433
70,agg_GUJARAT,70,2094,FeedstockAggregator,agg_GUJARAT,GUJARAT,0.0,0.0,0.0,0.0,1.0,405.0,1483333.333,1583333.333,1583333.333,86464.66907388219,0,495.00000000000006,86464.66907388219
71,agg_PUNJAB,71,2095,FeedstockAggregator,agg_PUNJAB,PUNJAB,0.0,0.0,0.0,0.0,1.0,360.0,4587000.0,4787000.0,4787000.0,168035.90760538398,0,660.0,168035.90760538398
71,agg_HARYANA,71,2095,FeedstockAggregator,agg_HARYANA,HARYANA,0.0,0.0,0.0,0.0,1.0,360.0,3097439.38943666,3297439.38943666,4000000.0,157559.16418701463,0,665.5,157559.16418701463
71,agg_UTTAR_PRADESH,71,2095,FeedstockAggregator,agg_UTTAR_PRADESH,UTTAR_PRADESH,0.0,0.0,0.0,0.0,1.0,390.0,16300000.0,16500000.0,16500000.0,160397.96800664056,0,693.0,160397.96800664056
71,agg_BIHAR,71,2095,FeedstockAggregator,agg_BIHAR,BIHAR,0.0,0.0,0.0,0.0,1.0,390.0,2626585.6575116366,2726585.6575116366,3333333.333,85490.36144725543,0,467.50000000000006,85490.36144725543
71,agg_ANDHRA_PRADESH,71,2095,FeedstockAggregator,agg_ANDHRA_PRADESH,ANDHRA_PRADESH,0.0,0.0,0.0,0.0,1.0,405.0,2900000.0,3000000.0,3000000.0,85022.29777344248,0,495.00000000000006,85022.29777344248
71,agg_TAMIL_NADU,71,2095,FeedstockAggregator,agg_TAMIL_NADU,TAMIL_NADU,0.0,0.0,0.0,0.0,1.0,435.0,974348.816632248,1074348.816632248,1333333.333,78183.46104986248,0,522.5,78183.46104986248
71,agg_MAHARASHTRA,71,2095,FeedstockAggregator,agg_MAHARASHTRA,MAHARASHTRA,0.0,0.0,0.0,0.0,1.0,435.0,9584587.57451963,9684587.57451963,10333333.333,79647.36233556095,0,517.0,79647.36233556095
71,agg_KARNATAKA,71,2095,FeedstockAggregator,agg_KARNATAKA,KARNATAKA,0.0,0.0,0.0,0.0,1.0,405.0,5001847.927554163,5101847.927554163,5666666.667,80234.82260009811,0,489.50000000000006,80234.82260009811
71,agg_WEST_BENGAL,71,2095,FeedstockAggregator,agg_WEST_BENGAL,WEST_BENGAL,0.0,0.0,0.0,0.0,1.0,405.0,5397000.0,5497000.0,5497000.0,84171.3538191226,0,500.50000000000006,84171.3538191226
71,agg_CHHATTISGARH,71,2095,FeedstockAggregator,agg_CHHATTISGARH,CHHATTISGARH,0.0,0.0,0.0,0.0,1.0,360.0,2466666.667,2666666.667,2666666.667,164430.7837875958,0,660.0,164430.7837875958
71,agg_ODISHA,71,2095,FeedstockAggregator,agg_ODISHA,ODISHA,0.0,0.0,0.0,0.0,1.0,360.0,2953275.458664638,3153275.458664638,3204666.667,158047.7721580158,0,665.5,81824.05460459372
71,agg_MADHYA_PRADESH,71,2095,FeedstockAggregator,agg_MADHYA_PRADESH,MADHYA_PRADESH,0.0,0.0,0.0,0.0,1.0,390.0,3233333.333,3333333.333,3333333.333,83268.98731313777,0,473.00000000000006,83268.98731313777
71,agg_TELANGANA,71,2095,FeedstockAggregator,agg_TELANGANA,TELANGANA,0.0,0.0,0.0,0.0,1.0,390.0,4556419.918099192,4756419.918099192,5698000.0,165462.58985117893,0,698.5,165462.58985117893
71,agg_ASSAM,71,2095,FeedstockAggregator,agg_ASSAM,ASSAM,0.0,0.0,0.0,0.0,1.0,480.0,1900000.0,2000000.0,2000000.0,77249.18696151016,0,572.0,77249.18696151016
71,agg_JHARKHAND,71,2095,FeedstockAggregator,agg_JHARKHAND,JHARKHAND,0.0,0.0,0.0,0.0,1.0,435.0,1566666.667,1666666.667,1666666.667,82810.57633881283,0,528.0,82810.57633881283
71,agg_RAJASTHAN,71,2095,FeedstockAggregator,agg_RAJASTHAN,RAJASTHAN,0.0,0.0,0.0,0.0,1.0,435.0,2233333.333,2333333.333,2333333.333,86687.64211908758,0,533.5,86687.64211908758
71,agg_KERALA,71,2095,FeedstockAggregator,agg_KERALA,KERALA,0.0,0.0,0.0,0.0,1.0,480.0,900000.0,1000000.0,1000000.0,83841.7354205433,0,577.5,83841.7354205433
71,agg_GUJARAT,71,2095,FeedstockAggregator,agg_GUJARAT,GUJARAT,0.0,0.0,0.0,0.0,1.0,405.0,1483333.333,1583333.333,1583333.333,86464.66907388219,0,495.00000000000006,86464.66907388219
72,agg_PUNJAB,72,2096,FeedstockAggregator,agg_PUNJAB,PUNJAB,0.0,0.0,0.0,0.0,1.0,360.0,4310004.713315073,4510004.713315073,4787000.0,168035.90760538398,0,660.0,82949.12572358613
72,agg_HARYANA,72,2096,FeedstockAggregator,agg_HARYANA,HARYANA,0.0,0.0,0.0,0.0,1.0,360.0,3527706.9239512575,3727706.9239512575,4000000.0,157559.16418701463,0,665.5,157559.16418701463
72,agg_UTTAR_PRADESH,72,2096,FeedstockAggregator,agg_UTTAR_PRADESH,UTTAR_PRADESH,0.0,0.0,0.0,0.0,1.0,390.0,16300000.0,16500000.0,16500000.0,160397.96800664056,0,693.0,160397.96800664056
72,agg_BIHAR,72,2096,FeedstockAggregator,agg_BIHAR,BIHAR,0.0,0.0,0.0,0.0,1.0,390.0,2907177.781149779,3007177.781149779,3333333.333,85490.36144725543,0,467.50000000000006,85490.36144725543
72,agg_ANDHRA_PRADESH,72,2096,FeedstockAggregator,agg_ANDHRA_PRADESH,ANDHRA_PRADESH,0.0,0.0,0.0,0.0,1.0,405.0,2432980.5480749686,2532980.5480749686,3000000.0,85022.29777344248,0,495.00000000000006,85022.29777344248
72,agg_TAMIL_NADU,72,2096,FeedstockAggregator,agg_TAMIL_NADU,TAMIL_NADU,0.0,0.0,0.0,0.0,1.0,435.0,1233333.333,1333333.333,1333333.333,78183.46104986248,0,522.5,78183.46104986248
72,agg_MAHARASHTRA,72,2096,FeedstockAggregator,agg_MAHARASHTRA,MAHARASHTRA,0.0,0.0,0.0,0.0,1.0,435.0,9966396.012332786,10066396.012332786,10333333.333,79647.36233556095,0,517.0,79647.36233556095
72,agg_KARNATAKA,72,2096,FeedstockAggregator,agg_KARNATAKA,KARNATAKA,0.0,0.0,0.0,0.0,1.0,405.0,5566666.667,5666666.667,5666666.667,80234.82260009811,0,489.50000000000006,80234.82260009811
72,agg_WEST_BENGAL,72,2096,FeedstockAggregator,agg_WEST_BENGAL,WEST_BENGAL,0.0,0.0,0.0,0.0,1.0,405.0,5397000.0,5497000.0,5497000.0,84171.3538191226,0,500.50000000000006,84171.3538191226
72,agg_CHHATTISGARH,72,2096,FeedstockAggregator,agg_CHHATTISGARH,CHHATTISGARH,0.0,0.0,0.0,0.0,1.0,360.0,2466666.667,2666666.667,2666666.667,164430.7837875958,0,660.0,164430.7837875958
72,agg_ODISHA,72,2096,FeedstockAggregator,agg_ODISHA,ODISHA,0.0,0.0,0.0,0.0,1.0,360.0,2841519.0251643495,3041519.0251643495,3204666.667,158047.7721580158,0,665.5,158047.7721580158
72,agg_MADHYA_PRADESH,72,2096,FeedstockAggregator,agg_MADHYA_PRADESH,MADHYA_PRADESH,0.0,0.0,0.0,0.0,1.0,390.0,3233333.333,3333333.333,3333333.333,83268.98731313777,0,473.00000000000006,83268.98731313777
72,agg_TELANGANA,72,2096,FeedstockAggregator,agg_TELANGANA,TELANGANA,0.0,0.0,0.0,0.0,1.0,390.0,5498000.0,5698000.0,5698000.0,165462.58985117893,0,698.5,165462.58985117893
72,agg_ASSAM,72,2096,FeedstockAggregator,agg_ASSAM,ASSAM,0.0,0.0,0.0,0.0,1.0,480.0,1900000.0,2000000.0,2000000.0,77249.18696151016,0,572.0,77249.18696151016
72,agg_JHARKHAND,72,2096,FeedstockAggregator,agg_JHARKHAND,JHARKHAND,0.0,0.0,0.0,0.0,1.0,435.0,1420070.008012585,1520070.008012585,1666666.667,82810.57633881283,0,528.0,82810.57633881283
72,agg_RAJASTHAN,72,2096,FeedstockAggregator,agg_RAJASTHAN,RAJASTHAN,0.0,0.0,0.0,0.0,1.0,435.0,1969059.4124397195,2069059.4124397195,2333333.333,86687.64211908758,0,533.5,86687.64211908758
72,agg_KERALA,72,2096,FeedstockAggregator,agg_KERALA,KERALA,0.0,0.0,0.0,0.0,1.0,480.0,823040.7425660886,923040.7425660886,1000000.0,83841.7354205433,0,577.5,83841.7354205433
72,agg_GUJARAT,72,2096,FeedstockAggregator,agg_GUJARAT,GUJARAT,0.0,0.0,0.0,0.0,1.0,405.0,1194045.955625833,1294045.955625833,1583333.333,86464.66907388219,0,495.00000000000006,0.0
73,agg_PUNJAB,73,2097,FeedstockAggregator,agg_PUNJAB,PUNJAB,0.0,0.0,0.0,0.0,1.0,360.0,4273698.8388605025,4473698.8388605025,4787000.0,168035.90760538398,0,660.0,168035.90760538398
73,agg_HARYANA,73,2097,FeedstockAggregator,agg_HARYANA,HARYANA,0.0,0.0,0.0,0.0,1.0,360.0,3122018.3329750686,3322018.3329750686,4000000.0,157559.16418701463,0,665.5,157559.16418701463
73,agg_UTTAR_PRADESH,73,2097,FeedstockAggregator,agg_UTTAR_PRADESH,UTTAR_PRADESH,0.0,0.0,0.0,0.0,1.0,390.0,14622248.50252894,14822248.50252894,16500000.0,160397.96800664056,0,693.0,160397.96800664056
73,agg_BIHAR,73,2097,FeedstockAggregator,agg_BIHAR,BIHAR,0.0,0.0,0.0,0.0,1.0,390.0,2945168.71803318,3045168.71803318,3333333.333,85490.36144725543,0,467.50000000000006,85490.36144725543
73,agg_ANDHRA_PRADESH,73,2097,FeedstockAggregator,agg_ANDHRA_PRADESH,ANDHRA_PRADESH,0.0,0.0,0.0,0.0,1.0,405.0,2482727.8926848243,2582727.8926848243,3000000.0,85022.29777344248,0,495.00000000000006,85022.29777344248
73,agg_TAMIL_NADU,73,2097,FeedstockAggregator,agg_TAMIL_NADU,TAMIL_NADU,0.0,0.0,0.0,0.0,1.0,435.0,1233333.333,1333333.333,1333333.333,78183.46104986248,0,522.5,78183.46104986248
73,agg_MAHARASHTRA,73,2097,FeedstockAggregator,agg_MAHARASHTRA,MAHARASHTRA,0.0,0.0,0.0,0.0,1.0,435.0,10233333.333,10333333.333,10333333.333,79647.36233556095,0,517.0,79647.36233556095
73,agg_KARNATAKA,73,2097,FeedstockAggregator,agg_KARNATAKA,KARNATAKA,0.0,0.0,0.0,0.0,1.0,405.0,5566666.667,5666666.667,5666666.667,80234.82260009811,0,489.50000000000006,80234.82260009811
73,agg_WEST_BENGAL,73,2097,FeedstockAggregator,agg_WEST_BENGAL,WEST_BENGAL,0.0,0.0,0.0,0.0,1.0,405.0,4680414.371690067,4780414.371690067,5497000.0,84171.3538191226,0,500.50000000000006,84171.3538191226
73,agg_CHHATTISGARH,73,2097,FeedstockAggregator,agg_CHHATTISGARH,CHHATTISGARH,0.0,0.0,0.0,0.0,1.0,360.0,2466666.667,2666666.667,2666666.667,164430.7837875958,0,660.0,164430.7837875958
73,agg_ODISHA,73,2097,FeedstockAggregator,agg_ODISHA,ODISHA,0.0,0.0,0.0,0.0,1.0,360.0,2686832.694203256,2886832.694203256,3204666.667,158047.7721580158,0,665.5,158047.7721580158
73,agg_MADHYA_PRADESH,73,2097,FeedstockAggregator,agg_MADHYA_PRADESH,MADHYA_PRADESH,0.0,0.0,0.0,0.0,1.0,390.0,3233333.333,3333333.333,3333333.333,83268.98731313777,0,473.00000000000006,83268.98731313777
73,agg_TELANGANA,73,2097,FeedstockAggregator,agg_TELANGANA,TELANGANA,0.0,0.0,0.0,0.0,1.0,390.0,5024295.576226575,5224295.576226575,5698000.0,165462.58985117893,0,698.5,165462.58985117893
73,agg_ASSAM,73,2097,FeedstockAggregator,agg_ASSAM,ASSAM,0.0,0.0,0.0,0.0,1.0,480.0,1900000.0,2000000.0,2000000.0,77249.18696151016,0,572.0,77249.18696151016
73,agg_JHARKHAND,73,2097,FeedstockAggregator,agg_JHARKHAND,JHARKHAND,0.0,0.0,0.0,0.0,1.0,435.0,1566666.667,1666666.667,1666666.667,82810.57633881283,0,528.0,82810.57633881283
73,agg_RAJASTHAN,73,2097,FeedstockAggregator,agg_RAJASTHAN,RAJASTHAN,0.0,0.0,0.0,0.0,1.0,435.0,2233333.333,2333333.333,2333333.333,86687.64211908758,0,533.5,86687.64211908758
73,agg_KERALA,73,2097,FeedstockAggregator,agg_KERALA,KERALA,0.0,0.0,0.0,0.0,1.0,480.0,758135.6141684896,858135.6141684896,1000000.0,83841.7354205433,0,577.5,83841.7354205433
73,agg_GUJARAT,73,2097,FeedstockAggregator,agg_GUJARAT,GUJARAT,0.0,0.0,0.0,0.0,1.0,405.0,1171465.056455524,1271465.056455524,1583333.333,86464.66907388219,0,495.00000000000006,86464.66907388219
74,agg_PUNJAB,74,2098,FeedstockAggregator,agg_PUNJAB,PUNJAB,0.0,0.0,0.0,0.0,1.0,360.0,4587000.0,4787000.0,4787000.0,168035.90760538398,0,660.0,168035.90760538398
74,agg_HARYANA,74,2098,FeedstockAggregator,agg_HARYANA,HARYANA,0.0,0.0,0.0,0.0,1.0,360.0,3598678.8057320327,3798678.8057320327,4000000.0,157559.16418701463,0,665.5,157559.16418701463
74,agg_UTTAR_PRADESH,74,2098,FeedstockAggregator,agg_UTTAR_PRADESH,UTTAR_PRADESH,0.0,0.0,0.0,0.0,1.0,390.0,16300000.0,16500000.0,16500000.0,160397.96800664056,0,693.0,160397.96800664056
74,agg_BIHAR,74,2098,FeedstockAggregator,agg_BIHAR,BIHAR,0.0,0.0,0.0,0.0,1.0,390.0,3233333.333,3333333.333,3333333.333,85490.36144725543,0,467.50000000000006,85490.36144725543
74,agg_ANDHRA_PRADESH,74,2098,FeedstockAggregator,agg_ANDHRA_PRADESH,ANDHRA_PRADESH,0.0,0.0,0.0,0.0,1.0,405.0,2625548.263279106,2725548.263279106,3000000.0,85022.29777344248,0,495.00000000000006,0.0
74,agg_TAMIL_NADU,74,2098,FeedstockAggregator,agg_TAMIL_NADU,TAMIL_NADU,0.0,0.0,0.0,0.0,1.0,435.0,1132071.7369267317,1232071.7369267317,1333333.333,78183.46104986248,0,522.5,78183.46104986248
74,agg_MAHARASHTRA,74,2098,FeedstockAggregator,agg_MAHARASHTRA,MAHARASHTRA,0.0,0.0,0.0,0.0,1.0,435.0,10233333.333,10333333.333,10333333.333,79647.36233556095,0,517.0,79647.36233556095
74,agg_KARNATAKA,74,2098,FeedstockAggregator,agg_KARNATAKA,KARNATAKA,0.0,0.0,0.0,0.0,1.0,405.0,5566666.667,5666666.667,5666666.667,80234.82260009811,0,489.50000000000006,80234.82260009811
74,agg_WEST_BENGAL,74,2098,FeedstockAggregator,agg_WEST_BENGAL,WEST_BENGAL,0.0,0.0,0.0,0.0,1.0,405.0,4426720.390578414,4526720.390578414,5497000.0,84171.3538191226,0,500.50000000000006,84171.3538191226
74,agg_CHHATTISGARH,74,2098,FeedstockAggregator,agg_CHHATTISGARH,CHHATTISGARH,0.0,0.0,0.0,0.0,1.0,360.0,1954077.4323962699,2154077.43239627,2666666.667,164430.7837875958,0,660.0,164430.7837875958
74,agg_ODISHA,74,2098,FeedstockAggregator,agg_ODISHA,ODISHA,0.0,0.0,0.0,0.0,1.0,360.0,3004666.667,3204666.667,3204666.667,158047.7721580158,0,665.5,158047.7721580158
74,agg_MADHYA_PRADESH,74,2098,FeedstockAggregator,agg_MADHYA_PRADESH,MADHYA_PRADESH,0.0,0.0,0.0,0.0,1.0,390.0,3233333.333,3333333.333,3333333.333,83268.98731313777,0,473.00000000000006,83268.98731313777
74,agg_TELANGANA,74,2098,FeedstockAggregator,agg_TELANGANA,TELANGANA,0.0,0.0,0.0,0.0,1.0,390.0,4964971.494558957,5164971.494558957,5698000.0,165462.58985117893,0,698.5,165462.58985117893
74,agg_ASSAM,74,2098,FeedstockAggregator,agg_ASSAM,ASSAM,0.0,0.0,0.0,0.0,1.0,480.0,1525005.5261100023,1625005.5261100023,2000000.0,77249.18696151016,0,572.0,0.0
74,agg_JHARKHAND,74,2098,FeedstockAggregator,agg_JHARKHAND,JHARKHAND,0.0,0.0,0.0,0.0,1.0,435.0,1566666.667,1666666.667,1666666.667,82810.57633881283,0,528.0,82810.57633881283
74,agg_RAJASTHAN,74,2098,FeedstockAggregator,agg_RAJASTHAN,RAJASTHAN,0.0,0.0,0.0,0.0,1.0,435.0,1969543.947730574,2069543.947730574,2333333.333,86687.64211908758,0,533.5,86687.64211908758
74,agg_KERALA,74,2098,FeedstockAggregator,agg_KERALA,KERALA,0.0,0.0,0.0,0.0,1.0,480.0,900000.0,1000000.0,1000000.0,83841.7354205433,0,577.5,0.0
74,agg_GUJARAT,74,2098,FeedstockAggregator,agg_GUJARAT,GUJARAT,0.0,0.0,0.0,0.0,1.0,405.0,1483333.333,1583333.333,1583333.333,86464.66907388219,0,495.00000000000006,86464.66907388219
75,agg_PUNJAB,75,2099,FeedstockAggregator,agg_PUNJAB,PUNJAB,0.0,0.0,0.0,0.0,1.0,360.0,3670495.486051299,3870495.486051299,4787000.0,168035.90760538398,0,660.0,168035.90760538398
75,agg_HARYANA,75,2099,FeedstockAggregator,agg_HARYANA,HARYANA,0.0,0.0,0.0,0.0,1.0,360.0,3800000.0,4000000.0,4000000.0,157559.16418701463,0,665.5,157559.16418701463
75,agg_UTTAR_PRADESH,75,2099,FeedstockAggregator,agg_UTTAR_PRADESH,UTTAR_PRADESH,0.0,0.0,0.0,0.0,1.0,390.0,16300000.0,16500000.0,16500000.0,160397.96800664056,0,693.0,160397.96800664056
75,agg_BIHAR,75,2099,FeedstockAggregator,agg_BIHAR,BIHAR,0.0,0.0,0.0,0.0,1.0,390.0,3213085.087250601,3313085.087250601,3333333.333,85490.36144725543,0,467.50000000000006,85490.36144725543
75,agg_ANDHRA_PRADESH,75,2099,FeedstockAggregator,agg_ANDHRA_PRADESH,ANDHRA_PRADESH,0.0,0.0,0.0,0.0,1.0,405.0,2900000.0,3000000.0,3000000.0,85022.29777344248,0,495.00000000000006,85022.29777344248
75,agg_TAMIL_NADU,75,2099,FeedstockAggregator,agg_TAMIL_NADU,TAMIL_NADU,0.0,0.0,0.0,0.0,1.0,435.0,1060015.721299227,1160015.721299227,1333333.333,78183.46104986248,0,522.5,78183.46104986248
75,agg_MAHARASHTRA,75,2099,FeedstockAggregator,agg_MAHARASHTRA,MAHARASHTRA,0.0,0.0,0.0,0.0,1.0,435.0,9560920.350115944,9660920.350115944,10333333.333,79647.36233556095,0,517.0,79647.36233556095
75,agg_KARNATAKA,75,2099,FeedstockAggregator,agg_KARNATAKA,KARNATAKA,0.0,0.0,0.0,0.0,1.0,405.0,4981452.897918799,5081452.897918799,5666666.667,80234.82260009811,0,489.50000000000006,80234.82260009811
75,agg_WEST_BENGAL,75,2099,FeedstockAggregator,agg_WEST_BENGAL,WEST_BENGAL,0.0,0.0,0.0,0.0,1.0,405.0,5397000.0,5497000.0,5497000.0,84171.3538191226,0,500.50000000000006,84171.3538191226
75,agg_CHHATTISGARH,75,2099,FeedstockAggregator,agg_CHHATTISGARH,CHHATTISGARH,0.0,0.0,0.0,0.0,1.0,360.0,2466666.667,2666666.667,2666666.667,164430.7837875958,0,660.0,164430.7837875958
75,agg_ODISHA,75,2099,FeedstockAggregator,agg_ODISHA,ODISHA,0.0,0.0,0.0,0.0,1.0,360.0,3004666.667,3204666.667,3204666.667,158047.7721580158,0,665.5,158047.7721580158
75,agg_MADHYA_PRADESH,75,2099,FeedstockAggregator,agg_MADHYA_PRADESH,MADHYA_PRADESH,0.0,0.0,0.0,0.0,1.0,390.0,3233333.333,3333333.333,3333333.333,83268.98731313777,0,473.00000000000006,83268.98731313777
75,agg_TELANGANA,75,2099,FeedstockAggregator,agg_TELANGANA,TELANGANA,0.0,0.0,0.0,0.0,1.0,390.0,5498000.0,5698000.0,5698000.0,165462.58985117893,0,698.5,165462.58985117893
75,agg_ASSAM,75,2099,FeedstockAggregator,agg_ASSAM,ASSAM,0.0,0.0,0.0,0.0,1.0,480.0,1900000.0,2000000.0,2000000.0,77249.18696151016,0,572.0,77249.18696151016
75,agg_JHARKHAND,75,2099,FeedstockAggregator,agg_JHARKHAND,JHARKHAND,0.0,0.0,0.0,0.0,1.0,435.0,1247094.7018565657,1347094.7018565657,1666666.667,82810.57633881283,0,528.0,82810.57633881283
75,agg_RAJASTHAN,75,2099,FeedstockAggregator,agg_RAJASTHAN,RAJASTHAN,0.0,0.0,0.0,0.0,1.0,435.0,1926104.5793195586,2026104.5793195586,2333333.333,86687.64211908758,0,533.5,86687.64211908758
75,agg_KERALA,75,2099,FeedstockAggregator,agg_KERALA,KERALA,0.0,0.0,0.0,0.0,1.0,480.0,892892.1323397201,992892.1323397201,1000000.0,83841.7354205433,0,577.5,83841.7354205433
75,agg_GUJARAT,75,2099,FeedstockAggregator,agg_GUJARAT,GUJARAT,0.0,0.0,0.0,0.0,1.0,405.0,1257629.29786089,1357629.29786089,1583333.333,86464.66907388219,0,495.00000000000006,86464.66907388219
76,agg_PUNJAB,76,2100,FeedstockAggregator,agg_PUNJAB,PUNJAB,0.0,0.0,0.0,0.0,1.0,360.0,4587000.0,4787000.0,4787000.0,168035.90760538398,0,660.0,168035.90760538398
76,agg_HARYANA,76,2100,FeedstockAggregator,agg_HARYANA,HARYANA,0.0,0.0,0.0,0.0,1.0,360.0,3800000.0,4000000.0,4000000.0,157559.16418701463,0,665.5,157559.16418701463
76,agg_UTTAR_PRADESH,76,2100,FeedstockAggregator,agg_UTTAR_PRADESH,UTTAR_PRADESH,0.0,0.0,0.0,0.0,1.0,390.0,16300000.0,16500000.0,16500000.0,160397.96800664056,0,693.0,160397.96800664056
76,agg_BIHAR,76,2100,FeedstockAggregator,agg_BIHAR,BIHAR,0.0,0.0,0.0,0.0,1.0,390.0,2911612.0010472625,3011612.0010472625,3333333.333,85490.36144725543,0,467.50000000000006,85490.36144725543
76,agg_ANDHRA_PRADESH,76,2100,FeedstockAggregator,agg_ANDHRA_PRADESH,ANDHRA_PRADESH,0.0,0.0,0.0,0.0,1.0,405.0,2900000.0,3000000.0,3000000.0,85022.29777344248,0,495.00000000000006,85022.29777344248
76,agg_TAMIL_NADU,76,2100,FeedstockAggregator,agg_TAMIL_NADU,TAMIL_NADU,0.0,0.0,0.0,0.0,1.0,435.0,1194089.2732488906,1294089.2732488906,1333333.333,78183.46104986248,0,522.5,78183.46104986248
76,agg_MAHARASHTRA,76,2100,FeedstockAggregator,agg_MAHARASHTRA,MAHARASHTRA,0.0,0.0,0.0,0.0,1.0,435.0,10233333.333,10333333.333,10333333.333,79647.36233556095,0,517.0,79647.36233556095
76,agg_KARNATAKA,76,2100,FeedstockAggregator,agg_KARNATAKA,KARNATAKA,0.0,0.0,0.0,0.0,1.0,405.0,4817035.137449332,4917035.137449332,5666666.667,80234.82260009811,0,489.50000000000006,80234.82260009811
76,agg_WEST_BENGAL,76,2100,FeedstockAggregator,agg_WEST_BENGAL,WEST_BENGAL,0.0,0.0,0.0,0.0,1.0,405.0,5397000.0,5497000.0,5497000.0,84171.3538191226,0,500.50000000000006,84171.3538191226
76,agg_CHHATTISGARH,76,2100,FeedstockAggregator,agg_CHHATTISGARH,CHHATTISGARH,0.0,0.0,0.0,0.0,1.0,360.0,2466666.667,2666666.667,2666666.667,164430.7837875958,0,660.0,164430.7837875958
76,agg_ODISHA,76,2100,FeedstockAggregator,agg_ODISHA,ODISHA,0.0,0.0,0.0,0.0,1.0,360.0,2953907.4720550603,3153907.4720550603,3204666.667,158047.7721580158,0,665.5,158047.7721580158
76,agg_MADHYA_PRADESH,76,2100,FeedstockAggregator,agg_MADHYA_PRADESH,MADHYA_PRADESH,0.0,0.0,0.0,0.0,1.0,390.0,3233333.333,3333333.333,3333333.333,83268.98731313777,0,473.00000000000006,83268.98731313777
76,agg_TELANGANA,76,2100,FeedstockAggregator,agg_TELANGANA,TELANGANA,0.0,0.0,0.0,0.0,1.0,390.0,5498000.0,5698000.0,5698000.0,165462.58985117893,0,698.5,165462.58985117893
76,agg_ASSAM,76,2100,FeedstockAggregator,agg_ASSAM,ASSAM,0.0,0.0,0.0,0.0,1.0,480.0,1880759.7099791828,1980759.7099791828,2000000.0,77249.18696151016,0,572.0,77249.18696151016
76,agg_JHARKHAND,76,2100,FeedstockAggregator,agg_JHARKHAND,JHARKHAND,0.0,0.0,0.0,0.0,1.0,435.0,1566666.667,1666666.667,1666666.667,82810.57633881283,0,528.0,82810.57633881283
76,agg_RAJASTHAN,76,2100,FeedstockAggregator,agg_RAJASTHAN,RAJASTHAN,0.0,0.0,0.0,0.0,1.0,435.0,2233333.333,2333333.333,2333333.333,86687.64211908758,0,533.5,86687.64211908758
76,agg_KERALA,76,2100,FeedstockAggregator,agg_KERALA,KERALA,0.0,0.0,0.0,0.0,1.0,480.0,781284.7146370268,881284.7146370268,1000000.0,83841.7354205433,0,577.5,83841.7354205433
76,agg_GUJARAT,76,2100,FeedstockAggregator,agg_GUJARAT,GUJARAT,0.0,0.0,0.0,0.0,1.0,405.0,1465449.708372735,1565449.708372735,1583333.333,86464.66907388219,0,495.00000000000006,86464.66907388219
77,agg_PUNJAB,77,2101,FeedstockAggregator,agg_PUNJAB,PUNJAB,0.0,0.0,0.0,0.0,1.0,360.0,4587000.0,4787000.0,4787000.0,168035.90760538398,0,660.0,168035.90760538398
77,agg_HARYANA,77,2101,FeedstockAggregator,agg_HARYANA,HARYANA,0.0,0.0,0.0,0.0,1.0,360.0,3800000.0,4000000.0,4000000.0,157559.16418701463,0,665.5,157559.16418701463
77,agg_UTTAR_PRADESH,77,2101,FeedstockAggregator,agg_UTTAR_PRADESH,UTTAR_PRADESH,0.0,0.0,0.0,0.0,1.0,390.0,16300000.0,16500000.0,16500000.0,160397.96800664056,0,693.0,160397.96800664056
77,agg_BIHAR,77,2101,FeedstockAggregator,agg_BIHAR,BIHAR,0.0,0.0,0.0,0.0,1.0,390.0,3233333.333,3333333.333,3333333.333,85490.36144725543,0,467.50000000000006,0.0
77,agg_ANDHRA_PRADESH,77,2101,FeedstockAggregator,agg_ANDHRA_PRADESH,ANDHRA_PRADESH,0.0,0.0,0.0,0.0,1.0,405.0,2660597.62562875,2760597.62562875,3000000.0,85022.29777344248,0,495.00000000000006,85022.29777344248
77,agg_TAMIL_NADU,77,2101,FeedstockAggregator,agg_TAMIL_NADU,TAMIL_NADU,0.0,0.0,0.0,0.0,1.0,435.0,1020344.7201260894,1120344.7201260894,1333333.333,78183.46104986248,0,522.5,78183.46104986248
77,agg_MAHARASHTRA,77,2101,FeedstockAggregator,agg_MAHARASHTRA,MAHARASHTRA,0.0,0.0,0.0,0.0,1.0,435.0,8954146.808729848,9054146.808729848,10333333.333,79647.36233556095,0,517.0,79647.36233556095
77,agg_KARNATAKA,77,2101,FeedstockAggregator,agg_KARNATAKA,KARNATAKA,0.0,0.0,0.0,0.0,1.0,405.0,5407647.484816722,5507647.484816722,5666666.667,80234.82260009811,0,489.50000000000006,80234.82260009811
77,agg_WEST_BENGAL,77,2101,FeedstockAggregator,agg_WEST_BENGAL,WEST_BENGAL,0.0,0.0,0.0,0.0,1.0,405.0,5397000.0,5497000.0,5497000.0,84171.3538191226,0,500.50000000000006,0.0
77,agg_CHHATTISGARH,77,2101,FeedstockAggregator,agg_CHHATTISGARH,CHHATTISGARH,0.0,0.0,0.0,0.0,1.0,360.0,2207924.9032630366,2407924.9032630366,2666666.667,164430.7837875958,0,660.0,164430.7837875958
77,agg_ODISHA,77,2101,FeedstockAggregator,agg_ODISHA,ODISHA,0.0,0.0,0.0,0.0,1.0,360.0,3004666.667,3204666.667,3204666.667,158047.7721580158,0,665.5,158047.7721580158
77,agg_MADHYA_PRADESH,77,2101,FeedstockAggregator,agg_MADHYA_PRADESH,MADHYA_PRADESH,0.0,0.0,0.0,0.0,1.0,390.0,3233333.333,3333333.333,3333333.333,83268.98731313777,0,473.00000000000006,83268.98731313777
77,agg_TELANGANA,77,2101,FeedstockAggregator,agg_TELANGANA,TELANGANA,0.0,0.0,0.0,0.0,1.0,390.0,5498000.0,5698000.0,5698000.0,165462.58985117893,0,698.5,165462.58985117893
77,agg_ASSAM,77,2101,FeedstockAggregator,agg_ASSAM,ASSAM,0.0,0.0,0.0,0.0,1.0,480.0,1900000.0,2000000.0,2000000.0,77249.18696151016,0,572.0,77249.18696151016
77,agg_JHARKHAND,77,2101,FeedstockAggregator,agg_JHARKHAND,JHARKHAND,0.0,0.0,0.0,0.0,1.0,435.0,1566666.667,1666666.667,1666666.667,82810.57633881283,0,528.0,82810.57633881283
77,agg_RAJASTHAN,77,2101,FeedstockAggregator,agg_RAJASTHAN,RAJASTHAN,0.0,0.0,0.0,0.0,1.0,435.0,2233333.333,2333333.333,2333333.333,86687.64211908758,0,533.5,86687.64211908758
77,agg_KERALA,77,2101,FeedstockAggregator,agg_KERALA,KERALA,0.0,0.0,0.0,0.0,1.0,480.0,900000.0,1000000.0,1000000.0,83841.7354205433,0,577.5,83841.7354205433
77,agg_GUJARAT,77,2101,FeedstockAggregator,agg_GUJARAT,GUJARAT,0.0,0.0,0.0,0.0,1.0,405.0,1483333.333,1583333.333,1583333.333,86464.66907388219,0,495.00000000000006,86464.66907388219
78,agg_PUNJAB,78,2102,FeedstockAggregator,agg_PUNJAB,PUNJAB,0.0,0.0,0.0,0.0,1.0,360.0,4587000.0,4787000.0,4787000.0,168035.90760538398,0,660.0,168035.90760538398
78,agg_HARYANA,78,2102,FeedstockAggregator,agg_HARYANA,HARYANA,0.0,0.0,0.0,0.0,1.0,360.0,3472495.619992873,3672495.619992873,4000000.0,157559.16418701463,0,665.5,157559.16418701463
78,agg_UTTAR_PRADESH,78,2102,FeedstockAggregator,agg_UTTAR_PRADESH,UTTAR_PRADESH,0.0,0.0,0.0,0.0,1.0,390.0,16300000.0,16500000.0,16500000.0,160397.96800664056,0,693.0,160397.96800664056
78,agg_BIHAR,78,2102,FeedstockAggregator,agg_BIHAR,BIHAR,0.0,0.0,0.0,0.0,1.0,390.0,3233333.333,3333333.333,3333333.333,85490.36144725543,0,467.50000000000006,85490.36144725543
78,agg_ANDHRA_PRADESH,78,2102,FeedstockAggregator,agg_ANDHRA_PRADESH,ANDHRA_PRADESH,0.0,0.0,0.0,0.0,1.0,405.0,2603649.501206663,2703649.501206663,3000000.0,85022.29777344248,0,495.00000000000006,85022.29777344248
78,agg_TAMIL_NADU,78,2102,FeedstockAggregator,agg_TAMIL_NADU,TAMIL_NADU,0.0,0.0,0.0,0.0,1.0,435.0,1103442.0904161844,1203442.0904161844,1333333.333,78183.46104986248,0,522.5,78183.46104986248
78,agg_MAHARASHTRA,78,2102,FeedstockAggregator,agg_MAHARASHTRA,MAHARASHTRA,0.0,0.0,0.0,0.0,1.0,435.0,10233333.333,10333333.333,10333333.333,79647.36233556095,0,517.0,79647.36233556095
78,agg_KARNATAKA,78,2102,FeedstockAggregator,agg_KARNATAKA,KARNATAKA,0.0,0.0,0.0,0.0,1.0,405.0,5095731.937374836,5195731.937374836,5666666.667,80234.82260009811,0,489.50000000000006,80234.82260009811
78,agg_WEST_BENGAL,78,2102,FeedstockAggregator,agg_WEST_BENGAL,WEST_BENGAL,0.0,0.0,0.0,0.0,1.0,405.0,4942038.760694712,5042038.760694712,5497000.0,84171.3538191226,0,500.50000000000006,84171.3538191226
78,agg_CHHATTISGARH,78,2102,FeedstockAggregator,agg_CHHATTISGARH,CHHATTISGARH,0.0,0.0,0.0,0.0,1.0,360.0,2276573.0772797037,2476573.0772797037,2666666.667,164430.7837875958,0,660.0,164430.7837875958
78,agg_ODISHA,78,2102,FeedstockAggregator,agg_ODISHA,ODISHA,0.0,0.0,0.0,0.0,1.0,360.0,3004666.667,3204666.667,3204666.667,158047.7721580158,0,665.5,158047.7721580158
78,agg_MADHYA_PRADESH,78,2102,FeedstockAggregator,agg_MADHYA_PRADESH,MADHYA_PRADESH,0.0,0.0,0.0,0.0,1.0,390.0,2668034.8062263955,2768034.8062263955,3333333.333,83268.98731313777,0,473.00000000000006,0.0
78,agg_TELANGANA,78,2102,FeedstockAggregator,agg_TELANGANA,TELANGANA,0.0,0.0,0.0,0.0,1.0,390.0,4451816.911633626,4651816.911633626,5698000.0,165462.58985117893,0,698.5,165462.58985117893
78,agg_ASSAM,78,2102,FeedstockAggregator,agg_ASSAM,ASSAM,0.0,0.0,0.0,0.0,1.0,480.0,1752281.9206443497,1852281.9206443497,2000000.0,77249.18696151016,0,572.0,77249.18696151016
78,agg_JHARKHAND,78,2102,FeedstockAggregator,agg_JHARKHAND,JHARKHAND,0.0,0.0,0.0,0.0,1.0,435.0,1566666.667,1666666.667,1666666.667,82810.57633881283,0,528.0,82810.57633881283
78,agg_RAJASTHAN,78,2102,FeedstockAggregator,agg_RAJASTHAN,RAJASTHAN,0.0,0.0,0.0,0.0,1.0,435.0,2233333.333,2333333.333,2333333.333,86687.64211908758,0,533.5,86687.64211908758
78,agg_KERALA,78,2102,FeedstockAggregator,agg_KERALA,KERALA,0.0,0.0,0.0,0.0,1.0,480.0,900000.0,1000000.0,1000000.0,83841.7354205433,0,577.5,83841.7354205433
78,agg_GUJARAT,78,2102,FeedstockAggregator,agg_GUJARAT,GUJARAT,0.0,0.0,0.0,0.0,1.0,405.0,1168785.3544672953,1268785.3544672953,1583333.333,86464.66907388219,0,495.00000000000006,86464.66907388219
79,agg_PUNJAB,79,2103,FeedstockAggregator,agg_PUNJAB,PUNJAB,0.0,0.0,0.0,0.0,1.0,360.0,4587000.0,4787000.0,4787000.0,168035.90760538398,0,660.0,168035.90760538398
79,agg_HARYANA,79,2103,FeedstockAggregator,agg_HARYANA,HARYANA,0.0,0.0,0.0,0.0,1.0,360.0,3800000.0,4000000.0,4000000.0,157559.16418701463,0,665.5,157559.16418701463
79,agg_UTTAR_PRADESH,79,2103,FeedstockAggregator,agg_UTTAR_PRADESH,UTTAR_PRADESH,0.0,0.0,0.0,0.0,1.0,390.0,16300000.0,16500000.0,16500000.0,160397.96800664056,0,693.0,81734.12948093614
79,agg_BIHAR,79,2103,FeedstockAggregator,agg_BIHAR,BIHAR,0.0,0.0,0.0,0.0,1.0,390.0,3233333.333,3333333.333,3333333.333,85490.36144725543,0,467.50000000000006,85490.36144725543
79,agg_ANDHRA_PRADESH,79,2103,FeedstockAggregator,agg_ANDHRA_PRADESH,ANDHRA_PRADESH,0.0,0.0,0.0,0.0,1.0,405.0,2900000.0,3000000.0,3000000.0,85022.29777344248,0,495.00000000000006,85022.29777344248
79,agg_TAMIL_NADU,79,2103,FeedstockAggregator,agg_TAMIL_NADU,TAMIL_NADU,0.0,0.0,0.0,0.0,1.0,435.0,1085231.8034254296,1185231.8034254296,1333333.333,78183.46104986248,0,522.5,78183.46104986248
79,agg_MAHARASHTRA,79,2103,FeedstockAggregator,agg_MAHARASHTRA,MAHARASHTRA,0.0,0.0,0.0,0.0,1.0,435.0,10233333.333,10333333.333,10333333.333,79647.36233556095,0,517.0,0.0
79,agg_KARNATAKA,79,2103,FeedstockAggregator,agg_KARNATAKA,KARNATAKA,0.0,0.0,0.0,0.0,1.0,405.0,5136570.45607618,5236570.45607618,5666666.667,80234.82260009811,0,489.50000000000006,80234.82260009811
79,agg_WEST_BENGAL,79,2103,FeedstockAggregator,agg_WEST_BENGAL,WEST_BENGAL,0.0,0.0,0.0,0.0,1.0,405.0,5397000.0,5497000.0,5497000.0,84171.3538191226,0,500.50000000000006,84171.3538191226
79,agg_CHHATTISGARH,79,2103,FeedstockAggregator,agg_CHHATTISGARH,CHHATTISGARH,0.0,0.0,0.0,0.0,1.0,360.0,2466666.667,2666666.667,2666666.667,164430.7837875958,0,660.0,164430.7837875958
79,agg_ODISHA,79,2103,FeedstockAggregator,agg_ODISHA,ODISHA,0.0,0.0,0.0,0.0,1.0,360.0,3004666.667,3204666.667,3204666.667,158047.7721580158,0,665.5,158047.7721580158
79,agg_MADHYA_PRADESH,79,2103,FeedstockAggregator,agg_MADHYA_PRADESH,MADHYA_PRADESH,0.0,0.0,0.0,0.0,1.0,390.0,2968330.7590417485,3068330.7590417485,3333333.333,83268.98731313777,0,473.00000000000006,83268.98731313777
79,agg_TELANGANA,79,2103,FeedstockAggregator,agg_TELANGANA,TELANGANA,0.0,0.0,0.0,0.0,1.0,390.0,5467510.336954279,5667510.336954279,5698000.0,165462.58985117893,0,698.5,79130.73438588412
79,agg_ASSAM,79,2103,FeedstockAggregator,agg_ASSAM,ASSAM,0.0,0.0,0.0,0.0,1.0,480.0,1844919.4017253425,1944919.4017253425,2000000.0,77249.18696151016,0,572.0,77249.18696151016
79,agg_JHARKHAND,79,2103,FeedstockAggregator,agg_JHARKHAND,JHARKHAND,0.0,0.0,0.0,0.0,1.0,435.0,1481932.2291420058,1581932.2291420058,1666666.667,82810.57633881283,0,528.0,82810.57633881283
79,agg_RAJASTHAN,79,2103,FeedstockAggregator,agg_RAJASTHAN,RAJASTHAN,0.0,0.0,0.0,0.0,1.0,435.0,2233333.333,2333333.333,2333333.333,86687.64211908758,0,533.5,86687.64211908758
79,agg_KERALA,79,2103,FeedstockAggregator,agg_KERALA,KERALA,0.0,0.0,0.0,0.0,1.0,480.0,716362.5338898558,816362.5338898558,1000000.0,83841.7354205433,0,577.5,83841.7354205433
79,agg_GUJARAT,79,2103,FeedstockAggregator,agg_GUJARAT,GUJARAT,0.0,0.0,0.0,0.0,1.0,405.0,1354727.2897298236,1454727.2897298236,1583333.333,86464.66907388219,0,495.00000000000006,86464.66907388219
80,agg_PUNJAB,80,2104,FeedstockAggregator,agg_PUNJAB,PUNJAB,0.0,0.0,0.0,0.0,1.0,360.0,3893711.3789739613,4093711.3789739613,4787000.0,168035.90760538398,0,660.0,168035.90760538398
80,agg_HARYANA,80,2104,FeedstockAggregator,agg_HARYANA,HARYANA,0.0,0.0,0.0,0.0,1.0,360.0,3398236.0510532972,3598236.0510532972,4000000.0,157559.16418701463,0,665.5,157559.16418701463
80,agg_UTTAR_PRADESH,80,2104,FeedstockAggregator,agg_UTTAR_PRADESH,UTTAR_PRADESH,0.0,0.0,0.0,0.0,1.0,390.0,16300000.0,16500000.0,16500000.0,160397.96800664056,0,693.0,160397.96800664056
80,agg_BIHAR,80,2104,FeedstockAggregator,agg_BIHAR,BIHAR,0.0,0.0,0.0,0.0,1.0,390.0,3137634.271312534,3237634.271312534,3333333.333,85490.36144725543,0,467.50000000000006,85490.36144725543
80,agg_ANDHRA_PRADESH,80,2104,FeedstockAggregator,agg_ANDHRA_PRADESH,ANDHRA_PRADESH,0.0,0.0,0.0,0.0,1.0,405.0,2900000.0,3000000.0,3000000.0,85022.29777344248,0,495.00000000000006,85022.29777344248
80,agg_TAMIL_NADU,80,2104,FeedstockAggregator,agg_TAMIL_NADU,TAMIL_NADU,0.0,0.0,0.0,0.0,1.0,435.0,1233333.333,1333333.333,1333333.333,78183.46104986248,0,522.5,78183.46104986248
80,agg_MAHARASHTRA,80,2104,FeedstockAggregator,agg_MAHARASHTRA,MAHARASHTRA,0.0,0.0,0.0,0.0,1.0,435.0,10233333.333,10333333.333,10333333.333,79647.36233556095,0,517.0,79647.36233556095
80,agg_KARNATAKA,80,2104,FeedstockAggregator,agg_KARNATAKA,KARNATAKA,0.0,0.0,0.0,0.0,1.0,405.0,5566666.667,5666666.667,5666666.667,80234.82260009811,0,489.50000000000006,80234.82260009811
80,agg_WEST_BENGAL,80,2104,FeedstockAggregator,agg_WEST_BENGAL,WEST_BENGAL,0.0,0.0,0.0,0.0,1.0,405.0,5397000.0,5497000.0,5497000.0,84171.3538191226,0,500.50000000000006,84171.3538191226
80,agg_CHHATTISGARH,80,2104,FeedstockAggregator,agg_CHHATTISGARH,CHHATTISGARH,0.0,0.0,0.0,0.0,1.0,360.0,2466666.667,2666666.667,2666666.667,164430.7837875958,0,660.0,164430.7837875958
80,agg_ODISHA,80,2104,FeedstockAggregator,agg_ODISHA,ODISHA,0.0,0.0,0.0,0.0,1.0,360.0,2991389.8751275153,3191389.8751275153,3204666.667,158047.7721580158,0,665.5,158047.7721580158
80,agg_MADHYA_PRADESH,80,2104,FeedstockAggregator,agg_MADHYA_PRADESH,MADHYA_PRADESH,0.0,0.0,0.0,0.0,1.0,390.0,2854737.010584071,2954737.010584071,3333333.333,83268.98731313777,0,473.00000000000006,83268.98731313777
80,agg_TELANGANA,80,2104,FeedstockAggregator,agg_TELANGANA,TELANGANA,0.0,0.0,0.0,0.0,1.0,390.0,4377234.513561897,4577234.513561897,5698000.0,165462.58985117893,0,698.5,165462.58985117893
80,agg_ASSAM,80,2104,FeedstockAggregator,agg_ASSAM,ASSAM,0.0,0.0,0.0,0.0,1.0,480.0,1900000.0,2000000.0,2000000.0,77249.18696151016,0,572.0,77249.18696151016
80,agg_JHARKHAND,80,2104,FeedstockAggregator,agg_JHARKHAND,JHARKHAND,0.0,0.0,0.0,0.0,1.0,435.0,1566666.667,1666666.667,1666666.667,82810.57633881283,0,528.0,82810.57633881283
80,agg_RAJASTHAN,80,2104,FeedstockAggregator,agg_RAJASTHAN,RAJASTHAN,0.0,0.0,0.0,0.0,1.0,435.0,1784102.5510809596,1884102.5510809596,2333333.333,86687.64211908758,0,533.5,86687.64211908758
80,agg_KERALA,80,2104,FeedstockAggregator,agg_KERALA,KERALA,0.0,0.0,0.0,0.0,1.0,480.0,704564.3965639598,804564.3965639598,1000000.0,83841.7354205433,0,577.5,83841.7354205433
80,agg_GUJARAT,80,2104,FeedstockAggregator,agg_GUJARAT,GUJARAT,0.0,0.0,0.0,0.0,1.0,405.0,1483333.333,1583333.333,1583333.333,86464.66907388219,0,495.00000000000006,86464.66907388219
81,agg_PUNJAB,81,2105,FeedstockAggregator,agg_PUNJAB,PUNJAB,0.0,0.0,0.0,0.0,1.0,360.0,4587000.0,4787000.0,4787000.0,168035.90760538398,0,660.0,168035.90760538398
81,agg_HARYANA,81,2105,FeedstockAggregator,agg_HARYANA,HARYANA,0.0,0.0,0.0,0.0,1.0,360.0,3052814.586913284,3252814.586913284,4000000.0,157559.16418701463,0,665.5,157559.16418701463
81,agg_UTTAR_PRADESH,81,2105,FeedstockAggregator,agg_UTTAR_PRADESH,UTTAR_PRADESH,0.0,0.0,0.0,0.0,1.0,390.0,16300000.0,16500000.0,16500000.0,160397.96800664056,0,693.0,160397.96800664056
81,agg_BIHAR,81,2105,FeedstockAggregator,agg_BIHAR,BIHAR,0.0,0.0,0.0,0.0,1.0,390.0,3233333.333,3333333.333,3333333.333,85490.36144725543,0,467.50000000000006,85490.36144725543
81,agg_ANDHRA_PRADESH,81,2105,FeedstockAggregator,agg_ANDHRA_PRADESH,ANDHRA_PRADESH,0.0,0.0,0.0,0.0,1.0,405.0,2900000.0,3000000.0,3000000.0,85022.29777344248,0,495.00000000000006,85022.29777344248
81,agg_TAMIL_NADU,81,2105,FeedstockAggregator,agg_TAMIL_NADU,TAMIL_NADU,0.0,0.0,0.0,0.0,1.0,435.0,1176466.5748246962,1276466.5748246962,1333333.333,78183.46104986248,0,522.5,78183.46104986248
81,agg_MAHARASHTRA,81,2105,FeedstockAggregator,agg_MAHARASHTRA,MAHARASHTRA,0.0,0.0,0.0,0.0,1.0,435.0,10233333.333,10333333.333,10333333.333,79647.36233556095,0,517.0,79647.36233556095
81,agg_KARNATAKA,81,2105,FeedstockAggregator,agg_KARNATAKA,KARNATAKA,0.0,0.0,0.0,0.0,1.0,405.0,5220531.041530938,5320531.041530938,5666666.667,80234.82260009811,0,489.50000000000006,80234.82260009811
81,agg_WEST_BENGAL,81,2105,FeedstockAggregator,agg_WEST_BENGAL,WEST_BENGAL,0.0,0.0,0.0,0.0,1.0,405.0,5397000.0,5497000.0,5497000.0,84171.3538191226,0,500.50000000000006,84171.3538191226
81,agg_CHHATTISGARH,81,2105,FeedstockAggregator,agg_CHHATTISGARH,CHHATTISGARH,0.0,0.0,0.0,0.0,1.0,360.0,2224211.8330982733,2424211.8330982733,2666666.667,164430.7837875958,0,660.0,164430.7837875958
81,agg_ODISHA,81,2105,FeedstockAggregator,agg_ODISHA,ODISHA,0.0,0.0,0.0,0.0,1.0,360.0,2734568.721623807,2934568.721623807,3204666.667,158047.7721580158,0,665.5,158047.7721580158
81,agg_MADHYA_PRADESH,81,2105,FeedstockAggregator,agg_MADHYA_PRADESH,MADHYA_PRADESH,0.0,0.0,0.0,0.0,1.0,390.0,3115176.635476334,3215176.635476334,3333333.333,83268.98731313777,0,473.00000000000006,83268.98731313777
81,agg_TELANGANA,81,2105,FeedstockAggregator,agg_TELANGANA,TELANGANA,0.0,0.0,0.0,0.0,1.0,390.0,4495016.448892028,4695016.448892028,5698000.0,165462.58985117893,0,698.5,165462.58985117893
81,agg_ASSAM,81,2105,FeedstockAggregator,agg_ASSAM,ASSAM,0.0,0.0,0.0,0.0,1.0,480.0,1900000.0,2000000.0,2000000.0,77249.18696151016,0,572.0,77249.18696151016
81,agg_JHARKHAND,81,2105,FeedstockAggregator,agg_JHARKHAND,JHARKHAND,0.0,0.0,0.0,0.0,1.0,435.0,1388974.3940925798,1488974.3940925798,1666666.667,82810.57633881283,0,528.0,82810.57633881283
81,agg_RAJASTHAN,81,2105,FeedstockAggregator,agg_RAJASTHAN,RAJASTHAN,0.0,0.0,0.0,0.0,1.0,435.0,2233333.333,2333333.333,2333333.333,86687.64211908758,0,533.5,86687.64211908758
81,agg_KERALA,81,2105,FeedstockAggregator,agg_KERALA,KERALA,0.0,0.0,0.0,0.0,1.0,480.0,900000.0,1000000.0,1000000.0,83841.7354205433,0,577.5,83841.7354205433
81,agg_GUJARAT,81,2105,FeedstockAggregator,agg_GUJARAT,GUJARAT,0.0,0.0,0.0,0.0,1.0,405.0,1195508.4038957332,1295508.4038957332,1583333.333,86464.66907388219,0,495.00000000000006,86464.66907388219
82,agg_PUNJAB,82,2106,FeedstockAggregator,agg_PUNJAB,PUNJAB,0.0,0.0,0.0,0.0,1.0,360.0,4587000.0,4787000.0,4787000.0,168035.90760538398,0,660.0,168035.90760538398
82,agg_HARYANA,82,2106,FeedstockAggregator,agg_HARYANA,HARYANA,0.0,0.0,0.0,0.0,1.0,360.0,3800000.0,4000000.0,4000000.0,157559.16418701463,0,665.5,157559.16418701463
82,agg_UTTAR_PRADESH,82,2106,FeedstockAggregator,agg_UTTAR_PRADESH,UTTAR_PRADESH,0.0,0.0,0.0,0.0,1.0,390.0,16264652.402828569,16464652.402828569,16500000.0,160397.96800664056,0,693.0,78663.83852570443
82,agg_BIHAR,82,2106,FeedstockAggregator,agg_BIHAR,BIHAR,0.0,0.0,0.0,0.0,1.0,390.0,2614144.536974568,2714144.536974568,3333333.333,85490.36144725543,0,467.50000000000006,85490.36144725543
82,agg_ANDHRA_PRADESH,82,2106,FeedstockAggregator,agg_ANDHRA_PRADESH,ANDHRA_PRADESH,0.0,0.0,0.0,0.0,1.0,405.0,2352189.277988236,2452189.277988236,3000000.0,85022.29777344248,0,495.00000000000006,85022.29777344248
82,agg_TAMIL_NADU,82,2106,FeedstockAggregator,agg_TAMIL_NADU,TAMIL_NADU,0.0,0.0,0.0,0.0,1.0,435.0,1233333.333,1333333.333,1333333.333,78183.46104986248,0,522.5,0.0
82,agg_MAHARASHTRA,82,2106,FeedstockAggregator,agg_MAHARASHTRA,MAHARASHTRA,0.0,0.0,0.0,0.0,1.0,435.0,10233333.333,10333333.333,10333333.333,79647.36233556095,0,517.0,79647.36233556095
82,agg_KARNATAKA,82,2106,FeedstockAggregator,agg_KARNATAKA,KARNATAKA,0.0,0.0,0.0,0.0,1.0,405.0,5046207.671765979,5146207.671765979,5666666.667,80234.82260009811,0,489.50000000000006,80234.82260009811
82,agg_WEST_BENGAL,82,2106,FeedstockAggregator,agg_WEST_BENGAL,WEST_BENGAL,0.0,0.0,0.0,0.0,1.0,405.0,4599643.396082003,4699643.396082003,5497000.0,84171.3538191226,0,500.50000000000006,84171.3538191226
82,agg_CHHATTISGARH,82,2106,FeedstockAggregator,agg_CHHATTISGARH,CHHATTISGARH,0.0,0.0,0.0,0.0,1.0,360.0,2040002.3930466473,2240002.3930466473,2666666.667,164430.7837875958,0,660.0,164430.7837875958
82,agg_ODISHA,82,2106,FeedstockAggregator,agg_ODISHA,ODISHA,0.0,0.0,0.0,0.0,1.0,360.0,3004666.667,3204666.667,3204666.667,158047.7721580158,0,665.5,158047.7721580158
82,agg_MADHYA_PRADESH,82,2106,FeedstockAggregator,agg_MADHYA_PRADESH,MADHYA_PRADESH,0.0,0.0,0.0,0.0,1.0,390.0,3233333.333,3333333.333,3333333.333,83268.98731313777,0,473.00000000000006,83268.98731313777
82,agg_TELANGANA,82,2106,FeedstockAggregator,agg_TELANGANA,TELANGANA,0.0,0.0,0.0,0.0,1.0,390.0,4411644.834864573,4611644.834864573,5698000.0,165462.58985117893,0,698.5,165462.58985117893
82,agg_ASSAM,82,2106,FeedstockAggregator,agg_ASSAM,ASSAM,0.0,0.0,0.0,0.0,1.0,480.0,1875861.0462576,1975861.0462576,2000000.0,77249.18696151016,0,572.0,77249.18696151016
82,agg_JHARKHAND,82,2106,FeedstockAggregator,agg_JHARKHAND,JHARKHAND,0.0,0.0,0.0,0.0,1.0,435.0,1566666.667,1666666.667,1666666.667,82810.57633881283,0,528.0,0.0
82,agg_RAJASTHAN,82,2106,FeedstockAggregator,agg_RAJASTHAN,RAJASTHAN,0.0,0.0,0.0,0.0,1.0,435.0,1947442.8546924558,2047442.8546924558,2333333.333,86687.64211908758,0,533.5,86687.64211908758
82,agg_KERALA,82,2106,FeedstockAggregator,agg_KERALA,KERALA,0.0,0.0,0.0,0.0,1.0,480.0,900000.0,1000000.0,1000000.0,83841.7354205433,0,577.5,83841.7354205433
82,agg_GUJARAT,82,2106,FeedstockAggregator,agg_GUJARAT,GUJARAT,0.0,0.0,0.0,0.0,1.0,405.0,1313922.2192715371,1413922.2192715371,1583333.333,86464.66907388219,0,495.00000000000006,86464.66907388219
83,agg_PUNJAB,83,2107,FeedstockAggregator,agg_PUNJAB,PUNJAB,0.0,0.0,0.0,0.0,1.0,360.0,4060784.1305944575,4260784.1305944575,4787000.0,168035.90760538398,0,660.0,168035.90760538398
83,agg_HARYANA,83,2107,FeedstockAggregator,agg_HARYANA,HARYANA,0.0,0.0,0.0,0.0,1.0,360.0,3800000.0,4000000.0,4000000.0,157559.16418701463,0,665.5,157559.16418701463
83,agg_UTTAR_PRADESH,83,2107,FeedstockAggregator,agg_UTTAR_PRADESH,UTTAR_PRADESH,0.0,0.0,0.0,0.0,1.0,390.0,16300000.0,16500000.0,16500000.0,160397.96800664056,0,693.0,160397.96800664056
83,agg_BIHAR,83,2107,FeedstockAggregator,agg_BIHAR,BIHAR,0.0,0.0,0.0,0.0,1.0,390.0,3027013.7229644842,3127013.7229644842,3333333.333,85490.36144725543,0,467.50000000000006,85490.36144725543
83,agg_ANDHRA_PRADESH,83,2107,FeedstockAggregator,agg_ANDHRA_PRADESH,ANDHRA_PRADESH,0.0,0.0,0.0,0.0,1.0,405.0,2764084.405452452,2864084.405452452,3000000.0,85022.29777344248,0,495.00000000000006,85022.29777344248
83,agg_TAMIL_NADU,83,2107,FeedstockAggregator,agg_TAMIL_NADU,TAMIL_NADU,0.0,0.0,0.0,0.0,1.0,435.0,1233333.333,1333333.333,1333333.333,78183.46104986248,0,522.5,78183.46104986248
83,agg_MAHARASHTRA,83,2107,FeedstockAggregator,agg_MAHARASHTRA,MAHARASHTRA,0.0,0.0,0.0,0.0,1.0,435.0,10233333.333,10333333.333,10333333.333,79647.36233556095,0,517.0,79647.36233556095
83,agg_KARNATAKA,83,2107,FeedstockAggregator,agg_KARNATAKA,KARNATAKA,0.0,0.0,0.0,0.0,1.0,405.0,4648926.177150498,4748926.177150498,5666666.667,80234.82260009811,0,489.50000000000006,80234.82260009811
83,agg_WEST_BENGAL,83,2107,FeedstockAggregator,agg_WEST_BENGAL,WEST_BENGAL,0.0,0.0,0.0,0.0,1.0,405.0,5397000.0,5497000.0,5497000.0,84171.3538191226,0,500.50000000000006,84171.3538191226
83,agg_CHHATTISGARH,83,2107,FeedstockAggregator,agg_CHHATTISGARH,CHHATTISGARH,0.0,0.0,0.0,0.0,1.0,360.0,2392780.013815544,2592780.013815544,2666666.667,164430.7837875958,0,660.0,164430.7837875958
83,agg_ODISHA,83,2107,FeedstockAggregator,agg_ODISHA,ODISHA,0.0,0.0,0.0,0.0,1.0,360.0,3004666.667,3204666.667,3204666.667,158047.7721580158,0,665.5,158047.7721580158
83,agg_MADHYA_PRADESH,83,2107,FeedstockAggregator,agg_MADHYA_PRADESH,MADHYA_PRADESH,0.0,0.0,0.0,0.0,1.0,390.0,3233333.333,3333333.333,3333333.333,83268.98731313777,0,473.00000000000006,83268.98731313777
83,agg_TELANGANA,83,2107,FeedstockAggregator,agg_TELANGANA,TELANGANA,0.0,0.0,0.0,0.0,1.0,390.0,5498000.0,5698000.0,5698000.0,165462.58985117893,0,698.5,165462.58985117893
83,agg_ASSAM,83,2107,FeedstockAggregator,agg_ASSAM,ASSAM,0.0,0.0,0.0,0.0,1.0,480.0,1800049.0188794802,1900049.0188794802,2000000.0,77249.18696151016,0,572.0,77249.18696151016
83,agg_JHARKHAND,83,2107,FeedstockAggregator,agg_JHARKHAND,JHARKHAND,0.0,0.0,0.0,0.0,1.0,435.0,1513413.258561279,1613413.258561279,1666666.667,82810.57633881283,0,528.0,82810.57633881283
83,agg_RAJASTHAN,83,2107,FeedstockAggregator,agg_RAJASTHAN,RAJASTHAN,0.0,0.0,0.0,0.0,1.0,435.0,1851636.2085536676,1951636.2085536676,2333333.333,86687.64211908758,0,533.5,86687.64211908758
83,agg_KERALA,83,2107,FeedstockAggregator,agg_KERALA,KERALA,0.0,0.0,0.0,0.0,1.0,480.0,900000.0,1000000.0,1000000.0,83841.7354205433,0,577.5,83841.7354205433
83,agg_GUJARAT,83,2107,FeedstockAggregator,agg_GUJARAT,GUJARAT,0.0,0.0,0.0,0.0,1.0,405.0,1483333.333,1583333.333,1583333.333,86464.66907388219,0,495.00000000000006,86464.66907388219
84,agg_PUNJAB,84,2108,FeedstockAggregator,agg_PUNJAB,PUNJAB,0.0,0.0,0.0,0.0,1.0,360.0,4587000.0,4787000.0,4787000.0,168035.90760538398,0,660.0,85086.78188179786
84,agg_HARYANA,84,2108,FeedstockAggregator,agg_HARYANA,HARYANA,0.0,0.0,0.0,0.0,1.0,360.0,3057149.966627055,3257149.966627055,4000000.0,157559.16418701463,0,665.5,157559.16418701463
84,agg_UTTAR_PRADESH,84,2108,FeedstockAggregator,agg_UTTAR_PRADESH,UTTAR_PRADESH,0.0,0.0,0.0,0.0,1.0,390.0,16300000.0,16500000.0,16500000.0,160397.96800664056,0,693.0,160397.96800664056
84,agg_BIHAR,84,2108,FeedstockAggregator,agg_BIHAR,BIHAR,0.0,0.0,0.0,0.0,1.0,390.0,3233333.333,3333333.333,3333333.333,85490.36144725543,0,467.50000000000006,85490.36144725543
84,agg_ANDHRA_PRADESH,84,2108,FeedstockAggregator,agg_ANDHRA_PRADESH,ANDHRA_PRADESH,0.0,0.0,0.0,0.0,1.0,405.0,2900000.0,3000000.0,3000000.0,85022.29777344248,0,495.00000000000006,85022.29777344248
84,agg_TAMIL_NADU,84,2108,FeedstockAggregator,agg_TAMIL_NADU,TAMIL_NADU,0.0,0.0,0.0,0.0,1.0,435.0,995714.577047853,1095714.577047853,1333333.333,78183.46104986248,0,522.5,78183.46104986248
84,agg_MAHARASHTRA,84,2108,FeedstockAggregator,agg_MAHARASHTRA,MAHARASHTRA,0.0,0.0,0.0,0.0,1.0,435.0,9850637.00396162,9950637.00396162,10333333.333,79647.36233556095,0,517.0,79647.36233556095
84,agg_KARNATAKA,84,2108,FeedstockAggregator,agg_KARNATAKA,KARNATAKA,0.0,0.0,0.0,0.0,1.0,405.0,5231273.95003585,5331273.95003585,5666666.667,80234.82260009811,0,489.50000000000006,80234.82260009811
84,agg_WEST_BENGAL,84,2108,FeedstockAggregator,agg_WEST_BENGAL,WEST_BENGAL,0.0,0.0,0.0,0.0,1.0,405.0,5397000.0,5497000.0,5497000.0,84171.3538191226,0,500.50000000000006,84171.3538191226
84,agg_CHHATTISGARH,84,2108,FeedstockAggregator,agg_CHHATTISGARH,CHHATTISGARH,0.0,0.0,0.0,0.0,1.0,360.0,2466666.667,2666666.667,2666666.667,164430.7837875958,0,660.0,84705.10601401102
84,agg_ODISHA,84,2108,FeedstockAggregator,agg_ODISHA,ODISHA,0.0,0.0,0.0,0.0,1.0,360.0,2476111.0217070067,2676111.0217070067,3204666.667,158047.7721580158,0,665.5,158047.7721580158
84,agg_MADHYA_PRADESH,84,2108,FeedstockAggregator,agg_MADHYA_PRADESH,MADHYA_PRADESH,0.0,0.0,0.0,0.0,1.0,390.0,2984943.7337002493,3084943.7337002493,3333333.333,83268.98731313777,0,473.00000000000006,83268.98731313777
84,agg_TELANGANA,84,2108,FeedstockAggregator,agg_TELANGANA,TELANGANA,0.0,0.0,0.0,0.0,1.0,390.0,5498000.0,5698000.0,5698000.0,165462.58985117893,0,698.5,165462.58985117893
84,agg_ASSAM,84,2108,FeedstockAggregator,agg_ASSAM,ASSAM,0.0,0.0,0.0,0.0,1.0,480.0,1900000.0,2000000.0,2000000.0,77249.18696151016,0,572.0,77249.18696151016
84,agg_JHARKHAND,84,2108,FeedstockAggregator,agg_JHARKHAND,JHARKHAND,0.0,0.0,0.0,0.0,1.0,435.0,1566666.667,1666666.667,1666666.667,82810.57633881283,0,528.0,82810.57633881283
84,agg_RAJASTHAN,84,2108,FeedstockAggregator,agg_RAJASTHAN,RAJASTHAN,0.0,0.0,0.0,0.0,1.0,435.0,2233333.333,2333333.333,2333333.333,86687.64211908758,0,533.5,0.0
84,agg_KERALA,84,2108,FeedstockAggregator,agg_KERALA,KERALA,0.0,0.0,0.0,0.0,1.0,480.0,900000.0,1000000.0,1000000.0,83841.7354205433,0,577.5,83841.7354205433
84,agg_GUJARAT,84,2108,FeedstockAggregator,agg_GUJARAT,GUJARAT,0.0,0.0,0.0,0.0,1.0,405.0,1377518.5312516803,1477518.5312516803,1583333.333,86464.66907388219,0,495.00000000000006,86464.66907388219
85,agg_PUNJAB,85,2109,FeedstockAggregator,agg_PUNJAB,PUNJAB,0.0,0.0,0.0,0.0,1.0,360.0,4587000.0,4787000.0,4787000.0,168035.90760538398,0,660.0,168035.90760538398
85,agg_HARYANA,85,2109,FeedstockAggregator,agg_HARYANA,HARYANA,0.0,0.0,0.0,0.0,1.0,360.0,3783712.116784398,3983712.116784398,4000000.0,157559.16418701463,0,665.5,78051.53832283065
85,agg_UTTAR_PRADESH,85,2109,FeedstockAggregator,agg_UTTAR_PRADESH,UTTAR_PRADESH,0.0,0.0,0.0,0.0,1.0,390.0,14582707.931598216,14782707.931598216,16500000.0,160397.96800664056,0,693.0,160397.96800664056
85,agg_BIHAR,85,2109,FeedstockAggregator,agg_BIHAR,BIHAR,0.0,0.0,0.0,0.0,1.0,390.0,3233333.333,3333333.333,3333333.333,85490.36144725543,0,467.50000000000006,85490.36144725543
85,agg_ANDHRA_PRADESH,85,2109,FeedstockAggregator,agg_ANDHRA_PRADESH,ANDHRA_PRADESH,0.0,0.0,0.0,0.0,1.0,405.0,2522740.1154275574,2622740.1154275574,3000000.0,85022.29777344248,0,495.00000000000006,85022.29777344248
85,agg_TAMIL_NADU,85,2109,FeedstockAggregator,agg_TAMIL_NADU,TAMIL_NADU,0.0,0.0,0.0,0.0,1.0,435.0,1162636.8818361422,1262636.8818361422,1333333.333,78183.46104986248,0,522.5,78183.46104986248
85,agg_MAHARASHTRA,85,2109,FeedstockAggregator,agg_MAHARASHTRA,MAHARASHTRA,0.0,0.0,0.0,0.0,1.0,435.0,10233333.333,10333333.333,10333333.333,79647.36233556095,0,517.0,79647.36233556095
85,agg_KARNATAKA,85,2109,FeedstockAggregator,agg_KARNATAKA,KARNATAKA,0.0,0.0,0.0,0.0,1.0,405.0,5541771.541905242,5641771.541905242,5666666.667,80234.82260009811,0,489.50000000000006,80234.82260009811
85,agg_WEST_BENGAL,85,2109,FeedstockAggregator,agg_WEST_BENGAL,WEST_BENGAL,0.0,0.0,0.0,0.0,1.0,405.0,4961096.911767134,5061096.911767134,5497000.0,84171.3538191226,0,500.50000000000006,84171.3538191226
85,agg_CHHATTISGARH,85,2109,FeedstockAggregator,agg_CHHATTISGARH,CHHATTISGARH,0.0,0.0,0.0,0.0,1.0,360.0,2044872.0683157505,2244872.0683157505,2666666.667,164430.7837875958,0,660.0,164430.7837875958
85,agg_ODISHA,85,2109,FeedstockAggregator,agg_ODISHA,ODISHA,0.0,0.0,0.0,0.0,1.0,360.0,2380749.426480516,2580749.426480516,3204666.667,158047.7721580158,0,665.5,158047.7721580158
85,agg_MADHYA_PRADESH,85,2109,FeedstockAggregator,agg_MADHYA_PRADESH,MADHYA_PRADESH,0.0,0.0,0.0,0.0,1.0,390.0,3233333.333,3333333.333,3333333.333,83268.98731313777,0,473.00000000000006,83268.98731313777
85,agg_TELANGANA,85,2109,FeedstockAggregator,agg_TELANGANA,TELANGANA,0.0,0.0,0.0,0.0,1.0,390.0,5498000.0,5698000.0,5698000.0,165462.58985117893,0,698.5,165462.58985117893
85,agg_ASSAM,85,2109,FeedstockAggregator,agg_ASSAM,ASSAM,0.0,0.0,0.0,0.0,1.0,480.0,1592990.2119502577,1692990.2119502577,2000000.0,77249.18696151016,0,572.0,77249.18696151016
85,agg_JHARKHAND,85,2109,FeedstockAggregator,agg_JHARKHAND,JHARKHAND,0.0,0.0,0.0,0.0,1.0,435.0,1411531.0500346674,1511531.0500346674,1666666.667,82810.57633881283,0,528.0,82810.57633881283
85,agg_RAJASTHAN,85,2109,FeedstockAggregator,agg_RAJASTHAN,RAJASTHAN,0.0,0.0,0.0,0.0,1.0,435.0,2233333.333,2333333.333,2333333.333,86687.64211908758,0,533.5,86687.64211908758
85,agg_KERALA,85,2109,FeedstockAggregator,agg_KERALA,KERALA,0.0,0.0,0.0,0.0,1.0,480.0,885085.1586092251,985085.1586092251,1000000.0,83841.7354205433,0,577.5,83841.7354205433
85,agg_GUJARAT,85,2109,FeedstockAggregator,agg_GUJARAT,GUJARAT,0.0,0.0,0.0,0.0,1.0,405.0,1271572.9308976221,1371572.9308976221,1583333.333,86464.66907388219,0,495.00000000000006,86464.66907388219
86,agg_PUNJAB,86,2110,FeedstockAggregator,agg_PUNJAB,PUNJAB,0.0,0.0,0.0,0.0,1.0,360.0,4542821.920928423,4742821.920928423,4787000.0,168035.90760538398,0,660.0,168035.90760538398
86,agg_HARYANA,86,2110,FeedstockAggregator,agg_HARYANA,HARYANA,0.0,0.0,0.0,0.0,1.0,360.0,3538727.3198705073,3738727.3198705073,4000000.0,157559.16418701463,0,665.5,157559.16418701463
86,agg_UTTAR_PRADESH,86,2110,FeedstockAggregator,agg_UTTAR_PRADESH,UTTAR_PRADESH,0.0,0.0,0.0,0.0,1.0,390.0,13993488.15986399,14193488.15986399,16500000.0,160397.96800664056,0,693.0,160397.96800664056
86,agg_BIHAR,86,2110,FeedstockAggregator,agg_BIHAR,BIHAR,0.0,0.0,0.0,0.0,1.0,390.0,3233333.333,3333333.333,3333333.333,85490.36144725543,0,467.50000000000006,85490.36144725543
86,agg_ANDHRA_PRADESH,86,2110,FeedstockAggregator,agg_ANDHRA_PRADESH,ANDHRA_PRADESH,0.0,0.0,0.0,0.0,1.0,405.0,2662261.086095598,2762261.086095598,3000000.0,85022.29777344248,0,495.00000000000006,85022.29777344248
86,agg_TAMIL_NADU,86,2110,FeedstockAggregator,agg_TAMIL_NADU,TAMIL_NADU,0.0,0.0,0.0,0.0,1.0,435.0,1233333.333,1333333.333,1333333.333,78183.46104986248,0,522.5,78183.46104986248
86,agg_MAHARASHTRA,86,2110,FeedstockAggregator,agg_MAHARASHTRA,MAHARASHTRA,0.0,0.0,0.0,0.0,1.0,435.0,10233333.333,10333333.333,10333333.333,79647.36233556095,0,517.0,79647.36233556095
86,agg_KARNATAKA,86,2110,FeedstockAggregator,agg_KARNATAKA,KARNATAKA,0.0,0.0,0.0,0.0,1.0,405.0,5566666.667,5666666.667,5666666.667,80234.82260009811,0,489.50000000000006,80234.82260009811
86,agg_WEST_BENGAL,86,2110,FeedstockAggregator,agg_WEST_BENGAL,WEST_BENGAL,0.0,0.0,0.0,0.0,1.0,405.0,5397000.0,5497000.0,5497000.0,84171.3538191226,0,500.50000000000006,84171.3538191226
86,agg_CHHATTISGARH,86,2110,FeedstockAggregator,agg_CHHATTISGARH,CHHATTISGARH,0.0,0.0,0.0,0.0,1.0,360.0,2438370.4713288792,2638370.4713288792,2666666.667,164430.7837875958,0,660.0,164430.7837875958
86,agg_ODISHA,86,2110,FeedstockAggregator,agg_ODISHA,ODISHA,0.0,0.0,0.0,0.0,1.0,360.0,3004666.667,3204666.667,3204666.667,158047.7721580158,0,665.5,76223.71755342207
86,agg_MADHYA_PRADESH,86,2110,FeedstockAggregator,agg_MADHYA_PRADESH,MADHYA_PRADESH,0.0,0.0,0.0,0.0,1.0,390.0,2661250.993580333,2761250.993580333,3333333.333,83268.98731313777,0,473.00000000000006,83268.98731313777
86,agg_TELANGANA,86,2110,FeedstockAggregator,agg_TELANGANA,TELANGANA,0.0,0.0,0.0,0.0,1.0,390.0,5498000.0,5698000.0,5698000.0,165462.58985117893,0,698.5,86331.85546529482
86,agg_ASSAM,86,2110,FeedstockAggregator,agg_ASSAM,ASSAM,0.0,0.0,0.0,0.0,1.0,480.0,1570407.211571909,1670407.211571909,2000000.0,77249.18696151016,0,572.0,77249.18696151016
86,agg_JHARKHAND,86,2110,FeedstockAggregator,agg_JHARKHAND,JHARKHAND,0.0,0.0,0.0,0.0,1.0,435.0,1259777.9569639962,1359777.9569639962,1666666.667,82810.57633881283,0,528.0,82810.57633881283
86,agg_RAJASTHAN,86,2110,FeedstockAggregator,agg_RAJASTHAN,RAJASTHAN,0.0,0.0,0.0,0.0,1.0,435.0,1843319.6066311295,1943319.6066311295,2333333.333,86687.64211908758,0,533.5,86687.64211908758
86,agg_KERALA,86,2110,FeedstockAggregator,agg_KERALA,KERALA,0.0,0.0,0.0,0.0,1.0,480.0,900000.0,1000000.0,1000000.0,83841.7354205433,0,577.5,83841.7354205433
86,agg_GUJARAT,86,2110,FeedstockAggregator,agg_GUJARAT,GUJARAT,0.0,0.0,0.0,0.0,1.0,405.0,1173491.0543229089,1273491.0543229089,1583333.333,86464.66907388219,0,495.00000000000006,86464.66907388219
87,agg_PUNJAB,87,2111,FeedstockAggregator,agg_PUNJAB,PUNJAB,0.0,0.0,0.0,0.0,1.0,360.0,4587000.0,4787000.0,4787000.0,168035.90760538398,0,660.0,168035.90760538398
87,agg_HARYANA,87,2111,FeedstockAggregator,agg_HARYANA,HARYANA,0.0,0.0,0.0,0.0,1.0,360.0,3800000.0,4000000.0,4000000.0,157559.16418701463,0,665.5,157559.16418701463
87,agg_UTTAR_PRADESH,87,2111,FeedstockAggregator,agg_UTTAR_PRADESH,UTTAR_PRADESH,0.0,0.0,0.0,0.0,1.0,390.0,15198626.799472416,15398626.799472416,16500000.0,160397.96800664056,0,693.0,160397.96800664056
87,agg_BIHAR,87,2111,FeedstockAggregator,agg_BIHAR,BIHAR,0.0,0.0,0.0,0.0,1.0,390.0,2945587.688653394,3045587.688653394,3333333.333,85490.36144725543,0,467.50000000000006,85490.36144725543
87,agg_ANDHRA_PRADESH,87,2111,FeedstockAggregator,agg_ANDHRA_PRADESH,ANDHRA_PRADESH,0.0,0.0,0.0,0.0,1.0,405.0,2900000.0,3000000.0,3000000.0,85022.29777344248,0,495.00000000000006,85022.29777344248
87,agg_TAMIL_NADU,87,2111,FeedstockAggregator,agg_TAMIL_NADU,TAMIL_NADU,0.0,0.0,0.0,0.0,1.0,435.0,1131770.8515439876,1231770.8515439876,1333333.333,78183.46104986248,0,522.5,78183.46104986248
87,agg_MAHARASHTRA,87,2111,FeedstockAggregator,agg_MAHARASHTRA,MAHARASHTRA,0.0,0.0,0.0,0.0,1.0,435.0,9188710.342886489,9288710.342886489,10333333.333,79647.36233556095,0,517.0,79647.36233556095
87,agg_KARNATAKA,87,2111,FeedstockAggregator,agg_KARNATAKA,KARNATAKA,0.0,0.0,0.0,0.0,1.0,405.0,4739055.47941536,4839055.47941536,5666666.667,80234.82260009811,0,489.50000000000006,80234.82260009811
87,agg_WEST_BENGAL,87,2111,FeedstockAggregator,agg_WEST_BENGAL,WEST_BENGAL,0.0,0.0,0.0,0.0,1.0,405.0,5397000.0,5497000.0,5497000.0,84171.3538191226,0,500.50000000000006,84171.3538191226
87,agg_CHHATTISGARH,87,2111,FeedstockAggregator,agg_CHHATTISGARH,CHHATTISGARH,0.0,0.0,0.0,0.0,1.0,360.0,2008433.1572273024,2208433.1572273024,2666666.667,164430.7837875958,0,660.0,164430.7837875958
87,agg_ODISHA,87,2111,FeedstockAggregator,agg_ODISHA,ODISHA,0.0,0.0,0.0,0.0,1.0,360.0,2858056.186726761,3058056.186726761,3204666.667,158047.7721580158,0,665.5,158047.7721580158
87,agg_MADHYA_PRADESH,87,2111,FeedstockAggregator,agg_MADHYA_PRADESH,MADHYA_PRADESH,0.0,0.0,0.0,0.0,1.0,390.0,3233333.333,3333333.333,3333333.333,83268.98731313777,0,473.00000000000006,83268.98731313777
87,agg_TELANGANA,87,2111,FeedstockAggregator,agg_TELANGANA,TELANGANA,0.0,0.0,0.0,0.0,1.0,390.0,4579367.4364126725,4779367.4364126725,5698000.0,165462.58985117893,0,698.5,165462.58985117893
87,agg_ASSAM,87,2111,FeedstockAggregator,agg_ASSAM,ASSAM,0.0,0.0,0.0,0.0,1.0,480.0,1625015.6147095636,1725015.6147095636,2000000.0,77249.18696151016,0,572.0,77249.18696151016
87,agg_JHARKHAND,87,2111,FeedstockAggregator,agg_JHARKHAND,JHARKHAND,0.0,0.0,0.0,0.0,1.0,435.0,1538838.6753938731,1638838.6753938731,1666666.667,82810.57633881283,0,528.0,82810.57633881283
87,agg_RAJASTHAN,87,2111,FeedstockAggregator,agg_RAJASTHAN,RAJASTHAN,0.0,0.0,0.0,0.0,1.0,435.0,2116806.398009464,2216806.398009464,2333333.333,86687.64211908758,0,533.5,86687.64211908758
87,agg_KERALA,87,2111,FeedstockAggregator,agg_KERALA,KERALA,0.0,0.0,0.0,0.0,1.0,480.0,900000.0,1000000.0,1000000.0,83841.7354205433,0,577.5,83841.7354205433
87,agg_GUJARAT,87,2111,FeedstockAggregator,agg_GUJARAT,GUJARAT,0.0,0.0,0.0,0.0,1.0,405.0,1483333.333,1583333.333,1583333.333,86464.66907388219,0,495.00000000000006,86464.66907388219
88,agg_PUNJAB,88,2112,FeedstockAggregator,agg_PUNJAB,PUNJAB,0.0,0.0,0.0,0.0,1.0,360.0,4055307.548951042,4255307.548951042,4787000.0,168035.90760538398,0,660.0,168035.90760538398
88,agg_HARYANA,88,2112,FeedstockAggregator,agg_HARYANA,HARYANA,0.0,0.0,0.0,0.0,1.0,360.0,3514423.944076135,3714423.944076135,4000000.0,157559.16418701463,0,665.5,157559.16418701463
88,agg_UTTAR_PRADESH,88,2112,FeedstockAggregator,agg_UTTAR_PRADESH,UTTAR_PRADESH,0.0,0.0,0.0,0.0,1.0,390.0,16300000.0,16500000.0,16500000.0,160397.96800664056,0,693.0,160397.96800664056
88,agg_BIHAR,88,2112,FeedstockAggregator,agg_BIHAR,BIHAR,0.0,0.0,0.0,0.0,1.0,390.0,3233333.333,3333333.333,3333333.333,85490.36144725543,0,467.50000000000006,85490.36144725543
88,agg_ANDHRA_PRADESH,88,2112,FeedstockAggregator,agg_ANDHRA_PRADESH,ANDHRA_PRADESH,0.0,0.0,0.0,0.0,1.0,405.0,2900000.0,3000000.0,3000000.0,85022.29777344248,0,495.00000000000006,85022.29777344248
88,agg_TAMIL_NADU,88,2112,FeedstockAggregator,agg_TAMIL_NADU,TAMIL_NADU,0.0,0.0,0.0,0.0,1.0,435.0,1233333.333,1333333.333,1333333.333,78183.46104986248,0,522.5,78183.46104986248
88,agg_MAHARASHTRA,88,2112,FeedstockAggregator,agg_MAHARASHTRA,MAHARASHTRA,0.0,0.0,0.0,0.0,1.0,435.0,10233333.333,10333333.333,10333333.333,79647.36233556095,0,517.0,79647.36233556095
88,agg_KARNATAKA,88,2112,FeedstockAggregator,agg_KARNATAKA,KARNATAKA,0.0,0.0,0.0,0.0,1.0,405.0,4723912.783529925,4823912.783529925,5666666.667,80234.82260009811,0,489.50000000000006,80234.82260009811
88,agg_WEST_BENGAL,88,2112,FeedstockAggregator,agg_WEST_BENGAL,WEST_BENGAL,0.0,0.0,0.0,0.0,1.0,405.0,4755688.59605641,4855688.59605641,5497000.0,84171.3538191226,0,500.50000000000006,84171.3538191226
88,agg_CHHATTISGARH,88,2112,FeedstockAggregator,agg_CHHATTISGARH,CHHATTISGARH,0.0,0.0,0.0,0.0,1.0,360.0,2445825.2759950194,2645825.2759950194,2666666.667,164430.7837875958,0,660.0,79725.6777735848
88,agg_ODISHA,88,2112,FeedstockAggregator,agg_ODISHA,ODISHA,0.0,0.0,0.0,0.0,1.0,360.0,3004666.667,3204666.667,3204666.667,158047.7721580158,0,665.5,158047.7721580158
88,agg_MADHYA_PRADESH,88,2112,FeedstockAggregator,agg_MADHYA_PRADESH,MADHYA_PRADESH,0.0,0.0,0.0,0.0,1.0,390.0,3233333.333,3333333.333,3333333.333,83268.98731313777,0,473.00000000000006,83268.98731313777
88,agg_TELANGANA,88,2112,FeedstockAggregator,agg_TELANGANA,TELANGANA,0.0,0.0,0.0,0.0,1.0,390.0,5498000.0,5698000.0,5698000.0,165462.58985117893,0,698.5,165462.58985117893
88,agg_ASSAM,88,2112,FeedstockAggregator,agg_ASSAM,ASSAM,0.0,0.0,0.0,0.0,1.0,480.0,1900000.0,2000000.0,2000000.0,77249.18696151016,0,572.0,77249.18696151016
88,agg_JHARKHAND,88,2112,FeedstockAggregator,agg_JHARKHAND,JHARKHAND,0.0,0.0,0.0,0.0,1.0,435.0,1460979.152555953,1560979.152555953,1666666.667,82810.57633881283,0,528.0,82810.57633881283
88,agg_RAJASTHAN,88,2112,FeedstockAggregator,agg_RAJASTHAN,RAJASTHAN,0.0,0.0,0.0,0.0,1.0,435.0,2187726.5128785693,2287726.5128785693,2333333.333,86687.64211908758,0,533.5,86687.64211908758
88,agg_KERALA,88,2112,FeedstockAggregator,agg_KERALA,KERALA,0.0,0.0,0.0,0.0,1.0,480.0,834126.2361494476,934126.2361494476,1000000.0,83841.7354205433,0,577.5,83841.7354205433
88,agg_GUJARAT,88,2112,FeedstockAggregator,agg_GUJARAT,GUJARAT,0.0,0.0,0.0,0.0,1.0,405.0,1483333.333,1583333.333,1583333.333,86464.66907388219,0,495.00000000000006,86464.66907388219
89,agg_PUNJAB,89,2113,FeedstockAggregator,agg_PUNJAB,PUNJAB,0.0,0.0,0.0,0.0,1.0,360.0,4292689.765416895,4492689.765416895,4787000.0,168035.90760538398,0,660.0,168035.90760538398
89,agg_HARYANA,89,2113,FeedstockAggregator,agg_HARYANA,HARYANA,0.0,0.0,0.0,0.0,1.0,360.0,3800000.0,4000000.0,4000000.0,157559.16418701463,0,665.5,157559.16418701463
89,agg_UTTAR_PRADESH,89,2113,FeedstockAggregator,agg_UTTAR_PRADESH,UTTAR_PRADESH,0.0,0.0,0.0,0.0,1.0,390.0,16300000.0,16500000.0,16500000.0,160397.96800664056,0,693.0,160397.96800664056
89,agg_BIHAR,89,2113,FeedstockAggregator,agg_BIHAR,BIHAR,0.0,0.0,0.0,0.0,1.0,390.0,3233333.333,3333333.333,3333333.333,85490.36144725543,0,467.50000000000006,85490.36144725543
89,agg_ANDHRA_PRADESH,89,2113,FeedstockAggregator,agg_ANDHRA_PRADESH,ANDHRA_PRADESH,0.0,0.0,0.0,0.0,1.0,405.0,2748868.127540562,2848868.127540562,3000000.0,85022.29777344248,0,495.00000000000006,85022.29777344248
89,agg_TAMIL_NADU,89,2113,FeedstockAggregator,agg_TAMIL_NADU,TAMIL_NADU,0.0,0.0,0.0,0.0,1.0,435.0,1233333.333,1333333.333,1333333.333,78183.46104986248,0,522.5,78183.46104986248
89,agg_MAHARASHTRA,89,2113,FeedstockAggregator,agg_MAHARASHTRA,MAHARASHTRA,0.0,0.0,0.0,0.0,1.0,435.0,8311331.334322538,8411331.334322538,10333333.333,79647.36233556095,0,517.0,79647.36233556095
89,agg_KARNATAKA,89,2113,FeedstockAggregator,agg_KARNATAKA,KARNATAKA,0.0,0.0,0.0,0.0,1.0,405.0,5047070.403470761,5147070.403470761,5666666.667,80234.82260009811,0,489.50000000000006,0.0
89,agg_WEST_BENGAL,89,2113,FeedstockAggregator,agg_WEST_BENGAL,WEST_BENGAL,0.0,0.0,0.0,0.0,1.0,405.0,5397000.0,5497000.0,5497000.0,84171.3538191226,0,500.50000000000006,84171.3538191226
89,agg_CHHATTISGARH,89,2113,FeedstockAggregator,agg_CHHATTISGARH,CHHATTISGARH,0.0,0.0,0.0,0.0,1.0,360.0,2041769.5342759714,2241769.5342759714,2666666.667,164430.7837875958,0,660.0,164430.7837875958
89,agg_ODISHA,89,2113,FeedstockAggregator,agg_ODISHA,ODISHA,0.0,0.0,0.0,0.0,1.0,360.0,2518571.5438331706,2718571.5438331706,3204666.667,158047.7721580158,0,665.5,158047.7721580158
89,agg_MADHYA_PRADESH,89,2113,FeedstockAggregator,agg_MADHYA_PRADESH,MADHYA_PRADESH,0.0,0.0,0.0,0.0,1.0,390.0,3233333.333,3333333.333,3333333.333,83268.98731313777,0,473.00000000000006,83268.98731313777
89,agg_TELANGANA,89,2113,FeedstockAggregator,agg_TELANGANA,TELANGANA,0.0,0.0,0.0,0.0,1.0,390.0,5498000.0,5698000.0,5698000.0,165462.58985117893,0,698.5,165462.58985117893
89,agg_ASSAM,89,2113,FeedstockAggregator,agg_ASSAM,ASSAM,0.0,0.0,0.0,0.0,1.0,480.0,1900000.0,2000000.0,2000000.0,77249.18696151016,0,572.0,77249.18696151016
89,agg_JHARKHAND,89,2113,FeedstockAggregator,agg_JHARKHAND,JHARKHAND,0.0,0.0,0.0,0.0,1.0,435.0,1566666.667,1666666.667,1666666.667,82810.57633881283,0,528.0,82810.57633881283
89,agg_RAJASTHAN,89,2113,FeedstockAggregator,agg_RAJASTHAN,RAJASTHAN,0.0,0.0,0.0,0.0,1.0,435.0,1805376.1516095088,1905376.1516095088,2333333.333,86687.64211908758,0,533.5,86687.64211908758
89,agg_KERALA,89,2113,FeedstockAggregator,agg_KERALA,KERALA,0.0,0.0,0.0,0.0,1.0,480.0,714753.7557515653,814753.7557515653,1000000.0,83841.7354205433,0,577.5,83841.7354205433
89,agg_GUJARAT,89,2113,FeedstockAggregator,agg_GUJARAT,GUJARAT,0.0,0.0,0.0,0.0,1.0,405.0,1268599.8076772494,1368599.8076772494,1583333.333,86464.66907388219,0,495.00000000000006,86464.66907388219
90,agg_PUNJAB,90,2114,FeedstockAggregator,agg_PUNJAB,PUNJAB,0.0,0.0,0.0,0.0,1.0,360.0,4587000.0,4787000.0,4787000.0,168035.90760538398,0,660.0,168035.90760538398
90,agg_HARYANA,90,2114,FeedstockAggregator,agg_HARYANA,HARYANA,0.0,0.0,0.0,0.0,1.0,360.0,3800000.0,4000000.0,4000000.0,157559.16418701463,0,665.5,79507.62586418398
90,agg_UTTAR_PRADESH,90,2114,FeedstockAggregator,agg_UTTAR_PRADESH,UTTAR_PRADESH,0.0,0.0,0.0,0.0,1.0,390.0,16300000.0,16500000.0,16500000.0,160397.96800664056,0,693.0,160397.96800664056
90,agg_BIHAR,90,2114,FeedstockAggregator,agg_BIHAR,BIHAR,0.0,0.0,0.0,0.0,1.0,390.0,3233333.333,3333333.333,3333333.333,85490.36144725543,0,467.50000000000006,85490.36144725543
90,agg_ANDHRA_PRADESH,90,2114,FeedstockAggregator,agg_ANDHRA_PRADESH,ANDHRA_PRADESH,0.0,0.0,0.0,0.0,1.0,405.0,2900000.0,3000000.0,3000000.0,85022.29777344248,0,495.00000000000006,85022.29777344248
90,agg_TAMIL_NADU,90,2114,FeedstockAggregator,agg_TAMIL_NADU,TAMIL_NADU,0.0,0.0,0.0,0.0,1.0,435.0,1147288.2838241972,1247288.2838241972,1333333.333,78183.46104986248,0,522.5,78183.46104986248
90,agg_MAHARASHTRA,90,2114,FeedstockAggregator,agg_MAHARASHTRA,MAHARASHTRA,0.0,0.0,0.0,0.0,1.0,435.0,10233333.333,10333333.333,10333333.333,79647.36233556095,0,517.0,79647.36233556095
90,agg_KARNATAKA,90,2114,FeedstockAggregator,agg_KARNATAKA,KARNATAKA,0.0,0.0,0.0,0.0,1.0,405.0,5566666.667,5666666.667,5666666.667,80234.82260009811,0,489.50000000000006,80234.82260009811
90,agg_WEST_BENGAL,90,2114,FeedstockAggregator,agg_WEST_BENGAL,WEST_BENGAL,0.0,0.0,0.0,0.0,1.0,405.0,5388854.194674023,5488854.194674023,5497000.0,84171.3538191226,0,500.50000000000006,84171.3538191226
90,agg_CHHATTISGARH,90,2114,FeedstockAggregator,agg_CHHATTISGARH,CHHATTISGARH,0.0,0.0,0.0,0.0,1.0,360.0,2329510.8561234633,2529510.8561234633,2666666.667,164430.7837875958,0,660.0,164430.7837875958
90,agg_ODISHA,90,2114,FeedstockAggregator,agg_ODISHA,ODISHA,0.0,0.0,0.0,0.0,1.0,360.0,2486789.911511714,2686789.911511714,3204666.667,158047.7721580158,0,665.5,158047.7721580158
90,agg_MADHYA_PRADESH,90,2114,FeedstockAggregator,agg_MADHYA_PRADESH,MADHYA_PRADESH,0.0,0.0,0.0,0.0,1.0,390.0,3233333.333,3333333.333,3333333.333,83268.98731313777,0,473.00000000000006,83268.98731313777
90,agg_TELANGANA,90,2114,FeedstockAggregator,agg_TELANGANA,TELANGANA,0.0,0.0,0.0,0.0,1.0,390.0,4829155.906727007,5029155.906727007,5698000.0,165462.58985117893,0,698.5,165462.58985117893
90,agg_ASSAM,90,2114,FeedstockAggregator,agg_ASSAM,ASSAM,0.0,0.0,0.0,0.0,1.0,480.0,1788422.8292662338,1888422.8292662338,2000000.0,77249.18696151016,0,572.0,77249.18696151016
90,agg_JHARKHAND,90,2114,FeedstockAggregator,agg_JHARKHAND,JHARKHAND,0.0,0.0,0.0,0.0,1.0,435.0,1246207.4447902257,1346207.4447902257,1666666.667,82810.57633881283,0,528.0,82810.57633881283
90,agg_RAJASTHAN,90,2114,FeedstockAggregator,agg_RAJASTHAN,RAJASTHAN,0.0,0.0,0.0,0.0,1.0,435.0,1857179.650447869,1957179.650447869,2333333.333,86687.64211908758,0,533.5,86687.64211908758
90,agg_KERALA,90,2114,FeedstockAggregator,agg_KERALA,KERALA,0.0,0.0,0.0,0.0,1.0,480.0,900000.0,1000000.0,1000000.0,83841.7354205433,0,577.5,83841.7354205433
90,agg_GUJARAT,90,2114,FeedstockAggregator,agg_GUJARAT,GUJARAT,0.0,0.0,0.0,0.0,1.0,405.0,1399252.3590666598,1499252.3590666598,1583333.333,86464.66907388219,0,495.00000000000006,86464.66907388219
91,agg_PUNJAB,91,2115,FeedstockAggregator,agg_PUNJAB,PUNJAB,0.0,0.0,0.0,0.0,1.0,360.0,4182185.31805602,4382185.31805602,4787000.0,168035.90760538398,0,660.0,168035.90760538398
91,agg_HARYANA,91,2115,FeedstockAggregator,agg_HARYANA,HARYANA,0.0,0.0,0.0,0.0,1.0,360.0,3038252.7111992957,3238252.7111992957,4000000.0,157559.16418701463,0,665.5,157559.16418701463
91,agg_UTTAR_PRADESH,91,2115,FeedstockAggregator,agg_UTTAR_PRADESH,UTTAR_PRADESH,0.0,0.0,0.0,0.0,1.0,390.0,16300000.0,16500000.0,16500000.0,160397.96800664056,0,693.0,160397.96800664056
91,agg_BIHAR,91,2115,FeedstockAggregator,agg_BIHAR,BIHAR,0.0,0.0,0.0,0.0,1.0,390.0,3233333.333,3333333.333,3333333.333,85490.36144725543,0,467.50000000000006,85490.36144725543
91,agg_ANDHRA_PRADESH,91,2115,FeedstockAggregator,agg_ANDHRA_PRADESH,ANDHRA_PRADESH,0.0,0.0,0.0,0.0,1.0,405.0,2900000.0,3000000.0,3000000.0,85022.29777344248,0,495.00000000000006,85022.29777344248
91,agg_TAMIL_NADU,91,2115,FeedstockAggregator,agg_TAMIL_NADU,TAMIL_NADU,0.0,0.0,0.0,0.0,1.0,435.0,1093484.507234241,1193484.507234241,1333333.333,78183.46104986248,0,522.5,78183.46104986248
91,agg_MAHARASHTRA,91,2115,FeedstockAggregator,agg_MAHARASHTRA,MAHARASHTRA,0.0,0.0,0.0,0.0,1.0,435.0,10233333.333,10333333.333,10333333.333,79647.36233556095,0,517.0,79647.36233556095
91,agg_KARNATAKA,91,2115,FeedstockAggregator,agg_KARNATAKA,KARNATAKA,0.0,0.0,0.0,0.0,1.0,405.0,4786541.941063747,4886541.941063747,5666666.667,80234.82260009811,0,489.50000000000006,80234.82260009811
91,agg_WEST_BENGAL,91,2115,FeedstockAggregator,agg_WEST_BENGAL,WEST_BENGAL,0.0,0.0,0.0,0.0,1.0,405.0,5397000.0,5497000.0,5497000.0,84171.3538191226,0,500.50000000000006,84171.3538191226
91,agg_CHHATTISGARH,91,2115,FeedstockAggregator,agg_CHHATTISGARH,CHHATTISGARH,0.0,0.0,0.0,0.0,1.0,360.0,2466666.667,2666666.667,2666666.667,164430.7837875958,0,660.0,164430.7837875958
91,agg_ODISHA,91,2115,FeedstockAggregator,agg_ODISHA,ODISHA,0.0,0.0,0.0,0.0,1.0,360.0,3004666.667,3204666.667,3204666.667,158047.7721580158,0,665.5,158047.7721580158
91,agg_MADHYA_PRADESH,91,2115,FeedstockAggregator,agg_MADHYA_PRADESH,MADHYA_PRADESH,0.0,0.0,0.0,0.0,1.0,390.0,2928425.7229724852,3028425.7229724852,3333333.333,83268.98731313777,0,473.00000000000006,83268.98731313777
91,agg_TELANGANA,91,2115,FeedstockAggregator,agg_TELANGANA,TELANGANA,0.0,0.0,0.0,0.0,1.0,390.0,5222338.963593596,5422338.963593596,5698000.0,165462.58985117893,0,698.5,165462.58985117893
91,agg_ASSAM,91,2115,FeedstockAggregator,agg_ASSAM,ASSAM,0.0,0.0,0.0,0.0,1.0,480.0,1900000.0,2000000.0,2000000.0,77249.18696151016,0,572.0,77249.18696151016
91,agg_JHARKHAND,91,2115,FeedstockAggregator,agg_JHARKHAND,JHARKHAND,0.0,0.0,0.0,0.0,1.0,435.0,1298727.8311605481,1398727.8311605481,1666666.667,82810.57633881283,0,528.0,82810.57633881283
91,agg_RAJASTHAN,91,2115,FeedstockAggregator,agg_RAJASTHAN,RAJASTHAN,0.0,0.0,0.0,0.0,1.0,435.0,1810504.814643517,1910504.814643517,2333333.333,86687.64211908758,0,533.5,86687.64211908758
91,agg_KERALA,91,2115,FeedstockAggregator,agg_KERALA,KERALA,0.0,0.0,0.0,0.0,1.0,480.0,820746.7234199911,920746.7234199911,1000000.0,83841.7354205433,0,577.5,83841.7354205433
91,agg_GUJARAT,91,2115,FeedstockAggregator,agg_GUJARAT,GUJARAT,0.0,0.0,0.0,0.0,1.0,405.0,1483333.333,1583333.333,1583333.333,86464.66907388219,0,495.00000000000006,86464.66907388219
92,agg_PUNJAB,92,2116,FeedstockAggregator,agg_PUNJAB,PUNJAB,0.0,0.0,0.0,0.0,1.0,360.0,4587000.0,4787000.0,4787000.0,168035.90760538398,0,660.0,168035.90760538398
92,agg_HARYANA,92,2116,FeedstockAggregator,agg_HARYANA,HARYANA,0.0,0.0,0.0,0.0,1.0,360.0,3800000.0,4000000.0,4000000.0,157559.16418701463,0,665.5,157559.16418701463
92,agg_UTTAR_PRADESH,92,2116,FeedstockAggregator,agg_UTTAR_PRADESH,UTTAR_PRADESH,0.0,0.0,0.0,0.0,1.0,390.0,13110742.392275035,13310742.392275035,16500000.0,160397.96800664056,0,693.0,160397.96800664056
92,agg_BIHAR,92,2116,FeedstockAggregator,agg_BIHAR,BIHAR,0.0,0.0,0.0,0.0,1.0,390.0,3233333.333,3333333.333,3333333.333,85490.36144725543,0,467.50000000000006,85490.36144725543
92,agg_ANDHRA_PRADESH,92,2116,FeedstockAggregator,agg_ANDHRA_PRADESH,ANDHRA_PRADESH,0.0,0.0,0.0,0.0,1.0,405.0,2900000.0,3000000.0,3000000.0,85022.29777344248,0,495.00000000000006,85022.29777344248
92,agg_TAMIL_NADU,92,2116,FeedstockAggregator,agg_TAMIL_NADU,TAMIL_NADU,0.0,0.0,0.0,0.0,1.0,435.0,1233333.333,1333333.333,1333333.333,78183.46104986248,0,522.5,78183.46104986248
92,agg_MAHARASHTRA,92,2116,FeedstockAggregator,agg_MAHARASHTRA,MAHARASHTRA,0.0,0.0,0.0,0.0,1.0,435.0,10233333.333,10333333.333,10333333.333,79647.36233556095,0,517.0,79647.36233556095
92,agg_KARNATAKA,92,2116,FeedstockAggregator,agg_KARNATAKA,KARNATAKA,0.0,0.0,0.0,0.0,1.0,405.0,5364937.047644123,5464937.047644123,5666666.667,80234.82260009811,0,489.50000000000006,80234.82260009811
92,agg_WEST_BENGAL,92,2116,FeedstockAggregator,agg_WEST_BENGAL,WEST_BENGAL,0.0,0.0,0.0,0.0,1.0,405.0,5397000.0,5497000.0,5497000.0,84171.3538191226,0,500.50000000000006,84171.3538191226
92,agg_CHHATTISGARH,92,2116,FeedstockAggregator,agg_CHHATTISGARH,CHHATTISGARH,0.0,0.0,0.0,0.0,1.0,360.0,2466666.667,2666666.667,2666666.667,164430.7837875958,0,660.0,164430.7837875958
92,agg_ODISHA,92,2116,FeedstockAggregator,agg_ODISHA,ODISHA,0.0,0.0,0.0,0.0,1.0,360.0,2444316.4573354498,2644316.4573354498,3204666.667,158047.7721580158,0,665.5,81824.05460459372
92,agg_MADHYA_PRADESH,92,2116,FeedstockAggregator,agg_MADHYA_PRADESH,MADHYA_PRADESH,0.0,0.0,0.0,0.0,1.0,390.0,2569853.64233925,2669853.64233925,3333333.333,83268.98731313777,0,473.00000000000006,83268.98731313777
92,agg_TELANGANA,92,2116,FeedstockAggregator,agg_TELANGANA,TELANGANA,0.0,0.0,0.0,0.0,1.0,390.0,4886431.151629608,5086431.151629608,5698000.0,165462.58985117893,0,698.5,165462.58985117893
92,agg_ASSAM,92,2116,FeedstockAggregator,agg_ASSAM,ASSAM,0.0,0.0,0.0,0.0,1.0,480.0,1900000.0,2000000.0,2000000.0,77249.18696151016,0,572.0,77249.18696151016
92,agg_JHARKHAND,92,2116,FeedstockAggregator,agg_JHARKHAND,JHARKHAND,0.0,0.0,0.0,0.0,1.0,435.0,1284161.4308420534,1384161.4308420534,1666666.667,82810.57633881283,0,528.0,82810.57633881283
92,agg_RAJASTHAN,92,2116,FeedstockAggregator,agg_RAJASTHAN,RAJASTHAN,0.0,0.0,0.0,0.0,1.0,435.0,2233333.333,2333333.333,2333333.333,86687.64211908758,0,533.5,86687.64211908758
92,agg_KERALA,92,2116,FeedstockAggregator,agg_KERALA,KERALA,0.0,0.0,0.0,0.0,1.0,480.0,785869.2404831361,885869.2404831361,1000000.0,83841.7354205433,0,577.5,83841.7354205433
92,agg_GUJARAT,92,2116,FeedstockAggregator,agg_GUJARAT,GUJARAT,0.0,0.0,0.0,0.0,1.0,405.0,1483333.333,1583333.333,1583333.333,86464.66907388219,0,495.00000000000006,86464.66907388219
93,agg_PUNJAB,93,2117,FeedstockAggregator,agg_PUNJAB,PUNJAB,0.0,0.0,0.0,0.0,1.0,360.0,3660935.945911527,3860935.945911527,4787000.0,168035.90760538398,0,660.0,82949.12572358613
93,agg_HARYANA,93,2117,FeedstockAggregator,agg_HARYANA,HARYANA,0.0,0.0,0.0,0.0,1.0,360.0,3800000.0,4000000.0,4000000.0,157559.16418701463,0,665.5,157559.16418701463
93,agg_UTTAR_PRADESH,93,2117,FeedstockAggregator,agg_UTTAR_PRADESH,UTTAR_PRADESH,0.0,0.0,0.0,0.0,1.0,390.0,16300000.0,16500000.0,16500000.0,160397.96800664056,0,693.0,160397.96800664056
93,agg_BIHAR,93,2117,FeedstockAggregator,agg_BIHAR,BIHAR,0.0,0.0,0.0,0.0,1.0,390.0,3233333.333,3333333.333,3333333.333,85490.36144725543,0,467.50000000000006,85490.36144725543
93,agg_ANDHRA_PRADESH,93,2117,FeedstockAggregator,agg_ANDHRA_PRADESH,ANDHRA_PRADESH,0.0,0.0,0.0,0.0,1.0,405.0,2586669.949374959,2686669.949374959,3000000.0,85022.29777344248,0,495.00000000000006,85022.29777344248
93,agg_TAMIL_NADU,93,2117,FeedstockAggregator,agg_TAMIL_NADU,TAMIL_NADU,0.0,0.0,0.0,0.0,1.0,435.0,971751.1716916154,1071751.1716916154,1333333.333,78183.46104986248,0,522.5,78183.46104986248
93,agg_MAHARASHTRA,93,2117,FeedstockAggregator,agg_MAHARASHTRA,MAHARASHTRA,0.0,0.0,0.0,0.0,1.0,435.0,10233333.333,10333333.333,10333333.333,79647.36233556095,0,517.0,79647.36233556095
93,agg_KARNATAKA,93,2117,FeedstockAggregator,agg_KARNATAKA,KARNATAKA,0.0,0.0,0.0,0.0,1.0,405.0,5566666.667,5666666.667,5666666.667,80234.82260009811,0,489.50000000000006,80234.82260009811
93,agg_WEST_BENGAL,93,2117,FeedstockAggregator,agg_WEST_BENGAL,WEST_BENGAL,0.0,0.0,0.0,0.0,1.0,405.0,5397000.0,5497000.0,5497000.0,84171.3538191226,0,500.50000000000006,84171.3538191226
93,agg_CHHATTISGARH,93,2117,FeedstockAggregator,agg_CHHATTISGARH,CHHATTISGARH,0.0,0.0,0.0,0.0,1.0,360.0,2460664.2405759143,2660664.2405759143,2666666.667,164430.7837875958,0,660.0,164430.7837875958
93,agg_ODISHA,93,2117,FeedstockAggregator,agg_ODISHA,ODISHA,0.0,0.0,0.0,0.0,1.0,360.0,2442684.837318926,2642684.837318926,3204666.667,158047.7721580158,0,665.5,158047.7721580158
93,agg_MADHYA_PRADESH,93,2117,FeedstockAggregator,agg_MADHYA_PRADESH,MADHYA_PRADESH,0.0,0.0,0.0,0.0,1.0,390.0,3233333.333,3333333.333,3333333.333,83268.98731313777,0,473.00000000000006,83268.98731313777
93,agg_TELANGANA,93,2117,FeedstockAggregator,agg_TELANGANA,TELANGANA,0.0,0.0,0.0,0.0,1.0,390.0,5498000.0,5698000.0,5698000.0,165462.58985117893,0,698.5,165462.58985117893
93,agg_ASSAM,93,2117,FeedstockAggregator,agg_ASSAM,ASSAM,0.0,0.0,0.0,0.0,1.0,480.0,1900000.0,2000000.0,2000000.0,77249.18696151016,0,572.0,77249.18696151016
93,agg_JHARKHAND,93,2117,FeedstockAggregator,agg_JHARKHAND,JHARKHAND,0.0,0.0,0.0,0.0,1.0,435.0,1566666.667,1666666.667,1666666.667,82810.57633881283,0,528.0,82810.57633881283
93,agg_RAJASTHAN,93,2117,FeedstockAggregator,agg_RAJASTHAN,RAJASTHAN,0.0,0.0,0.0,0.0,1.0,435.0,1767327.9285966526,1867327.9285966526,2333333.333,86687.64211908758,0,533.5,86687.64211908758
93,agg_KERALA,93,2117,FeedstockAggregator,agg_KERALA,KERALA,0.0,0.0,0.0,0.0,1.0,480.0,900000.0,1000000.0,1000000.0,83841.7354205433,0,577.5,83841.7354205433
93,agg_GUJARAT,93,2117,FeedstockAggregator,agg_GUJARAT,GUJARAT,0.0,0.0,0.0,0.0,1.0,405.0,1483333.333,1583333.333,1583333.333,86464.66907388219,0,495.00000000000006,0.0
94,agg_PUNJAB,94,2118,FeedstockAggregator,agg_PUNJAB,PUNJAB,0.0,0.0,0.0,0.0,1.0,360.0,4170433.391744107,4370433.391744107,4787000.0,168035.90760538398,0,660.0,168035.90760538398
94,agg_HARYANA,94,2118,FeedstockAggregator,agg_HARYANA,HARYANA,0.0,0.0,0.0,0.0,1.0,360.0,3800000.0,4000000.0,4000000.0,157559.16418701463,0,665.5,157559.16418701463
94,agg_UTTAR_PRADESH,94,2118,FeedstockAggregator,agg_UTTAR_PRADESH,UTTAR_PRADESH,0.0,0.0,0.0,0.0,1.0,390.0,15481032.371489525,15681032.371489525,16500000.0,160397.96800664056,0,693.0,160397.96800664056
94,agg_BIHAR,94,2118,FeedstockAggregator,agg_BIHAR,BIHAR,0.0,0.0,0.0,0.0,1.0,390.0,2820534.8727966193,2920534.8727966193,3333333.333,85490.36144725543,0,467.50000000000006,85490.36144725543
94,agg_ANDHRA_PRADESH,94,2118,FeedstockAggregator,agg_ANDHRA_PRADESH,ANDHRA_PRADESH,0.0,0.0,0.0,0.0,1.0,405.0,2900000.0,3000000.0,3000000.0,85022.29777344248,0,495.00000000000006,85022.29777344248
94,agg_TAMIL_NADU,94,2118,FeedstockAggregator,agg_TAMIL_NADU,TAMIL_NADU,0.0,0.0,0.0,0.0,1.0,435.0,1172065.3816378291,1272065.3816378291,1333333.333,78183.46104986248,0,522.5,78183.46104986248
94,agg_MAHARASHTRA,94,2118,FeedstockAggregator,agg_MAHARASHTRA,MAHARASHTRA,0.0,0.0,0.0,0.0,1.0,435.0,9467413.752964508,9567413.752964508,10333333.333,79647.36233556095,0,517.0,79647.36233556095
94,agg_KARNATAKA,94,2118,FeedstockAggregator,agg_KARNATAKA,KARNATAKA,0.0,0.0,0.0,0.0,1.0,405.0,4479649.021899574,4579649.021899574,5666666.667,80234.82260009811,0,489.50000000000006,80234.82260009811
94,agg_WEST_BENGAL,94,2118,FeedstockAggregator,agg_WEST_BENGAL,WEST_BENGAL,0.0,0.0,0.0,0.0,1.0,405.0,4595709.473892606,4695709.473892606,5497000.0,84171.3538191226,0,500.50000000000006,84171.3538191226
94,agg_CHHATTISGARH,94,2118,FeedstockAggregator,agg_CHHATTISGARH,CHHATTISGARH,0.0,0.0,0.0,0.0,1.0,360.0,2466666.667,2666666.667,2666666.667,164430.7837875958,0,660.0,164430.7837875958
94,agg_ODISHA,94,2118,FeedstockAggregator,agg_ODISHA,ODISHA,0.0,0.0,0.0,0.0,1.0,360.0,2941258.845370431,3141258.845370431,3204666.667,158047.7721580158,0,665.5,158047.7721580158
94,agg_MADHYA_PRADESH,94,2118,FeedstockAggregator,agg_MADHYA_PRADESH,MADHYA_PRADESH,0.0,0.0,0.0,0.0,1.0,390.0,3233333.333,3333333.333,3333333.333,83268.98731313777,0,473.00000000000006,83268.98731313777
94,agg_TELANGANA,94,2118,FeedstockAggregator,agg_TELANGANA,TELANGANA,0.0,0.0,0.0,0.0,1.0,390.0,4472256.3561479375,4672256.3561479375,5698000.0,165462.58985117893,0,698.5,165462.58985117893
94,agg_ASSAM,94,2118,FeedstockAggregator,agg_ASSAM,ASSAM,0.0,0.0,0.0,0.0,1.0,480.0,1900000.0,2000000.0,2000000.0,77249.18696151016,0,572.0,77249.18696151016
94,agg_JHARKHAND,94,2118,FeedstockAggregator,agg_JHARKHAND,JHARKHAND,0.0,0.0,0.0,0.0,1.0,435.0,1566666.667,1666666.667,1666666.667,82810.57633881283,0,528.0,82810.57633881283
94,agg_RAJASTHAN,94,2118,FeedstockAggregator,agg_RAJASTHAN,RAJASTHAN,0.0,0.0,0.0,0.0,1.0,435.0,1922231.4264082562,2022231.4264082562,2333333.333,86687.64211908758,0,533.5,86687.64211908758
94,agg_KERALA,94,2118,FeedstockAggregator,agg_KERALA,KERALA,0.0,0.0,0.0,0.0,1.0,480.0,900000.0,1000000.0,1000000.0,83841.7354205433,0,577.5,83841.7354205433
94,agg_GUJARAT,94,2118,FeedstockAggregator,agg_GUJARAT,GUJARAT,0.0,0.0,0.0,0.0,1.0,405.0,1169699.4978856058,1269699.4978856058,1583333.333,86464.66907388219,0,495.00000000000006,86464.66907388219
95,agg_PUNJAB,95,2119,FeedstockAggregator,agg_PUNJAB,PUNJAB,0.0,0.0,0.0,0.0,1.0,360.0,4587000.0,4787000.0,4787000.0,168035.90760538398,0,660.0,168035.90760538398
95,agg_HARYANA,95,2119,FeedstockAggregator,agg_HARYANA,HARYANA,0.0,0.0,0.0,0.0,1.0,360.0,3800000.0,4000000.0,4000000.0,157559.16418701463,0,665.5,157559.16418701463
95,agg_UTTAR_PRADESH,95,2119,FeedstockAggregator,agg_UTTAR_PRADESH,UTTAR_PRADESH,0.0,0.0,0.0,0.0,1.0,390.0,16300000.0,16500000.0,16500000.0,160397.96800664056,0,693.0,160397.96800664056
95,agg_BIHAR,95,2119,FeedstockAggregator,agg_BIHAR,BIHAR,0.0,0.0,0.0,0.0,1.0,390.0,3233333.333,3333333.333,3333333.333,85490.36144725543,0,467.50000000000006,85490.36144725543
95,agg_ANDHRA_PRADESH,95,2119,FeedstockAggregator,agg_ANDHRA_PRADESH,ANDHRA_PRADESH,0.0,0.0,0.0,0.0,1.0,405.0,2900000.0,3000000.0,3000000.0,85022.29777344248,0,495.00000000000006,0.0
95,agg_TAMIL_NADU,95,2119,FeedstockAggregator,agg_TAMIL_NADU,TAMIL_NADU,0.0,0.0,0.0,0.0,1.0,435.0,1107871.9362899647,1207871.9362899647,1333333.333,78183.46104986248,0,522.5,78183.46104986248
95,agg_MAHARASHTRA,95,2119,FeedstockAggregator,agg_MAHARASHTRA,MAHARASHTRA,0.0,0.0,0.0,0.0,1.0,435.0,8418399.315331014,8518399.315331014,10333333.333,79647.36233556095,0,517.0,79647.36233556095
95,agg_KARNATAKA,95,2119,FeedstockAggregator,agg_KARNATAKA,KARNATAKA,0.0,0.0,0.0,0.0,1.0,405.0,4580408.857307978,4680408.857307978,5666666.667,80234.82260009811,0,489.50000000000006,80234.82260009811
95,agg_WEST_BENGAL,95,2119,FeedstockAggregator,agg_WEST_BENGAL,WEST_BENGAL,0.0,0.0,0.0,0.0,1.0,405.0,5253864.994890371,5353864.994890371,5497000.0,84171.3538191226,0,500.50000000000006,84171.3538191226
95,agg_CHHATTISGARH,95,2119,FeedstockAggregator,agg_CHHATTISGARH,CHHATTISGARH,0.0,0.0,0.0,0.0,1.0,360.0,2466666.667,2666666.667,2666666.667,164430.7837875958,0,660.0,164430.7837875958
95,agg_ODISHA,95,2119,FeedstockAggregator,agg_ODISHA,ODISHA,0.0,0.0,0.0,0.0,1.0,360.0,3004666.667,3204666.667,3204666.667,158047.7721580158,0,665.5,158047.7721580158
95,agg_MADHYA_PRADESH,95,2119,FeedstockAggregator,agg_MADHYA_PRADESH,MADHYA_PRADESH,0.0,0.0,0.0,0.0,1.0,390.0,3233333.333,3333333.333,3333333.333,83268.98731313777,0,473.00000000000006,83268.98731313777
95,agg_TELANGANA,95,2119,FeedstockAggregator,agg_TELANGANA,TELANGANA,0.0,0.0,0.0,0.0,1.0,390.0,5498000.0,5698000.0,5698000.0,165462.58985117893,0,698.5,165462.58985117893
95,agg_ASSAM,95,2119,FeedstockAggregator,agg_ASSAM,ASSAM,0.0,0.0,0.0,0.0,1.0,480.0,1900000.0,2000000.0,2000000.0,77249.18696151016,0,572.0,0.0
95,agg_JHARKHAND,95,2119,FeedstockAggregator,agg_JHARKHAND,JHARKHAND,0.0,0.0,0.0,0.0,1.0,435.0,1246633.8377069903,1346633.8377069903,1666666.667,82810.57633881283,0,528.0,82810.57633881283
95,agg_RAJASTHAN,95,2119,FeedstockAggregator,agg_RAJASTHAN,RAJASTHAN,0.0,0.0,0.0,0.0,1.0,435.0,1959039.2574195033,2059039.2574195033,2333333.333,86687.64211908758,0,533.5,86687.64211908758
95,agg_KERALA,95,2119,FeedstockAggregator,agg_KERALA,KERALA,0.0,0.0,0.0,0.0,1.0,480.0,900000.0,1000000.0,1000000.0,83841.7354205433,0,577.5,0.0
95,agg_GUJARAT,95,2119,FeedstockAggregator,agg_GUJARAT,GUJARAT,0.0,0.0,0.0,0.0,1.0,405.0,1360608.2531974001,1460608.2531974001,1583333.333,86464.66907388219,0,495.00000000000006,86464.66907388219
96,agg_PUNJAB,96,2120,FeedstockAggregator,agg_PUNJAB,PUNJAB,0.0,0.0,0.0,0.0,1.0,360.0,4264477.068500241,4464477.068500241,4787000.0,168035.90760538398,0,660.0,168035.90760538398
96,agg_HARYANA,96,2120,FeedstockAggregator,agg_HARYANA,HARYANA,0.0,0.0,0.0,0.0,1.0,360.0,3800000.0,4000000.0,4000000.0,157559.16418701463,0,665.5,157559.16418701463
96,agg_UTTAR_PRADESH,96,2120,FeedstockAggregator,agg_UTTAR_PRADESH,UTTAR_PRADESH,0.0,0.0,0.0,0.0,1.0,390.0,15360076.082541877,15560076.082541877,16500000.0,160397.96800664056,0,693.0,160397.96800664056
96,agg_BIHAR,96,2120,FeedstockAggregator,agg_BIHAR,BIHAR,0.0,0.0,0.0,0.0,1.0,390.0,3233333.333,3333333.333,3333333.333,85490.36144725543,0,467.50000000000006,85490.36144725543
96,agg_ANDHRA_PRADESH,96,2120,FeedstockAggregator,agg_ANDHRA_PRADESH,ANDHRA_PRADESH,0.0,0.0,0.0,0.0,1.0,405.0,2819487.99969487,2919487.99969487,3000000.0,85022.29777344248,0,495.00000000000006,85022.29777344248
96,agg_TAMIL_NADU,96,2120,FeedstockAggregator,agg_TAMIL_NADU,TAMIL_NADU,0.0,0.0,0.0,0.0,1.0,435.0,970780.9018280257,1070780.9018280257,1333333.333,78183.46104986248,0,522.5,78183.46104986248
96,agg_MAHARASHTRA,96,2120,FeedstockAggregator,agg_MAHARASHTRA,MAHARASHTRA,0.0,0.0,0.0,0.0,1.0,435.0,10233333.333,10333333.333,10333333.333,79647.36233556095,0,517.0,79647.36233556095
96,agg_KARNATAKA,96,2120,FeedstockAggregator,agg_KARNATAKA,KARNATAKA,0.0,0.0,0.0,0.0,1.0,405.0,5412214.3174749585,5512214.3174749585,5666666.667,80234.82260009811,0,489.50000000000006,80234.82260009811
96,agg_WEST_BENGAL,96,2120,FeedstockAggregator,agg_WEST_BENGAL,WEST_BENGAL,0.0,0.0,0.0,0.0,1.0,405.0,5397000.0,5497000.0,5497000.0,84171.3538191226,0,500.50000000000006,84171.3538191226
96,agg_CHHATTISGARH,96,2120,FeedstockAggregator,agg_CHHATTISGARH,CHHATTISGARH,0.0,0.0,0.0,0.0,1.0,360.0,2466666.667,2666666.667,2666666.667,164430.7837875958,0,660.0,164430.7837875958
96,agg_ODISHA,96,2120,FeedstockAggregator,agg_ODISHA,ODISHA,0.0,0.0,0.0,0.0,1.0,360.0,3004666.667,3204666.667,3204666.667,158047.7721580158,0,665.5,158047.7721580158
96,agg_MADHYA_PRADESH,96,2120,FeedstockAggregator,agg_MADHYA_PRADESH,MADHYA_PRADESH,0.0,0.0,0.0,0.0,1.0,390.0,3032056.652049302,3132056.652049302,3333333.333,83268.98731313777,0,473.00000000000006,83268.98731313777
96,agg_TELANGANA,96,2120,FeedstockAggregator,agg_TELANGANA,TELANGANA,0.0,0.0,0.0,0.0,1.0,390.0,5494633.477148046,5694633.477148046,5698000.0,165462.58985117893,0,698.5,165462.58985117893
96,agg_ASSAM,96,2120,FeedstockAggregator,agg_ASSAM,ASSAM,0.0,0.0,0.0,0.0,1.0,480.0,1900000.0,2000000.0,2000000.0,77249.18696151016,0,572.0,77249.18696151016
96,agg_JHARKHAND,96,2120,FeedstockAggregator,agg_JHARKHAND,JHARKHAND,0.0,0.0,0.0,0.0,1.0,435.0,1566666.667,1666666.667,1666666.667,82810.57633881283,0,528.0,82810.57633881283
96,agg_RAJASTHAN,96,2120,FeedstockAggregator,agg_RAJASTHAN,RAJASTHAN,0.0,0.0,0.0,0.0,1.0,435.0,2233333.333,2333333.333,2333333.333,86687.64211908758,0,533.5,86687.64211908758
96,agg_KERALA,96,2120,FeedstockAggregator,agg_KERALA,KERALA,0.0,0.0,0.0,0.0,1.0,480.0,900000.0,1000000.0,1000000.0,83841.7354205433,0,577.5,83841.7354205433
96,agg_GUJARAT,96,2120,FeedstockAggregator,agg_GUJARAT,GUJARAT,0.0,0.0,0.0,0.0,1.0,405.0,1483333.333,1583333.333,1583333.333,86464.66907388219,0,495.00000000000006,86464.66907388219
97,agg_PUNJAB,97,2121,FeedstockAggregator,agg_PUNJAB,PUNJAB,0.0,0.0,0.0,0.0,1.0,360.0,4587000.0,4787000.0,4787000.0,168035.90760538398,0,660.0,168035.90760538398
97,agg_HARYANA,97,2121,FeedstockAggregator,agg_HARYANA,HARYANA,0.0,0.0,0.0,0.0,1.0,360.0,3800000.0,4000000.0,4000000.0,157559.16418701463,0,665.5,157559.16418701463
97,agg_UTTAR_PRADESH,97,2121,FeedstockAggregator,agg_UTTAR_PRADESH,UTTAR_PRADESH,0.0,0.0,0.0,0.0,1.0,390.0,13772697.005141994,13972697.005141994,16500000.0,160397.96800664056,0,693.0,160397.96800664056
97,agg_BIHAR,97,2121,FeedstockAggregator,agg_BIHAR,BIHAR,0.0,0.0,0.0,0.0,1.0,390.0,2960539.9035024378,3060539.9035024378,3333333.333,85490.36144725543,0,467.50000000000006,85490.36144725543
97,agg_ANDHRA_PRADESH,97,2121,FeedstockAggregator,agg_ANDHRA_PRADESH,ANDHRA_PRADESH,0.0,0.0,0.0,0.0,1.0,405.0,2647640.986107208,2747640.986107208,3000000.0,85022.29777344248,0,495.00000000000006,85022.29777344248
97,agg_TAMIL_NADU,97,2121,FeedstockAggregator,agg_TAMIL_NADU,TAMIL_NADU,0.0,0.0,0.0,0.0,1.0,435.0,1233333.333,1333333.333,1333333.333,78183.46104986248,0,522.5,78183.46104986248
97,agg_MAHARASHTRA,97,2121,FeedstockAggregator,agg_MAHARASHTRA,MAHARASHTRA,0.0,0.0,0.0,0.0,1.0,435.0,9008788.842990423,9108788.842990423,10333333.333,79647.36233556095,0,517.0,79647.36233556095
97,agg_KARNATAKA,97,2121,FeedstockAggregator,agg_KARNATAKA,KARNATAKA,0.0,0.0,0.0,0.0,1.0,405.0,5566666.667,5666666.667,5666666.667,80234.82260009811,0,489.50000000000006,80234.82260009811
97,agg_WEST_BENGAL,97,2121,FeedstockAggregator,agg_WEST_BENGAL,WEST_BENGAL,0.0,0.0,0.0,0.0,1.0,405.0,4935459.633433057,5035459.633433057,5497000.0,84171.3538191226,0,500.50000000000006,84171.3538191226
97,agg_CHHATTISGARH,97,2121,FeedstockAggregator,agg_CHHATTISGARH,CHHATTISGARH,0.0,0.0,0.0,0.0,1.0,360.0,2466666.667,2666666.667,2666666.667,164430.7837875958,0,660.0,164430.7837875958
97,agg_ODISHA,97,2121,FeedstockAggregator,agg_ODISHA,ODISHA,0.0,0.0,0.0,0.0,1.0,360.0,2583249.018142495,2783249.018142495,3204666.667,158047.7721580158,0,665.5,158047.7721580158
97,agg_MADHYA_PRADESH,97,2121,FeedstockAggregator,agg_MADHYA_PRADESH,MADHYA_PRADESH,0.0,0.0,0.0,0.0,1.0,390.0,3233333.333,3333333.333,3333333.333,83268.98731313777,0,473.00000000000006,83268.98731313777
97,agg_TELANGANA,97,2121,FeedstockAggregator,agg_TELANGANA,TELANGANA,0.0,0.0,0.0,0.0,1.0,390.0,5158407.550881442,5358407.550881442,5698000.0,165462.58985117893,0,698.5,165462.58985117893
97,agg_ASSAM,97,2121,FeedstockAggregator,agg_ASSAM,ASSAM,0.0,0.0,0.0,0.0,1.0,480.0,1842655.8483467433,1942655.8483467433,2000000.0,77249.18696151016,0,572.0,77249.18696151016
97,agg_JHARKHAND,97,2121,FeedstockAggregator,agg_JHARKHAND,JHARKHAND,0.0,0.0,0.0,0.0,1.0,435.0,1531238.658795739,1631238.658795739,1666666.667,82810.57633881283,0,528.0,82810.57633881283
97,agg_RAJASTHAN,97,2121,FeedstockAggregator,agg_RAJASTHAN,RAJASTHAN,0.0,0.0,0.0,0.0,1.0,435.0,1786026.2187017724,1886026.2187017724,2333333.333,86687.64211908758,0,533.5,86687.64211908758
97,agg_KERALA,97,2121,FeedstockAggregator,agg_KERALA,KERALA,0.0,0.0,0.0,0.0,1.0,480.0,810030.0445787177,910030.0445787177,1000000.0,83841.7354205433,0,577.5,83841.7354205433
97,agg_GUJARAT,97,2121,FeedstockAggregator,agg_GUJARAT,GUJARAT,0.0,0.0,0.0,0.0,1.0,405.0,1483333.333,1583333.333,1583333.333,86464.66907388219,0,495.00000000000006,86464.66907388219
98,agg_PUNJAB,98,2122,FeedstockAggregator,agg_PUNJAB,PUNJAB,0.0,0.0,0.0,0.0,1.0,360.0,3969775.3208656725,4169775.3208656725,4787000.0,168035.90760538398,0,660.0,168035.90760538398
98,agg_HARYANA,98,2122,FeedstockAggregator,agg_HARYANA,HARYANA,0.0,0.0,0.0,0.0,1.0,360.0,3287209.4943375317,3487209.4943375317,4000000.0,157559.16418701463,0,665.5,157559.16418701463
98,agg_UTTAR_PRADESH,98,2122,FeedstockAggregator,agg_UTTAR_PRADESH,UTTAR_PRADESH,0.0,0.0,0.0,0.0,1.0,390.0,15206115.923525441,15406115.923525441,16500000.0,160397.96800664056,0,693.0,160397.96800664056
98,agg_BIHAR,98,2122,FeedstockAggregator,agg_BIHAR,BIHAR,0.0,0.0,0.0,0.0,1.0,390.0,3233333.333,3333333.333,3333333.333,85490.36144725543,0,467.50000000000006,0.0
98,agg_ANDHRA_PRADESH,98,2122,FeedstockAggregator,agg_ANDHRA_PRADESH,ANDHRA_PRADESH,0.0,0.0,0.0,0.0,1.0,405.0,2900000.0,3000000.0,3000000.0,85022.29777344248,0,495.00000000000006,85022.29777344248
98,agg_TAMIL_NADU,98,2122,FeedstockAggregator,agg_TAMIL_NADU,TAMIL_NADU,0.0,0.0,0.0,0.0,1.0,435.0,1233333.333,1333333.333,1333333.333,78183.46104986248,0,522.5,78183.46104986248
98,agg_MAHARASHTRA,98,2122,FeedstockAggregator,agg_MAHARASHTRA,MAHARASHTRA,0.0,0.0,0.0,0.0,1.0,435.0,10233333.333,10333333.333,10333333.333,79647.36233556095,0,517.0,79647.36233556095
98,agg_KARNATAKA,98,2122,FeedstockAggregator,agg_KARNATAKA,KARNATAKA,0.0,0.0,0.0,0.0,1.0,405.0,5436974.498541988,5536974.498541988,5666666.667,80234.82260009811,0,489.50000000000006,80234.82260009811
98,agg_WEST_BENGAL,98,2122,FeedstockAggregator,agg_WEST_BENGAL,WEST_BENGAL,0.0,0.0,0.0,0.0,1.0,405.0,4997702.11756723,5097702.11756723,5497000.0,84171.3538191226,0,500.50000000000006,0.0
98,agg_CHHATTISGARH,98,2122,FeedstockAggregator,agg_CHHATTISGARH,CHHATTISGARH,0.0,0.0,0.0,0.0,1.0,360.0,2466666.667,2666666.667,2666666.667,164430.7837875958,0,660.0,164430.7837875958
98,agg_ODISHA,98,2122,FeedstockAggregator,agg_ODISHA,ODISHA,0.0,0.0,0.0,0.0,1.0,360.0,3004666.667,3204666.667,3204666.667,158047.7721580158,0,665.5,158047.7721580158
98,agg_MADHYA_PRADESH,98,2122,FeedstockAggregator,agg_MADHYA_PRADESH,MADHYA_PRADESH,0.0,0.0,0.0,0.0,1.0,390.0,3227401.9090140024,3327401.9090140024,3333333.333,83268.98731313777,0,473.00000000000006,83268.98731313777
98,agg_TELANGANA,98,2122,FeedstockAggregator,agg_TELANGANA,TELANGANA,0.0,0.0,0.0,0.0,1.0,390.0,5087816.786444748,5287816.786444748,5698000.0,165462.58985117893,0,698.5,165462.58985117893
98,agg_ASSAM,98,2122,FeedstockAggregator,agg_ASSAM,ASSAM,0.0,0.0,0.0,0.0,1.0,480.0,1900000.0,2000000.0,2000000.0,77249.18696151016,0,572.0,77249.18696151016
98,agg_JHARKHAND,98,2122,FeedstockAggregator,agg_JHARKHAND,JHARKHAND,0.0,0.0,0.0,0.0,1.0,435.0,1566666.667,1666666.667,1666666.667,82810.57633881283,0,528.0,82810.57633881283
98,agg_RAJASTHAN,98,2122,FeedstockAggregator,agg_RAJASTHAN,RAJASTHAN,0.0,0.0,0.0,0.0,1.0,435.0,1770920.6902291551,1870920.6902291551,2333333.333,86687.64211908758,0,533.5,86687.64211908758
98,agg_KERALA,98,2122,FeedstockAggregator,agg_KERALA,KERALA,0.0,0.0,0.0,0.0,1.0,480.0,900000.0,1000000.0,1000000.0,83841.7354205433,0,577.5,83841.7354205433
98,agg_GUJARAT,98,2122,FeedstockAggregator,agg_GUJARAT,GUJARAT,0.0,0.0,0.0,0.0,1.0,405.0,1483333.333,1583333.333,1583333.333,86464.66907388219,0,495.00000000000006,86464.66907388219
99,agg_PUNJAB,99,2123,FeedstockAggregator,agg_PUNJAB,PUNJAB,0.0,0.0,0.0,0.0,1.0,360.0,4437021.073801694,4637021.073801694,4787000.0,168035.90760538398,0,660.0,168035.90760538398
99,agg_HARYANA,99,2123,FeedstockAggregator,agg_HARYANA,HARYANA,0.0,0.0,0.0,0.0,1.0,360.0,3501574.818168315,3701574.818168315,4000000.0,157559.16418701463,0,665.5,157559.16418701463
99,agg_UTTAR_PRADESH,99,2123,FeedstockAggregator,agg_UTTAR_PRADESH,UTTAR_PRADESH,0.0,0.0,0.0,0.0,1.0,390.0,16300000.0,16500000.0,16500000.0,160397.96800664056,0,693.0,160397.96800664056
99,agg_BIHAR,99,2123,FeedstockAggregator,agg_BIHAR,BIHAR,0.0,0.0,0.0,0.0,1.0,390.0,3098186.1832323284,3198186.1832323284,3333333.333,85490.36144725543,0,467.50000000000006,85490.36144725543
99,agg_ANDHRA_PRADESH,99,2123,FeedstockAggregator,agg_ANDHRA_PRADESH,ANDHRA_PRADESH,0.0,0.0,0.0,0.0,1.0,405.0,2900000.0,3000000.0,3000000.0,85022.29777344248,0,495.00000000000006,85022.29777344248
99,agg_TAMIL_NADU,99,2123,FeedstockAggregator,agg_TAMIL_NADU,TAMIL_NADU,0.0,0.0,0.0,0.0,1.0,435.0,1124574.9987556478,1224574.9987556478,1333333.333,78183.46104986248,0,522.5,78183.46104986248
99,agg_MAHARASHTRA,99,2123,FeedstockAggregator,agg_MAHARASHTRA,MAHARASHTRA,0.0,0.0,0.0,0.0,1.0,435.0,9261423.469269196,9361423.469269196,10333333.333,79647.36233556095,0,517.0,79647.36233556095
99,agg_KARNATAKA,99,2123,FeedstockAggregator,agg_KARNATAKA,KARNATAKA,0.0,0.0,0.0,0.0,1.0,405.0,5485421.231357237,5585421.231357237,5666666.667,80234.82260009811,0,489.50000000000006,80234.82260009811
99,agg_WEST_BENGAL,99,2123,FeedstockAggregator,agg_WEST_BENGAL,WEST_BENGAL,0.0,0.0,0.0,0.0,1.0,405.0,5397000.0,5497000.0,5497000.0,84171.3538191226,0,500.50000000000006,84171.3538191226
99,agg_CHHATTISGARH,99,2123,FeedstockAggregator,agg_CHHATTISGARH,CHHATTISGARH,0.0,0.0,0.0,0.0,1.0,360.0,2466666.667,2666666.667,2666666.667,164430.7837875958,0,660.0,164430.7837875958
99,agg_ODISHA,99,2123,FeedstockAggregator,agg_ODISHA,ODISHA,0.0,0.0,0.0,0.0,1.0,360.0,3004666.667,3204666.667,3204666.667,158047.7721580158,0,665.5,158047.7721580158
99,agg_MADHYA_PRADESH,99,2123,FeedstockAggregator,agg_MADHYA_PRADESH,MADHYA_PRADESH,0.0,0.0,0.0,0.0,1.0,390.0,2666763.721272777,2766763.721272777,3333333.333,83268.98731313777,0,473.00000000000006,0.0
99,agg_TELANGANA,99,2123,FeedstockAggregator,agg_TELANGANA,TELANGANA,0.0,0.0,0.0,0.0,1.0,390.0,5498000.0,5698000.0,5698000.0,165462.58985117893,0,698.5,165462.58985117893
99,agg_ASSAM,99,2123,FeedstockAggregator,agg_ASSAM,ASSAM,0.0,0.0,0.0,0.0,1.0,480.0,1900000.0,2000000.0,2000000.0,77249.18696151016,0,572.0,77249.18696151016
99,agg_JHARKHAND,99,2123,FeedstockAggregator,agg_JHARKHAND,JHARKHAND,0.0,0.0,0.0,0.0,1.0,435.0,1566666.667,1666666.667,1666666.667,82810.57633881283,0,528.0,82810.57633881283
99,agg_RAJASTHAN,99,2123,FeedstockAggregator,agg_RAJASTHAN,RAJASTHAN,0.0,0.0,0.0,0.0,1.0,435.0,2233333.333,2333333.333,2333333.333,86687.64211908758,0,533.5,86687.64211908758
99,agg_KERALA,99,2123,FeedstockAggregator,agg_KERALA,KERALA,0.0,0.0,0.0,0.0,1.0,480.0,848633.0316237421,948633.0316237421,1000000.0,83841.7354205433,0,577.5,83841.7354205433
99,agg_GUJARAT,99,2123,FeedstockAggregator,agg_GUJARAT,GUJARAT,0.0,0.0,0.0,0.0,1.0,405.0,1483333.333,1583333.333,1583333.333,86464.66907388219,0,495.00000000000006,86464.66907388219
100,agg_PUNJAB,100,2124,FeedstockAggregator,agg_PUNJAB,PUNJAB,0.0,0.0,0.0,0.0,1.0,360.0,4587000.0,4787000.0,4787000.0,168035.90760538398,0,660.0,168035.90760538398
100,agg_HARYANA,100,2124,FeedstockAggregator,agg_HARYANA,HARYANA,0.0,0.0,0.0,0.0,1.0,360.0,3329654.047911243,3529654.047911243,4000000.0,157559.16418701463,0,665.5,157559.16418701463
100,agg_UTTAR_PRADESH,100,2124,FeedstockAggregator,agg_UTTAR_PRADESH,UTTAR_PRADESH,0.0,0.0,0.0,0.0,1.0,390.0,16300000.0,16500000.0,16500000.0,160397.96800664056,0,693.0,81734.12948093614
100,agg_BIHAR,100,2124,FeedstockAggregator,agg_BIHAR,BIHAR,0.0,0.0,0.0,0.0,1.0,390.0,3190637.026293182,3290637.026293182,3333333.333,85490.36144725543,0,467.50000000000006,85490.36144725543
100,agg_ANDHRA_PRADESH,100,2124,FeedstockAggregator,agg_ANDHRA_PRADESH,ANDHRA_PRADESH,0.0,0.0,0.0,0.0,1.0,405.0,2582396.650058153,2682396.650058153,3000000.0,85022.29777344248,0,495.00000000000006,85022.29777344248
100,agg_TAMIL_NADU,100,2124,FeedstockAggregator,agg_TAMIL_NADU,TAMIL_NADU,0.0,0.0,0.0,0.0,1.0,435.0,1104007.368174739,1204007.368174739,1333333.333,78183.46104986248,0,522.5,78183.46104986248
100,agg_MAHARASHTRA,100,2124,FeedstockAggregator,agg_MAHARASHTRA,MAHARASHTRA,0.0,0.0,0.0,0.0,1.0,435.0,9636896.830131821,9736896.830131821,10333333.333,79647.36233556095,0,517.0,0.0
100,agg_KARNATAKA,100,2124,FeedstockAggregator,agg_KARNATAKA,KARNATAKA,0.0,0.0,0.0,0.0,1.0,405.0,4918172.810357943,5018172.810357943,5666666.667,80234.82260009811,0,489.50000000000006,80234.82260009811
100,agg_WEST_BENGAL,100,2124,FeedstockAggregator,agg_WEST_BENGAL,WEST_BENGAL,0.0,0.0,0.0,0.0,1.0,405.0,4893263.003981613,4993263.003981613,5497000.0,84171.3538191226,0,500.50000000000006,84171.3538191226
100,agg_CHHATTISGARH,100,2124,FeedstockAggregator,agg_CHHATTISGARH,CHHATTISGARH,0.0,0.0,0.0,0.0,1.0,360.0,2466666.667,2666666.667,2666666.667,164430.7837875958,0,660.0,164430.7837875958
100,agg_ODISHA,100,2124,FeedstockAggregator,agg_ODISHA,ODISHA,0.0,0.0,0.0,0.0,1.0,360.0,2415345.104972092,2615345.104972092,3204666.667,158047.7721580158,0,665.5,158047.7721580158
100,agg_MADHYA_PRADESH,100,2124,FeedstockAggregator,agg_MADHYA_PRADESH,MADHYA_PRADESH,0.0,0.0,0.0,0.0,1.0,390.0,3233228.3468369422,3333228.3468369422,3333333.333,83268.98731313777,0,473.00000000000006,83268.98731313777
100,agg_TELANGANA,100,2124,FeedstockAggregator,agg_TELANGANA,TELANGANA,0.0,0.0,0.0,0.0,1.0,390.0,4475036.649565054,4675036.649565054,5698000.0,165462.58985117893,0,698.5,79130.73438588412
100,agg_ASSAM,100,2124,FeedstockAggregator,agg_ASSAM,ASSAM,0.0,0.0,0.0,0.0,1.0,480.0,1900000.0,2000000.0,2000000.0,77249.18696151016,0,572.0,77249.18696151016
100,agg_JHARKHAND,100,2124,FeedstockAggregator,agg_JHARKHAND,JHARKHAND,0.0,0.0,0.0,0.0,1.0,435.0,1566666.667,1666666.667,1666666.667,82810.57633881283,0,528.0,82810.57633881283
100,agg_RAJASTHAN,100,2124,FeedstockAggregator,agg_RAJASTHAN,RAJASTHAN,0.0,0.0,0.0,0.0,1.0,435.0,2215702.731393851,2315702.731393851,2333333.333,86687.64211908758,0,533.5,86687.64211908758
100,agg_KERALA,100,2124,FeedstockAggregator,agg_KERALA,KERALA,0.0,0.0,0.0,0.0,1.0,480.0,887858.0887962023,987858.0887962023,1000000.0,83841.7354205433,0,577.5,83841.7354205433
100,agg_GUJARAT,100,2124,FeedstockAggregator,agg_GUJARAT,GUJARAT,0.0,0.0,0.0,0.0,1.0,405.0,1483333.333,1583333.333,1583333.333,86464.66907388219,0,495.00000000000006,86464.66907388219
