Step,AgentID,Tick,Year,Type,Unique_ID,State_ID,Investor_ID,Production_Output,Contracted_Production,Spot_Production,Curtailed_Volume,Take_Or_Pay_Penalty,SRMC,Design_Load_Factor,EBIT,Num_Owned_Sites,State_Spot_Price,Aggregator_Contracted_Capacity,Contract_Price,Initial_Contract_Price
0,site_BIHAR_001,0,2024,SAFProductionSite,site_BIHAR_001,BIHAR,inv_01,95809.9756276937,79561.13562742334,16248.840000270364,0.0,0.0,1525.71,1.0,,0,467.50000000000006,83040.55512610561,425.0,425.0
1,site_BIHAR_001,1,2025,SAFProductionSite,site_BIHAR_001,BIHAR,inv_01,70100.0,70100.0,0.0,8877.163949179521,2663149.1847538566,1525.71,1.0,17019735.738594502,0,467.50000000000006,83040.55512610561,425.0,425.0
1,site_PUNJAB_020,1,2025,SAFProductionSite,site_PUNJAB_020,PUNJAB,inv_02,0.0,0.0,0.0,0.0,0.0,1495.71,1.0,,0,440.00000000000006,80586.22760630686,400.0,400.0
2,site_BIHAR_001,2,2026,SAFProductionSite,site_BIHAR_001,BIHAR,inv_01,76000.0,76000.0,0.0,4455.960635244526,1336788.190573358,1525.71,1.0,18452209.93057321,0,467.50000000000006,83040.55512610561,425.0,425.0
2,site_PUNJAB_020,2,2026,SAFProductionSite,site_PUNJAB_020,PUNJAB,inv_02,0.0,0.0,0.0,0.0,0.0,1495.71,1.0,-125000000.0,0,440.00000000000006,80586.22760630686,400.0,400.0
3,site_BIHAR_001,3,2027,SAFProductionSite,site_BIHAR_001,BIHAR,inv_01,83200.0,79679.5025461338,3520.4974538662063,0.0,0.0,1525.71,1.0,18208746.38135892,0,467.50000000000006,83040.55512610561,425.0,425.0
3,site_PUNJAB_020,3,2027,SAFProductionSite,site_PUNJAB_020,PUNJAB,inv_02,0.0,0.0,0.0,0.0,0.0,1495.71,1.0,-125000000.0,0,440.00000000000006,80586.22760630686,400.0,400.0
4,site_BIHAR_001,4,2028,SAFProductionSite,site_BIHAR_001,BIHAR,inv_01,84561.40679987475,80358.91109088574,4202.495708989009,0.0,0.0,1525.71,1.0,17819778.844566703,0,467.50000000000006,83040.55512610561,425.0,425.0
4,site_PUNJAB_020,4,2028,SAFProductionSite,site_PUNJAB_020,PUNJAB,inv_02,0.0,0.0,0.0,0.0,0.0,1495.71,1.0,-125000000.0,0,440.00000000000006,80586.22760630686,400.0,400.0
5,site_BIHAR_001,5,2029,SAFProductionSite,site_BIHAR_001,BIHAR,inv_01,85013.30470731537,80105.31145624007,4907.993251075299,0.0,0.0,1525.71,1.0,15704875.192873508,0,467.50000000000006,83040.55512610561,425.0,425.0
5,site_PUNJAB_020,5,2029,SAFProductionSite,site_PUNJAB_020,PUNJAB,inv_02,14517.557795783767,14517.557795783767,0.0,63783.43113429153,19135029.34028746,1495.71,1.0,3516653.223842088,0,440.00000000000006,80586.22760630686,400.0,400.0
6,site_BIHAR_001,6,2030,SAFProductionSite,site_BIHAR_001,BIHAR,inv_01,84727.55488457029,79836.05855955093,4891.496325019354,0.0,0.0,1525.71,1.0,17772308.67528835,0,467.50000000000006,83040.55512610561,425.0,425.0
6,site_PUNJAB_020,6,2030,SAFProductionSite,site_PUNJAB_020,PUNJAB,inv_02,23786.695292684628,23786.695292684628,0.0,54523.61573636261,16357084.720908783,1495.71,1.0,-10000459.310784638,0,440.00000000000006,80586.22760630686,400.0,400.0
7,site_BIHAR_001,7,2031,SAFProductionSite,site_BIHAR_001,BIHAR,inv_01,84597.96681951579,79713.95188050886,4884.014939006927,0.0,0.0,1525.71,1.0,17809333.281355068,0,467.50000000000006,83040.55512610561,425.0,425.0
7,site_PUNJAB_020,7,2031,SAFProductionSite,site_PUNJAB_020,PUNJAB,inv_02,33272.44511542971,33272.44511542971,0.0,45201.97770754037,13560593.31226211,1495.71,1.0,-4669048.376099981,0,440.00000000000006,80586.22760630686,400.0,400.0
7,site_CHHATTISGARH_353,7,2031,SAFProductionSite,site_CHHATTISGARH_353,CHHATTISGARH,inv_08,0.0,0.0,0.0,0.0,0.0,1495.71,1.0,,0,440.00000000000006,88943.40587327202,400.0,400.0
8,site_BIHAR_001,8,2032,SAFProductionSite,site_BIHAR_001,BIHAR,inv_01,84597.96681951579,80698.83676847116,3899.130051044631,0.0,0.0,1525.71,1.0,17809333.281355068,0,467.50000000000006,83040.55512610561,425.0,425.0
8,site_PUNJAB_020,8,2032,SAFProductionSite,site_PUNJAB_020,PUNJAB,inv_02,42902.03318048421,42902.03318048421,0.0,35210.91376562872,10563274.129688617,1495.71,1.0,901628.8719874956,0,440.00000000000006,80586.22760630686,400.0,400.0
8,site_CHHATTISGARH_353,8,2032,SAFProductionSite,site_CHHATTISGARH_353,CHHATTISGARH,inv_08,0.0,0.0,0.0,0.0,0.0,1495.71,1.0,-125000000.0,0,440.00000000000006,88943.40587327202,400.0,400.0
9,site_BIHAR_001,9,2033,SAFProductionSite,site_BIHAR_001,BIHAR,inv_01,84361.7517760971,79491.37401826897,4870.37775782813,0.0,0.0,1525.71,1.0,17876822.281410217,0,467.50000000000006,83040.55512610561,425.0,425.0
9,site_PUNJAB_020,9,2033,SAFProductionSite,site_PUNJAB_020,PUNJAB,inv_02,51456.805123069964,51456.805123069964,0.0,27443.525007985896,8233057.502395769,1495.71,1.0,5517975.625342096,0,440.00000000000006,80586.22760630686,400.0,400.0
9,site_CHHATTISGARH_353,9,2033,SAFProductionSite,site_CHHATTISGARH_353,CHHATTISGARH,inv_08,0.0,0.0,0.0,0.0,0.0,1495.71,1.0,-125000000.0,0,440.00000000000006,88943.40587327202,400.0,400.0
10,site_BIHAR_001,10,2034,SAFProductionSite,site_BIHAR_001,BIHAR,inv_01,84149.57899431129,79291.45040835868,4858.128585952611,0.0,0.0,1525.71,1.0,17937442.166894242,0,467.50000000000006,83040.55512610561,425.0,425.0
10,site_PUNJAB_020,10,2034,SAFProductionSite,site_PUNJAB_020,PUNJAB,inv_02,63038.248223902905,63038.248223902905,0.0,13876.463899230876,4162939.169769263,1495.71,1.0,12683055.010557646,0,440.00000000000006,80586.22760630686,400.0,400.0
10,site_CHHATTISGARH_353,10,2034,SAFProductionSite,site_CHHATTISGARH_353,CHHATTISGARH,inv_08,0.0,0.0,0.0,0.0,0.0,1495.71,1.0,-125000000.0,0,440.00000000000006,88943.40587327202,400.0,400.0
10,site_HARYANA_561,10,2034,SAFProductionSite,site_HARYANA_561,HARYANA,inv_11,0.0,0.0,0.0,0.0,0.0,1495.71,1.0,,0,445.50000000000006,86794.79299914683,405.0,405.0
11,site_BIHAR_001,11,2035,SAFProductionSite,site_BIHAR_001,BIHAR,inv_01,69671.69780399954,69671.69780399954,0.0,10216.843413332594,3065053.023999778,1525.71,1.0,15173954.84567444,0,467.50000000000006,83040.55512610561,425.0,425.0
11,site_PUNJAB_020,11,2035,SAFProductionSite,site_PUNJAB_020,PUNJAB,inv_02,0.0,0.0,0.0,76847.7623409449,23054328.70228347,1495.71,1.0,0.0,0,440.00000000000006,80586.22760630686,400.0,400.0
11,site_CHHATTISGARH_353,11,2035,SAFProductionSite,site_CHHATTISGARH_353,CHHATTISGARH,inv_08,88440.59400679894,85260.946225102,3179.647781696942,0.0,0.0,1495.71,1.0,20618161.08430372,0,440.00000000000006,88943.40587327202,400.0,400.0
11,site_HARYANA_561,11,2035,SAFProductionSite,site_HARYANA_561,HARYANA,inv_11,0.0,0.0,0.0,0.0,0.0,1495.71,1.0,-125000000.0,0,445.50000000000006,86794.79299914683,405.0,405.0
11,site_ODISHA_660,11,2035,SAFProductionSite,site_ODISHA_660,ODISHA,inv_12,0.0,0.0,0.0,0.0,0.0,1495.71,1.0,,0,445.50000000000006,82790.61680406357,405.0,405.0
12,site_BIHAR_001,12,2036,SAFProductionSite,site_BIHAR_001,BIHAR,inv_01,84459.40599320106,81009.58901831534,3449.816974885718,0.0,0.0,1525.71,1.0,15863129.594483107,0,467.50000000000006,83040.55512610561,425.0,425.0
12,site_PUNJAB_020,12,2036,SAFProductionSite,site_PUNJAB_020,PUNJAB,inv_02,0.0,0.0,0.0,78246.4328797147,23473929.86391441,1495.71,1.0,0.0,0,440.00000000000006,80586.22760630686,400.0,400.0
12,site_CHHATTISGARH_353,12,2036,SAFProductionSite,site_CHHATTISGARH_353,CHHATTISGARH,inv_08,88440.59400679894,85899.90918532072,2540.684821478222,0.0,0.0,1495.71,1.0,20618161.08430372,0,440.00000000000006,88943.40587327202,400.0,400.0
12,site_HARYANA_561,12,2036,SAFProductionSite,site_HARYANA_561,HARYANA,inv_11,0.0,0.0,0.0,0.0,0.0,1495.71,1.0,-125000000.0,0,445.50000000000006,86794.79299914683,405.0,405.0
12,site_ODISHA_660,12,2036,SAFProductionSite,site_ODISHA_660,ODISHA,inv_12,0.0,0.0,0.0,0.0,0.0,1495.71,1.0,-125000000.0,0,445.50000000000006,82790.61680406357,405.0,405.0
13,site_BIHAR_001,13,2037,SAFProductionSite,site_BIHAR_001,BIHAR,inv_01,85693.86925573916,80746.58561097684,4947.283644762327,0.0,0.0,1525.71,1.0,15510431.095743343,0,467.50000000000006,83040.55512610561,425.0,425.0
13,site_PUNJAB_020,13,2037,SAFProductionSite,site_PUNJAB_020,PUNJAB,inv_02,13723.627414978313,13723.627414978313,0.0,65099.543307909495,19529862.992372848,1495.71,1.0,3324335.902124483,0,440.00000000000006,80586.22760630686,400.0,400.0
13,site_CHHATTISGARH_353,13,2037,SAFProductionSite,site_CHHATTISGARH_353,CHHATTISGARH,inv_08,89103.38589748346,86506.25629594688,2597.1296015365806,0.0,0.0,1495.71,1.0,20428794.813216254,0,440.00000000000006,88943.40587327202,400.0,400.0
13,site_HARYANA_561,13,2037,SAFProductionSite,site_HARYANA_561,HARYANA,inv_11,0.0,0.0,0.0,0.0,0.0,1495.71,1.0,-125000000.0,0,445.50000000000006,86794.79299914683,405.0,405.0
13,site_ODISHA_660,13,2037,SAFProductionSite,site_ODISHA_660,ODISHA,inv_12,0.0,0.0,0.0,0.0,0.0,1495.71,1.0,-125000000.0,0,445.50000000000006,82790.61680406357,405.0,405.0
14,site_BIHAR_001,14,2038,SAFProductionSite,site_BIHAR_001,BIHAR,inv_01,29234.36245426588,29234.36245426588,0.0,51373.5928996672,15412077.86990016,1525.71,1.0,6513188.977132864,0,467.50000000000006,83040.55512610561,425.0,425.0
14,site_PUNJAB_020,14,2038,SAFProductionSite,site_PUNJAB_020,PUNJAB,inv_02,0.0,0.0,0.0,78948.11360396318,23684434.081188954,1495.71,1.0,0.0,0,440.00000000000006,80586.22760630686,400.0,400.0
14,site_CHHATTISGARH_353,14,2038,SAFProductionSite,site_CHHATTISGARH_353,CHHATTISGARH,inv_08,88801.02644109302,85608.42026395534,3192.6061771376844,0.0,0.0,1495.71,1.0,22251526.979520306,0,440.00000000000006,88943.40587327202,400.0,400.0
14,site_HARYANA_561,14,2038,SAFProductionSite,site_HARYANA_561,HARYANA,inv_11,87233.29195436569,83637.8559570726,3595.4359972930833,0.0,0.0,1495.71,1.0,19820657.40959117,0,445.50000000000006,86794.79299914683,405.0,405.0
14,site_ODISHA_660,14,2038,SAFProductionSite,site_ODISHA_660,ODISHA,inv_12,0.0,0.0,0.0,0.0,0.0,1495.71,1.0,-125000000.0,0,445.50000000000006,82790.61680406357,405.0,405.0
14,site_MADHYA_PRADESH_985,14,2038,SAFProductionSite,site_MADHYA_PRADESH_985,MADHYA_PRADESH,inv_15,0.0,0.0,0.0,0.0,0.0,1525.71,1.0,,0,473.00000000000006,89643.16634783796,430.0,430.0
15,site_BIHAR_001,15,2039,SAFProductionSite,site_BIHAR_001,BIHAR,inv_01,48843.647119365894,48843.647119365894,0.0,32136.47168498882,9640941.505496647,1525.71,1.0,10881985.352630794,0,467.50000000000006,83040.55512610561,425.0,425.0
15,site_PUNJAB_020,15,2039,SAFProductionSite,site_PUNJAB_020,PUNJAB,inv_02,0.0,0.0,0.0,78662.26643501504,23598679.930504512,1495.71,1.0,0.0,0,440.00000000000006,80586.22760630686,400.0,400.0
15,site_CHHATTISGARH_353,15,2039,SAFProductionSite,site_CHHATTISGARH_353,CHHATTISGARH,inv_08,87954.37681080517,84792.20968316791,3162.1671276372654,0.0,0.0,1495.71,1.0,22039375.748328775,0,440.00000000000006,88943.40587327202,400.0,400.0
15,site_HARYANA_561,15,2039,SAFProductionSite,site_HARYANA_561,HARYANA,inv_11,87455.3264395411,83678.47080167268,3776.855637868415,0.0,0.0,1495.71,1.0,19757219.936831698,0,445.50000000000006,86794.79299914683,405.0,405.0
15,site_ODISHA_660,15,2039,SAFProductionSite,site_ODISHA_660,ODISHA,inv_12,0.0,0.0,0.0,79171.19711746275,23751359.135238826,1495.71,1.0,0.0,0,445.50000000000006,82790.61680406357,405.0,405.0
15,site_MADHYA_PRADESH_985,15,2039,SAFProductionSite,site_MADHYA_PRADESH_985,MADHYA_PRADESH,inv_15,0.0,0.0,0.0,0.0,0.0,1525.71,1.0,-125000000.0,0,473.00000000000006,89643.16634783796,430.0,430.0
15,site_UTTAR_PRADESH_1102,15,2039,SAFProductionSite,site_UTTAR_PRADESH_1102,UTTAR_PRADESH,inv_16,0.0,0.0,0.0,0.0,0.0,1525.71,1.0,,0,473.00000000000006,81352.07122253536,430.0,430.0
16,site_BIHAR_001,16,2040,SAFProductionSite,site_BIHAR_001,BIHAR,inv_01,70147.82812761476,70147.82812761476,0.0,11139.790875794584,3341937.2627383755,1525.71,1.0,15628391.474086076,0,467.50000000000006,83040.55512610561,425.0,425.0
16,site_PUNJAB_020,16,2040,SAFProductionSite,site_PUNJAB_020,PUNJAB,inv_02,0.0,0.0,0.0,78313.93942525791,23494181.82757737,1495.71,1.0,0.0,0,440.00000000000006,80586.22760630686,400.0,400.0
16,site_CHHATTISGARH_353,16,2040,SAFProductionSite,site_CHHATTISGARH_353,CHHATTISGARH,inv_08,87954.37681080517,84979.78855557255,2974.588255232622,0.0,0.0,1495.71,1.0,22039375.748328775,0,440.00000000000006,88943.40587327202,400.0,400.0
16,site_HARYANA_561,16,2040,SAFProductionSite,site_HARYANA_561,HARYANA,inv_11,86363.26080468984,82593.45955513931,3769.8012495505245,0.0,0.0,1495.71,1.0,20069234.009365052,0,445.50000000000006,86794.79299914683,405.0,405.0
16,site_ODISHA_660,16,2040,SAFProductionSite,site_ODISHA_660,ODISHA,inv_12,0.0,0.0,0.0,79105.29623863166,23731588.8715895,1495.71,1.0,0.0,0,445.50000000000006,82790.61680406357,405.0,405.0
16,site_MADHYA_PRADESH_985,16,2040,SAFProductionSite,site_MADHYA_PRADESH_985,MADHYA_PRADESH,inv_15,0.0,0.0,0.0,0.0,0.0,1525.71,1.0,-125000000.0,0,473.00000000000006,89643.16634783796,430.0,430.0
16,site_UTTAR_PRADESH_1102,16,2040,SAFProductionSite,site_UTTAR_PRADESH_1102,UTTAR_PRADESH,inv_16,0.0,0.0,0.0,0.0,0.0,1525.71,1.0,-125000000.0,0,473.00000000000006,81352.07122253536,430.0,430.0
17,site_BIHAR_001,17,2041,SAFProductionSite,site_BIHAR_001,BIHAR,inv_01,84117.46060287318,79261.1862778384,4856.274325034785,0.0,0.0,1525.71,1.0,16357985.192065343,0,467.50000000000006,83040.55512610561,425.0,425.0
17,site_PUNJAB_020,17,2041,SAFProductionSite,site_PUNJAB_020,PUNJAB,inv_02,0.0,0.0,0.0,77960.48739127019,23388146.217381056,1495.71,1.0,0.0,0,440.00000000000006,80586.22760630686,400.0,400.0
17,site_CHHATTISGARH_353,17,2041,SAFProductionSite,site_CHHATTISGARH_353,CHHATTISGARH,inv_08,87879.71616871878,84720.23326711658,3159.4829016021977,0.0,0.0,1495.71,1.0,22020667.481563464,0,440.00000000000006,88943.40587327202,400.0,400.0
17,site_HARYANA_561,17,2041,SAFProductionSite,site_HARYANA_561,HARYANA,inv_11,86363.26080468984,85051.29906120188,1311.961743487962,0.0,0.0,1495.71,1.0,20069234.009365052,0,445.50000000000006,86794.79299914683,405.0,405.0
17,site_ODISHA_660,17,2041,SAFProductionSite,site_ODISHA_660,ODISHA,inv_12,6719.736743909787,6719.736743909787,0.0,73204.12717073224,21961238.151219673,1495.71,1.0,1633098.9635137338,0,445.50000000000006,82790.61680406357,405.0,405.0
17,site_MADHYA_PRADESH_985,17,2041,SAFProductionSite,site_MADHYA_PRADESH_985,MADHYA_PRADESH,inv_15,0.0,0.0,0.0,0.0,0.0,1525.71,1.0,-125000000.0,0,473.00000000000006,89643.16634783796,430.0,430.0
17,site_UTTAR_PRADESH_1102,17,2041,SAFProductionSite,site_UTTAR_PRADESH_1102,UTTAR_PRADESH,inv_16,0.0,0.0,0.0,0.0,0.0,1525.71,1.0,-125000000.0,0,473.00000000000006,81352.07122253536,430.0,430.0
18,site_BIHAR_001,18,2042,SAFProductionSite,site_BIHAR_001,BIHAR,inv_01,23870.721105158824,23870.721105158824,0.0,55053.317959156804,16515995.387747042,1525.71,1.0,5318211.328246232,0,467.50000000000006,83040.55512610561,425.0,425.0
18,site_PUNJAB_020,18,2042,SAFProductionSite,site_PUNJAB_020,PUNJAB,inv_02,0.0,0.0,0.0,78960.49203110537,23688147.60933161,1495.71,1.0,0.0,0,440.00000000000006,80586.22760630686,400.0,400.0
18,site_CHHATTISGARH_353,18,2042,SAFProductionSite,site_CHHATTISGARH_353,CHHATTISGARH,inv_08,87879.71616871878,86330.78691343157,1548.9292552872066,0.0,0.0,1495.71,1.0,22020667.481563464,0,440.00000000000006,88943.40587327202,400.0,400.0
18,site_HARYANA_561,18,2042,SAFProductionSite,site_HARYANA_561,HARYANA,inv_11,86571.88387676318,82792.97612161688,3778.907755146298,0.0,0.0,1495.71,1.0,20009628.311442986,0,445.50000000000006,86794.79299914683,405.0,405.0
18,site_ODISHA_660,18,2042,SAFProductionSite,site_ODISHA_660,ODISHA,inv_12,0.0,0.0,0.0,80831.3544709661,24249406.34128983,1495.71,1.0,0.0,0,445.50000000000006,82790.61680406357,405.0,405.0
18,site_MADHYA_PRADESH_985,18,2042,SAFProductionSite,site_MADHYA_PRADESH_985,MADHYA_PRADESH,inv_15,88797.51552960565,85822.8774133946,2974.6381162110483,0.0,0.0,1525.71,1.0,18940078.164478794,0,473.00000000000006,89643.16634783796,430.0,430.0
18,site_UTTAR_PRADESH_1102,18,2042,SAFProductionSite,site_UTTAR_PRADESH_1102,UTTAR_PRADESH,inv_16,0.0,0.0,0.0,0.0,0.0,1525.71,1.0,-125000000.0,0,473.00000000000006,81352.07122253536,430.0,430.0
19,site_BIHAR_001,19,2043,SAFProductionSite,site_BIHAR_001,BIHAR,inv_01,49880.268187744965,49880.268187744965,0.0,29636.250609456474,8890875.182836942,1525.71,1.0,11112936.478265665,0,467.50000000000006,83040.55512610561,425.0,425.0
19,site_PUNJAB_020,19,2043,SAFProductionSite,site_PUNJAB_020,PUNJAB,inv_02,0.0,0.0,0.0,77825.11932098964,23347535.796296895,1495.71,1.0,0.0,0,440.00000000000006,80586.22760630686,400.0,400.0
19,site_CHHATTISGARH_353,19,2043,SAFProductionSite,site_CHHATTISGARH_353,CHHATTISGARH,inv_08,89550.3324058862,86619.87471744574,2930.457688440467,0.0,0.0,1495.71,1.0,22439286.091770783,0,440.00000000000006,88943.40587327202,400.0,400.0
19,site_HARYANA_561,19,2043,SAFProductionSite,site_HARYANA_561,HARYANA,inv_11,86571.88387676318,83308.63850463457,3263.2453721286147,0.0,0.0,1495.71,1.0,20009628.311442986,0,445.50000000000006,86794.79299914683,405.0,405.0
19,site_ODISHA_660,19,2043,SAFProductionSite,site_ODISHA_660,ODISHA,inv_12,0.0,0.0,0.0,80208.36371719875,24062509.115159623,1495.71,1.0,0.0,0,445.50000000000006,82790.61680406357,405.0,405.0
19,site_MADHYA_PRADESH_985,19,2043,SAFProductionSite,site_MADHYA_PRADESH_985,MADHYA_PRADESH,inv_15,88797.51552960565,86335.64158809873,2461.873941506914,0.0,0.0,1525.71,1.0,18940078.164478794,0,473.00000000000006,89643.16634783796,430.0,430.0
19,site_UTTAR_PRADESH_1102,19,2043,SAFProductionSite,site_UTTAR_PRADESH_1102,UTTAR_PRADESH,inv_16,0.0,0.0,0.0,78120.59627304497,23436178.88191349,1525.71,1.0,0.0,0,473.00000000000006,81352.07122253536,430.0,430.0
20,site_BIHAR_001,20,2044,SAFProductionSite,site_BIHAR_001,BIHAR,inv_01,74910.66402412954,74910.66402412954,0.0,5515.1101359649765,1654533.040789493,1525.71,1.0,16689514.332831576,0,467.50000000000006,83040.55512610561,425.0,425.0
20,site_PUNJAB_020,20,2044,SAFProductionSite,site_PUNJAB_020,PUNJAB,inv_02,0.0,0.0,0.0,78762.3619559006,23628708.58677018,1495.71,1.0,0.0,0,440.00000000000006,80586.22760630686,400.0,400.0
20,site_CHHATTISGARH_353,20,2044,SAFProductionSite,site_CHHATTISGARH_353,CHHATTISGARH,inv_08,87679.37123694495,84527.09120779112,3152.2800291538297,0.0,0.0,1495.71,1.0,21970465.576999515,0,440.00000000000006,88943.40587327202,400.0,400.0
20,site_HARYANA_561,20,2044,SAFProductionSite,site_HARYANA_561,HARYANA,inv_11,87111.08256285277,84903.15136935079,2207.9311935019796,0.0,0.0,1495.71,1.0,19855573.854840323,0,445.50000000000006,86794.79299914683,405.0,405.0
20,site_ODISHA_660,20,2044,SAFProductionSite,site_ODISHA_660,ODISHA,inv_12,0.0,0.0,0.0,79911.22573080186,23973367.719240557,1495.71,1.0,0.0,0,445.50000000000006,82790.61680406357,405.0,405.0
20,site_MADHYA_PRADESH_985,20,2044,SAFProductionSite,site_MADHYA_PRADESH_985,MADHYA_PRADESH,inv_15,88187.55102022785,85233.34617479368,2954.204845434171,0.0,0.0,1525.71,1.0,19114351.124453127,0,473.00000000000006,89643.16634783796,430.0,430.0
20,site_UTTAR_PRADESH_1102,20,2044,SAFProductionSite,site_UTTAR_PRADESH_1102,UTTAR_PRADESH,inv_16,0.0,0.0,0.0,78211.37872238399,23463413.616715197,1525.71,1.0,0.0,0,473.00000000000006,81352.07122253536,430.0,430.0
21,site_BIHAR_001,21,2045,SAFProductionSite,site_BIHAR_001,BIHAR,inv_01,85353.40192427696,80893.70737865582,4459.69454562114,0.0,0.0,1525.71,1.0,16004864.397127077,0,467.50000000000006,0.0,425.0,425.0
21,site_PUNJAB_020,21,2045,SAFProductionSite,site_PUNJAB_020,PUNJAB,inv_02,0.0,0.0,0.0,77757.96309999845,23327388.929999534,1495.71,1.0,0.0,0,440.00000000000006,0.0,400.0,400.0
21,site_CHHATTISGARH_353,21,2045,SAFProductionSite,site_CHHATTISGARH_353,CHHATTISGARH,inv_08,87679.37123694495,84847.7122004261,2831.659036518846,0.0,0.0,1495.71,1.0,21970465.576999515,0,440.00000000000006,88943.40587327202,400.0,400.0
21,site_HARYANA_561,21,2045,SAFProductionSite,site_HARYANA_561,HARYANA,inv_11,86733.88799175093,82947.90867273104,3785.979319019898,0.0,0.0,1495.71,1.0,19963342.115749836,0,445.50000000000006,86794.79299914683,405.0,405.0
21,site_ODISHA_660,21,2045,SAFProductionSite,site_ODISHA_660,ODISHA,inv_12,19401.30227244491,19401.30227244491,0.0,61001.00150822669,18300300.452468008,1495.71,1.0,4715102.367762014,0,445.50000000000006,82790.61680406357,405.0,405.0
21,site_MADHYA_PRADESH_985,21,2045,SAFProductionSite,site_MADHYA_PRADESH_985,MADHYA_PRADESH,inv_15,88187.55102022785,86141.5921144545,2045.9589057733538,0.0,0.0,1525.71,1.0,19114351.124453127,0,473.00000000000006,89643.16634783796,430.0,430.0
21,site_UTTAR_PRADESH_1102,21,2045,SAFProductionSite,site_UTTAR_PRADESH_1102,UTTAR_PRADESH,inv_16,0.0,0.0,0.0,77464.50091728343,23239350.275185026,1525.71,1.0,0.0,0,473.00000000000006,81352.07122253536,430.0,430.0
21,site_TELANGANA_1976,21,2045,SAFProductionSite,site_TELANGANA_1976,TELANGANA,inv_22,0.0,0.0,0.0,0.0,0.0,1525.71,1.0,,0,478.50000000000006,82935.88904447402,435.0,435.0
22,site_BIHAR_001,22,2046,SAFProductionSite,site_BIHAR_001,BIHAR,inv_01,84170.6327596819,79311.28869647307,4859.344063208831,0.0,0.0,1525.71,1.0,16342793.375143528,0,467.50000000000006,83040.55512610561,425.0,425.0
22,site_PUNJAB_020,22,2046,SAFProductionSite,site_PUNJAB_020,PUNJAB,inv_02,0.0,0.0,0.0,78154.89922805813,23446469.76841744,1495.71,1.0,0.0,0,440.00000000000006,80586.22760630686,400.0,400.0
22,site_CHHATTISGARH_353,22,2046,SAFProductionSite,site_CHHATTISGARH_353,CHHATTISGARH,inv_08,88011.94919080466,85540.25897290975,2471.6902178949094,0.0,0.0,1495.71,1.0,22053802.08345321,0,440.00000000000006,88943.40587327202,400.0,400.0
22,site_HARYANA_561,22,2046,SAFProductionSite,site_HARYANA_561,HARYANA,inv_11,86733.88799175093,84787.93875624663,1945.949235504304,0.0,0.0,1495.71,1.0,19963342.115749836,0,445.50000000000006,86794.79299914683,405.0,405.0
22,site_ODISHA_660,22,2046,SAFProductionSite,site_ODISHA_660,ODISHA,inv_12,49776.88080599086,49776.88080599086,0.0,29868.079978301947,8960423.993490584,1495.71,1.0,12097285.287981771,0,445.50000000000006,82790.61680406357,405.0,405.0
22,site_MADHYA_PRADESH_985,22,2046,SAFProductionSite,site_MADHYA_PRADESH_985,MADHYA_PRADESH,inv_15,88899.65241422427,85921.59280284811,2978.0596113761567,0.0,0.0,1525.71,1.0,18910896.63517441,0,473.00000000000006,89643.16634783796,430.0,430.0
22,site_UTTAR_PRADESH_1102,22,2046,SAFProductionSite,site_UTTAR_PRADESH_1102,UTTAR_PRADESH,inv_16,0.0,0.0,0.0,79212.16075582059,23763648.226746175,1525.71,1.0,0.0,0,473.00000000000006,81352.07122253536,430.0,430.0
22,site_TELANGANA_1976,22,2046,SAFProductionSite,site_TELANGANA_1976,TELANGANA,inv_22,0.0,0.0,0.0,0.0,0.0,1525.71,1.0,-125000000.0,0,478.50000000000006,82935.88904447402,435.0,435.0
22,site_KARNATAKA_2133,22,2046,SAFProductionSite,site_KARNATAKA_2133,KARNATAKA,inv_23,0.0,0.0,0.0,0.0,0.0,1540.71,1.0,,0,489.50000000000006,81068.20775622556,445.0,445.0
23,site_BIHAR_001,23,2047,SAFProductionSite,site_BIHAR_001,BIHAR,inv_01,84170.6327596819,80588.14224715775,3582.4905125241494,0.0,0.0,1525.71,1.0,17931426.8955902,0,467.50000000000006,83040.55512610561,425.0,425.0
23,site_PUNJAB_020,23,2047,SAFProductionSite,site_PUNJAB_020,PUNJAB,inv_02,0.0,0.0,0.0,77004.38192562576,23101314.577687725,1495.71,1.0,-23101314.577687725,0,440.00000000000006,80586.22760630686,400.0,400.0
23,site_CHHATTISGARH_353,23,2047,SAFProductionSite,site_CHHATTISGARH_353,CHHATTISGARH,inv_08,88730.32320197548,85719.05157181762,3011.271630157862,0.0,0.0,1495.71,1.0,24008416.812392205,0,440.00000000000006,88943.40587327202,400.0,400.0
23,site_HARYANA_561,23,2047,SAFProductionSite,site_HARYANA_561,HARYANA,inv_11,86625.82261448557,82844.56040538548,3781.262209100096,0.0,0.0,1495.71,1.0,22925687.7786175,0,445.50000000000006,86794.79299914683,405.0,405.0
23,site_ODISHA_660,23,2047,SAFProductionSite,site_ODISHA_660,ODISHA,inv_12,80741.48932364304,80590.39453489632,151.09478874671913,0.0,0.0,1495.71,1.0,21237450.06940323,0,445.50000000000006,82790.61680406357,405.0,405.0
23,site_MADHYA_PRADESH_985,23,2047,SAFProductionSite,site_MADHYA_PRADESH_985,MADHYA_PRADESH,inv_15,88899.65241422427,86587.40705055793,2312.2453636663413,0.0,0.0,1525.71,1.0,20661408.91268705,0,473.00000000000006,89643.16634783796,430.0,430.0
23,site_UTTAR_PRADESH_1102,23,2047,SAFProductionSite,site_UTTAR_PRADESH_1102,UTTAR_PRADESH,inv_16,0.0,0.0,0.0,79376.43880946368,23812931.642839104,1525.71,1.0,0.0,0,473.00000000000006,81352.07122253536,430.0,430.0
23,site_TELANGANA_1976,23,2047,SAFProductionSite,site_TELANGANA_1976,TELANGANA,inv_22,0.0,0.0,0.0,0.0,0.0,1525.71,1.0,-125000000.0,0,478.50000000000006,82935.88904447402,435.0,435.0
23,site_KARNATAKA_2133,23,2047,SAFProductionSite,site_KARNATAKA_2133,KARNATAKA,inv_23,0.0,0.0,0.0,0.0,0.0,1540.71,1.0,-125000000.0,0,489.50000000000006,81068.20775622556,445.0,445.0
23,site_GUJARAT_2323,23,2047,SAFProductionSite,site_GUJARAT_2323,GUJARAT,inv_24,0.0,0.0,0.0,0.0,0.0,1540.71,1.0,,0,495.00000000000006,81791.23599805895,450.0,450.0
24,site_BIHAR_001,24,2048,SAFProductionSite,site_BIHAR_001,BIHAR,inv_01,85525.71818407693,80772.30551479646,4753.412669280471,0.0,0.0,1525.71,1.0,17544265.4389863,0,467.50000000000006,83040.55512610561,425.0,425.0
24,site_PUNJAB_020,24,2048,SAFProductionSite,site_PUNJAB_020,PUNJAB,inv_02,0.0,0.0,0.0,76640.47588616703,22992142.765850108,1495.71,1.0,-22992142.765850108,0,440.00000000000006,80586.22760630686,400.0,400.0
24,site_CHHATTISGARH_353,24,2048,SAFProductionSite,site_CHHATTISGARH_353,CHHATTISGARH,inv_08,87661.26901565459,84509.63980401748,3151.629211637104,0.0,0.0,1495.71,1.0,23719154.95044899,0,440.00000000000006,88943.40587327202,400.0,400.0
24,site_HARYANA_561,24,2048,SAFProductionSite,site_HARYANA_561,HARYANA,inv_11,86625.82261448557,84097.68718017275,2528.1354343128187,0.0,0.0,1495.71,1.0,22925687.7786175,0,445.50000000000006,86794.79299914683,405.0,405.0
24,site_ODISHA_660,24,2048,SAFProductionSite,site_ODISHA_660,ODISHA,inv_12,84495.27072851425,79535.44779812914,4959.822930385111,0.0,0.0,1495.71,1.0,22224807.942353234,0,445.50000000000006,82790.61680406357,405.0,405.0
24,site_MADHYA_PRADESH_985,24,2048,SAFProductionSite,site_MADHYA_PRADESH_985,MADHYA_PRADESH,inv_15,89222.17760536203,86233.31368576537,2988.8639195966534,0.0,0.0,1525.71,1.0,20569260.240327075,0,473.00000000000006,89643.16634783796,430.0,430.0
24,site_UTTAR_PRADESH_1102,24,2048,SAFProductionSite,site_UTTAR_PRADESH_1102,UTTAR_PRADESH,inv_16,28728.12790429937,28728.12790429937,0.0,49723.8418239742,14917152.54719226,1525.71,1.0,6808031.700833559,0,473.00000000000006,81352.07122253536,430.0,430.0
24,site_TELANGANA_1976,24,2048,SAFProductionSite,site_TELANGANA_1976,TELANGANA,inv_22,0.0,0.0,0.0,0.0,0.0,1525.71,1.0,-125000000.0,0,478.50000000000006,82935.88904447402,435.0,435.0
24,site_KARNATAKA_2133,24,2048,SAFProductionSite,site_KARNATAKA_2133,KARNATAKA,inv_23,0.0,0.0,0.0,0.0,0.0,1540.71,1.0,-125000000.0,0,489.50000000000006,81068.20775622556,445.0,445.0
24,site_GUJARAT_2323,24,2048,SAFProductionSite,site_GUJARAT_2323,GUJARAT,inv_24,0.0,0.0,0.0,0.0,0.0,1540.71,1.0,-125000000.0,0,495.00000000000006,81791.23599805895,450.0,450.0
25,site_BIHAR_001,25,2049,SAFProductionSite,site_BIHAR_001,BIHAR,inv_01,85721.16499906394,81289.61261173918,4431.5523873247585,0.0,0.0,1525.71,1.0,17885582.70958802,0,467.50000000000006,83040.55512610561,425.0,425.0
25,site_PUNJAB_020,25,2049,SAFProductionSite,site_PUNJAB_020,PUNJAB,inv_02,0.0,0.0,0.0,78349.2072721276,23504762.18163828,1495.71,1.0,-23504762.18163828,0,440.00000000000006,80586.22760630686,400.0,400.0
25,site_CHHATTISGARH_353,25,2049,SAFProductionSite,site_CHHATTISGARH_353,CHHATTISGARH,inv_08,87661.26901565459,85031.55885534357,2629.7101603110204,0.0,0.0,1495.71,1.0,24157461.29552728,0,440.00000000000006,88943.40587327202,400.0,400.0
25,site_HARYANA_561,25,2049,SAFProductionSite,site_HARYANA_561,HARYANA,inv_11,87438.48599489639,83621.75060659494,3816.735388301444,0.0,0.0,1495.71,1.0,23577953.109097973,0,445.50000000000006,86794.79299914683,405.0,405.0
25,site_ODISHA_660,25,2049,SAFProductionSite,site_ODISHA_660,ODISHA,inv_12,66305.48774007498,66305.48774007498,0.0,14003.312498238956,4200993.749471687,1495.71,1.0,13570879.377711393,0,445.50000000000006,82790.61680406357,405.0,405.0
25,site_MADHYA_PRADESH_985,25,2049,SAFProductionSite,site_MADHYA_PRADESH_985,MADHYA_PRADESH,inv_15,88226.37345534701,85270.86809272403,2955.5053626229783,0.0,0.0,1525.71,1.0,21291399.51340604,0,473.00000000000006,89643.16634783796,430.0,430.0
25,site_UTTAR_PRADESH_1102,25,2049,SAFProductionSite,site_UTTAR_PRADESH_1102,UTTAR_PRADESH,inv_16,0.0,0.0,0.0,77822.81328880451,23346843.98664135,1525.71,1.0,0.0,0,473.00000000000006,81352.07122253536,430.0,430.0
25,site_TELANGANA_1976,25,2049,SAFProductionSite,site_TELANGANA_1976,TELANGANA,inv_22,83853.75496763492,79568.40650597683,4285.348461658083,0.0,0.0,1525.71,1.0,17332626.372295916,0,478.50000000000006,82935.88904447402,435.0,435.0
25,site_KARNATAKA_2133,25,2049,SAFProductionSite,site_KARNATAKA_2133,KARNATAKA,inv_23,0.0,0.0,0.0,0.0,0.0,1540.71,1.0,-125000000.0,0,489.50000000000006,81068.20775622556,445.0,445.0
25,site_GUJARAT_2323,25,2049,SAFProductionSite,site_GUJARAT_2323,GUJARAT,inv_24,0.0,0.0,0.0,0.0,0.0,1540.71,1.0,-125000000.0,0,495.00000000000006,81791.23599805895,450.0,450.0
26,site_BIHAR_001,26,2050,SAFProductionSite,site_BIHAR_001,BIHAR,inv_01,85489.29613650548,80553.82291944041,4935.473217065068,0.0,0.0,1525.71,1.0,17951829.9623096,0,467.50000000000006,83040.55512610561,425.0,425.0
26,site_PUNJAB_020,26,2050,SAFProductionSite,site_PUNJAB_020,PUNJAB,inv_02,0.0,0.0,0.0,77258.19943086883,23177459.829260647,1495.71,1.0,-23177459.829260647,0,440.00000000000006,80586.22760630686,400.0,400.0
26,site_CHHATTISGARH_353,26,2050,SAFProductionSite,site_CHHATTISGARH_353,CHHATTISGARH,inv_08,88202.6520634204,85267.5727742526,2935.0792891677993,0.0,0.0,1495.71,1.0,24306654.2078512,0,440.00000000000006,88943.40587327202,400.0,400.0
26,site_HARYANA_561,26,2050,SAFProductionSite,site_HARYANA_561,HARYANA,inv_11,87298.87064411984,83488.22953849034,3810.6411056295037,0.0,0.0,1495.71,1.0,23540305.565725446,0,445.50000000000006,86794.79299914683,405.0,405.0
26,site_ODISHA_660,26,2050,SAFProductionSite,site_ODISHA_660,ODISHA,inv_12,84089.1705693824,79153.18548061766,4935.985088764748,0.0,0.0,1495.71,1.0,22538437.18920259,0,445.50000000000006,82790.61680406357,405.0,405.0
26,site_MADHYA_PRADESH_985,26,2050,SAFProductionSite,site_MADHYA_PRADESH_985,MADHYA_PRADESH,inv_15,88226.37345534701,87792.96516481851,433.40829052850313,0.0,0.0,1525.71,1.0,21291399.51340604,0,473.00000000000006,89643.16634783796,430.0,430.0
26,site_UTTAR_PRADESH_1102,26,2050,SAFProductionSite,site_UTTAR_PRADESH_1102,UTTAR_PRADESH,inv_16,18365.690711504198,18365.690711504198,0.0,59800.06116541721,17940018.349625163,1525.71,1.0,4444155.378171109,0,473.00000000000006,81352.07122253536,430.0,430.0
26,site_TELANGANA_1976,26,2050,SAFProductionSite,site_TELANGANA_1976,TELANGANA,inv_22,84024.58619898144,79139.67493907854,4884.911259902903,0.0,0.0,1525.71,1.0,17283818.181187898,0,478.50000000000006,82935.88904447402,435.0,435.0
26,site_KARNATAKA_2133,26,2050,SAFProductionSite,site_KARNATAKA_2133,KARNATAKA,inv_23,0.0,0.0,0.0,79423.25031735124,23826975.09520537,1540.71,1.0,0.0,0,489.50000000000006,81068.20775622556,445.0,445.0
26,site_GUJARAT_2323,26,2050,SAFProductionSite,site_GUJARAT_2323,GUJARAT,inv_24,0.0,0.0,0.0,0.0,0.0,1540.71,1.0,-125000000.0,0,495.00000000000006,81791.23599805895,450.0,450.0
27,site_BIHAR_001,27,2051,SAFProductionSite,site_BIHAR_001,BIHAR,inv_01,85489.29613650548,81123.32190587588,4365.974230629596,0.0,0.0,1525.71,1.0,17951829.9623096,0,467.50000000000006,83040.55512610561,425.0,425.0
27,site_PUNJAB_020,27,2051,SAFProductionSite,site_PUNJAB_020,PUNJAB,inv_02,0.0,0.0,0.0,77982.50052496628,23394750.157489885,1495.71,1.0,-23394750.157489885,0,440.00000000000006,80586.22760630686,400.0,400.0
27,site_CHHATTISGARH_353,27,2051,SAFProductionSite,site_CHHATTISGARH_353,CHHATTISGARH,inv_08,88447.46768072636,85419.99932565629,3027.468355070072,0.0,0.0,1495.71,1.0,24374119.849930286,0,440.00000000000006,0.0,400.0,400.0
27,site_HARYANA_561,27,2051,SAFProductionSite,site_HARYANA_561,HARYANA,inv_11,86694.9408669881,82910.66161021954,3784.2792567685538,0.0,0.0,1495.71,1.0,23377454.759191215,0,445.50000000000006,86794.79299914683,405.0,405.0
27,site_ODISHA_660,27,2051,SAFProductionSite,site_ODISHA_660,ODISHA,inv_12,84089.1705693824,81020.16846787935,3069.0021015030507,0.0,0.0,1495.71,1.0,22538437.18920259,0,445.50000000000006,82790.61680406357,405.0,405.0
27,site_MADHYA_PRADESH_985,27,2051,SAFProductionSite,site_MADHYA_PRADESH_985,MADHYA_PRADESH,inv_15,89534.13172380069,86534.81761755543,2999.3141062452632,0.0,0.0,1525.71,1.0,20917759.898526132,0,473.00000000000006,89643.16634783796,430.0,430.0
27,site_UTTAR_PRADESH_1102,27,2051,SAFProductionSite,site_UTTAR_PRADESH_1102,UTTAR_PRADESH,inv_16,0.0,0.0,0.0,77609.88517977015,23282965.553931046,1525.71,1.0,0.0,0,473.00000000000006,81352.07122253536,430.0,430.0
27,site_TELANGANA_1976,27,2051,SAFProductionSite,site_TELANGANA_1976,TELANGANA,inv_22,84024.58619898144,79351.00630628617,4673.57989269527,0.0,0.0,1525.71,1.0,17283818.181187898,0,478.50000000000006,82935.88904447402,435.0,435.0
27,site_KARNATAKA_2133,27,2051,SAFProductionSite,site_KARNATAKA_2133,KARNATAKA,inv_23,0.0,0.0,0.0,78488.36161660025,23546508.484980073,1540.71,1.0,0.0,0,489.50000000000006,81068.20775622556,445.0,445.0
27,site_GUJARAT_2323,27,2051,SAFProductionSite,site_GUJARAT_2323,GUJARAT,inv_24,57714.721853302646,57714.721853302646,0.0,22081.341866878007,6624402.560063402,1540.71,1.0,12801474.83891061,0,495.00000000000006,81791.23599805895,450.0,450.0
27,site_ANDHRA_PRADESH_3102,27,2051,SAFProductionSite,site_ANDHRA_PRADESH_3102,ANDHRA_PRADESH,inv_28,0.0,0.0,0.0,0.0,0.0,1540.71,1.0,,0,495.00000000000006,87577.2346794002,450.0,450.0
28,site_BIHAR_001,28,2052,SAFProductionSite,site_BIHAR_001,BIHAR,inv_01,86093.6879050937,81181.91620231369,4911.77170278001,0.0,0.0,1525.71,1.0,17779149.190106258,0,467.50000000000006,83040.55512610561,425.0,425.0
28,site_PUNJAB_020,28,2052,SAFProductionSite,site_PUNJAB_020,PUNJAB,inv_02,0.0,0.0,0.0,78696.8902635786,23609067.07907358,1495.71,1.0,-23609067.07907358,0,440.00000000000006,80586.22760630686,400.0,400.0
28,site_CHHATTISGARH_353,28,2052,SAFProductionSite,site_CHHATTISGARH_353,CHHATTISGARH,inv_08,88605.57869573854,85644.35308478067,2961.225610957874,0.0,0.0,1495.71,1.0,24417691.666405722,0,440.00000000000006,88943.40587327202,400.0,400.0
28,site_HARYANA_561,28,2052,SAFProductionSite,site_HARYANA_561,HARYANA,inv_11,86464.52925073591,82690.30758084822,3774.2216698876873,0.0,0.0,1495.71,1.0,23315323.831122518,0,445.50000000000006,86794.79299914683,405.0,405.0
28,site_ODISHA_660,28,2052,SAFProductionSite,site_ODISHA_660,ODISHA,inv_12,85345.78314147088,80336.03563031352,5009.7475111573585,0.0,0.0,1495.71,1.0,22875247.307977736,0,445.50000000000006,82790.61680406357,405.0,405.0
28,site_MADHYA_PRADESH_985,28,2052,SAFProductionSite,site_MADHYA_PRADESH_985,MADHYA_PRADESH,inv_15,89534.13172380069,87044.82908853103,2489.3026352696616,0.0,0.0,1525.71,1.0,20917759.898526132,0,473.00000000000006,89643.16634783796,430.0,430.0
28,site_UTTAR_PRADESH_1102,28,2052,SAFProductionSite,site_UTTAR_PRADESH_1102,UTTAR_PRADESH,inv_16,9824.679911707208,9824.679911707208,0.0,69553.79532820154,20866138.598460462,1525.71,1.0,2377389.707487194,0,473.00000000000006,81352.07122253536,430.0,430.0
28,site_TELANGANA_1976,28,2052,SAFProductionSite,site_TELANGANA_1976,TELANGANA,inv_22,83922.35283678684,79043.38508609611,4878.967750690732,0.0,0.0,1525.71,1.0,17313027.275100514,0,478.50000000000006,82935.88904447402,435.0,435.0
28,site_KARNATAKA_2133,28,2052,SAFProductionSite,site_KARNATAKA_2133,KARNATAKA,inv_23,0.0,0.0,0.0,78598.14718049057,23579444.15414717,1540.71,1.0,0.0,0,489.50000000000006,81068.20775622556,445.0,445.0
28,site_GUJARAT_2323,28,2052,SAFProductionSite,site_GUJARAT_2323,GUJARAT,inv_24,85125.44042479152,80017.28904362838,5108.151381163145,0.0,0.0,1540.71,1.0,15994571.601860985,0,495.00000000000006,81791.23599805895,450.0,450.0
28,site_ANDHRA_PRADESH_3102,28,2052,SAFProductionSite,site_ANDHRA_PRADESH_3102,ANDHRA_PRADESH,inv_28,0.0,0.0,0.0,0.0,0.0,1540.71,1.0,-125000000.0,0,495.00000000000006,87577.2346794002,450.0,450.0
29,site_BIHAR_001,29,2053,SAFProductionSite,site_BIHAR_001,BIHAR,inv_01,85314.67833447424,80389.28616292126,4925.392171552987,0.0,0.0,1525.71,1.0,18001720.014527947,0,467.50000000000006,83040.55512610561,425.0,425.0
29,site_PUNJAB_020,29,2053,SAFProductionSite,site_PUNJAB_020,PUNJAB,inv_02,0.0,0.0,0.0,78448.40240441562,23534520.721324686,1495.71,1.0,-23534520.721324686,0,440.00000000000006,80586.22760630686,400.0,400.0
29,site_CHHATTISGARH_353,29,2053,SAFProductionSite,site_CHHATTISGARH_353,CHHATTISGARH,inv_08,88838.29930937369,86677.86145697147,2160.4378524022177,0.0,0.0,1495.71,1.0,24481824.199275628,0,440.00000000000006,88943.40587327202,400.0,400.0
29,site_HARYANA_561,29,2053,SAFProductionSite,site_HARYANA_561,HARYANA,inv_11,86464.52925073591,83154.18344954753,3310.3458011883777,0.0,0.0,1495.71,1.0,23315323.831122518,0,445.50000000000006,86794.79299914683,405.0,405.0
29,site_ODISHA_660,29,2053,SAFProductionSite,site_ODISHA_660,ODISHA,inv_12,85266.3945860943,80261.3071366655,5005.0874494288,0.0,0.0,1495.71,1.0,22853968.77761787,0,445.50000000000006,82790.61680406357,405.0,405.0
29,site_MADHYA_PRADESH_985,29,2053,SAFProductionSite,site_MADHYA_PRADESH_985,MADHYA_PRADESH,inv_15,89526.97409765565,86527.89976554624,2999.074332109405,0.0,0.0,1525.71,1.0,20919804.90389204,0,473.00000000000006,89643.16634783796,430.0,430.0
29,site_UTTAR_PRADESH_1102,29,2053,SAFProductionSite,site_UTTAR_PRADESH_1102,UTTAR_PRADESH,inv_16,49849.90210987754,49849.90210987754,0.0,28011.459102694367,8403437.73080831,1525.71,1.0,12062748.635102697,0,473.00000000000006,81352.07122253536,430.0,430.0
29,site_TELANGANA_1976,29,2053,SAFProductionSite,site_TELANGANA_1976,TELANGANA,inv_22,83922.35283678684,79144.00268563828,4778.3501511485665,0.0,0.0,1525.71,1.0,17313027.275100514,0,478.50000000000006,82935.88904447402,435.0,435.0
29,site_KARNATAKA_2133,29,2053,SAFProductionSite,site_KARNATAKA_2133,KARNATAKA,inv_23,0.0,0.0,0.0,78327.65507251878,23498296.521755636,1540.71,1.0,0.0,0,489.50000000000006,81068.20775622556,445.0,445.0
29,site_GUJARAT_2323,29,2053,SAFProductionSite,site_GUJARAT_2323,GUJARAT,inv_24,84330.7789108669,79051.15290991438,5279.626000952514,0.0,0.0,1540.71,1.0,16221614.34300439,0,495.00000000000006,81791.23599805895,450.0,450.0
29,site_ANDHRA_PRADESH_3102,29,2053,SAFProductionSite,site_ANDHRA_PRADESH_3102,ANDHRA_PRADESH,inv_28,0.0,0.0,0.0,0.0,0.0,1540.71,1.0,-125000000.0,0,495.00000000000006,87577.2346794002,450.0,450.0
30,site_BIHAR_001,30,2054,SAFProductionSite,site_BIHAR_001,BIHAR,inv_01,85273.55692155276,80350.5387738986,4923.018147654162,0.0,0.0,1525.71,1.0,18013468.81341374,0,467.50000000000006,83040.55512610561,425.0,425.0
30,site_PUNJAB_020,30,2054,SAFProductionSite,site_PUNJAB_020,PUNJAB,inv_02,0.0,0.0,0.0,77949.55288123566,23384865.8643707,1495.71,1.0,-23384865.8643707,0,440.00000000000006,80586.22760630686,400.0,400.0
30,site_CHHATTISGARH_353,30,2054,SAFProductionSite,site_CHHATTISGARH_353,CHHATTISGARH,inv_08,88331.39036081814,85155.66870755346,3175.7216532646853,0.0,0.0,1495.71,1.0,24342131.568281427,0,440.00000000000006,88943.40587327202,400.0,400.0
30,site_HARYANA_561,30,2054,SAFProductionSite,site_HARYANA_561,HARYANA,inv_11,86949.57773817377,83615.77063424238,3333.8071039313945,0.0,0.0,1495.71,1.0,23446118.07306668,0,445.50000000000006,0.0,405.0,405.0
30,site_ODISHA_660,30,2054,SAFProductionSite,site_ODISHA_660,ODISHA,inv_12,85266.3945860943,81011.15918031301,4255.235405781292,0.0,0.0,1495.71,1.0,22853968.77761787,0,445.50000000000006,82790.61680406357,405.0,405.0
30,site_MADHYA_PRADESH_985,30,2054,SAFProductionSite,site_MADHYA_PRADESH_985,MADHYA_PRADESH,inv_15,89526.97409765565,86817.28354247901,2709.6905551766395,0.0,0.0,1525.71,1.0,20919804.90389204,0,473.00000000000006,89643.16634783796,430.0,430.0
30,site_UTTAR_PRADESH_1102,30,2054,SAFProductionSite,site_UTTAR_PRADESH_1102,UTTAR_PRADESH,inv_16,83109.90317383925,77762.37872289767,5347.524450941579,0.0,0.0,1525.71,1.0,17997171.746620297,0,473.00000000000006,81352.07122253536,430.0,430.0
30,site_TELANGANA_1976,30,2054,SAFProductionSite,site_TELANGANA_1976,TELANGANA,inv_22,84029.18107650823,80739.68319710514,3289.4978794030903,0.0,0.0,1525.71,1.0,17282505.378729716,0,478.50000000000006,82935.88904447402,435.0,435.0
30,site_KARNATAKA_2133,30,2054,SAFProductionSite,site_KARNATAKA_2133,KARNATAKA,inv_23,8856.372367827833,8856.372367827833,0.0,68753.27068279884,20625981.204839654,1540.71,1.0,2006635.6906824969,0,489.50000000000006,81068.20775622556,445.0,445.0
30,site_GUJARAT_2323,30,2054,SAFProductionSite,site_GUJARAT_2323,GUJARAT,inv_24,84330.7789108669,80052.07818239385,4278.70072847305,0.0,0.0,1540.71,1.0,16221614.34300439,0,495.00000000000006,81791.23599805895,450.0,450.0
30,site_ANDHRA_PRADESH_3102,30,2054,SAFProductionSite,site_ANDHRA_PRADESH_3102,ANDHRA_PRADESH,inv_28,0.0,0.0,0.0,0.0,0.0,1540.71,1.0,-125000000.0,0,495.00000000000006,87577.2346794002,450.0,450.0
31,site_BIHAR_001,31,2055,SAFProductionSite,site_BIHAR_001,BIHAR,inv_01,84052.13221617072,79199.62943350972,4852.502782661002,0.0,0.0,1525.71,1.0,21247726.43749167,0,467.50000000000006,83040.55512610561,425.0,425.0
31,site_PUNJAB_020,31,2055,SAFProductionSite,site_PUNJAB_020,PUNJAB,inv_02,0.0,0.0,0.0,78143.09602893131,23442928.80867939,1495.71,1.0,-23442928.80867939,0,440.00000000000006,80586.22760630686,400.0,400.0
31,site_CHHATTISGARH_353,31,2055,SAFProductionSite,site_CHHATTISGARH_353,CHHATTISGARH,inv_08,88331.39036081814,86743.93356685212,1587.4567939660192,0.0,0.0,1495.71,1.0,24783788.5200855,0,440.00000000000006,88943.40587327202,400.0,400.0
31,site_HARYANA_561,31,2055,SAFProductionSite,site_HARYANA_561,HARYANA,inv_11,86761.37860577267,82974.19930715353,3787.179298619143,0.0,0.0,1495.71,1.0,23829176.714128062,0,445.50000000000006,86794.79299914683,405.0,405.0
31,site_ODISHA_660,31,2055,SAFProductionSite,site_ODISHA_660,ODISHA,inv_12,85909.77419874941,80866.9207426758,5042.853456073615,0.0,0.0,1495.71,1.0,23455962.81474246,0,445.50000000000006,0.0,405.0,405.0
31,site_MADHYA_PRADESH_985,31,2055,SAFProductionSite,site_MADHYA_PRADESH_985,MADHYA_PRADESH,inv_15,89826.38797424274,86995.2228634115,2831.1651108312362,0.0,0.0,1525.71,1.0,22505692.641567677,0,473.00000000000006,89643.16634783796,430.0,430.0
31,site_UTTAR_PRADESH_1102,31,2055,SAFProductionSite,site_UTTAR_PRADESH_1102,UTTAR_PRADESH,inv_16,45069.85591334534,45069.85591334534,0.0,32559.820132167006,9767946.039650101,1525.71,1.0,11131415.688777514,0,473.00000000000006,81352.07122253536,430.0,430.0
31,site_TELANGANA_1976,31,2055,SAFProductionSite,site_TELANGANA_1976,TELANGANA,inv_22,84444.89969304946,79535.55279814088,4909.34689490858,0.0,0.0,1525.71,1.0,17558260.315963566,0,478.50000000000006,82935.88904447402,435.0,435.0
31,site_KARNATAKA_2133,31,2055,SAFProductionSite,site_KARNATAKA_2133,KARNATAKA,inv_23,0.0,0.0,0.0,79297.36625107814,23789209.875323445,1540.71,1.0,0.0,0,489.50000000000006,81068.20775622556,445.0,445.0
31,site_GUJARAT_2323,31,2055,SAFProductionSite,site_GUJARAT_2323,GUJARAT,inv_24,84837.1860061745,79525.85580300799,5311.330203166508,0.0,0.0,1540.71,1.0,16474115.823259711,0,495.00000000000006,81791.23599805895,450.0,450.0
31,site_ANDHRA_PRADESH_3102,31,2055,SAFProductionSite,site_ANDHRA_PRADESH_3102,ANDHRA_PRADESH,inv_28,86881.65970888227,84962.49212451736,1919.1675843649136,0.0,0.0,1540.71,1.0,18374562.694026798,0,495.00000000000006,87577.2346794002,450.0,450.0
31,site_WEST_BENGAL_3970,31,2055,SAFProductionSite,site_WEST_BENGAL_3970,WEST_BENGAL,inv_32,0.0,0.0,0.0,0.0,0.0,1540.71,1.0,,0,500.50000000000006,81012.09935531624,455.0,455.0
32,site_BIHAR_001,32,2056,SAFProductionSite,site_BIHAR_001,BIHAR,inv_01,83821.70137384973,78982.50183851978,4839.199535329957,0.0,0.0,1525.71,1.0,21189475.309634447,0,467.50000000000006,83040.55512610561,425.0,425.0
32,site_PUNJAB_020,32,2056,SAFProductionSite,site_PUNJAB_020,PUNJAB,inv_02,0.0,0.0,0.0,78077.99942123095,23423399.826369286,1495.71,1.0,-23423399.826369286,0,440.00000000000006,80586.22760630686,400.0,400.0
32,site_CHHATTISGARH_353,32,2056,SAFProductionSite,site_CHHATTISGARH_353,CHHATTISGARH,inv_08,89288.15486382942,86078.03527188319,3210.1195919462334,0.0,0.0,1495.71,1.0,25052234.98072985,0,440.00000000000006,88943.40587327202,400.0,400.0
32,site_HARYANA_561,32,2056,SAFProductionSite,site_HARYANA_561,HARYANA,inv_11,86715.23592035916,82930.070773956,3785.16514640316,0.0,0.0,1495.71,1.0,23816503.538315818,0,445.50000000000006,86794.79299914683,405.0,405.0
32,site_ODISHA_660,32,2056,SAFProductionSite,site_ODISHA_660,ODISHA,inv_12,85403.08952232654,80389.97816015864,5013.111362167896,0.0,0.0,1495.71,1.0,23317622.59630026,0,445.50000000000006,82790.61680406357,405.0,405.0
32,site_MADHYA_PRADESH_985,32,2056,SAFProductionSite,site_MADHYA_PRADESH_985,MADHYA_PRADESH,inv_15,89805.59568412232,86797.18777566048,3008.4079084618425,0.0,0.0,1525.71,1.0,22500483.204771683,0,473.00000000000006,89643.16634783796,430.0,430.0
32,site_UTTAR_PRADESH_1102,32,2056,SAFProductionSite,site_UTTAR_PRADESH_1102,UTTAR_PRADESH,inv_16,82968.07486496375,78746.33310009126,4221.741764872495,0.0,0.0,1525.71,1.0,18433213.53566368,0,473.00000000000006,81352.07122253536,430.0,430.0
32,site_TELANGANA_1976,32,2056,SAFProductionSite,site_TELANGANA_1976,TELANGANA,inv_22,83718.85220818337,78851.71531030646,4867.136897876902,0.0,0.0,1525.71,1.0,17765699.342864662,0,478.50000000000006,82935.88904447402,435.0,435.0
32,site_KARNATAKA_2133,32,2056,SAFProductionSite,site_KARNATAKA_2133,KARNATAKA,inv_23,6459.121177948546,6459.121177948546,0.0,71337.53353633617,21401260.06090085,1540.71,1.0,1495773.2633105125,0,489.50000000000006,81068.20775622556,445.0,445.0
32,site_GUJARAT_2323,32,2056,SAFProductionSite,site_GUJARAT_2323,GUJARAT,inv_24,83055.20648993386,77855.43917648112,5199.767313452743,0.0,0.0,1540.71,1.0,16983245.190844834,0,495.00000000000006,81791.23599805895,450.0,450.0
32,site_ANDHRA_PRADESH_3102,32,2056,SAFProductionSite,site_ANDHRA_PRADESH_3102,ANDHRA_PRADESH,inv_28,86878.85125437425,83332.64904852661,3546.202205847643,0.0,0.0,1540.71,1.0,18375365.097564295,0,495.00000000000006,87577.2346794002,450.0,450.0
32,site_WEST_BENGAL_3970,32,2056,SAFProductionSite,site_WEST_BENGAL_3970,WEST_BENGAL,inv_32,0.0,0.0,0.0,0.0,0.0,1540.71,1.0,-125000000.0,0,500.50000000000006,81012.09935531624,455.0,455.0
33,site_BIHAR_001,33,2057,SAFProductionSite,site_BIHAR_001,BIHAR,inv_01,83821.70137384973,79021.87718886051,4799.824184989222,0.0,0.0,1525.71,1.0,22027692.323372945,0,467.50000000000006,83040.55512610561,425.0,425.0
33,site_PUNJAB_020,33,2057,SAFProductionSite,site_PUNJAB_020,PUNJAB,inv_02,0.0,0.0,0.0,78142.76414432471,23442829.243297413,1495.71,1.0,-23442829.243297413,0,440.00000000000006,80586.22760630686,400.0,400.0
33,site_CHHATTISGARH_353,33,2057,SAFProductionSite,site_CHHATTISGARH_353,CHHATTISGARH,inv_08,89288.15486382942,86904.97211136101,2383.182752468405,0.0,0.0,1495.71,1.0,25945116.529368162,0,440.00000000000006,88943.40587327202,400.0,400.0
33,site_HARYANA_561,33,2057,SAFProductionSite,site_HARYANA_561,HARYANA,inv_11,86715.23592035916,83623.59220918434,3091.6437111748237,0.0,0.0,1495.71,1.0,24683655.897519395,0,445.50000000000006,86794.79299914683,405.0,405.0
33,site_ODISHA_660,33,2057,SAFProductionSite,site_ODISHA_660,ODISHA,inv_12,85186.19981046308,80185.81974741985,5000.380063043223,0.0,0.0,1495.71,1.0,24110267.153039023,0,445.50000000000006,82790.61680406357,405.0,405.0
33,site_MADHYA_PRADESH_985,33,2057,SAFProductionSite,site_MADHYA_PRADESH_985,MADHYA_PRADESH,inv_15,88962.45366350387,85982.2902659042,2980.1633975996665,0.0,0.0,1525.71,1.0,23178861.407259658,0,473.00000000000006,89643.16634783796,430.0,430.0
33,site_UTTAR_PRADESH_1102,33,2057,SAFProductionSite,site_UTTAR_PRADESH_1102,UTTAR_PRADESH,inv_16,84161.52163457898,79059.54175461849,5101.9798799604905,0.0,0.0,1525.71,1.0,21627944.866828218,0,473.00000000000006,81352.07122253536,430.0,430.0
33,site_TELANGANA_1976,33,2057,SAFProductionSite,site_TELANGANA_1976,TELANGANA,inv_22,83716.47057978259,78849.472141896,4866.998437886592,0.0,0.0,1525.71,1.0,21144864.34363486,0,478.50000000000006,82935.88904447402,435.0,435.0
33,site_KARNATAKA_2133,33,2057,SAFProductionSite,site_KARNATAKA_2133,KARNATAKA,inv_23,54751.79104844241,54751.79104844241,0.0,23464.690593521824,7039407.178056547,1540.71,1.0,13226683.219879463,0,489.50000000000006,81068.20775622556,445.0,445.0
33,site_GUJARAT_2323,33,2057,SAFProductionSite,site_GUJARAT_2323,GUJARAT,inv_24,83055.20648993386,79182.84453185387,3872.361958079986,0.0,0.0,1540.71,1.0,17777619.293756172,0,495.00000000000006,81791.23599805895,450.0,450.0
33,site_ANDHRA_PRADESH_3102,33,2057,SAFProductionSite,site_ANDHRA_PRADESH_3102,ANDHRA_PRADESH,inv_28,86878.85125437425,85754.4444506197,1124.4068037545512,0.0,0.0,1540.71,1.0,19213956.92440377,0,495.00000000000006,87577.2346794002,450.0,450.0
33,site_WEST_BENGAL_3970,33,2057,SAFProductionSite,site_WEST_BENGAL_3970,WEST_BENGAL,inv_32,0.0,0.0,0.0,0.0,0.0,1540.71,1.0,-125000000.0,0,500.50000000000006,81012.09935531624,455.0,455.0
34,site_BIHAR_001,34,2058,SAFProductionSite,site_BIHAR_001,BIHAR,inv_01,83863.4892228153,80917.64419542564,2945.8450273896597,0.0,0.0,1525.71,1.0,22038673.845637247,0,467.50000000000006,83040.55512610561,425.0,425.0
34,site_PUNJAB_020,34,2058,SAFProductionSite,site_PUNJAB_020,PUNJAB,inv_02,9417.573001428405,9417.573001428405,0.0,68913.30967512082,20673992.902536247,1495.71,1.0,-17968941.114615157,0,440.00000000000006,80586.22760630686,400.0,400.0
34,site_CHHATTISGARH_353,34,2058,SAFProductionSite,site_CHHATTISGARH_353,CHHATTISGARH,inv_08,89393.23550800615,86179.33801925916,3213.897488746996,0.0,0.0,1495.71,1.0,25975650.585787,0,440.00000000000006,88943.40587327202,400.0,400.0
34,site_HARYANA_561,34,2058,SAFProductionSite,site_HARYANA_561,HARYANA,inv_11,87440.41165348464,84951.5053125365,2488.906340948146,0.0,0.0,1495.71,1.0,24890078.5413803,0,445.50000000000006,86794.79299914683,405.0,405.0
34,site_ODISHA_660,34,2058,SAFProductionSite,site_ODISHA_660,ODISHA,inv_12,85186.19981046308,80357.64490004329,4828.554910419785,0.0,0.0,1495.71,1.0,24110267.153039023,0,445.50000000000006,82790.61680406357,405.0,405.0
34,site_MADHYA_PRADESH_985,34,2058,SAFProductionSite,site_MADHYA_PRADESH_985,MADHYA_PRADESH,inv_15,88340.76555424058,85381.42815762958,2959.3373966110084,0.0,0.0,1525.71,1.0,23016882.708047286,0,473.00000000000006,0.0,430.0,430.0
34,site_UTTAR_PRADESH_1102,34,2058,SAFProductionSite,site_UTTAR_PRADESH_1102,UTTAR_PRADESH,inv_16,82666.83374745295,77347.81762705425,5319.016120398708,0.0,0.0,1525.71,1.0,21243837.895043194,0,473.00000000000006,81352.07122253536,430.0,430.0
34,site_TELANGANA_1976,34,2058,SAFProductionSite,site_TELANGANA_1976,TELANGANA,inv_22,83716.47057978259,81012.25785110168,2704.212728680912,0.0,0.0,1525.71,1.0,21144864.34363486,0,478.50000000000006,82935.88904447402,435.0,435.0
34,site_KARNATAKA_2133,34,2058,SAFProductionSite,site_KARNATAKA_2133,KARNATAKA,inv_23,83696.23093506841,78807.04458879617,4889.1863462722395,0.0,0.0,1540.71,1.0,17249071.80379717,0,489.50000000000006,81068.20775622556,445.0,445.0
34,site_GUJARAT_2323,34,2058,SAFProductionSite,site_GUJARAT_2323,GUJARAT,inv_24,84471.26588221884,79738.4227333176,4732.843148901244,0.0,0.0,1540.71,1.0,17373036.964786425,0,495.00000000000006,81791.23599805895,450.0,450.0
34,site_ANDHRA_PRADESH_3102,34,2058,SAFProductionSite,site_ANDHRA_PRADESH_3102,ANDHRA_PRADESH,inv_28,87493.69333740928,83922.39464007232,3571.2986973369552,0.0,0.0,1540.71,1.0,19038290.39285983,0,495.00000000000006,87577.2346794002,450.0,450.0
34,site_WEST_BENGAL_3970,34,2058,SAFProductionSite,site_WEST_BENGAL_3970,WEST_BENGAL,inv_32,0.0,0.0,0.0,0.0,0.0,1540.71,1.0,-125000000.0,0,500.50000000000006,81012.09935531624,455.0,455.0
35,site_BIHAR_001,35,2059,SAFProductionSite,site_BIHAR_001,BIHAR,inv_01,84736.36155917204,79844.35680668174,4892.004752490306,0.0,0.0,1525.71,1.0,22691739.72638452,0,467.50000000000006,83040.55512610561,425.0,425.0
35,site_PUNJAB_020,35,2059,SAFProductionSite,site_PUNJAB_020,PUNJAB,inv_02,0.0,0.0,0.0,77068.68956175294,23120606.86852588,1495.71,1.0,-23120606.86852588,0,440.00000000000006,80586.22760630686,400.0,400.0
35,site_CHHATTISGARH_353,35,2059,SAFProductionSite,site_CHHATTISGARH_353,CHHATTISGARH,inv_08,88185.26337447803,85014.79533074843,3170.4680437296047,0.0,0.0,1495.71,1.0,26065567.546307296,0,440.00000000000006,88943.40587327202,400.0,400.0
35,site_HARYANA_561,35,2059,SAFProductionSite,site_HARYANA_561,HARYANA,inv_11,86293.99866612692,82527.22074494621,3766.7779211807065,0.0,0.0,1495.71,1.0,24995219.909803838,0,445.50000000000006,86794.79299914683,405.0,405.0
35,site_ODISHA_660,35,2059,SAFProductionSite,site_ODISHA_660,ODISHA,inv_12,84913.04587361396,79928.69978676642,4984.346086847538,0.0,0.0,1495.71,1.0,24457521.569082975,0,445.50000000000006,82790.61680406357,405.0,405.0
35,site_MADHYA_PRADESH_985,35,2059,SAFProductionSite,site_MADHYA_PRADESH_985,MADHYA_PRADESH,inv_15,88340.76555424058,86105.16754293107,2235.598011309514,0.0,0.0,1525.71,1.0,23458586.535818502,0,473.00000000000006,89643.16634783796,430.0,430.0
35,site_UTTAR_PRADESH_1102,35,2059,SAFProductionSite,site_UTTAR_PRADESH_1102,UTTAR_PRADESH,inv_16,82666.83374745295,77453.41640274008,5213.4173447128705,0.0,0.0,1525.71,1.0,21657172.063780457,0,473.00000000000006,0.0,430.0,430.0
35,site_TELANGANA_1976,35,2059,SAFProductionSite,site_TELANGANA_1976,TELANGANA,inv_22,85662.16930348639,80682.05438346336,4980.114920023028,0.0,0.0,1525.71,1.0,22064614.1540906,0,478.50000000000006,82935.88904447402,435.0,435.0
35,site_KARNATAKA_2133,35,2059,SAFProductionSite,site_KARNATAKA_2133,KARNATAKA,inv_23,82657.08658089826,77245.37201858878,5411.714562309484,0.0,0.0,1540.71,1.0,17936284.961465776,0,489.50000000000006,81068.20775622556,445.0,445.0
35,site_GUJARAT_2323,35,2059,SAFProductionSite,site_GUJARAT_2323,GUJARAT,inv_24,84037.93008495077,78776.63822362821,5261.291861322563,0.0,0.0,1540.71,1.0,17894032.386879563,0,495.00000000000006,81791.23599805895,450.0,450.0
35,site_ANDHRA_PRADESH_3102,35,2059,SAFProductionSite,site_ANDHRA_PRADESH_3102,ANDHRA_PRADESH,inv_28,87493.69333740928,84160.28322623645,3333.4101111728232,0.0,0.0,1540.71,1.0,19457586.30627957,0,495.00000000000006,87577.2346794002,450.0,450.0
35,site_WEST_BENGAL_3970,35,2059,SAFProductionSite,site_WEST_BENGAL_3970,WEST_BENGAL,inv_32,50527.5165440338,50527.5165440338,0.0,28027.76642360058,8408329.927080175,1540.71,1.0,11942709.337186158,0,500.50000000000006,81012.09935531624,455.0,455.0
35,site_MAHARASHTRA_4724,35,2059,SAFProductionSite,site_MAHARASHTRA_4724,MAHARASHTRA,inv_08,0.0,0.0,0.0,0.0,0.0,1570.71,1.0,,0,517.0,89480.06647619462,470.0,470.0
36,site_BIHAR_001,36,2060,SAFProductionSite,site_BIHAR_001,BIHAR,inv_01,84736.36155917204,80430.20487287546,4306.156686296585,0.0,0.0,1525.71,1.0,22691739.72638452,0,467.50000000000006,83040.55512610561,425.0,425.0
36,site_PUNJAB_020,36,2060,SAFProductionSite,site_PUNJAB_020,PUNJAB,inv_02,17024.253177147722,17024.253177147722,0.0,59802.49244679748,17940747.734039243,1495.71,1.0,-12965673.771436427,0,440.00000000000006,80586.22760630686,400.0,400.0
36,site_CHHATTISGARH_353,36,2060,SAFProductionSite,site_CHHATTISGARH_353,CHHATTISGARH,inv_08,88185.26337447803,85192.7229308957,2992.5404435823293,0.0,0.0,1495.71,1.0,26065567.546307296,0,440.00000000000006,88943.40587327202,400.0,400.0
36,site_HARYANA_561,36,2060,SAFProductionSite,site_HARYANA_561,HARYANA,inv_11,86293.99866612692,83417.2338455787,2876.7648205482255,0.0,0.0,1495.71,1.0,24995219.909803838,0,445.50000000000006,86794.79299914683,405.0,405.0
36,site_ODISHA_660,36,2060,SAFProductionSite,site_ODISHA_660,ODISHA,inv_12,84387.13195749122,79433.65670966348,4953.475247827737,0.0,0.0,1495.71,1.0,24306042.478741586,0,445.50000000000006,82790.61680406357,405.0,405.0
36,site_MADHYA_PRADESH_985,36,2060,SAFProductionSite,site_MADHYA_PRADESH_985,MADHYA_PRADESH,inv_15,89089.58989155728,87559.74809289418,1529.8417986630957,0.0,0.0,1525.71,1.0,23657434.26378262,0,473.00000000000006,89643.16634783796,430.0,430.0
36,site_UTTAR_PRADESH_1102,36,2060,SAFProductionSite,site_UTTAR_PRADESH_1102,UTTAR_PRADESH,inv_16,82693.8389049622,77373.08519692872,5320.753708033488,0.0,0.0,1525.71,1.0,21664246.912498802,0,473.00000000000006,81352.07122253536,430.0,430.0
36,site_TELANGANA_1976,36,2060,SAFProductionSite,site_TELANGANA_1976,TELANGANA,inv_22,85662.16930348639,80766.90619357422,4895.2631099121645,0.0,0.0,1525.71,1.0,22064614.1540906,0,478.50000000000006,82935.88904447402,435.0,435.0
36,site_KARNATAKA_2133,36,2060,SAFProductionSite,site_KARNATAKA_2133,KARNATAKA,inv_23,82543.63007867592,77139.34372646509,5404.286352210838,0.0,0.0,1540.71,1.0,17968700.61871572,0,489.50000000000006,81068.20775622556,445.0,445.0
36,site_GUJARAT_2323,36,2060,SAFProductionSite,site_GUJARAT_2323,GUJARAT,inv_24,84037.93008495077,79361.92035106845,4676.009733882325,0.0,0.0,1540.71,1.0,17894032.386879563,0,495.00000000000006,81791.23599805895,450.0,450.0
36,site_ANDHRA_PRADESH_3102,36,2060,SAFProductionSite,site_ANDHRA_PRADESH_3102,ANDHRA_PRADESH,inv_28,87478.39319334162,83907.71901398411,3570.6741793575056,0.0,0.0,1540.71,1.0,19461957.710441142,0,495.00000000000006,87577.2346794002,450.0,450.0
36,site_WEST_BENGAL_3970,36,2060,SAFProductionSite,site_WEST_BENGAL_3970,WEST_BENGAL,inv_32,84078.90198247692,78759.54379772292,5319.3581847540045,0.0,0.0,1540.71,1.0,16359975.954957604,0,500.50000000000006,81012.09935531624,455.0,455.0
36,site_MAHARASHTRA_4724,36,2060,SAFProductionSite,site_MAHARASHTRA_4724,MAHARASHTRA,inv_08,0.0,0.0,0.0,0.0,0.0,1570.71,1.0,-125000000.0,0,517.0,89480.06647619462,470.0,470.0
37,site_BIHAR_001,37,2061,SAFProductionSite,site_BIHAR_001,BIHAR,inv_01,85355.10035745022,80427.37453922105,4927.72581822917,0.0,0.0,1525.71,1.0,22857433.17263119,0,467.50000000000006,83040.55512610561,425.0,425.0
37,site_PUNJAB_020,37,2061,SAFProductionSite,site_PUNJAB_020,PUNJAB,inv_02,56537.768557300355,56537.768557300355,0.0,21067.517876184225,6320255.362855268,1495.71,1.0,10202030.656167347,0,440.00000000000006,80586.22760630686,400.0,400.0
37,site_CHHATTISGARH_353,37,2061,SAFProductionSite,site_CHHATTISGARH_353,CHHATTISGARH,inv_08,88187.56128332195,85017.01062435395,3170.550658968001,0.0,0.0,1495.71,1.0,26066246.75614232,0,440.00000000000006,88943.40587327202,400.0,400.0
37,site_HARYANA_561,37,2061,SAFProductionSite,site_HARYANA_561,HARYANA,inv_11,87224.63450513301,83512.50012897467,3712.134376158341,0.0,0.0,1495.71,1.0,25264780.340557545,0,445.50000000000006,86794.79299914683,405.0,405.0
37,site_ODISHA_660,37,2061,SAFProductionSite,site_ODISHA_660,ODISHA,inv_12,84387.13195749122,79539.76847580165,4847.363481689565,0.0,0.0,1495.71,1.0,24306042.478741586,0,445.50000000000006,82790.61680406357,405.0,405.0
37,site_MADHYA_PRADESH_985,37,2061,SAFProductionSite,site_MADHYA_PRADESH_985,MADHYA_PRADESH,inv_15,90594.58649464544,87617.88997349223,2976.696521153208,0.0,0.0,1525.71,1.0,24057080.936846375,0,473.00000000000006,89643.16634783796,430.0,430.0
37,site_UTTAR_PRADESH_1102,37,2061,SAFProductionSite,site_UTTAR_PRADESH_1102,UTTAR_PRADESH,inv_16,82693.8389049622,77724.38860183964,4969.450303122561,0.0,0.0,1525.71,1.0,21664246.912498802,0,473.00000000000006,81352.07122253536,430.0,430.0
37,site_TELANGANA_1976,37,2061,SAFProductionSite,site_TELANGANA_1976,TELANGANA,inv_22,85752.25860747062,81228.5309125774,4523.727694893227,0.0,0.0,1525.71,1.0,22087819.09680903,0,478.50000000000006,82935.88904447402,435.0,435.0
37,site_KARNATAKA_2133,37,2061,SAFProductionSite,site_KARNATAKA_2133,KARNATAKA,inv_23,82543.63007867592,77482.96175201512,5060.6683266608015,0.0,0.0,1540.71,1.0,17968700.61871572,0,489.50000000000006,81068.20775622556,445.0,445.0
37,site_GUJARAT_2323,37,2061,SAFProductionSite,site_GUJARAT_2323,GUJARAT,inv_24,84662.30172119864,79533.25217960705,5129.049541591594,0.0,0.0,1540.71,1.0,17715643.166687176,0,495.00000000000006,81791.23599805895,450.0,450.0
37,site_ANDHRA_PRADESH_3102,37,2061,SAFProductionSite,site_ANDHRA_PRADESH_3102,ANDHRA_PRADESH,inv_28,87478.39319334162,85438.00276705451,2040.3904262871074,0.0,0.0,1540.71,1.0,19461957.710441142,0,495.00000000000006,87577.2346794002,450.0,450.0
37,site_WEST_BENGAL_3970,37,2061,SAFProductionSite,site_WEST_BENGAL_3970,WEST_BENGAL,inv_32,83391.06040481797,77912.62959686172,5478.430807956247,0.0,0.0,1540.71,1.0,16556499.172110543,0,500.50000000000006,81012.09935531624,455.0,455.0
37,site_MAHARASHTRA_4724,37,2061,SAFProductionSite,site_MAHARASHTRA_4724,MAHARASHTRA,inv_08,0.0,0.0,0.0,0.0,0.0,1570.71,1.0,-125000000.0,0,517.0,89480.06647619462,470.0,470.0
37,site_TAMIL_NADU_5371,37,2061,SAFProductionSite,site_TAMIL_NADU_5371,TAMIL_NADU,inv_38,0.0,0.0,0.0,0.0,0.0,1570.71,1.0,,0,522.5,81169.35285207584,475.0,475.0
38,site_BIHAR_001,38,2062,SAFProductionSite,site_BIHAR_001,BIHAR,inv_01,85326.72867925742,80400.6408164703,4926.087862787113,0.0,0.0,1525.71,1.0,22849835.45749092,0,467.50000000000006,83040.55512610561,425.0,425.0
38,site_PUNJAB_020,38,2062,SAFProductionSite,site_PUNJAB_020,PUNJAB,inv_02,83170.54756325333,77564.78191359372,5605.765649659617,0.0,0.0,1495.71,1.0,24305302.63687527,0,440.00000000000006,80586.22760630686,400.0,400.0
38,site_CHHATTISGARH_353,38,2062,SAFProductionSite,site_CHHATTISGARH_353,CHHATTISGARH,inv_08,88187.56128332195,86915.14925852802,1272.4120247939281,0.0,0.0,1495.71,1.0,26066246.75614232,0,440.00000000000006,88943.40587327202,400.0,400.0
38,site_HARYANA_561,38,2062,SAFProductionSite,site_HARYANA_561,HARYANA,inv_11,87324.24901363206,83921.64652569432,3402.6024879377364,0.0,0.0,1495.71,1.0,25293633.87133175,0,445.50000000000006,86794.79299914683,405.0,405.0
38,site_ODISHA_660,38,2062,SAFProductionSite,site_ODISHA_660,ODISHA,inv_12,84499.86084323387,79660.95260737264,4838.908235861221,0.0,0.0,1495.71,1.0,24338511.802225903,0,445.50000000000006,82790.61680406357,405.0,405.0
38,site_MADHYA_PRADESH_985,38,2062,SAFProductionSite,site_MADHYA_PRADESH_985,MADHYA_PRADESH,inv_15,90654.74358446727,87670.17708884936,2984.56649561791,0.0,0.0,1525.71,1.0,24073055.44520016,0,473.00000000000006,89643.16634783796,430.0,430.0
38,site_UTTAR_PRADESH_1102,38,2062,SAFProductionSite,site_UTTAR_PRADESH_1102,UTTAR_PRADESH,inv_16,83069.30056709613,78270.38578162862,4798.91478546751,0.0,0.0,1525.71,1.0,21762610.88087128,0,473.00000000000006,81352.07122253536,430.0,430.0
38,site_TELANGANA_1976,38,2062,SAFProductionSite,site_TELANGANA_1976,TELANGANA,inv_22,85542.28854552562,80569.14309587904,4973.145449646574,0.0,0.0,1525.71,1.0,22033735.614702553,0,478.50000000000006,82935.88904447402,435.0,435.0
38,site_KARNATAKA_2133,38,2062,SAFProductionSite,site_KARNATAKA_2133,KARNATAKA,inv_23,82911.32155515443,78674.13065755928,4237.190897595152,0.0,0.0,1540.71,1.0,17863647.48697105,0,489.50000000000006,81068.20775622556,445.0,445.0
38,site_GUJARAT_2323,38,2062,SAFProductionSite,site_GUJARAT_2323,GUJARAT,inv_24,84820.43086795976,79510.14963961017,5310.281228349588,0.0,0.0,1540.71,1.0,17670464.088166058,0,495.00000000000006,81791.23599805895,450.0,450.0
38,site_ANDHRA_PRADESH_3102,38,2062,SAFProductionSite,site_ANDHRA_PRADESH_3102,ANDHRA_PRADESH,inv_28,87702.24822818363,84122.43678231207,3579.811445871557,0.0,0.0,1540.71,1.0,19398000.088436425,0,495.00000000000006,87577.2346794002,450.0,450.0
38,site_WEST_BENGAL_3970,38,2062,SAFProductionSite,site_WEST_BENGAL_3970,WEST_BENGAL,inv_32,83391.06040481797,78278.56504719288,5112.495357625085,0.0,0.0,1540.71,1.0,16556499.172110543,0,500.50000000000006,81012.09935531624,455.0,455.0
38,site_MAHARASHTRA_4724,38,2062,SAFProductionSite,site_MAHARASHTRA_4724,MAHARASHTRA,inv_08,0.0,0.0,0.0,0.0,0.0,1570.71,1.0,-125000000.0,0,517.0,89480.06647619462,470.0,470.0
38,site_TAMIL_NADU_5371,38,2062,SAFProductionSite,site_TAMIL_NADU_5371,TAMIL_NADU,inv_38,0.0,0.0,0.0,0.0,0.0,1570.71,1.0,-125000000.0,0,522.5,81169.35285207584,475.0,475.0
39,site_BIHAR_001,39,2063,SAFProductionSite,site_BIHAR_001,BIHAR,inv_01,84543.13045079749,79662.28132834726,4880.849122450221,0.0,0.0,1525.71,1.0,22639993.935821936,0,467.50000000000006,83040.55512610561,425.0,425.0
39,site_PUNJAB_020,39,2063,SAFProductionSite,site_PUNJAB_020,PUNJAB,inv_02,45519.942763458734,45519.942763458734,0.0,31711.166571858455,9513349.971557537,1495.71,1.0,3789147.334206594,0,440.00000000000006,80586.22760630686,400.0,400.0
39,site_CHHATTISGARH_353,39,2063,SAFProductionSite,site_CHHATTISGARH_353,CHHATTISGARH,inv_08,90029.16682156966,86792.40610340644,3236.7607181632193,0.0,0.0,1495.71,1.0,26610583.66362545,0,440.00000000000006,88943.40587327202,400.0,400.0
39,site_HARYANA_561,39,2063,SAFProductionSite,site_HARYANA_561,HARYANA,inv_11,87251.27586950612,83442.71230054139,3808.5635689647315,0.0,0.0,1495.71,1.0,25272497.06213142,0,445.50000000000006,86794.79299914683,405.0,405.0
39,site_ODISHA_660,39,2063,SAFProductionSite,site_ODISHA_660,ODISHA,inv_12,84628.60200567856,80960.72986877542,3667.872136903141,0.0,0.0,1495.71,1.0,24375593.144968078,0,445.50000000000006,82790.61680406357,405.0,405.0
39,site_MADHYA_PRADESH_985,39,2063,SAFProductionSite,site_MADHYA_PRADESH_985,MADHYA_PRADESH,inv_15,88772.20811498065,85798.41777474302,2973.790340237625,0.0,0.0,1525.71,1.0,23573154.624320537,0,473.00000000000006,89643.16634783796,430.0,430.0
39,site_UTTAR_PRADESH_1102,39,2063,SAFProductionSite,site_UTTAR_PRADESH_1102,UTTAR_PRADESH,inv_16,83652.84460845258,78538.11972391655,5114.72488453603,0.0,0.0,1525.71,1.0,21915488.560317174,0,473.00000000000006,81352.07122253536,430.0,430.0
39,site_TELANGANA_1976,39,2063,SAFProductionSite,site_TELANGANA_1976,TELANGANA,inv_22,84959.63819628974,80020.36610895678,4939.272087332967,0.0,0.0,1525.71,1.0,21883658.220595345,0,478.50000000000006,82935.88904447402,435.0,435.0
39,site_KARNATAKA_2133,39,2063,SAFProductionSite,site_KARNATAKA_2133,KARNATAKA,inv_23,83451.91596974569,77988.16243587183,5463.753533873867,0.0,0.0,1540.71,1.0,17709194.25677818,0,489.50000000000006,81068.20775622556,445.0,445.0
39,site_GUJARAT_2323,39,2063,SAFProductionSite,site_GUJARAT_2323,GUJARAT,inv_24,84739.93287880391,79434.69132021737,5305.241558586538,0.0,0.0,1540.71,1.0,17693463.16864778,0,495.00000000000006,81791.23599805895,450.0,450.0
39,site_ANDHRA_PRADESH_3102,39,2063,SAFProductionSite,site_ANDHRA_PRADESH_3102,ANDHRA_PRADESH,inv_28,87702.24822818363,84689.83130949207,3012.4169186915533,0.0,0.0,1540.71,1.0,19398000.088436425,0,495.00000000000006,87577.2346794002,450.0,450.0
39,site_WEST_BENGAL_3970,39,2063,SAFProductionSite,site_WEST_BENGAL_3970,WEST_BENGAL,inv_32,82438.35729563604,77022.51494786775,5415.842347768295,0.0,0.0,1540.71,1.0,16828695.977434903,0,500.50000000000006,81012.09935531624,455.0,455.0
39,site_MAHARASHTRA_4724,39,2063,SAFProductionSite,site_MAHARASHTRA_4724,MAHARASHTRA,inv_08,89320.84494946149,86659.9010530812,2660.943896380297,0.0,0.0,1570.71,1.0,18771771.71256669,0,517.0,89480.06647619462,470.0,470.0
39,site_TAMIL_NADU_5371,39,2063,SAFProductionSite,site_TAMIL_NADU_5371,TAMIL_NADU,inv_38,0.0,0.0,0.0,0.0,0.0,1570.71,1.0,-125000000.0,0,522.5,81169.35285207584,475.0,475.0
39,site_JHARKHAND_5884,39,2063,SAFProductionSite,site_JHARKHAND_5884,JHARKHAND,inv_40,0.0,0.0,0.0,0.0,0.0,1570.71,1.0,,0,528.0,86449.84228604576,480.0,480.0
40,site_BIHAR_001,40,2064,SAFProductionSite,site_BIHAR_001,BIHAR,inv_01,83723.66494380154,78890.12525358281,4833.539690218735,0.0,0.0,1525.71,1.0,22839165.76015614,0,467.50000000000006,83040.55512610561,425.0,425.0
40,site_PUNJAB_020,40,2064,SAFProductionSite,site_PUNJAB_020,PUNJAB,inv_02,82139.20749931244,76602.95504720825,5536.252452104192,0.0,0.0,1495.71,1.0,24414605.535694286,0,440.00000000000006,80586.22760630686,400.0,400.0
40,site_CHHATTISGARH_353,40,2064,SAFProductionSite,site_CHHATTISGARH_353,CHHATTISGARH,inv_08,88760.3738542179,85569.22923338396,3191.1446208339476,0.0,0.0,1495.71,1.0,26679359.054239362,0,440.00000000000006,88943.40587327202,400.0,400.0
40,site_HARYANA_561,40,2064,SAFProductionSite,site_HARYANA_561,HARYANA,inv_11,87251.27586950612,84889.28035501955,2361.995514486567,0.0,0.0,1495.71,1.0,25708753.441478953,0,445.50000000000006,86794.79299914683,405.0,405.0
40,site_ODISHA_660,40,2064,SAFProductionSite,site_ODISHA_660,ODISHA,inv_12,85517.23889050486,80497.42702724502,5019.811863259834,0.0,0.0,1495.71,1.0,25059133.598911762,0,445.50000000000006,82790.61680406357,405.0,405.0
40,site_MADHYA_PRADESH_985,40,2064,SAFProductionSite,site_MADHYA_PRADESH_985,MADHYA_PRADESH,inv_15,88772.20811498065,86463.04617607676,2309.1619389038824,0.0,0.0,1525.71,1.0,24017015.664895445,0,473.00000000000006,89643.16634783796,430.0,430.0
40,site_UTTAR_PRADESH_1102,40,2064,SAFProductionSite,site_UTTAR_PRADESH_1102,UTTAR_PRADESH,inv_16,82729.22339019726,77406.19294506325,5323.03044513402,0.0,0.0,1525.71,1.0,22087163.10609825,0,473.00000000000006,81352.07122253536,430.0,430.0
40,site_TELANGANA_1976,40,2064,SAFProductionSite,site_TELANGANA_1976,TELANGANA,inv_22,84959.63819628974,80179.58352136225,4780.0546749274945,0.0,0.0,1525.71,1.0,22308456.411576793,0,478.50000000000006,82935.88904447402,435.0,435.0
40,site_KARNATAKA_2133,40,2064,SAFProductionSite,site_KARNATAKA_2133,KARNATAKA,inv_23,82985.88572895489,77552.64406943915,5433.241659515741,0.0,0.0,1540.71,1.0,20877203.45076342,0,489.50000000000006,81068.20775622556,445.0,445.0
40,site_GUJARAT_2323,40,2064,SAFProductionSite,site_GUJARAT_2323,GUJARAT,inv_24,84068.28591787089,78805.09359450072,5263.192323370167,0.0,0.0,1540.71,1.0,18282546.473311618,0,495.00000000000006,81791.23599805895,450.0,450.0
40,site_ANDHRA_PRADESH_3102,40,2064,SAFProductionSite,site_ANDHRA_PRADESH_3102,ANDHRA_PRADESH,inv_28,88293.78810231763,84981.31283595231,3312.47526636532,0.0,0.0,1540.71,1.0,19648287.144417346,0,495.00000000000006,87577.2346794002,450.0,450.0
40,site_WEST_BENGAL_3970,40,2064,SAFProductionSite,site_WEST_BENGAL_3970,WEST_BENGAL,inv_32,82438.35729563604,78422.20332701647,4016.1539686195756,0.0,0.0,1540.71,1.0,17215446.029751927,0,500.50000000000006,81012.09935531624,455.0,455.0
40,site_MAHARASHTRA_4724,40,2064,SAFProductionSite,site_MAHARASHTRA_4724,MAHARASHTRA,inv_08,88886.00984495442,85857.78827325102,3028.221571703398,0.0,0.0,1570.71,1.0,19329589.212309256,0,517.0,89480.06647619462,470.0,470.0
40,site_TAMIL_NADU_5371,40,2064,SAFProductionSite,site_TAMIL_NADU_5371,TAMIL_NADU,inv_38,0.0,0.0,0.0,0.0,0.0,1570.71,1.0,-125000000.0,0,522.5,81169.35285207584,475.0,475.0
40,site_JHARKHAND_5884,40,2064,SAFProductionSite,site_JHARKHAND_5884,JHARKHAND,inv_40,0.0,0.0,0.0,0.0,0.0,1570.71,1.0,-125000000.0,0,528.0,86449.84228604576,480.0,480.0
40,site_RAJASTHAN_6155,40,2064,SAFProductionSite,site_RAJASTHAN_6155,RAJASTHAN,inv_41,0.0,0.0,0.0,0.0,0.0,1570.71,1.0,,0,533.5,88402.96940828537,485.0,485.0
41,site_BIHAR_001,41,2065,SAFProductionSite,site_BIHAR_001,BIHAR,inv_01,83723.66494380154,80913.32863397042,2810.336309831124,0.0,0.0,1525.71,1.0,22839165.76015614,0,467.50000000000006,83040.55512610561,425.0,425.0
41,site_PUNJAB_020,41,2065,SAFProductionSite,site_PUNJAB_020,PUNJAB,inv_02,47942.91141870158,47942.91141870158,0.0,29051.766313590095,8715529.89407703,1495.71,1.0,5534756.980557483,0,440.00000000000006,80586.22760630686,400.0,400.0
41,site_CHHATTISGARH_353,41,2065,SAFProductionSite,site_CHHATTISGARH_353,CHHATTISGARH,inv_08,88760.3738542179,86040.03273796328,2720.3411162546254,0.0,0.0,1495.71,1.0,26679359.054239362,0,440.00000000000006,88943.40587327202,400.0,400.0
41,site_HARYANA_561,41,2065,SAFProductionSite,site_HARYANA_561,HARYANA,inv_11,86301.42163524589,82534.31969760264,3767.1019376432523,0.0,0.0,1495.71,1.0,25428877.095023423,0,445.50000000000006,86794.79299914683,405.0,405.0
41,site_ODISHA_660,41,2065,SAFProductionSite,site_ODISHA_660,ODISHA,inv_12,85517.23889050486,80863.52942456749,4653.709465937369,0.0,0.0,1495.71,1.0,25059133.598911762,0,445.50000000000006,82790.61680406357,405.0,405.0
41,site_MADHYA_PRADESH_985,41,2065,SAFProductionSite,site_MADHYA_PRADESH_985,MADHYA_PRADESH,inv_15,89459.87266978895,87376.03031288438,2083.84235690457,0.0,0.0,1525.71,1.0,24203060.945684582,0,473.00000000000006,89643.16634783796,430.0,430.0
41,site_UTTAR_PRADESH_1102,41,2065,SAFProductionSite,site_UTTAR_PRADESH_1102,UTTAR_PRADESH,inv_16,82729.22339019726,77829.91434192583,4899.309048271432,0.0,0.0,1525.71,1.0,22087163.10609825,0,473.00000000000006,81352.07122253536,430.0,430.0
41,site_TELANGANA_1976,41,2065,SAFProductionSite,site_TELANGANA_1976,TELANGANA,inv_22,85128.68333330024,80732.327513487,4396.355819813238,0.0,0.0,1525.71,1.0,22352843.79540576,0,478.50000000000006,0.0,435.0,435.0
41,site_KARNATAKA_2133,41,2065,SAFProductionSite,site_KARNATAKA_2133,KARNATAKA,inv_23,82985.88572895489,79204.12382353823,3781.761905416657,0.0,0.0,1540.71,1.0,20877203.45076342,0,489.50000000000006,81068.20775622556,445.0,445.0
41,site_GUJARAT_2323,41,2065,SAFProductionSite,site_GUJARAT_2323,GUJARAT,inv_24,84068.28591787089,79179.1970125835,4889.088905287383,0.0,0.0,1540.71,1.0,18282546.473311618,0,495.00000000000006,81791.23599805895,450.0,450.0
41,site_ANDHRA_PRADESH_3102,41,2065,SAFProductionSite,site_ANDHRA_PRADESH_3102,ANDHRA_PRADESH,inv_28,87644.89785641439,84067.427325644,3577.4705307703844,0.0,0.0,1540.71,1.0,19833681.576574355,0,495.00000000000006,87577.2346794002,450.0,450.0
41,site_WEST_BENGAL_3970,41,2065,SAFProductionSite,site_WEST_BENGAL_3970,WEST_BENGAL,inv_32,82795.1262455059,77355.84572586641,5439.280519639491,0.0,0.0,1540.71,1.0,17113513.573084608,0,500.50000000000006,81012.09935531624,455.0,455.0
41,site_MAHARASHTRA_4724,41,2065,SAFProductionSite,site_MAHARASHTRA_4724,MAHARASHTRA,inv_08,88886.00984495442,87167.78376730622,1718.2260776481999,0.0,0.0,1570.71,1.0,19329589.212309256,0,517.0,89480.06647619462,470.0,470.0
41,site_TAMIL_NADU_5371,41,2065,SAFProductionSite,site_TAMIL_NADU_5371,TAMIL_NADU,inv_38,83337.5359945779,77914.84767929625,5422.688315281659,0.0,0.0,1570.71,1.0,15512474.973423406,0,522.5,81169.35285207584,475.0,475.0
41,site_JHARKHAND_5884,41,2065,SAFProductionSite,site_JHARKHAND_5884,JHARKHAND,inv_40,0.0,0.0,0.0,0.0,0.0,1570.71,1.0,-125000000.0,0,528.0,86449.84228604576,480.0,480.0
41,site_RAJASTHAN_6155,41,2065,SAFProductionSite,site_RAJASTHAN_6155,RAJASTHAN,inv_41,0.0,0.0,0.0,0.0,0.0,1570.71,1.0,-125000000.0,0,533.5,88402.96940828537,485.0,485.0
42,site_BIHAR_001,42,2066,SAFProductionSite,site_BIHAR_001,BIHAR,inv_01,84792.31981468493,79897.08447680161,4895.235337883321,0.0,0.0,1525.71,1.0,24402571.30904068,0,467.50000000000006,0.0,425.0,425.0
42,site_PUNJAB_020,42,2066,SAFProductionSite,site_PUNJAB_020,PUNJAB,inv_02,82559.24078513576,77813.15859404027,4746.082191095484,0.0,0.0,1495.71,1.0,25777842.52740395,0,440.00000000000006,0.0,400.0,400.0
42,site_CHHATTISGARH_353,42,2066,SAFProductionSite,site_CHHATTISGARH_353,CHHATTISGARH,inv_08,89248.73509636911,86301.69937198659,2947.0357243825274,0.0,0.0,1495.71,1.0,28164880.41472435,0,440.00000000000006,88943.40587327202,400.0,400.0
42,site_HARYANA_561,42,2066,SAFProductionSite,site_HARYANA_561,HARYANA,inv_11,86301.42163524589,83419.9003322322,2881.5213030136947,0.0,0.0,1495.71,1.0,26723398.419552118,0,445.50000000000006,86794.79299914683,405.0,405.0
42,site_ODISHA_660,42,2066,SAFProductionSite,site_ODISHA_660,ODISHA,inv_12,84445.2510760854,79488.36427001764,4956.886806067763,0.0,0.0,1495.71,1.0,26011687.5616045,0,445.50000000000006,82790.61680406357,405.0,405.0
42,site_MADHYA_PRADESH_985,42,2066,SAFProductionSite,site_MADHYA_PRADESH_985,MADHYA_PRADESH,inv_15,90404.5010195931,87429.88071621477,2974.620303378324,0.0,0.0,1525.71,1.0,25814694.412941366,0,473.00000000000006,89643.16634783796,430.0,430.0
42,site_UTTAR_PRADESH_1102,42,2066,SAFProductionSite,site_UTTAR_PRADESH_1102,UTTAR_PRADESH,inv_16,82672.42914321879,77353.05299935082,5319.376143867965,0.0,0.0,1525.71,1.0,23312086.536208674,0,473.00000000000006,81352.07122253536,430.0,430.0
42,site_TELANGANA_1976,42,2066,SAFProductionSite,site_TELANGANA_1976,TELANGANA,inv_22,83744.39184474306,78875.77015695111,4868.6216877919505,0.0,0.0,1525.71,1.0,23245526.412213117,0,478.50000000000006,82935.88904447402,435.0,435.0
42,site_KARNATAKA_2133,42,2066,SAFProductionSite,site_KARNATAKA_2133,KARNATAKA,inv_23,84753.06609787485,79344.85512722084,5408.210970654007,0.0,0.0,1540.71,1.0,22593078.466387987,0,489.50000000000006,0.0,445.0,445.0
42,site_GUJARAT_2323,42,2066,SAFProductionSite,site_GUJARAT_2323,GUJARAT,inv_24,84247.00593737731,78972.62464037185,5274.381297005457,0.0,0.0,1540.71,1.0,22056376.37104915,0,495.00000000000006,81791.23599805895,450.0,450.0
42,site_ANDHRA_PRADESH_3102,42,2066,SAFProductionSite,site_ANDHRA_PRADESH_3102,ANDHRA_PRADESH,inv_28,87644.89785641439,85515.75667085139,2129.1411855629995,0.0,0.0,1540.71,1.0,23174166.02230373,0,495.00000000000006,87577.2346794002,450.0,450.0
42,site_WEST_BENGAL_3970,42,2066,SAFProductionSite,site_WEST_BENGAL_3970,WEST_BENGAL,inv_32,82795.1262455059,78190.25902551725,4604.86721998865,0.0,0.0,1540.71,1.0,21225400.392947823,0,500.50000000000006,81012.09935531624,455.0,455.0
42,site_MAHARASHTRA_4724,42,2066,SAFProductionSite,site_MAHARASHTRA_4724,MAHARASHTRA,inv_08,88192.52565351654,85187.93011465915,3004.595538857393,0.0,0.0,1570.71,1.0,20828466.866746485,0,517.0,89480.06647619462,470.0,470.0
42,site_TAMIL_NADU_5371,42,2066,SAFProductionSite,site_TAMIL_NADU_5371,TAMIL_NADU,inv_38,83337.5359945779,78630.66503783695,4706.870956740953,0.0,0.0,1570.71,1.0,16676411.157991886,0,522.5,81169.35285207584,475.0,475.0
42,site_JHARKHAND_5884,42,2066,SAFProductionSite,site_JHARKHAND_5884,JHARKHAND,inv_40,0.0,0.0,0.0,0.0,0.0,1570.71,1.0,-125000000.0,0,528.0,86449.84228604576,480.0,480.0
42,site_RAJASTHAN_6155,42,2066,SAFProductionSite,site_RAJASTHAN_6155,RAJASTHAN,inv_41,0.0,0.0,0.0,0.0,0.0,1570.71,1.0,-125000000.0,0,533.5,88402.96940828537,485.0,485.0
43,site_BIHAR_001,43,2067,SAFProductionSite,site_BIHAR_001,BIHAR,inv_01,83827.48550003293,78987.9520351802,4839.5334648527205,0.0,0.0,1525.71,1.0,24124899.484326333,0,467.50000000000006,83040.55512610561,425.0,425.0
43,site_PUNJAB_020,43,2067,SAFProductionSite,site_PUNJAB_020,PUNJAB,inv_02,36785.73337572302,36785.73337572302,0.0,40365.86997126792,12109760.991380377,1495.71,1.0,-623986.2531855609,0,440.00000000000006,80586.22760630686,400.0,400.0
43,site_CHHATTISGARH_353,43,2067,SAFProductionSite,site_CHHATTISGARH_353,CHHATTISGARH,inv_08,88870.77376138068,85675.66000370577,3195.113757674917,0.0,0.0,1495.71,1.0,28045604.37355867,0,440.00000000000006,88943.40587327202,400.0,400.0
43,site_HARYANA_561,43,2067,SAFProductionSite,site_HARYANA_561,HARYANA,inv_11,87227.42269784863,84508.20236308168,2719.220334766942,0.0,0.0,1495.71,1.0,27010136.399807528,0,445.50000000000006,86794.79299914683,405.0,405.0
43,site_ODISHA_660,43,2067,SAFProductionSite,site_ODISHA_660,ODISHA,inv_12,83901.53949478347,78976.56824026322,4924.971254520249,0.0,0.0,1495.71,1.0,25844207.974579424,0,445.50000000000006,82790.61680406357,405.0,405.0
43,site_MADHYA_PRADESH_985,43,2067,SAFProductionSite,site_MADHYA_PRADESH_985,MADHYA_PRADESH,inv_15,88899.85916014988,85921.79262296835,2978.0665371815267,0.0,0.0,1525.71,1.0,25385049.10364388,0,473.00000000000006,89643.16634783796,430.0,430.0
43,site_UTTAR_PRADESH_1102,43,2067,SAFProductionSite,site_UTTAR_PRADESH_1102,UTTAR_PRADESH,inv_16,82672.42914321879,78686.59398203097,3985.835161187817,0.0,0.0,1525.71,1.0,23312086.536208674,0,473.00000000000006,81352.07122253536,430.0,430.0
43,site_TELANGANA_1976,43,2067,SAFProductionSite,site_TELANGANA_1976,TELANGANA,inv_22,83744.39184474306,80168.40728733546,3575.9845574076026,0.0,0.0,1525.71,1.0,23245526.412213117,0,478.50000000000006,82935.88904447402,435.0,435.0
43,site_KARNATAKA_2133,43,2067,SAFProductionSite,site_KARNATAKA_2133,KARNATAKA,inv_23,83518.90933357003,78050.76961845529,5468.139715114739,0.0,0.0,1540.71,1.0,22264082.691963002,0,489.50000000000006,81068.20775622556,445.0,445.0
43,site_GUJARAT_2323,43,2067,SAFProductionSite,site_GUJARAT_2323,GUJARAT,inv_24,84247.00593737731,79600.29700596641,4646.7089314109035,0.0,0.0,1540.71,1.0,22056376.37104915,0,495.00000000000006,0.0,450.0,450.0
43,site_ANDHRA_PRADESH_3102,43,2067,SAFProductionSite,site_ANDHRA_PRADESH_3102,ANDHRA_PRADESH,inv_28,89063.52854580167,85428.15265363028,3635.375892171389,0.0,0.0,1540.71,1.0,23549265.81617941,0,495.00000000000006,87577.2346794002,450.0,450.0
43,site_WEST_BENGAL_3970,43,2067,SAFProductionSite,site_WEST_BENGAL_3970,WEST_BENGAL,inv_32,83328.56805639791,77854.24272455845,5474.325331839456,0.0,0.0,1540.71,1.0,21362153.805086464,0,500.50000000000006,81012.09935531624,455.0,455.0
43,site_MAHARASHTRA_4724,43,2067,SAFProductionSite,site_MAHARASHTRA_4724,MAHARASHTRA,inv_08,88192.52565351654,85378.19744904457,2814.328204471967,0.0,0.0,1570.71,1.0,20828466.866746485,0,517.0,89480.06647619462,470.0,470.0
43,site_TAMIL_NADU_5371,43,2067,SAFProductionSite,site_TAMIL_NADU_5371,TAMIL_NADU,inv_38,82848.73674908231,77457.8541012641,5390.882647818202,0.0,0.0,1570.71,1.0,16816065.990422443,0,522.5,81169.35285207584,475.0,475.0
43,site_JHARKHAND_5884,43,2067,SAFProductionSite,site_JHARKHAND_5884,JHARKHAND,inv_40,88098.02232914144,84141.5171548449,3956.5051742965443,0.0,0.0,1570.71,1.0,17731226.364171,0,528.0,86449.84228604576,480.0,480.0
43,site_RAJASTHAN_6155,43,2067,SAFProductionSite,site_RAJASTHAN_6155,RAJASTHAN,inv_41,0.0,0.0,0.0,0.0,0.0,1570.71,1.0,-125000000.0,0,533.5,88402.96940828537,485.0,485.0
44,site_BIHAR_001,44,2068,SAFProductionSite,site_BIHAR_001,BIHAR,inv_01,83827.48550003293,79701.28756526862,4126.197934764306,0.0,0.0,1525.71,1.0,24124899.484326333,0,467.50000000000006,83040.55512610561,425.0,425.0
44,site_PUNJAB_020,44,2068,SAFProductionSite,site_PUNJAB_020,PUNJAB,inv_02,0.0,0.0,0.0,76703.99685098072,23011199.055294216,1495.71,1.0,-23011199.055294216,0,440.00000000000006,80586.22760630686,400.0,400.0
44,site_CHHATTISGARH_353,44,2068,SAFProductionSite,site_CHHATTISGARH_353,CHHATTISGARH,inv_08,88610.9332966378,85425.16141603408,3185.7718806037155,0.0,0.0,1495.71,1.0,27963604.605063498,0,440.00000000000006,88943.40587327202,400.0,400.0
44,site_HARYANA_561,44,2068,SAFProductionSite,site_HARYANA_561,HARYANA,inv_11,86512.06163992197,82735.76515652589,3776.296483396087,0.0,0.0,1495.71,1.0,26788623.495354995,0,445.50000000000006,86794.79299914683,405.0,405.0
44,site_ODISHA_660,44,2068,SAFProductionSite,site_ODISHA_660,ODISHA,inv_12,83901.53949478347,79814.18440735759,4087.35508742588,0.0,0.0,1495.71,1.0,25844207.974579424,0,445.50000000000006,82790.61680406357,405.0,405.0
44,site_MADHYA_PRADESH_985,44,2068,SAFProductionSite,site_MADHYA_PRADESH_985,MADHYA_PRADESH,inv_15,88899.85916014988,85928.18346233685,2971.675697813029,0.0,0.0,1525.71,1.0,25385049.10364388,0,473.00000000000006,89643.16634783796,430.0,430.0
44,site_UTTAR_PRADESH_1102,44,2068,SAFProductionSite,site_UTTAR_PRADESH_1102,UTTAR_PRADESH,inv_16,84097.67440666209,79670.94622444894,4426.728182213148,0.0,0.0,1525.71,1.0,23713979.177577093,0,473.00000000000006,81352.07122253536,430.0,430.0
44,site_TELANGANA_1976,44,2068,SAFProductionSite,site_TELANGANA_1976,TELANGANA,inv_22,84895.01612245807,79959.50094855222,4935.515173905849,0.0,0.0,1525.71,1.0,23564913.375912666,0,478.50000000000006,82935.88904447402,435.0,435.0
44,site_KARNATAKA_2133,44,2068,SAFProductionSite,site_KARNATAKA_2133,KARNATAKA,inv_23,83518.90933357003,78847.19440403373,4671.714929536305,0.0,0.0,1540.71,1.0,22264082.691963002,0,489.50000000000006,81068.20775622556,445.0,445.0
44,site_GUJARAT_2323,44,2068,SAFProductionSite,site_GUJARAT_2323,GUJARAT,inv_24,84811.49829479017,79501.7763005206,5309.7219942695665,0.0,0.0,1540.71,1.0,22204163.888897955,0,495.00000000000006,81791.23599805895,450.0,450.0
44,site_ANDHRA_PRADESH_3102,44,2068,SAFProductionSite,site_ANDHRA_PRADESH_3102,ANDHRA_PRADESH,inv_28,89063.52854580167,85782.26846827207,3281.2600775296014,0.0,0.0,1540.71,1.0,23549265.81617941,0,495.00000000000006,87577.2346794002,450.0,450.0
44,site_WEST_BENGAL_3970,44,2068,SAFProductionSite,site_WEST_BENGAL_3970,WEST_BENGAL,inv_32,72062.31774352772,72062.31774352772,0.0,5315.2584120655665,1594577.52361967,1540.71,1.0,16879354.659474593,0,500.50000000000006,81012.09935531624,455.0,455.0
44,site_MAHARASHTRA_4724,44,2068,SAFProductionSite,site_MAHARASHTRA_4724,MAHARASHTRA,inv_08,88308.01127353332,85299.48130172786,3008.5299718054594,0.0,0.0,1570.71,1.0,20795471.4702515,0,517.0,89480.06647619462,470.0,470.0
44,site_TAMIL_NADU_5371,44,2068,SAFProductionSite,site_TAMIL_NADU_5371,TAMIL_NADU,inv_38,82848.73674908231,78846.98336748705,4001.753381595263,0.0,0.0,1570.71,1.0,16816065.990422443,0,522.5,81169.35285207584,475.0,475.0
44,site_JHARKHAND_5884,44,2068,SAFProductionSite,site_JHARKHAND_5884,JHARKHAND,inv_40,88098.02232914144,84480.66246722262,3617.359861918827,0.0,0.0,1570.71,1.0,17731226.364171,0,528.0,86449.84228604576,480.0,480.0
44,site_RAJASTHAN_6155,44,2068,SAFProductionSite,site_RAJASTHAN_6155,RAJASTHAN,inv_41,88222.83508832008,85505.92737638231,2716.9077119377616,0.0,0.0,1570.71,1.0,18857274.366900325,0,533.5,88402.96940828537,485.0,485.0
44,site_PUNJAB_7292,44,2068,SAFProductionSite,site_PUNJAB_7292,PUNJAB,inv_45,0.0,0.0,0.0,0.0,0.0,1495.71,1.0,,0,440.00000000000006,86006.65828641679,498.6076604281804,498.6076604281804
45,site_BIHAR_001,45,2069,SAFProductionSite,site_BIHAR_001,BIHAR,inv_01,84584.52657103718,80571.64098298938,4012.885588047793,0.0,0.0,1525.71,1.0,25188615.292550802,0,467.50000000000006,83040.55512610561,425.0,425.0
45,site_PUNJAB_020,45,2069,SAFProductionSite,site_PUNJAB_020,PUNJAB,inv_02,22849.460713928405,22849.460713928405,0.0,54484.778506113566,16345433.55183407,1495.71,1.0,-9958456.513246678,0,660.0,80586.22760630686,400.0,400.0
45,site_CHHATTISGARH_353,45,2069,SAFProductionSite,site_CHHATTISGARH_353,CHHATTISGARH,inv_08,88029.47238072654,84864.60539037354,3164.8669903529953,0.0,0.0,1495.71,1.0,28660403.426718265,0,440.00000000000006,88943.40587327202,400.0,400.0
45,site_HARYANA_561,45,2069,SAFProductionSite,site_HARYANA_561,HARYANA,inv_11,86512.06163992197,83873.58580582206,2638.4758340999106,0.0,0.0,1495.71,1.0,27653744.111754224,0,445.50000000000006,86794.79299914683,405.0,405.0
45,site_ODISHA_660,45,2069,SAFProductionSite,site_ODISHA_660,ODISHA,inv_12,84791.3893260795,80991.25091419455,3800.138411884953,0.0,0.0,1495.71,1.0,26966222.489171356,0,445.50000000000006,82790.61680406357,405.0,405.0
45,site_MADHYA_PRADESH_985,45,2069,SAFProductionSite,site_MADHYA_PRADESH_985,MADHYA_PRADESH,inv_15,88906.47150729058,86333.77344463416,2572.698062656418,0.0,0.0,1525.71,1.0,26276001.951706454,0,473.00000000000006,89643.16634783796,430.0,430.0
45,site_UTTAR_PRADESH_1102,45,2069,SAFProductionSite,site_UTTAR_PRADESH_1102,UTTAR_PRADESH,inv_16,84686.9733825637,79237.97580772296,5448.9975748407305,0.0,0.0,1525.71,1.0,24727020.25612177,0,473.00000000000006,81352.07122253536,430.0,430.0
45,site_TELANGANA_1976,45,2069,SAFProductionSite,site_TELANGANA_1976,TELANGANA,inv_22,84852.72260924133,79919.66624017201,4933.056369069323,0.0,0.0,1525.71,1.0,24401700.890761286,0,478.50000000000006,82935.88904447402,435.0,435.0
45,site_KARNATAKA_2133,45,2069,SAFProductionSite,site_KARNATAKA_2133,KARNATAKA,inv_23,83220.32039027046,77771.72985356787,5448.590536702584,0.0,0.0,1540.71,1.0,23016689.443067506,0,489.50000000000006,81068.20775622556,445.0,445.0
45,site_GUJARAT_2323,45,2069,SAFProductionSite,site_GUJARAT_2323,GUJARAT,inv_24,84811.49829479017,80137.43802926294,4674.060265527238,0.0,0.0,1540.71,1.0,23052278.87184584,0,495.00000000000006,81791.23599805895,450.0,450.0
45,site_ANDHRA_PRADESH_3102,45,2069,SAFProductionSite,site_ANDHRA_PRADESH_3102,ANDHRA_PRADESH,inv_28,89235.28242249606,85592.89591764273,3642.3865048533335,0.0,0.0,1540.71,1.0,24487032.040965468,0,495.00000000000006,87577.2346794002,450.0,450.0
45,site_WEST_BENGAL_3970,45,2069,SAFProductionSite,site_WEST_BENGAL_3970,WEST_BENGAL,inv_32,82818.38465158657,79124.28334917163,3694.1013024149433,0.0,0.0,1540.71,1.0,22059546.776196823,0,500.50000000000006,81012.09935531624,455.0,455.0
45,site_MAHARASHTRA_4724,45,2069,SAFProductionSite,site_MAHARASHTRA_4724,MAHARASHTRA,inv_08,88308.01127353332,87155.5177466461,1152.4935268872214,0.0,0.0,1570.71,1.0,22523455.559256658,0,517.0,89480.06647619462,470.0,470.0
45,site_TAMIL_NADU_5371,45,2069,SAFProductionSite,site_TAMIL_NADU_5371,TAMIL_NADU,inv_38,82572.7153372821,77199.79312069905,5372.922216583058,0.0,0.0,1570.71,1.0,17670885.524366856,0,522.5,81169.35285207584,475.0,475.0
45,site_JHARKHAND_5884,45,2069,SAFProductionSite,site_JHARKHAND_5884,JHARKHAND,inv_40,86013.51132773262,82150.62208651728,3862.8892412153364,0.0,0.0,1570.71,1.0,19153086.74048561,0,528.0,86449.84228604576,480.0,480.0
45,site_RAJASTHAN_6155,45,2069,SAFProductionSite,site_RAJASTHAN_6155,RAJASTHAN,inv_41,88871.0231266521,85840.95296251813,3030.0701641339692,0.0,0.0,1570.71,1.0,19527539.038756207,0,533.5,88402.96940828537,485.0,485.0
45,site_PUNJAB_7292,45,2069,SAFProductionSite,site_PUNJAB_7292,PUNJAB,inv_45,0.0,0.0,0.0,0.0,0.0,1495.71,1.0,-125000000.0,0,660.0,86006.65828641679,498.6076604281804,498.6076604281804
46,site_BIHAR_001,46,2070,SAFProductionSite,site_BIHAR_001,BIHAR,inv_01,85266.11460357976,80343.5261162771,4922.588487302652,0.0,0.0,1525.71,1.0,25391586.916743815,0,467.50000000000006,83040.55512610561,425.0,425.0
46,site_PUNJAB_020,46,2070,SAFProductionSite,site_PUNJAB_020,PUNJAB,inv_02,58384.733572647645,58384.733572647645,0.0,18207.038392824543,5462111.517847363,1495.71,1.0,10857833.946127292,0,660.0,80586.22760630686,400.0,400.0
46,site_CHHATTISGARH_353,46,2070,SAFProductionSite,site_CHHATTISGARH_353,CHHATTISGARH,inv_08,88029.47238072654,86203.78458599895,1825.6877947275934,0.0,0.0,1495.71,1.0,28660403.426718265,0,440.00000000000006,88943.40587327202,400.0,400.0
46,site_HARYANA_561,46,2070,SAFProductionSite,site_HARYANA_561,HARYANA,inv_11,86286.15247237717,82519.71704163426,3766.4354307429167,0.0,0.0,1495.71,1.0,27581531.819117084,0,445.50000000000006,86794.79299914683,405.0,405.0
46,site_ODISHA_660,46,2070,SAFProductionSite,site_ODISHA_660,ODISHA,inv_12,85703.80668175424,80673.04339836011,5030.763283394132,0.0,0.0,1495.71,1.0,27256398.76310274,0,445.50000000000006,82790.61680406357,405.0,405.0
46,site_MADHYA_PRADESH_985,46,2070,SAFProductionSite,site_MADHYA_PRADESH_985,MADHYA_PRADESH,inv_15,89326.11931958914,87340.62751634765,1985.4918032414862,0.0,0.0,1525.71,1.0,26400027.419684693,0,473.00000000000006,89643.16634783796,430.0,430.0
46,site_UTTAR_PRADESH_1102,46,2070,SAFProductionSite,site_UTTAR_PRADESH_1102,UTTAR_PRADESH,inv_16,84491.35920929232,79054.94799942824,5436.411209864076,0.0,0.0,1525.71,1.0,24669904.557783887,0,473.00000000000006,81352.07122253536,430.0,430.0
46,site_TELANGANA_1976,46,2070,SAFProductionSite,site_TELANGANA_1976,TELANGANA,inv_22,84852.72260924133,81024.3872677844,3828.3353414569283,0.0,0.0,1525.71,1.0,24401700.890761286,0,478.50000000000006,82935.88904447402,435.0,435.0
46,site_KARNATAKA_2133,46,2070,SAFProductionSite,site_KARNATAKA_2133,KARNATAKA,inv_23,82841.35577225193,77417.5767602082,5423.779012043728,0.0,0.0,1540.71,1.0,22911877.170272365,0,489.50000000000006,81068.20775622556,445.0,445.0
46,site_GUJARAT_2323,46,2070,SAFProductionSite,site_GUJARAT_2323,GUJARAT,inv_24,84038.64946029753,78777.31256164893,5261.336898648602,0.0,0.0,1540.71,1.0,22842213.878104314,0,495.00000000000006,81791.23599805895,450.0,450.0
46,site_ANDHRA_PRADESH_3102,46,2070,SAFProductionSite,site_ANDHRA_PRADESH_3102,ANDHRA_PRADESH,inv_28,88375.72797698034,84768.42658002985,3607.3013969504973,0.0,0.0,1540.71,1.0,24251161.915641665,0,495.00000000000006,87577.2346794002,450.0,450.0
46,site_WEST_BENGAL_3970,46,2070,SAFProductionSite,site_WEST_BENGAL_3970,WEST_BENGAL,inv_32,82878.55327892766,77433.7919652091,5444.761313718569,0.0,0.0,1540.71,1.0,22075573.322172984,0,500.50000000000006,81012.09935531624,455.0,455.0
46,site_MAHARASHTRA_4724,46,2070,SAFProductionSite,site_MAHARASHTRA_4724,MAHARASHTRA,inv_08,88973.64058879095,85942.43356066653,3031.2070281244232,0.0,0.0,1570.71,1.0,22693228.06443411,0,517.0,89480.06647619462,470.0,470.0
46,site_TAMIL_NADU_5371,46,2070,SAFProductionSite,site_TAMIL_NADU_5371,TAMIL_NADU,inv_38,82572.7153372821,77686.56382212936,4886.151515152742,0.0,0.0,1570.71,1.0,17670885.524366856,0,522.5,81169.35285207584,475.0,475.0
46,site_JHARKHAND_5884,46,2070,SAFProductionSite,site_JHARKHAND_5884,JHARKHAND,inv_40,86013.51132773262,84542.92703673807,1470.5842909945495,0.0,0.0,1570.71,1.0,19153086.74048561,0,528.0,86449.84228604576,480.0,480.0
46,site_RAJASTHAN_6155,46,2070,SAFProductionSite,site_RAJASTHAN_6155,RAJASTHAN,inv_41,89219.23368382711,86075.06933374068,3144.16435008643,0.0,0.0,1570.71,1.0,19428051.800465733,0,533.5,88402.96940828537,485.0,485.0
46,site_PUNJAB_7292,46,2070,SAFProductionSite,site_PUNJAB_7292,PUNJAB,inv_45,0.0,0.0,0.0,0.0,0.0,1495.71,1.0,-125000000.0,0,660.0,86006.65828641679,498.6076604281804,498.6076604281804
47,site_BIHAR_001,47,2071,SAFProductionSite,site_BIHAR_001,BIHAR,inv_01,83928.8807900004,79083.49356613237,4845.387223868034,0.0,0.0,1525.71,1.0,24993369.06943871,0,467.50000000000006,83040.55512610561,425.0,425.0
47,site_PUNJAB_020,47,2071,SAFProductionSite,site_PUNJAB_020,PUNJAB,inv_02,82127.2161933552,77014.35606057059,5112.860132784612,0.0,0.0,1495.71,1.0,22956543.729293108,0,660.0,80586.22760630686,400.0,400.0
47,site_CHHATTISGARH_353,47,2071,SAFProductionSite,site_CHHATTISGARH_353,CHHATTISGARH,inv_08,89278.52743546067,86068.75397225317,3209.7734632075008,0.0,0.0,1495.71,1.0,29067067.47686769,0,440.00000000000006,88943.40587327202,400.0,400.0
47,site_HARYANA_561,47,2071,SAFProductionSite,site_HARYANA_561,HARYANA,inv_11,86286.15247237717,84737.95498443267,1548.1974879445042,0.0,0.0,1495.71,1.0,27581531.819117084,0,445.50000000000006,86794.79299914683,405.0,405.0
47,site_ODISHA_660,47,2071,SAFProductionSite,site_ODISHA_660,ODISHA,inv_12,84856.84116005772,79875.79425699514,4981.046903062583,0.0,0.0,1495.71,1.0,26987038.14900911,0,445.50000000000006,82790.61680406357,405.0,405.0
47,site_MADHYA_PRADESH_985,47,2071,SAFProductionSite,site_MADHYA_PRADESH_985,MADHYA_PRADESH,inv_15,88446.73361372466,85483.84638098409,2962.8872327405697,0.0,0.0,1525.71,1.0,26140127.998058185,0,473.00000000000006,89643.16634783796,430.0,430.0
47,site_UTTAR_PRADESH_1102,47,2071,SAFProductionSite,site_UTTAR_PRADESH_1102,UTTAR_PRADESH,inv_16,84231.10565768843,78811.43989183882,5419.6657658496115,0.0,0.0,1525.71,1.0,24593915.36387129,0,473.00000000000006,81352.07122253536,430.0,430.0
47,site_TELANGANA_1976,47,2071,SAFProductionSite,site_TELANGANA_1976,TELANGANA,inv_22,84154.29827027762,79261.84597998965,4892.452290287969,0.0,0.0,1525.71,1.0,24200850.036597148,0,478.50000000000006,82935.88904447402,435.0,435.0
47,site_KARNATAKA_2133,47,2071,SAFProductionSite,site_KARNATAKA_2133,KARNATAKA,inv_23,82819.7671456141,77397.40158146684,5422.365564147258,0.0,0.0,1540.71,1.0,22905906.288251057,0,489.50000000000006,81068.20775622556,445.0,445.0
47,site_GUJARAT_2323,47,2071,SAFProductionSite,site_GUJARAT_2323,GUJARAT,inv_24,84038.64946029753,78805.99519120727,5232.654269090257,0.0,0.0,1540.71,1.0,22842213.878104314,0,495.00000000000006,81791.23599805895,450.0,450.0
47,site_ANDHRA_PRADESH_3102,47,2071,SAFProductionSite,site_ANDHRA_PRADESH_3102,ANDHRA_PRADESH,inv_28,87746.39832493369,84164.78476993865,3581.6135549950413,0.0,0.0,1540.71,1.0,24078467.719628096,0,495.00000000000006,0.0,450.0,450.0
47,site_WEST_BENGAL_3970,47,2071,SAFProductionSite,site_WEST_BENGAL_3970,WEST_BENGAL,inv_32,82549.29671206622,77126.16612604028,5423.130586025945,0.0,0.0,1540.71,1.0,21987872.37668118,0,500.50000000000006,81012.09935531624,455.0,455.0
47,site_MAHARASHTRA_4724,47,2071,SAFProductionSite,site_MAHARASHTRA_4724,MAHARASHTRA,inv_08,88818.5481101594,85792.62486505348,3025.9232451059215,0.0,0.0,1570.71,1.0,22653670.85439557,0,517.0,89480.06647619462,470.0,470.0
47,site_TAMIL_NADU_5371,47,2071,SAFProductionSite,site_TAMIL_NADU_5371,TAMIL_NADU,inv_38,82967.18782295685,77568.59768479152,5398.590138165338,0.0,0.0,1570.71,1.0,17558180.790484726,0,522.5,81169.35285207584,475.0,475.0
47,site_JHARKHAND_5884,47,2071,SAFProductionSite,site_JHARKHAND_5884,JHARKHAND,inv_40,86065.98063955628,82200.7349878537,3865.245651702571,0.0,0.0,1570.71,1.0,19138095.733404472,0,528.0,86449.84228604576,480.0,480.0
47,site_RAJASTHAN_6155,47,2071,SAFProductionSite,site_RAJASTHAN_6155,RAJASTHAN,inv_41,88328.65617693432,84984.09711740322,3344.559059531108,0.0,0.0,1570.71,1.0,19682498.699960083,0,533.5,88402.96940828537,485.0,485.0
47,site_PUNJAB_7292,47,2071,SAFProductionSite,site_PUNJAB_7292,PUNJAB,inv_45,0.0,0.0,0.0,0.0,0.0,1495.71,1.0,-125000000.0,0,660.0,86006.65828641679,498.6076604281804,498.6076604281804
48,site_BIHAR_001,48,2072,SAFProductionSite,site_BIHAR_001,BIHAR,inv_01,83928.8807900004,79390.48702366986,4538.3937663305405,0.0,0.0,1525.71,1.0,25413013.473388717,0,467.50000000000006,83040.55512610561,425.0,425.0
48,site_PUNJAB_020,48,2072,SAFProductionSite,site_PUNJAB_020,PUNJAB,inv_02,47333.22356810859,47333.22356810859,0.0,30787.667968941823,9236300.390682546,1495.71,1.0,4231146.789205091,0,660.0,80586.22760630686,400.0,400.0
48,site_CHHATTISGARH_353,48,2072,SAFProductionSite,site_CHHATTISGARH_353,CHHATTISGARH,inv_08,87759.70607579147,84604.53781985672,3155.1682559347537,0.0,0.0,1495.71,1.0,29011372.155085742,0,440.00000000000006,0.0,400.0,400.0
48,site_HARYANA_561,48,2072,SAFProductionSite,site_HARYANA_561,HARYANA,inv_11,88605.63712664162,85024.40506297257,3581.2320636690565,0.0,0.0,1495.71,1.0,28765987.66101332,0,445.50000000000006,86794.79299914683,405.0,405.0
48,site_ODISHA_660,48,2072,SAFProductionSite,site_ODISHA_660,ODISHA,inv_12,84856.84116005772,80152.0238097581,4704.8173502996215,0.0,0.0,1495.71,1.0,27411322.354809374,0,445.50000000000006,82790.61680406357,405.0,405.0
48,site_MADHYA_PRADESH_985,48,2072,SAFProductionSite,site_MADHYA_PRADESH_985,MADHYA_PRADESH,inv_15,88446.73361372466,85811.16885667265,2635.5647570520086,0.0,0.0,1525.71,1.0,26582361.666126832,0,473.00000000000006,89643.16634783796,430.0,430.0
48,site_UTTAR_PRADESH_1102,48,2072,SAFProductionSite,site_UTTAR_PRADESH_1102,UTTAR_PRADESH,inv_16,84231.10565768843,79365.6789657161,4865.42669197233,0.0,0.0,1525.71,1.0,25015070.892159745,0,473.00000000000006,81352.07122253536,430.0,430.0
48,site_TELANGANA_1976,48,2072,SAFProductionSite,site_TELANGANA_1976,TELANGANA,inv_22,84154.29827027762,80880.5685675589,3273.729702718716,0.0,0.0,1525.71,1.0,24621621.527948543,0,478.50000000000006,82935.88904447402,435.0,435.0
48,site_KARNATAKA_2133,48,2072,SAFProductionSite,site_KARNATAKA_2133,KARNATAKA,inv_23,82819.7671456141,77987.08124279216,4832.685902821933,0.0,0.0,1540.71,1.0,23320005.12397912,0,489.50000000000006,81068.20775622556,445.0,445.0
48,site_GUJARAT_2323,48,2072,SAFProductionSite,site_GUJARAT_2323,GUJARAT,inv_24,84069.24772993471,78822.16321077965,5247.084519155062,0.0,0.0,1540.71,1.0,23270876.9117506,0,495.00000000000006,81791.23599805895,450.0,450.0
48,site_ANDHRA_PRADESH_3102,48,2072,SAFProductionSite,site_ANDHRA_PRADESH_3102,ANDHRA_PRADESH,inv_28,87628.94394296424,84052.1246155909,3576.819327373334,0.0,0.0,1540.71,1.0,24484381.811091885,0,495.00000000000006,87577.2346794002,450.0,450.0
48,site_WEST_BENGAL_3970,48,2072,SAFProductionSite,site_WEST_BENGAL_3970,WEST_BENGAL,inv_32,82549.29671206622,79070.00388128795,3479.2928307782713,0.0,0.0,1540.71,1.0,22400618.860241503,0,500.50000000000006,81012.09935531624,455.0,455.0
48,site_MAHARASHTRA_4724,48,2072,SAFProductionSite,site_MAHARASHTRA_4724,MAHARASHTRA,inv_08,88818.5481101594,86913.0721147185,1905.4759954409092,0.0,0.0,1570.71,1.0,23097763.594946355,0,517.0,89480.06647619462,470.0,470.0
48,site_TAMIL_NADU_5371,48,2072,SAFProductionSite,site_TAMIL_NADU_5371,TAMIL_NADU,inv_38,82967.18782295685,79342.36541862923,3624.8224043276277,0.0,0.0,1570.71,1.0,20829364.0605627,0,522.5,81169.35285207584,475.0,475.0
48,site_JHARKHAND_5884,48,2072,SAFProductionSite,site_JHARKHAND_5884,JHARKHAND,inv_40,86065.98063955628,84051.62696297429,2014.353676581988,0.0,0.0,1570.71,1.0,19551243.102455527,0,528.0,86449.84228604576,480.0,480.0
48,site_RAJASTHAN_6155,48,2072,SAFProductionSite,site_RAJASTHAN_6155,RAJASTHAN,inv_41,87323.76930758405,84017.26022671397,3306.509080870077,0.0,0.0,1570.71,1.0,20397334.165546,0,533.5,88402.96940828537,485.0,485.0
48,site_PUNJAB_7292,48,2072,SAFProductionSite,site_PUNJAB_7292,PUNJAB,inv_45,87299.66971588493,83891.31357214756,3408.356143737372,0.0,0.0,1495.71,1.0,17081336.03653148,0,660.0,86006.65828641679,498.6076604281804,498.6076604281804
49,site_BIHAR_001,49,2073,SAFProductionSite,site_BIHAR_001,BIHAR,inv_01,84254.68350987427,79752.68509224852,4501.998417625757,0.0,0.0,1525.71,1.0,25511664.007410944,0,467.50000000000006,83040.55512610561,425.0,425.0
49,site_PUNJAB_020,49,2073,SAFProductionSite,site_PUNJAB_020,PUNJAB,inv_02,70795.68240408065,70795.68240408065,0.0,6439.240098454044,1931772.029536213,1495.71,1.0,18211312.287743393,0,660.0,80586.22760630686,400.0,400.0
49,site_CHHATTISGARH_353,49,2073,SAFProductionSite,site_CHHATTISGARH_353,CHHATTISGARH,inv_08,87759.70607579147,86925.60868304803,834.0973927434388,0.0,0.0,1495.71,1.0,29011372.155085742,0,440.00000000000006,88943.40587327202,400.0,400.0
49,site_HARYANA_561,49,2073,SAFProductionSite,site_HARYANA_561,HARYANA,inv_11,88728.87684566145,84855.8152256233,3873.0616200381482,0.0,0.0,1495.71,1.0,28805997.66885969,0,445.50000000000006,86794.79299914683,405.0,405.0
49,site_ODISHA_660,49,2073,SAFProductionSite,site_ODISHA_660,ODISHA,inv_12,85150.29636135568,80670.28962227497,4480.006739080709,0.0,0.0,1495.71,1.0,27506117.247118667,0,445.50000000000006,82790.61680406357,405.0,405.0
49,site_MADHYA_PRADESH_985,49,2073,SAFProductionSite,site_MADHYA_PRADESH_985,MADHYA_PRADESH,inv_15,88712.4039838119,85740.61702899582,2971.7869548160816,0.0,0.0,1525.71,1.0,26662207.98235683,0,473.00000000000006,89643.16634783796,430.0,430.0
49,site_UTTAR_PRADESH_1102,49,2073,SAFProductionSite,site_UTTAR_PRADESH_1102,UTTAR_PRADESH,inv_16,84381.35780091917,78952.02439043217,5429.333410487001,0.0,0.0,1525.71,1.0,25059692.982600898,0,473.00000000000006,81352.07122253536,430.0,430.0
49,site_TELANGANA_1976,49,2073,SAFProductionSite,site_TELANGANA_1976,TELANGANA,inv_22,84012.52673264734,79128.31657019162,4884.210162455725,0.0,0.0,1525.71,1.0,24580142.420942515,0,478.50000000000006,82935.88904447402,435.0,435.0
49,site_KARNATAKA_2133,49,2073,SAFProductionSite,site_KARNATAKA_2133,KARNATAKA,inv_23,83450.75902962538,78390.62297476667,5060.136054858711,0.0,0.0,1540.71,1.0,23497676.88611366,0,489.50000000000006,81068.20775622556,445.0,445.0
49,site_GUJARAT_2323,49,2073,SAFProductionSite,site_GUJARAT_2323,GUJARAT,inv_24,84086.49557052646,80043.21211460684,4043.28345591962,0.0,0.0,1540.71,1.0,23275651.218482748,0,495.00000000000006,81791.23599805895,450.0,450.0
49,site_ANDHRA_PRADESH_3102,49,2073,SAFProductionSite,site_ANDHRA_PRADESH_3102,ANDHRA_PRADESH,inv_28,87628.94394296424,84574.47208896698,3054.4718539972528,0.0,0.0,1540.71,1.0,24484381.811091885,0,495.00000000000006,87577.2346794002,450.0,450.0
49,site_WEST_BENGAL_3970,49,2073,SAFProductionSite,site_WEST_BENGAL_3970,WEST_BENGAL,inv_32,83224.28801804525,77756.81343222092,5467.474585824326,0.0,0.0,1540.71,1.0,22583784.842042074,0,500.50000000000006,81012.09935531624,455.0,455.0
49,site_MAHARASHTRA_4724,49,2073,SAFProductionSite,site_MAHARASHTRA_4724,MAHARASHTRA,inv_08,88120.3894047556,85118.25144662413,3002.1379581314686,0.0,0.0,1570.71,1.0,22916203.492104203,0,517.0,89480.06647619462,470.0,470.0
49,site_TAMIL_NADU_5371,49,2073,SAFProductionSite,site_TAMIL_NADU_5371,TAMIL_NADU,inv_38,84031.09641769291,78563.27883433916,5467.817583353753,0.0,0.0,1570.71,1.0,21096464.103705153,0,522.5,81169.35285207584,475.0,475.0
49,site_JHARKHAND_5884,49,2073,SAFProductionSite,site_JHARKHAND_5884,JHARKHAND,inv_40,86537.70651751058,82651.2755335198,3886.43098399078,0.0,0.0,1570.71,1.0,19416466.30186519,0,528.0,86449.84228604576,480.0,480.0
49,site_RAJASTHAN_6155,49,2073,SAFProductionSite,site_RAJASTHAN_6155,RAJASTHAN,inv_41,87323.76930758405,86507.3711561985,816.3981513855542,0.0,0.0,1570.71,1.0,20397334.165546,0,533.5,88402.96940828537,485.0,485.0
49,site_PUNJAB_7292,49,2073,SAFProductionSite,site_PUNJAB_7292,PUNJAB,inv_45,86297.84671784332,82281.66202998086,4016.1846878624638,0.0,0.0,1495.71,1.0,17367566.885301933,0,660.0,86006.65828641679,498.6076604281804,498.6076604281804
49,site_ODISHA_8598,49,2073,SAFProductionSite,site_ODISHA_8598,ODISHA,inv_11,0.0,0.0,0.0,0.0,0.0,1495.71,1.0,,0,445.50000000000006,81879.09931081386,504.17011608971313,504.17011608971313
49,site_ASSAM_8835,49,2073,SAFProductionSite,site_ASSAM_8835,ASSAM,inv_50,0.0,0.0,0.0,0.0,0.0,1615.71,1.0,,0,572.0,88466.48986500646,520.0,520.0
50,site_BIHAR_001,50,2074,SAFProductionSite,site_BIHAR_001,BIHAR,inv_01,84639.07318652261,80360.64493307196,4278.428253450649,0.0,0.0,1525.71,1.0,35361547.633521274,0,467.50000000000006,83040.55512610561,425.0,425.0
50,site_PUNJAB_020,50,2074,SAFProductionSite,site_PUNJAB_020,PUNJAB,inv_02,82816.8485369706,78442.94662427047,4373.9019127001375,0.0,0.0,1495.71,1.0,33087334.47720155,0,660.0,80586.22760630686,400.0,400.0
50,site_CHHATTISGARH_353,50,2074,SAFProductionSite,site_CHHATTISGARH_353,CHHATTISGARH,inv_08,88399.64938661897,85221.47366051131,3178.1757261076564,0.0,0.0,1495.71,1.0,39388882.60629335,0,440.00000000000006,88943.40587327202,400.0,400.0
50,site_HARYANA_561,50,2074,SAFProductionSite,site_HARYANA_561,HARYANA,inv_11,88341.03716938027,84484.90495291776,3856.132216462516,0.0,0.0,1495.71,1.0,38839304.05896506,0,445.50000000000006,86794.79299914683,405.0,405.0
50,site_ODISHA_660,50,2074,SAFProductionSite,site_ODISHA_660,ODISHA,inv_12,84848.19955852992,79867.65991241844,4980.539646111472,0.0,0.0,1495.71,1.0,33953666.41045849,0,665.5,82790.61680406357,405.0,405.0
50,site_MADHYA_PRADESH_985,50,2074,SAFProductionSite,site_MADHYA_PRADESH_985,MADHYA_PRADESH,inv_15,88712.4039838119,86850.41691366253,1861.9870701493783,0.0,0.0,1525.71,1.0,36864134.44049521,0,473.00000000000006,89643.16634783796,430.0,430.0
50,site_UTTAR_PRADESH_1102,50,2074,SAFProductionSite,site_UTTAR_PRADESH_1102,UTTAR_PRADESH,inv_16,82742.34484970279,77418.47013303362,5323.874716669161,0.0,0.0,1525.71,1.0,34088306.29481095,0,473.00000000000006,81352.07122253536,430.0,430.0
50,site_TELANGANA_1976,50,2074,SAFProductionSite,site_TELANGANA_1976,TELANGANA,inv_22,84012.52673264734,79714.78603327594,4297.740699371396,0.0,0.0,1525.71,1.0,34241582.99519697,0,478.50000000000006,82935.88904447402,435.0,435.0
50,site_KARNATAKA_2133,50,2074,SAFProductionSite,site_KARNATAKA_2133,KARNATAKA,inv_23,83486.91050684088,78020.86581495707,5466.044691883813,0.0,0.0,1540.71,1.0,33108850.959338963,0,489.50000000000006,81068.20775622556,445.0,445.0
50,site_GUJARAT_2323,50,2074,SAFProductionSite,site_GUJARAT_2323,GUJARAT,inv_24,83817.52998797117,78570.03652976612,5247.493458205048,0.0,0.0,1540.71,1.0,32840215.86493899,0,495.00000000000006,81791.23599805895,450.0,450.0
50,site_ANDHRA_PRADESH_3102,50,2074,SAFProductionSite,site_ANDHRA_PRADESH_3102,ANDHRA_PRADESH,inv_28,87336.71300069467,83771.82189287225,3564.891107822419,0.0,0.0,1540.71,1.0,34446451.63001178,0,495.00000000000006,87577.2346794002,450.0,450.0
50,site_WEST_BENGAL_3970,50,2074,SAFProductionSite,site_WEST_BENGAL_3970,WEST_BENGAL,inv_32,83224.28801804525,78509.87754928914,4714.410468756105,0.0,0.0,1540.71,1.0,32154577.964117274,0,500.50000000000006,81012.09935531624,455.0,455.0
50,site_MAHARASHTRA_4724,50,2074,SAFProductionSite,site_MAHARASHTRA_4724,MAHARASHTRA,inv_08,88120.3894047556,85179.62942528642,2940.759979469178,0.0,0.0,1570.71,1.0,33050048.273651093,0,517.0,89480.06647619462,470.0,470.0
50,site_TAMIL_NADU_5371,50,2074,SAFProductionSite,site_TAMIL_NADU_5371,TAMIL_NADU,inv_38,83624.90557768127,78183.51841725301,5441.387160428261,0.0,0.0,1570.71,1.0,30611351.82401739,0,522.5,81169.35285207584,475.0,475.0
50,site_JHARKHAND_5884,50,2074,SAFProductionSite,site_JHARKHAND_5884,JHARKHAND,inv_40,86537.70651751058,84577.43741694427,1960.2691005663073,0.0,0.0,1570.71,1.0,31456103.617151186,0,528.0,86449.84228604576,480.0,480.0
50,site_RAJASTHAN_6155,50,2074,SAFProductionSite,site_RAJASTHAN_6155,RAJASTHAN,inv_41,87500.41092209955,84187.21331750808,3313.1976045914635,0.0,0.0,1570.71,1.0,31445498.689574525,0,533.5,88402.96940828537,485.0,485.0
50,site_PUNJAB_7292,50,2074,SAFProductionSite,site_PUNJAB_7292,PUNJAB,inv_45,86297.84671784332,84151.056443038,2146.7902748053166,0.0,0.0,1495.71,1.0,28375436.018314213,0,660.0,86006.65828641679,498.6076604281804,498.6076604281804
50,site_ODISHA_8598,50,2074,SAFProductionSite,site_ODISHA_8598,ODISHA,inv_11,0.0,0.0,0.0,0.0,0.0,1495.71,1.0,-125000000.0,0,665.5,81879.09931081386,504.17011608971313,504.17011608971313
50,site_ASSAM_8835,50,2074,SAFProductionSite,site_ASSAM_8835,ASSAM,inv_50,0.0,0.0,0.0,0.0,0.0,1615.71,1.0,-125000000.0,0,572.0,88466.48986500646,520.0,520.0
51,site_BIHAR_001,51,2075,SAFProductionSite,site_BIHAR_001,BIHAR,inv_01,85284.28227763224,80695.46845406728,4588.813823564968,0.0,0.0,1525.71,1.0,35631110.9823374,0,467.50000000000006,83040.55512610561,425.0,425.0
51,site_PUNJAB_020,51,2075,SAFProductionSite,site_PUNJAB_020,PUNJAB,inv_02,64164.32211545299,64164.32211545299,0.0,13857.852467960343,4157355.740388103,1495.71,1.0,21477843.1936687,0,660.0,80586.22760630686,400.0,400.0
51,site_CHHATTISGARH_353,51,2075,SAFProductionSite,site_CHHATTISGARH_353,CHHATTISGARH,inv_08,92637.21702142917,86486.37143767602,6150.845583753151,0.0,0.0,1495.71,1.0,41277046.815788895,0,440.00000000000006,88943.40587327202,400.0,400.0
51,site_HARYANA_561,51,2075,SAFProductionSite,site_HARYANA_561,HARYANA,inv_11,88012.55777643928,84170.76385631275,3841.7939201265253,0.0,0.0,1495.71,1.0,38694887.47264995,0,445.50000000000006,0.0,405.0,405.0
51,site_ODISHA_660,51,2075,SAFProductionSite,site_ODISHA_660,ODISHA,inv_12,91488.91908667856,80383.91060150869,11105.008485169878,0.0,0.0,1495.71,1.0,36611080.20070207,0,665.5,82790.61680406357,405.0,405.0
51,site_MADHYA_PRADESH_985,51,2075,SAFProductionSite,site_MADHYA_PRADESH_985,MADHYA_PRADESH,inv_15,93205.5471216178,86231.66467129314,6973.882450324658,0.0,0.0,1525.71,1.0,38731244.62187062,0,473.00000000000006,89643.16634783796,430.0,430.0
51,site_UTTAR_PRADESH_1102,51,2075,SAFProductionSite,site_UTTAR_PRADESH_1102,UTTAR_PRADESH,inv_16,89840.84447192834,79074.52245725953,10766.32201466881,0.0,0.0,1525.71,1.0,37012756.04053141,0,473.00000000000006,81352.07122253536,430.0,430.0
51,site_TELANGANA_1976,51,2075,SAFProductionSite,site_TELANGANA_1976,TELANGANA,inv_22,91195.7429330914,80768.70799463632,10427.03493845508,0.0,0.0,1525.71,1.0,37169297.50713733,0,478.50000000000006,82935.88904447402,435.0,435.0
51,site_KARNATAKA_2133,51,2075,SAFProductionSite,site_KARNATAKA_2133,KARNATAKA,inv_23,90774.9700960193,79270.88377190959,11504.08632410971,0.0,0.0,1540.71,1.0,35999115.75960505,0,489.50000000000006,81068.20775622556,445.0,445.0
51,site_GUJARAT_2323,51,2075,SAFProductionSite,site_GUJARAT_2323,GUJARAT,inv_24,90814.18793224456,79731.69759724366,11082.490335000897,0.0,0.0,1540.71,1.0,35581548.82065904,0,495.00000000000006,81791.23599805895,450.0,450.0
51,site_ANDHRA_PRADESH_3102,51,2075,SAFProductionSite,site_ANDHRA_PRADESH_3102,ANDHRA_PRADESH,inv_28,92089.9011444579,84427.58576451309,7662.315379944805,0.0,0.0,1540.71,1.0,36321155.404141486,0,495.00000000000006,87577.2346794002,450.0,450.0
51,site_WEST_BENGAL_3970,51,2075,SAFProductionSite,site_WEST_BENGAL_3970,WEST_BENGAL,inv_32,91390.87232015302,79334.94199422516,12055.930325927868,0.0,0.0,1540.71,1.0,35309823.6008925,0,500.50000000000006,0.0,455.0,455.0
51,site_MAHARASHTRA_4724,51,2075,SAFProductionSite,site_MAHARASHTRA_4724,MAHARASHTRA,inv_08,92039.50568619012,85040.88421872366,6998.621467466466,0.0,0.0,1570.71,1.0,34519934.90450242,0,517.0,89480.06647619462,470.0,470.0
51,site_TAMIL_NADU_5371,51,2075,SAFProductionSite,site_TAMIL_NADU_5371,TAMIL_NADU,inv_38,90075.80618316292,77491.59987784704,12584.206305315878,0.0,0.0,1570.71,1.0,32972739.10035613,0,522.5,81169.35285207584,475.0,475.0
51,site_JHARKHAND_5884,51,2075,SAFProductionSite,site_JHARKHAND_5884,JHARKHAND,inv_40,91471.63369386547,82427.81264904885,9043.821044816621,0.0,0.0,1570.71,1.0,33249566.03653586,0,528.0,86449.84228604576,480.0,480.0
51,site_RAJASTHAN_6155,51,2075,SAFProductionSite,site_RAJASTHAN_6155,RAJASTHAN,inv_41,91918.0077282215,85588.45756955467,6329.55015866684,0.0,0.0,1570.71,1.0,33033074.486237362,0,533.5,88402.96940828537,485.0,485.0
51,site_PUNJAB_7292,51,2075,SAFProductionSite,site_PUNJAB_7292,PUNJAB,inv_45,88119.1921155503,84018.2444842798,4100.947631270494,0.0,0.0,1495.71,1.0,28974309.2436087,0,660.0,86006.65828641679,498.6076604281804,498.6076604281804
51,site_ODISHA_8598,51,2075,SAFProductionSite,site_ODISHA_8598,ODISHA,inv_11,0.0,0.0,0.0,0.0,0.0,1495.71,1.0,-125000000.0,0,665.5,81879.09931081386,504.17011608971313,504.17011608971313
51,site_ASSAM_8835,51,2075,SAFProductionSite,site_ASSAM_8835,ASSAM,inv_50,0.0,0.0,0.0,0.0,0.0,1615.71,1.0,-125000000.0,0,572.0,88466.48986500646,520.0,520.0
52,site_BIHAR_001,52,2076,SAFProductionSite,site_BIHAR_001,BIHAR,inv_01,84513.30390560099,79634.1767310627,4879.127174538284,0.0,0.0,1525.71,1.0,35309002.2044339,0,467.50000000000006,83040.55512610561,425.0,425.0
52,site_PUNJAB_020,52,2076,SAFProductionSite,site_PUNJAB_020,PUNJAB,inv_02,83660.99693810871,78511.9305415051,5149.066396603608,0.0,0.0,1495.71,1.0,33424592.18490559,0,660.0,80586.22760630686,400.0,400.0
52,site_CHHATTISGARH_353,52,2076,SAFProductionSite,site_CHHATTISGARH_353,CHHATTISGARH,inv_08,93651.16791625379,86154.25631800803,7496.911598245759,0.0,0.0,1495.71,1.0,41728840.38105658,0,440.00000000000006,88943.40587327202,400.0,400.0
52,site_HARYANA_561,52,2076,SAFProductionSite,site_HARYANA_561,HARYANA,inv_11,87490.44692734047,83671.44341731424,3819.003510026232,0.0,0.0,1495.71,1.0,38465340.45044607,0,445.50000000000006,86794.79299914683,405.0,405.0
52,site_ODISHA_660,52,2076,SAFProductionSite,site_ODISHA_660,ODISHA,inv_12,90395.80983264725,78913.4014183884,11482.408414258854,0.0,0.0,1495.71,1.0,36173651.15501018,0,665.5,0.0,405.0,405.0
52,site_MADHYA_PRADESH_985,52,2076,SAFProductionSite,site_MADHYA_PRADESH_985,MADHYA_PRADESH,inv_15,93205.5471216178,87578.33347445427,5627.213647163531,0.0,0.0,1525.71,1.0,38731244.62187062,0,473.00000000000006,89643.16634783796,430.0,430.0
52,site_UTTAR_PRADESH_1102,52,2076,SAFProductionSite,site_UTTAR_PRADESH_1102,UTTAR_PRADESH,inv_16,91762.62281555221,79413.0071453907,12349.615670161511,0.0,0.0,1525.71,1.0,37804492.955011904,0,473.00000000000006,81352.07122253536,430.0,430.0
52,site_TELANGANA_1976,52,2076,SAFProductionSite,site_TELANGANA_1976,TELANGANA,inv_22,92401.45646558008,81230.99788394963,11170.458581630446,0.0,0.0,1525.71,1.0,37660718.746288076,0,478.50000000000006,82935.88904447402,435.0,435.0
52,site_KARNATAKA_2133,52,2076,SAFProductionSite,site_KARNATAKA_2133,KARNATAKA,inv_23,91575.47951280742,78708.90170992646,12866.577802880958,0.0,0.0,1540.71,1.0,36316578.06370857,0,489.50000000000006,81068.20775622556,445.0,445.0
52,site_GUJARAT_2323,52,2076,SAFProductionSite,site_GUJARAT_2323,GUJARAT,inv_24,92156.87925777947,80108.00389761773,12048.875360161735,0.0,0.0,1540.71,1.0,36107623.41360965,0,495.00000000000006,81791.23599805895,450.0,450.0
52,site_ANDHRA_PRADESH_3102,52,2076,SAFProductionSite,site_ANDHRA_PRADESH_3102,ANDHRA_PRADESH,inv_28,92371.69494216712,84028.16248547623,8343.532456690882,0.0,0.0,1540.71,1.0,36432297.6270272,0,495.00000000000006,87577.2346794002,450.0,450.0
52,site_WEST_BENGAL_3970,52,2076,SAFProductionSite,site_WEST_BENGAL_3970,WEST_BENGAL,inv_32,92158.06660569011,79168.94040627808,12989.126199412029,0.0,0.0,1540.71,1.0,35606237.17264427,0,500.50000000000006,81012.09935531624,455.0,455.0
52,site_MAHARASHTRA_4724,52,2076,SAFProductionSite,site_MAHARASHTRA_4724,MAHARASHTRA,inv_08,92039.50568619012,87469.31743406261,4570.188252127511,0.0,0.0,1570.71,1.0,34519934.90450242,0,517.0,89480.06647619462,470.0,470.0
52,site_TAMIL_NADU_5371,52,2076,SAFProductionSite,site_TAMIL_NADU_5371,TAMIL_NADU,inv_38,90075.80618316292,79310.93442363686,10764.871759526053,0.0,0.0,1570.71,1.0,32972739.10035613,0,522.5,81169.35285207584,475.0,475.0
52,site_JHARKHAND_5884,52,2076,SAFProductionSite,site_JHARKHAND_5884,JHARKHAND,inv_40,91471.63369386547,82974.9796288557,8496.654065009774,0.0,0.0,1570.71,1.0,33249566.03653586,0,528.0,86449.84228604576,480.0,480.0
52,site_RAJASTHAN_6155,52,2076,SAFProductionSite,site_RAJASTHAN_6155,RAJASTHAN,inv_41,93447.92628607877,85880.74334734191,7567.182938736863,0.0,0.0,1570.71,1.0,33582889.64138086,0,533.5,88402.96940828537,485.0,485.0
52,site_PUNJAB_7292,52,2076,SAFProductionSite,site_PUNJAB_7292,PUNJAB,inv_45,88078.82120587163,83979.75238195791,4099.0688239137235,0.0,0.0,1495.71,1.0,28961034.95916064,0,660.0,86006.65828641679,498.6076604281804,498.6076604281804
52,site_ODISHA_8598,52,2076,SAFProductionSite,site_ODISHA_8598,ODISHA,inv_11,0.0,0.0,0.0,0.0,0.0,1495.71,1.0,-125000000.0,0,665.5,81879.09931081386,504.17011608971313,504.17011608971313
52,site_ASSAM_8835,52,2076,SAFProductionSite,site_ASSAM_8835,ASSAM,inv_50,0.0,0.0,0.0,0.0,0.0,1615.71,1.0,-125000000.0,0,572.0,88466.48986500646,520.0,520.0
53,site_BIHAR_001,53,2077,SAFProductionSite,site_BIHAR_001,BIHAR,inv_01,83990.37559986692,79141.43815391495,4848.937445951975,0.0,0.0,1525.71,1.0,35090526.81835091,0,467.50000000000006,83040.55512610561,425.0,425.0
53,site_PUNJAB_020,53,2077,SAFProductionSite,site_PUNJAB_020,PUNJAB,inv_02,0.0,0.0,0.0,78240.50497246924,23472151.49174077,1495.71,1.0,-23472151.49174077,0,660.0,80586.22760630686,400.0,400.0
53,site_CHHATTISGARH_353,53,2077,SAFProductionSite,site_CHHATTISGARH_353,CHHATTISGARH,inv_08,93651.16791625379,86186.4878493447,7464.680066909088,0.0,0.0,1495.71,1.0,41728840.38105658,0,440.00000000000006,88943.40587327202,400.0,400.0
53,site_HARYANA_561,53,2077,SAFProductionSite,site_HARYANA_561,HARYANA,inv_11,87490.44692734047,84784.4045273909,2706.042399949569,0.0,0.0,1495.71,1.0,38465340.45044607,0,445.50000000000006,86794.79299914683,405.0,405.0
53,site_ODISHA_660,53,2077,SAFProductionSite,site_ODISHA_660,ODISHA,inv_12,90395.80983264725,79962.86613375871,10432.943698888543,0.0,0.0,1495.71,1.0,36173651.15501018,0,665.5,82790.61680406357,405.0,405.0
53,site_MADHYA_PRADESH_985,53,2077,SAFProductionSite,site_MADHYA_PRADESH_985,MADHYA_PRADESH,inv_15,92881.05436708778,85931.45131209913,6949.603054988649,0.0,0.0,1525.71,1.0,38596402.773484424,0,473.00000000000006,89643.16634783796,430.0,430.0
53,site_UTTAR_PRADESH_1102,53,2077,SAFProductionSite,site_UTTAR_PRADESH_1102,UTTAR_PRADESH,inv_16,91790.47735000787,79098.52552019266,12691.95182981521,0.0,0.0,1525.71,1.0,37815968.50485216,0,473.00000000000006,81352.07122253536,430.0,430.0
53,site_TELANGANA_1976,53,2077,SAFProductionSite,site_TELANGANA_1976,TELANGANA,inv_22,91917.62979251855,80345.7919847455,11571.837807773045,0.0,0.0,1525.71,1.0,37463522.0683016,0,478.50000000000006,82935.88904447402,435.0,435.0
53,site_KARNATAKA_2133,53,2077,SAFProductionSite,site_KARNATAKA_2133,KARNATAKA,inv_23,89839.60523475517,77216.9219937526,12622.683241002567,0.0,0.0,1540.71,1.0,35628173.1100785,0,489.50000000000006,81068.20775622556,445.0,445.0
53,site_GUJARAT_2323,53,2077,SAFProductionSite,site_GUJARAT_2323,GUJARAT,inv_24,90552.86572807125,78343.94746157719,12208.91826649406,0.0,0.0,1540.71,1.0,35479161.198444635,0,495.00000000000006,81791.23599805895,450.0,450.0
53,site_ANDHRA_PRADESH_3102,53,2077,SAFProductionSite,site_ANDHRA_PRADESH_3102,ANDHRA_PRADESH,inv_28,91850.52688501222,83554.06926659279,8296.45761841943,0.0,0.0,1540.71,1.0,36226743.86097522,0,495.00000000000006,87577.2346794002,450.0,450.0
53,site_WEST_BENGAL_3970,53,2077,SAFProductionSite,site_WEST_BENGAL_3970,WEST_BENGAL,inv_32,35812.75446017095,35812.75446017095,0.0,41968.68111474141,12590604.334422424,1540.71,1.0,1246029.5716516078,0,500.50000000000006,81012.09935531624,455.0,455.0
53,site_MAHARASHTRA_4724,53,2077,SAFProductionSite,site_MAHARASHTRA_4724,MAHARASHTRA,inv_08,92322.26147401943,85302.13944859148,7020.122025427947,0.0,0.0,1570.71,1.0,34625984.0549946,0,517.0,89480.06647619462,470.0,470.0
53,site_TAMIL_NADU_5371,53,2077,SAFProductionSite,site_TAMIL_NADU_5371,TAMIL_NADU,inv_38,92190.59057511282,79532.72313073203,12657.867444380783,0.0,0.0,1570.71,1.0,33746867.436964944,0,522.5,81169.35285207584,475.0,475.0
53,site_JHARKHAND_5884,53,2077,SAFProductionSite,site_JHARKHAND_5884,JHARKHAND,inv_40,92078.83478216037,84136.19275373206,7942.642028428309,0.0,0.0,1570.71,1.0,33470281.157359943,0,528.0,86449.84228604576,480.0,480.0
53,site_RAJASTHAN_6155,53,2077,SAFProductionSite,site_RAJASTHAN_6155,RAJASTHAN,inv_41,92370.4409825284,84601.59452347251,7768.846459055887,0.0,0.0,1570.71,1.0,33195667.88614826,0,533.5,88402.96940828537,485.0,485.0
53,site_PUNJAB_7292,53,2077,SAFProductionSite,site_PUNJAB_7292,PUNJAB,inv_45,86681.96396833316,82647.90298484534,4034.060983487827,0.0,0.0,1495.71,1.0,28501736.903902248,0,660.0,86006.65828641679,498.6076604281804,498.6076604281804
53,site_ODISHA_8598,53,2077,SAFProductionSite,site_ODISHA_8598,ODISHA,inv_11,84290.04223435136,79160.5593629625,5129.482871388871,0.0,0.0,1495.71,1.0,26685844.346058205,0,665.5,81879.09931081386,504.17011608971313,504.17011608971313
53,site_ASSAM_8835,53,2077,SAFProductionSite,site_ASSAM_8835,ASSAM,inv_50,88577.50736106034,86633.26128433063,1944.2460767297162,0.0,0.0,1615.71,1.0,28699340.448131666,0,572.0,88466.48986500646,520.0,520.0
53,site_CHHATTISGARH_9911,53,2077,SAFProductionSite,site_CHHATTISGARH_9911,CHHATTISGARH,inv_15,0.0,0.0,0.0,0.0,0.0,1495.71,1.0,,0,440.00000000000006,84478.01361384983,516.8082427610875,516.8082427610875
54,site_BIHAR_001,54,2078,SAFProductionSite,site_BIHAR_001,BIHAR,inv_01,83990.37559986692,81211.82595283083,2778.549647036096,0.0,0.0,1525.71,1.0,35090526.81835091,0,467.50000000000006,83040.55512610561,425.0,425.0
54,site_PUNJAB_020,54,2078,SAFProductionSite,site_PUNJAB_020,PUNJAB,inv_02,0.0,0.0,0.0,76964.89577881862,23089468.73364559,1495.71,1.0,-23089468.73364559,0,660.0,80586.22760630686,400.0,400.0
54,site_CHHATTISGARH_353,54,2078,SAFProductionSite,site_CHHATTISGARH_353,CHHATTISGARH,inv_08,92013.99670467456,84648.14303253366,7365.853672140904,0.0,0.0,1495.71,1.0,38761158.836695224,0,660.0,88943.40587327202,400.0,400.0
54,site_HARYANA_561,54,2078,SAFProductionSite,site_HARYANA_561,HARYANA,inv_11,91633.39592089836,82813.73379964601,8819.662121252346,0.0,0.0,1495.71,1.0,40286795.810462505,0,445.50000000000006,86794.79299914683,405.0,405.0
54,site_ODISHA_660,54,2078,SAFProductionSite,site_ODISHA_660,ODISHA,inv_12,91221.34605232519,79634.07498953589,11587.271062789296,0.0,0.0,1495.71,1.0,36504005.61814007,0,665.5,82790.61680406357,405.0,405.0
54,site_MADHYA_PRADESH_985,54,2078,SAFProductionSite,site_MADHYA_PRADESH_985,MADHYA_PRADESH,inv_15,92881.05436708778,86611.06168563956,6269.992681448217,0.0,0.0,1525.71,1.0,38596402.773484424,0,473.00000000000006,89643.16634783796,430.0,430.0
54,site_UTTAR_PRADESH_1102,54,2078,SAFProductionSite,site_UTTAR_PRADESH_1102,UTTAR_PRADESH,inv_16,91790.47735000787,79146.90544431657,12643.571905691308,0.0,0.0,1525.71,1.0,37815968.50485216,0,473.00000000000006,81352.07122253536,430.0,430.0
54,site_TELANGANA_1976,54,2078,SAFProductionSite,site_TELANGANA_1976,TELANGANA,inv_22,90614.67878004842,79206.87411610004,11407.80466394838,0.0,0.0,1525.71,1.0,36932469.057907686,0,478.50000000000006,82935.88904447402,435.0,435.0
54,site_KARNATAKA_2133,54,2078,SAFProductionSite,site_KARNATAKA_2133,KARNATAKA,inv_23,89839.60523475517,78484.98746085794,11354.617773897233,0.0,0.0,1540.71,1.0,35628173.1100785,0,489.50000000000006,81068.20775622556,445.0,445.0
54,site_GUJARAT_2323,54,2078,SAFProductionSite,site_GUJARAT_2323,GUJARAT,inv_24,90552.86572807125,78778.53823924284,11774.327488828407,0.0,0.0,1540.71,1.0,35479161.198444635,0,495.00000000000006,81791.23599805895,450.0,450.0
54,site_ANDHRA_PRADESH_3102,54,2078,SAFProductionSite,site_ANDHRA_PRADESH_3102,ANDHRA_PRADESH,inv_28,91850.52688501222,83571.24896248609,8279.277922526133,0.0,0.0,1540.71,1.0,36226743.86097522,0,495.00000000000006,87577.2346794002,450.0,450.0
54,site_WEST_BENGAL_3970,54,2078,SAFProductionSite,site_WEST_BENGAL_3970,WEST_BENGAL,inv_32,61943.17208880186,61943.17208880186,0.0,15372.867815912512,4611860.344773754,1540.71,1.0,19320534.91755937,0,500.50000000000006,81012.09935531624,455.0,455.0
54,site_MAHARASHTRA_4724,54,2078,SAFProductionSite,site_MAHARASHTRA_4724,MAHARASHTRA,inv_08,92322.26147401943,87579.1358808501,4743.12559316933,0.0,0.0,1570.71,1.0,34625984.0549946,0,517.0,89480.06647619462,470.0,470.0
54,site_TAMIL_NADU_5371,54,2078,SAFProductionSite,site_TAMIL_NADU_5371,TAMIL_NADU,inv_38,90496.46894203313,77853.49317167552,12642.975770357603,0.0,0.0,1570.71,1.0,33126724.992741674,0,522.5,81169.35285207584,475.0,475.0
54,site_JHARKHAND_5884,54,2078,SAFProductionSite,site_JHARKHAND_5884,JHARKHAND,inv_40,91976.84581402558,82883.07433299294,9093.771481032643,0.0,0.0,1570.71,1.0,33433208.583119676,0,528.0,86449.84228604576,480.0,480.0
54,site_RAJASTHAN_6155,54,2078,SAFProductionSite,site_RAJASTHAN_6155,RAJASTHAN,inv_41,92207.46399107826,84452.32476573769,7755.139225340565,0.0,0.0,1570.71,1.0,33137097.958109424,0,533.5,88402.96940828537,485.0,485.0
54,site_PUNJAB_7292,54,2078,SAFProductionSite,site_PUNJAB_7292,PUNJAB,inv_45,86390.84246535468,82370.32988158987,4020.5125837648084,0.0,0.0,1495.71,1.0,28406013.778754875,0,660.0,86006.65828641679,498.6076604281804,498.6076604281804
54,site_ODISHA_8598,54,2078,SAFProductionSite,site_ODISHA_8598,ODISHA,inv_11,90843.25964799529,78657.6871988784,12185.572449116895,0.0,0.0,1495.71,1.0,28760563.200512797,0,665.5,81879.09931081386,504.17011608971313,504.17011608971313
54,site_ASSAM_8835,54,2078,SAFProductionSite,site_ASSAM_8835,ASSAM,inv_50,88366.26604614154,85040.21942406081,3326.0466220807284,0.0,0.0,1615.71,1.0,28630897.718208656,0,572.0,88466.48986500646,520.0,520.0
54,site_CHHATTISGARH_9911,54,2078,SAFProductionSite,site_CHHATTISGARH_9911,CHHATTISGARH,inv_15,0.0,0.0,0.0,0.0,0.0,1495.71,1.0,-125000000.0,0,660.0,84478.01361384983,516.8082427610875,516.8082427610875
55,site_BIHAR_001,55,2079,SAFProductionSite,site_BIHAR_001,BIHAR,inv_01,85674.42541908247,80728.26430707445,4946.16111200802,0.0,0.0,1525.71,1.0,35794109.7577361,0,467.50000000000006,83040.55512610561,425.0,425.0
55,site_PUNJAB_020,55,2079,SAFProductionSite,site_PUNJAB_020,PUNJAB,inv_02,18209.456464607196,18209.456464607196,0.0,59443.696308025406,17833108.892407622,1495.71,1.0,-10557990.51569793,0,660.0,80586.22760630686,400.0,400.0
55,site_CHHATTISGARH_353,55,2079,SAFProductionSite,site_CHHATTISGARH_353,CHHATTISGARH,inv_08,92013.99670467456,87073.42826912667,4940.568435547888,0.0,0.0,1495.71,1.0,38761158.836695224,0,660.0,88943.40587327202,400.0,400.0
55,site_HARYANA_561,55,2079,SAFProductionSite,site_HARYANA_561,HARYANA,inv_11,91633.39592089836,83193.86601193252,8439.529908965837,0.0,0.0,1495.71,1.0,40286795.810462505,0,445.50000000000006,86794.79299914683,405.0,405.0
55,site_ODISHA_660,55,2079,SAFProductionSite,site_ODISHA_660,ODISHA,inv_12,91221.34605232519,80700.6411390407,10520.704913284484,0.0,0.0,1495.71,1.0,36504005.61814007,0,665.5,82790.61680406357,405.0,405.0
55,site_MADHYA_PRADESH_985,55,2079,SAFProductionSite,site_MADHYA_PRADESH_985,MADHYA_PRADESH,inv_15,88209.73665478735,85254.78861024677,2954.948044540579,0.0,0.0,1525.71,1.0,36655252.76032579,0,473.00000000000006,0.0,430.0,430.0
55,site_UTTAR_PRADESH_1102,55,2079,SAFProductionSite,site_UTTAR_PRADESH_1102,UTTAR_PRADESH,inv_16,91013.35451948669,78428.85616214025,12584.498357346441,0.0,0.0,1525.71,1.0,37495808.36044708,0,473.00000000000006,81352.07122253536,430.0,430.0
55,site_TELANGANA_1976,55,2079,SAFProductionSite,site_TELANGANA_1976,TELANGANA,inv_22,90196.5154876675,78841.35489001541,11355.16059765208,0.0,0.0,1525.71,1.0,36762035.270965755,0,478.50000000000006,82935.88904447402,435.0,435.0
55,site_KARNATAKA_2133,55,2079,SAFProductionSite,site_KARNATAKA_2133,KARNATAKA,inv_23,90026.01435156997,77377.14017586061,12648.874175709367,0.0,0.0,1540.71,1.0,35702098.37127949,0,489.50000000000006,81068.20775622556,445.0,445.0
55,site_GUJARAT_2323,55,2079,SAFProductionSite,site_GUJARAT_2323,GUJARAT,inv_24,90055.41285230425,77913.56437374941,12141.848478554835,0.0,0.0,1540.71,1.0,35284256.14904545,0,495.00000000000006,81791.23599805895,450.0,450.0
55,site_ANDHRA_PRADESH_3102,55,2079,SAFProductionSite,site_ANDHRA_PRADESH_3102,ANDHRA_PRADESH,inv_28,91869.41242982619,85189.39926802479,6680.013161801398,0.0,0.0,1540.71,1.0,36234192.50408979,0,495.00000000000006,87577.2346794002,450.0,450.0
55,site_WEST_BENGAL_3970,55,2079,SAFProductionSite,site_WEST_BENGAL_3970,WEST_BENGAL,inv_32,82752.52147586421,77598.88862152249,5153.6328543417185,0.0,0.0,1540.71,1.0,31972306.004540607,0,500.50000000000006,81012.09935531624,455.0,455.0
55,site_MAHARASHTRA_4724,55,2079,SAFProductionSite,site_MAHARASHTRA_4724,MAHARASHTRA,inv_08,94753.39755857014,87548.41359733736,7204.983961232778,0.0,0.0,1570.71,1.0,35537795.333825365,0,517.0,0.0,470.0,470.0
55,site_TAMIL_NADU_5371,55,2079,SAFProductionSite,site_TAMIL_NADU_5371,TAMIL_NADU,inv_38,90496.46894203313,78129.01935053406,12367.44959149907,0.0,0.0,1570.71,1.0,33126724.992741674,0,522.5,81169.35285207584,475.0,475.0
55,site_JHARKHAND_5884,55,2079,SAFProductionSite,site_JHARKHAND_5884,JHARKHAND,inv_40,91854.3359023174,82772.67700387417,9081.658898443231,0.0,0.0,1570.71,1.0,33388676.729527727,0,528.0,86449.84228604576,480.0,480.0
55,site_RAJASTHAN_6155,55,2079,SAFProductionSite,site_RAJASTHAN_6155,RAJASTHAN,inv_41,92207.46399107826,86163.06896317119,6044.3950279070705,0.0,0.0,1570.71,1.0,33137097.958109424,0,533.5,88402.96940828537,485.0,485.0
55,site_PUNJAB_7292,55,2079,SAFProductionSite,site_PUNJAB_7292,PUNJAB,inv_45,86390.84246535468,82438.43416957516,3952.408295779518,0.0,0.0,1495.71,1.0,28406013.778754875,0,660.0,86006.65828641679,498.6076604281804,498.6076604281804
55,site_ODISHA_8598,55,2079,SAFProductionSite,site_ODISHA_8598,ODISHA,inv_11,90843.25964799529,79429.59821187718,11413.661436118113,0.0,0.0,1495.71,1.0,28760563.200512797,0,665.5,81879.09931081386,504.17011608971313,504.17011608971313
55,site_ASSAM_8835,55,2079,SAFProductionSite,site_ASSAM_8835,ASSAM,inv_50,88341.13738072089,85016.0365846491,3325.1007960717834,0.0,0.0,1615.71,1.0,28622755.965912864,0,572.0,88466.48986500646,520.0,520.0
55,site_CHHATTISGARH_9911,55,2079,SAFProductionSite,site_CHHATTISGARH_9911,CHHATTISGARH,inv_15,0.0,0.0,0.0,0.0,0.0,1495.71,1.0,-125000000.0,0,660.0,84478.01361384983,516.8082427610875,516.8082427610875
55,site_HARYANA_10533,55,2079,SAFProductionSite,site_HARYANA_10533,HARYANA,inv_12,0.0,0.0,0.0,0.0,0.0,1495.71,1.0,,0,445.50000000000006,83819.23967823775,516.6186116574544,516.6186116574544
56,site_BIHAR_001,56,2080,SAFProductionSite,site_BIHAR_001,BIHAR,inv_01,84718.11758087756,79827.166090846,4890.951490031555,0.0,0.0,1525.71,1.0,35818162.35568084,0,467.50000000000006,83040.55512610561,425.0,425.0
56,site_PUNJAB_020,56,2080,SAFProductionSite,site_PUNJAB_020,PUNJAB,inv_02,38360.506719778714,38360.506719778714,0.0,39469.34833200551,11840804.499601653,1495.71,1.0,3676948.477349909,0,660.0,80586.22760630686,400.0,400.0
56,site_CHHATTISGARH_353,56,2080,SAFProductionSite,site_CHHATTISGARH_353,CHHATTISGARH,inv_08,91902.10711904978,84545.21037025384,7356.896748795931,0.0,0.0,1495.71,1.0,39173535.564871,0,660.0,88943.40587327202,400.0,400.0
56,site_HARYANA_561,56,2080,SAFProductionSite,site_HARYANA_561,HARYANA,inv_11,92054.01221136787,83450.44659188476,8603.56561948311,0.0,0.0,1495.71,1.0,38257687.58875652,0,665.5,86794.79299914683,405.0,405.0
56,site_ODISHA_660,56,2080,SAFProductionSite,site_ODISHA_660,ODISHA,inv_12,91919.86018216137,80243.86128412442,11675.998898036953,0.0,0.0,1495.71,1.0,37243129.00878821,0,665.5,82790.61680406357,405.0,405.0
56,site_MADHYA_PRADESH_985,56,2080,SAFProductionSite,site_MADHYA_PRADESH_985,MADHYA_PRADESH,inv_15,88209.73665478735,85855.5354850761,2354.2011697112466,0.0,0.0,1525.71,1.0,37096301.44359973,0,473.00000000000006,89643.16634783796,430.0,430.0
56,site_UTTAR_PRADESH_1102,56,2080,SAFProductionSite,site_UTTAR_PRADESH_1102,UTTAR_PRADESH,inv_16,91013.35451948669,79051.53502231413,11961.81949717256,0.0,0.0,1525.71,1.0,37950875.13304451,0,473.00000000000006,0.0,430.0,430.0
56,site_TELANGANA_1976,56,2080,SAFProductionSite,site_TELANGANA_1976,TELANGANA,inv_22,90196.5154876675,79812.07767493941,10384.43781272808,0.0,0.0,1525.71,1.0,37213017.84840411,0,478.50000000000006,82935.88904447402,435.0,435.0
56,site_KARNATAKA_2133,56,2080,SAFProductionSite,site_KARNATAKA_2133,KARNATAKA,inv_23,90026.01435156997,77437.05394270956,12588.96040886041,0.0,0.0,1540.71,1.0,36152228.443037346,0,489.50000000000006,81068.20775622556,445.0,445.0
56,site_GUJARAT_2323,56,2080,SAFProductionSite,site_GUJARAT_2323,GUJARAT,inv_24,90055.41285230425,78156.98565836686,11898.427193937387,0.0,0.0,1540.71,1.0,35734533.21330698,0,495.00000000000006,81791.23599805895,450.0,450.0
56,site_ANDHRA_PRADESH_3102,56,2080,SAFProductionSite,site_ANDHRA_PRADESH_3102,ANDHRA_PRADESH,inv_28,93648.23612384223,85293.11269595474,8355.12342788749,0.0,0.0,1540.71,1.0,37404019.10313153,0,495.00000000000006,87577.2346794002,450.0,450.0
56,site_WEST_BENGAL_3970,56,2080,SAFProductionSite,site_WEST_BENGAL_3970,WEST_BENGAL,inv_32,90330.41884115827,79123.13568912819,11207.283152030082,0.0,0.0,1540.71,1.0,35351758.35320571,0,500.50000000000006,81012.09935531624,455.0,455.0
56,site_MAHARASHTRA_4724,56,2080,SAFProductionSite,site_MAHARASHTRA_4724,MAHARASHTRA,inv_08,94060.6621629808,86908.35333048433,7152.308832496477,0.0,0.0,1570.71,1.0,35748284.33356258,0,517.0,89480.06647619462,470.0,470.0
56,site_TAMIL_NADU_5371,56,2080,SAFProductionSite,site_TAMIL_NADU_5371,TAMIL_NADU,inv_38,89791.12280028603,77246.68871099154,12544.43408929449,0.0,0.0,1570.71,1.0,33317484.81263633,0,522.5,81169.35285207584,475.0,475.0
56,site_JHARKHAND_5884,56,2080,SAFProductionSite,site_JHARKHAND_5884,JHARKHAND,inv_40,91854.3359023174,83941.31387052151,7913.022031795888,0.0,0.0,1570.71,1.0,33847948.4090393,0,528.0,86449.84228604576,480.0,480.0
56,site_RAJASTHAN_6155,56,2080,SAFProductionSite,site_RAJASTHAN_6155,RAJASTHAN,inv_41,93507.39139383758,85642.92134477748,7864.470049060095,0.0,0.0,1570.71,1.0,34071796.89762522,0,533.5,88402.96940828537,485.0,485.0
56,site_PUNJAB_7292,56,2080,SAFProductionSite,site_PUNJAB_7292,PUNJAB,inv_45,86462.27093751219,83504.50324922382,2957.767688288368,0.0,0.0,1495.71,1.0,28861811.39780101,0,660.0,86006.65828641679,498.6076604281804,498.6076604281804
56,site_ODISHA_8598,56,2080,SAFProductionSite,site_ODISHA_8598,ODISHA,inv_11,91165.52332948684,78936.72293529453,12228.800394192309,0.0,0.0,1495.71,1.0,29318418.03431073,0,665.5,81879.09931081386,504.17011608971313,504.17011608971313
56,site_ASSAM_8835,56,2080,SAFProductionSite,site_ASSAM_8835,ASSAM,inv_50,88341.13738072089,86570.58180939029,1770.5555713305948,0.0,0.0,1615.71,1.0,29064461.65281646,0,572.0,88466.48986500646,520.0,520.0
56,site_CHHATTISGARH_9911,56,2080,SAFProductionSite,site_CHHATTISGARH_9911,CHHATTISGARH,inv_15,0.0,0.0,0.0,0.0,0.0,1495.71,1.0,-125000000.0,0,660.0,84478.01361384983,516.8082427610875,516.8082427610875
56,site_HARYANA_10533,56,2080,SAFProductionSite,site_HARYANA_10533,HARYANA,inv_12,0.0,0.0,0.0,0.0,0.0,1495.71,1.0,-125000000.0,0,665.5,83819.23967823775,516.6186116574544,516.6186116574544
57,site_BIHAR_001,57,2081,SAFProductionSite,site_BIHAR_001,BIHAR,inv_01,84010.83503685152,79160.71642544566,4850.1186114058655,0.0,0.0,1525.71,1.0,35519128.78745881,0,467.50000000000006,83040.55512610561,425.0,425.0
57,site_PUNJAB_020,57,2081,SAFProductionSite,site_PUNJAB_020,PUNJAB,inv_02,0.0,0.0,0.0,78573.78863190199,23572136.589570597,1495.71,1.0,-23572136.589570597,0,660.0,80586.22760630686,400.0,400.0
57,site_CHHATTISGARH_353,57,2081,SAFProductionSite,site_CHHATTISGARH_353,CHHATTISGARH,inv_08,91902.10711904978,87110.32199383897,4791.7851252108085,0.0,0.0,1495.71,1.0,39173535.564871,0,660.0,88943.40587327202,400.0,400.0
57,site_HARYANA_561,57,2081,SAFProductionSite,site_HARYANA_561,HARYANA,inv_11,92337.91862144785,84058.56712912778,8279.351492320071,0.0,0.0,1495.71,1.0,38375679.21650164,0,665.5,86794.79299914683,405.0,405.0
57,site_ODISHA_660,57,2081,SAFProductionSite,site_ODISHA_660,ODISHA,inv_12,85057.15465042648,80064.34946273766,4992.80518768882,0.0,0.0,1495.71,1.0,34462569.65022068,0,665.5,82790.61680406357,405.0,405.0
57,site_MADHYA_PRADESH_985,57,2081,SAFProductionSite,site_MADHYA_PRADESH_985,MADHYA_PRADESH,inv_15,88831.30553659105,87252.10160463434,1579.203931956712,0.0,0.0,1525.71,1.0,37357700.09959607,0,473.00000000000006,89643.16634783796,430.0,430.0
57,site_UTTAR_PRADESH_1102,57,2081,SAFProductionSite,site_UTTAR_PRADESH_1102,UTTAR_PRADESH,inv_16,91735.9468742143,79199.122939158,12536.823935056309,0.0,0.0,1525.71,1.0,38252182.69797434,0,473.00000000000006,81352.07122253536,430.0,430.0
57,site_TELANGANA_1976,57,2081,SAFProductionSite,site_TELANGANA_1976,TELANGANA,inv_22,91307.04704596923,81223.51085123199,10083.536194737244,0.0,0.0,1525.71,1.0,37671197.751218066,0,478.50000000000006,82935.88904447402,435.0,435.0
57,site_KARNATAKA_2133,57,2081,SAFProductionSite,site_KARNATAKA_2133,KARNATAKA,inv_23,90095.72224749302,78217.62056650671,11878.101680986307,0.0,0.0,1540.71,1.0,36180221.41591129,0,489.50000000000006,81068.20775622556,445.0,445.0
57,site_GUJARAT_2323,57,2081,SAFProductionSite,site_GUJARAT_2323,GUJARAT,inv_24,90329.79368572844,78150.95142302073,12178.842262707709,0.0,0.0,1540.71,1.0,35843409.18971467,0,495.00000000000006,81791.23599805895,450.0,450.0
57,site_ANDHRA_PRADESH_3102,57,2081,SAFProductionSite,site_ANDHRA_PRADESH_3102,ANDHRA_PRADESH,inv_28,91914.12236229371,83611.92044169243,8302.201920601277,0.0,0.0,1540.71,1.0,36711397.14943892,0,495.00000000000006,87577.2346794002,450.0,450.0
57,site_WEST_BENGAL_3970,57,2081,SAFProductionSite,site_WEST_BENGAL_3970,WEST_BENGAL,inv_32,80135.35306119648,77865.85678000028,2269.496281196203,0.0,0.0,1540.71,1.0,31361812.258944616,0,500.50000000000006,81012.09935531624,455.0,455.0
57,site_MAHARASHTRA_4724,57,2081,SAFProductionSite,site_MAHARASHTRA_4724,MAHARASHTRA,inv_08,93730.1372308083,86602.96128954791,7127.175941260386,0.0,0.0,1570.71,1.0,35622666.471823946,0,517.0,89480.06647619462,470.0,470.0
57,site_TAMIL_NADU_5371,57,2081,SAFProductionSite,site_TAMIL_NADU_5371,TAMIL_NADU,inv_38,89791.12280028603,79183.11924731861,10608.00355296742,0.0,0.0,1570.71,1.0,33317484.81263633,0,522.5,0.0,475.0,475.0
57,site_JHARKHAND_5884,57,2081,SAFProductionSite,site_JHARKHAND_5884,JHARKHAND,inv_40,92532.83769782228,83384.09517389501,9148.74252392727,0.0,0.0,1570.71,1.0,34097973.55531126,0,528.0,86449.84228604576,480.0,480.0
57,site_RAJASTHAN_6155,57,2081,SAFProductionSite,site_RAJASTHAN_6155,RAJASTHAN,inv_41,93507.39139383758,86209.19172271338,7298.199671124195,0.0,0.0,1570.71,1.0,34071796.89762522,0,533.5,88402.96940828537,485.0,485.0
57,site_PUNJAB_7292,57,2081,SAFProductionSite,site_PUNJAB_7292,PUNJAB,inv_45,86261.38848940656,82246.90051802502,4014.4879713815317,0.0,0.0,1495.71,1.0,28794755.19782515,0,660.0,86006.65828641679,498.6076604281804,498.6076604281804
57,site_ODISHA_8598,57,2081,SAFProductionSite,site_ODISHA_8598,ODISHA,inv_11,90046.44532154905,77967.75629714664,12078.68902440241,0.0,0.0,1495.71,1.0,28958527.632199585,0,665.5,81879.09931081386,504.17011608971313,504.17011608971313
57,site_ASSAM_8835,57,2081,SAFProductionSite,site_ASSAM_8835,ASSAM,inv_50,88586.48667229245,85252.15109445411,3334.335577838341,0.0,0.0,1615.71,1.0,29145182.20145163,0,572.0,88466.48986500646,520.0,520.0
57,site_CHHATTISGARH_9911,57,2081,SAFProductionSite,site_CHHATTISGARH_9911,CHHATTISGARH,inv_15,86331.83714578098,81821.66447119812,4510.172674582864,0.0,0.0,1495.71,1.0,27277886.593979746,0,660.0,84478.01361384983,516.8082427610875,516.8082427610875
57,site_HARYANA_10533,57,2081,SAFProductionSite,site_HARYANA_10533,HARYANA,inv_12,0.0,0.0,0.0,0.0,0.0,1495.71,1.0,-125000000.0,0,665.5,83819.23967823775,516.6186116574544,516.6186116574544
57,site_KERALA_11160,57,2081,SAFProductionSite,site_KERALA_11160,KERALA,inv_08,0.0,0.0,0.0,0.0,0.0,1615.71,1.0,,0,577.5,82284.23384153483,525.0,525.0
58,site_BIHAR_001,58,2082,SAFProductionSite,site_BIHAR_001,BIHAR,inv_01,84010.83503685152,81308.47791656487,2702.3571202866588,0.0,0.0,1525.71,1.0,35519128.78745881,0,467.50000000000006,83040.55512610561,425.0,425.0
58,site_PUNJAB_020,58,2082,SAFProductionSite,site_PUNJAB_020,PUNJAB,inv_02,7033.9197449784115,7033.9197449784115,0.0,71885.14771280908,21565544.313842725,1495.71,1.0,-18720153.613985285,0,660.0,80586.22760630686,400.0,400.0
58,site_CHHATTISGARH_353,58,2082,SAFProductionSite,site_CHHATTISGARH_353,CHHATTISGARH,inv_08,93196.60966305895,85736.08611118012,7460.523551878825,0.0,0.0,1495.71,1.0,39725320.970409825,0,660.0,88943.40587327202,400.0,400.0
58,site_HARYANA_561,58,2082,SAFProductionSite,site_HARYANA_561,HARYANA,inv_11,91679.8882641484,82855.75128136146,8824.136982786935,0.0,0.0,1495.71,1.0,38102201.51326284,0,665.5,86794.79299914683,405.0,405.0
58,site_ODISHA_660,58,2082,SAFProductionSite,site_ODISHA_660,ODISHA,inv_12,84095.97671697669,79159.5921113323,4936.384605644387,0.0,0.0,1495.71,1.0,34073129.61294329,0,665.5,82790.61680406357,405.0,405.0
58,site_MADHYA_PRADESH_985,58,2082,SAFProductionSite,site_MADHYA_PRADESH_985,MADHYA_PRADESH,inv_15,93488.1502079833,86493.12265669336,6995.027551289939,0.0,0.0,1525.71,1.0,39316120.11372736,0,473.00000000000006,89643.16634783796,430.0,430.0
58,site_UTTAR_PRADESH_1102,58,2082,SAFProductionSite,site_UTTAR_PRADESH_1102,UTTAR_PRADESH,inv_16,91597.54106595682,78932.26670960175,12665.274356355061,0.0,0.0,1525.71,1.0,38194470.05157645,0,473.00000000000006,81352.07122253536,430.0,430.0
58,site_TELANGANA_1976,58,2082,SAFProductionSite,site_TELANGANA_1976,TELANGANA,inv_22,92853.91473491542,81164.20468087435,11689.710054041076,0.0,0.0,1525.71,1.0,38309399.954558656,0,478.50000000000006,82935.88904447402,435.0,435.0
58,site_KARNATAKA_2133,58,2082,SAFProductionSite,site_KARNATAKA_2133,KARNATAKA,inv_23,91003.8884308982,78763.55374825382,12240.334682644374,0.0,0.0,1540.71,1.0,36544918.57109678,0,489.50000000000006,81068.20775622556,445.0,445.0
58,site_GUJARAT_2323,58,2082,SAFProductionSite,site_GUJARAT_2323,GUJARAT,inv_24,90329.79368572844,78722.34788418195,11607.445801546492,0.0,0.0,1540.71,1.0,35843409.18971467,0,495.00000000000006,81791.23599805895,450.0,450.0
58,site_ANDHRA_PRADESH_3102,58,2082,SAFProductionSite,site_ANDHRA_PRADESH_3102,ANDHRA_PRADESH,inv_28,91492.12256544872,83228.03804654606,8264.084518902659,0.0,0.0,1540.71,1.0,36542846.3137154,0,495.00000000000006,87577.2346794002,450.0,450.0
58,site_WEST_BENGAL_3970,58,2082,SAFProductionSite,site_WEST_BENGAL_3970,WEST_BENGAL,inv_32,90641.18805449289,78646.49571775459,11994.692336738299,0.0,0.0,1540.71,1.0,35473381.14953902,0,500.50000000000006,81012.09935531624,455.0,455.0
58,site_MAHARASHTRA_4724,58,2082,SAFProductionSite,site_MAHARASHTRA_4724,MAHARASHTRA,inv_08,93549.92600607245,86436.45320387949,7113.472802192962,0.0,0.0,1570.71,1.0,35554176.181049734,0,517.0,89480.06647619462,470.0,470.0
58,site_TAMIL_NADU_5371,58,2082,SAFProductionSite,site_TAMIL_NADU_5371,TAMIL_NADU,inv_38,91100.15326464278,78372.83866479353,12727.314599849255,0.0,0.0,1570.71,1.0,33803207.690971315,0,522.5,81169.35285207584,475.0,475.0
58,site_JHARKHAND_5884,58,2082,SAFProductionSite,site_JHARKHAND_5884,JHARKHAND,inv_40,92129.44228875189,83020.58355986148,9108.85872889041,0.0,0.0,1570.71,1.0,33949323.99118857,0,528.0,86449.84228604576,480.0,480.0
58,site_RAJASTHAN_6155,58,2082,SAFProductionSite,site_RAJASTHAN_6155,RAJASTHAN,inv_41,92917.31514919175,85102.47365765534,7814.841491536412,0.0,0.0,1570.71,1.0,33856787.606252655,0,533.5,88402.96940828537,485.0,485.0
58,site_PUNJAB_7292,58,2082,SAFProductionSite,site_PUNJAB_7292,PUNJAB,inv_45,86261.38848940656,83639.72219421294,2621.666295193616,0.0,0.0,1495.71,1.0,28794755.19782515,0,660.0,86006.65828641679,498.6076604281804,498.6076604281804
58,site_ODISHA_8598,58,2082,SAFProductionSite,site_ODISHA_8598,ODISHA,inv_11,90046.44532154905,79182.93248519288,10863.512836356167,0.0,0.0,1495.71,1.0,28958527.632199585,0,665.5,81879.09931081386,504.17011608971313,504.17011608971313
58,site_ASSAM_8835,58,2082,SAFProductionSite,site_ASSAM_8835,ASSAM,inv_50,88586.48667229245,85286.37700062926,3300.1096716631873,0.0,0.0,1615.71,1.0,29145182.20145163,0,572.0,88466.48986500646,520.0,520.0
58,site_CHHATTISGARH_9911,58,2082,SAFProductionSite,site_CHHATTISGARH_9911,CHHATTISGARH,inv_15,91637.22337697599,81194.1914423643,10443.031934611688,0.0,0.0,1495.71,1.0,28954205.884016663,0,660.0,84478.01361384983,516.8082427610875,516.8082427610875
58,site_HARYANA_10533,58,2082,SAFProductionSite,site_HARYANA_10533,HARYANA,inv_12,0.0,0.0,0.0,0.0,0.0,1495.71,1.0,-125000000.0,0,665.5,83819.23967823775,516.6186116574544,516.6186116574544
58,site_KERALA_11160,58,2082,SAFProductionSite,site_KERALA_11160,KERALA,inv_08,0.0,0.0,0.0,0.0,0.0,1615.71,1.0,-125000000.0,0,577.5,82284.23384153483,525.0,525.0
59,site_BIHAR_001,59,2083,SAFProductionSite,site_BIHAR_001,BIHAR,inv_01,86223.29595182801,81245.44741301423,4977.848538813778,0.0,0.0,1525.71,1.0,36454540.084606335,0,467.50000000000006,83040.55512610561,425.0,425.0
59,site_PUNJAB_020,59,2083,SAFProductionSite,site_PUNJAB_020,PUNJAB,inv_02,0.0,0.0,0.0,78301.37192996142,23490411.578988425,1495.71,1.0,-23490411.578988425,0,660.0,80586.22760630686,400.0,400.0
59,site_CHHATTISGARH_353,59,2083,SAFProductionSite,site_CHHATTISGARH_353,CHHATTISGARH,inv_08,88933.45334769961,86582.85259480629,2350.600752893326,0.0,0.0,1495.71,1.0,37908138.418523416,0,660.0,88943.40587327202,400.0,400.0
59,site_HARYANA_561,59,2083,SAFProductionSite,site_HARYANA_561,HARYANA,inv_11,91675.71659471033,82851.98113272873,8823.735461981603,0.0,0.0,1495.71,1.0,38100467.76562652,0,665.5,86794.79299914683,405.0,405.0
59,site_ODISHA_660,59,2083,SAFProductionSite,site_ODISHA_660,ODISHA,inv_12,84095.97671697669,80270.6759093726,3825.300807604086,0.0,0.0,1495.71,1.0,34073129.61294329,0,665.5,82790.61680406357,405.0,405.0
59,site_MADHYA_PRADESH_985,59,2083,SAFProductionSite,site_MADHYA_PRADESH_985,MADHYA_PRADESH,inv_15,93488.1502079833,87040.76710908249,6447.383098900813,0.0,0.0,1525.71,1.0,39316120.11372736,0,473.00000000000006,89643.16634783796,430.0,430.0
59,site_UTTAR_PRADESH_1102,59,2083,SAFProductionSite,site_UTTAR_PRADESH_1102,UTTAR_PRADESH,inv_16,90428.3660675215,77924.75458937747,12503.611478144041,0.0,0.0,1525.71,1.0,37706945.83484408,0,473.00000000000006,81352.07122253536,430.0,430.0
59,site_TELANGANA_1976,59,2083,SAFProductionSite,site_TELANGANA_1976,TELANGANA,inv_22,91837.67614327537,80275.90398518532,11561.772158090054,0.0,0.0,1525.71,1.0,37890123.17158683,0,478.50000000000006,82935.88904447402,435.0,435.0
59,site_KARNATAKA_2133,59,2083,SAFProductionSite,site_KARNATAKA_2133,KARNATAKA,inv_23,89953.79761409728,77315.07006580723,12638.727548290044,0.0,0.0,1540.71,1.0,36123227.981233835,0,489.50000000000006,81068.20775622556,445.0,445.0
59,site_GUJARAT_2323,59,2083,SAFProductionSite,site_GUJARAT_2323,GUJARAT,inv_24,90990.23509443333,79778.32992363021,11211.905170803118,0.0,0.0,1540.71,1.0,36105476.34045343,0,495.00000000000006,81791.23599805895,450.0,450.0
59,site_ANDHRA_PRADESH_3102,59,2083,SAFProductionSite,site_ANDHRA_PRADESH_3102,ANDHRA_PRADESH,inv_28,91492.12256544872,85639.61350759413,5852.509057854593,0.0,0.0,1540.71,1.0,36542846.3137154,0,495.00000000000006,87577.2346794002,450.0,450.0
59,site_WEST_BENGAL_3970,59,2083,SAFProductionSite,site_WEST_BENGAL_3970,WEST_BENGAL,inv_32,52677.72910603855,52677.72910603855,0.0,25316.47988812621,7594943.966437863,1540.71,1.0,13021038.70964144,0,500.50000000000006,81012.09935531624,455.0,455.0
59,site_MAHARASHTRA_4724,59,2083,SAFProductionSite,site_MAHARASHTRA_4724,MAHARASHTRA,inv_08,89485.08440481932,86545.06667334153,2940.0177314777975,0.0,0.0,1570.71,1.0,34009310.24037938,0,517.0,89480.06647619462,470.0,470.0
59,site_TAMIL_NADU_5371,59,2083,SAFProductionSite,site_TAMIL_NADU_5371,TAMIL_NADU,inv_38,90489.58570406886,77847.57156914103,12642.014134927827,0.0,0.0,1570.71,1.0,33576653.274542466,0,522.5,81169.35285207584,475.0,475.0
59,site_JHARKHAND_5884,59,2083,SAFProductionSite,site_JHARKHAND_5884,JHARKHAND,inv_40,91210.70869412812,82192.68536285886,9018.023331269258,0.0,0.0,1570.71,1.0,33610774.406054705,0,528.0,0.0,480.0,480.0
59,site_RAJASTHAN_6155,59,2083,SAFProductionSite,site_RAJASTHAN_6155,RAJASTHAN,inv_41,92898.71683533046,85085.43956112645,7813.277274204011,0.0,0.0,1570.71,1.0,33850010.83745316,0,533.5,88402.96940828537,485.0,485.0
59,site_PUNJAB_7292,59,2083,SAFProductionSite,site_PUNJAB_7292,PUNJAB,inv_45,86506.83944675153,82480.92852086994,4025.910925881588,0.0,0.0,1495.71,1.0,28876688.729774818,0,660.0,86006.65828641679,498.6076604281804,498.6076604281804
59,site_ODISHA_8598,59,2083,SAFProductionSite,site_ODISHA_8598,ODISHA,inv_11,89905.61012301601,77845.8125113806,12059.797611635411,0.0,0.0,1495.71,1.0,28913235.672325507,0,665.5,81879.09931081386,504.17011608971313,504.17011608971313
59,site_ASSAM_8835,59,2083,SAFProductionSite,site_ASSAM_8835,ASSAM,inv_50,88622.05120341934,85447.23407403463,3174.8171293847117,0.0,0.0,1615.71,1.0,29156883.023761436,0,572.0,88466.48986500646,520.0,520.0
59,site_CHHATTISGARH_9911,59,2083,SAFProductionSite,site_CHHATTISGARH_9911,CHHATTISGARH,inv_15,91637.22337697599,82723.72790832084,8913.49546865515,0.0,0.0,1495.71,1.0,28954205.884016663,0,660.0,84478.01361384983,516.8082427610875,516.8082427610875
59,site_HARYANA_10533,59,2083,SAFProductionSite,site_HARYANA_10533,HARYANA,inv_12,84938.66599761785,80288.89116288841,4649.77483472944,0.0,0.0,1495.71,1.0,26695479.317008704,0,665.5,83819.23967823775,516.6186116574544,516.6186116574544
59,site_KERALA_11160,59,2083,SAFProductionSite,site_KERALA_11160,KERALA,inv_08,0.0,0.0,0.0,0.0,0.0,1615.71,1.0,-125000000.0,0,577.5,82284.23384153483,525.0,525.0
59,site_BIHAR_11867,59,2083,SAFProductionSite,site_BIHAR_11867,BIHAR,inv_16,0.0,0.0,0.0,0.0,0.0,1525.71,1.0,,0,467.50000000000006,86975.8767962169,529.5823963585422,529.5823963585422
59,site_UTTAR_PRADESH_11884,59,2083,SAFProductionSite,site_UTTAR_PRADESH_11884,UTTAR_PRADESH,inv_22,0.0,0.0,0.0,0.0,0.0,1525.71,1.0,,0,473.00000000000006,81496.2443076199,525.7952930296552,525.7952930296552
60,site_BIHAR_001,60,2084,SAFProductionSite,site_BIHAR_001,BIHAR,inv_01,84690.48370654105,79801.12757701467,4889.356129526379,0.0,0.0,1525.71,1.0,32646611.070680752,0,687.5,83040.55512610561,425.0,425.0
60,site_PUNJAB_020,60,2084,SAFProductionSite,site_PUNJAB_020,PUNJAB,inv_02,0.0,0.0,0.0,77624.97157250787,23287491.47175236,1495.71,1.0,-23287491.47175236,0,660.0,80586.22760630686,400.0,400.0
60,site_CHHATTISGARH_353,60,2084,SAFProductionSite,site_CHHATTISGARH_353,CHHATTISGARH,inv_08,89811.79840616553,86792.36305220425,3019.4353539612785,0.0,0.0,1495.71,1.0,38282535.50760724,0,660.0,88943.40587327202,400.0,400.0
60,site_HARYANA_561,60,2084,SAFProductionSite,site_HARYANA_561,HARYANA,inv_11,91272.95676814394,82487.98670987383,8784.970058270104,0.0,0.0,1495.71,1.0,37933080.60619779,0,665.5,86794.79299914683,405.0,405.0
60,site_ODISHA_660,60,2084,SAFProductionSite,site_ODISHA_660,ODISHA,inv_12,91017.31301401305,79455.95897857535,11561.354035437704,0.0,0.0,1495.71,1.0,36877444.37270138,0,665.5,82790.61680406357,405.0,405.0
60,site_MADHYA_PRADESH_985,60,2084,SAFProductionSite,site_MADHYA_PRADESH_985,MADHYA_PRADESH,inv_15,94080.0847485911,87742.13398113231,6337.950767458795,0.0,0.0,1525.71,1.0,39565056.14943056,0,473.00000000000006,89643.16634783796,430.0,430.0
60,site_UTTAR_PRADESH_1102,60,2084,SAFProductionSite,site_UTTAR_PRADESH_1102,UTTAR_PRADESH,inv_16,89895.7840894372,77465.81320023464,12429.970889202566,0.0,0.0,1525.71,1.0,33796854.66699317,0,693.0,81352.07122253536,430.0,430.0
60,site_TELANGANA_1976,60,2084,SAFProductionSite,site_TELANGANA_1976,TELANGANA,inv_22,91837.67614327537,80524.01568356065,11313.660459714723,0.0,0.0,1525.71,1.0,37890123.17158683,0,478.50000000000006,82935.88904447402,435.0,435.0
60,site_KARNATAKA_2133,60,2084,SAFProductionSite,site_KARNATAKA_2133,KARNATAKA,inv_23,89953.79761409728,77998.49087338307,11955.306740714208,0.0,0.0,1540.71,1.0,36123227.981233835,0,489.50000000000006,81068.20775622556,445.0,445.0
60,site_GUJARAT_2323,60,2084,SAFProductionSite,site_GUJARAT_2323,GUJARAT,inv_24,92210.77864537339,80095.21502342621,12115.563621947178,0.0,0.0,1540.71,1.0,36589795.41332126,0,495.00000000000006,81791.23599805895,450.0,450.0
60,site_ANDHRA_PRADESH_3102,60,2084,SAFProductionSite,site_ANDHRA_PRADESH_3102,ANDHRA_PRADESH,inv_28,91630.18978340205,83353.63425468498,8276.555528717072,0.0,0.0,1540.71,1.0,36597991.7074953,0,495.00000000000006,87577.2346794002,450.0,450.0
60,site_WEST_BENGAL_3970,60,2084,SAFProductionSite,site_WEST_BENGAL_3970,WEST_BENGAL,inv_32,71584.71454912017,71584.71454912017,0.0,5967.201422930884,1790160.4268792653,1540.71,1.0,26225269.624139585,0,500.50000000000006,81012.09935531624,455.0,455.0
60,site_MAHARASHTRA_4724,60,2084,SAFProductionSite,site_MAHARASHTRA_4724,MAHARASHTRA,inv_08,89597.5286933348,87493.72702103124,2103.8016723035544,0.0,0.0,1570.71,1.0,34052045.32543087,0,517.0,89480.06647619462,470.0,470.0
60,site_TAMIL_NADU_5371,60,2084,SAFProductionSite,site_TAMIL_NADU_5371,TAMIL_NADU,inv_38,90489.58570406886,78910.62462220373,11578.961081865127,0.0,0.0,1570.71,1.0,33576653.274542466,0,522.5,81169.35285207584,475.0,475.0
60,site_JHARKHAND_5884,60,2084,SAFProductionSite,site_JHARKHAND_5884,JHARKHAND,inv_40,91210.70869412812,83417.87782045733,7792.830873670784,0.0,0.0,1570.71,1.0,33610774.406054705,0,528.0,86449.84228604576,480.0,480.0
60,site_RAJASTHAN_6155,60,2084,SAFProductionSite,site_RAJASTHAN_6155,RAJASTHAN,inv_41,92498.71777789026,84719.08255657638,7779.635221313874,0.0,0.0,1570.71,1.0,33704261.00483358,0,533.5,0.0,485.0,485.0
60,site_PUNJAB_7292,60,2084,SAFProductionSite,site_PUNJAB_7292,PUNJAB,inv_45,86506.83944675153,83853.09463616025,2653.744810591277,0.0,0.0,1495.71,1.0,28876688.729774818,0,660.0,86006.65828641679,498.6076604281804,498.6076604281804
60,site_ODISHA_8598,60,2084,SAFProductionSite,site_ODISHA_8598,ODISHA,inv_11,89905.61012301601,79574.79234275212,10330.817780263897,0.0,0.0,1495.71,1.0,28913235.672325507,0,665.5,81879.09931081386,504.17011608971313,504.17011608971313
60,site_ASSAM_8835,60,2084,SAFProductionSite,site_ASSAM_8835,ASSAM,inv_50,88671.7656770788,85334.22025504883,3337.5454220299725,0.0,0.0,1615.71,1.0,29173239.21359673,0,572.0,88466.48986500646,520.0,520.0
60,site_CHHATTISGARH_9911,60,2084,SAFProductionSite,site_CHHATTISGARH_9911,CHHATTISGARH,inv_15,91890.36292303116,81418.48305669536,10471.879866335803,0.0,0.0,1495.71,1.0,29034189.26046312,0,660.0,84478.01361384983,516.8082427610875,516.8082427610875
60,site_HARYANA_10533,60,2084,SAFProductionSite,site_HARYANA_10533,HARYANA,inv_12,91138.36577725712,81374.51050667097,9763.855270586151,0.0,0.0,1495.71,1.0,28643990.69630991,0,665.5,83819.23967823775,516.6186116574544,516.6186116574544
60,site_KERALA_11160,60,2084,SAFProductionSite,site_KERALA_11160,KERALA,inv_08,0.0,0.0,0.0,0.0,0.0,1615.71,1.0,-125000000.0,0,577.5,82284.23384153483,525.0,525.0
60,site_BIHAR_11867,60,2084,SAFProductionSite,site_BIHAR_11867,BIHAR,inv_16,0.0,0.0,0.0,0.0,0.0,1525.71,1.0,-125000000.0,0,687.5,86975.8767962169,529.5823963585422,529.5823963585422
60,site_UTTAR_PRADESH_11884,60,2084,SAFProductionSite,site_UTTAR_PRADESH_11884,UTTAR_PRADESH,inv_22,0.0,0.0,0.0,0.0,0.0,1525.71,1.0,-125000000.0,0,693.0,81496.2443076199,525.7952930296552,525.7952930296552
61,site_BIHAR_001,61,2085,SAFProductionSite,site_BIHAR_001,BIHAR,inv_01,84690.48370654105,80580.04333727989,4110.440369261167,0.0,0.0,1525.71,1.0,32646611.070680752,0,687.5,83040.55512610561,425.0,425.0
61,site_PUNJAB_020,61,2085,SAFProductionSite,site_PUNJAB_020,PUNJAB,inv_02,0.0,0.0,0.0,78321.51713697084,23496455.141091254,1495.71,1.0,-23496455.141091254,0,660.0,80586.22760630686,400.0,400.0
61,site_CHHATTISGARH_353,61,2085,SAFProductionSite,site_CHHATTISGARH_353,CHHATTISGARH,inv_08,88043.61458314225,84878.2391472836,3165.375435858645,0.0,0.0,1495.71,1.0,37528842.104400456,0,660.0,88943.40587327202,400.0,400.0
61,site_HARYANA_561,61,2085,SAFProductionSite,site_HARYANA_561,HARYANA,inv_11,91272.95676814394,82756.96876410444,8515.988004039493,0.0,0.0,1495.71,1.0,37933080.60619779,0,665.5,86794.79299914683,405.0,405.0
61,site_ODISHA_660,61,2085,SAFProductionSite,site_ODISHA_660,ODISHA,inv_12,91017.31301401305,80648.70286621535,10368.610147797706,0.0,0.0,1495.71,1.0,36877444.37270138,0,665.5,82790.61680406357,405.0,405.0
61,site_MADHYA_PRADESH_985,61,2085,SAFProductionSite,site_MADHYA_PRADESH_985,MADHYA_PRADESH,inv_15,92244.8790360507,85342.87628075945,6902.002755291251,0.0,0.0,1525.71,1.0,38793266.697322264,0,473.00000000000006,89643.16634783796,430.0,430.0
61,site_UTTAR_PRADESH_1102,61,2085,SAFProductionSite,site_UTTAR_PRADESH_1102,UTTAR_PRADESH,inv_16,82792.94358132145,78740.4866481893,4052.4569331321545,0.0,0.0,1525.71,1.0,31126499.535135254,0,693.0,81352.07122253536,430.0,430.0
61,site_TELANGANA_1976,61,2085,SAFProductionSite,site_TELANGANA_1976,TELANGANA,inv_22,85494.37563522869,80909.26576965002,4585.109865578663,0.0,0.0,1525.71,1.0,35273022.56911394,0,478.50000000000006,82935.88904447402,435.0,435.0
61,site_KARNATAKA_2133,61,2085,SAFProductionSite,site_KARNATAKA_2133,KARNATAKA,inv_23,90748.9375131831,78541.50742377914,12207.430089403962,0.0,0.0,1540.71,1.0,36442536.566457495,0,489.50000000000006,81068.20775622556,445.0,445.0
61,site_GUJARAT_2323,61,2085,SAFProductionSite,site_GUJARAT_2323,GUJARAT,inv_24,92333.04387060218,79884.1105668455,12448.933303756683,0.0,0.0,1540.71,1.0,36638310.995154575,0,495.00000000000006,81791.23599805895,450.0,450.0
61,site_ANDHRA_PRADESH_3102,61,2085,SAFProductionSite,site_ANDHRA_PRADESH_3102,ANDHRA_PRADESH,inv_28,91630.18978340205,84901.01875568004,6729.171027722012,0.0,0.0,1540.71,1.0,36597991.7074953,0,495.00000000000006,87577.2346794002,450.0,450.0
61,site_WEST_BENGAL_3970,61,2085,SAFProductionSite,site_WEST_BENGAL_3970,WEST_BENGAL,inv_32,29429.106032112613,29429.106032112613,0.0,48512.90024224401,14553870.072673203,1540.71,1.0,-3036480.2681649867,0,500.50000000000006,81012.09935531624,455.0,455.0
61,site_MAHARASHTRA_4724,61,2085,SAFProductionSite,site_MAHARASHTRA_4724,MAHARASHTRA,inv_08,89484.01622565603,86435.4214160807,3048.5948095753265,0.0,0.0,1570.71,1.0,34008904.27287318,0,517.0,89480.06647619462,470.0,470.0
61,site_TAMIL_NADU_5371,61,2085,SAFProductionSite,site_TAMIL_NADU_5371,TAMIL_NADU,inv_38,91725.27268073522,79170.66461010354,12554.608070631672,0.0,0.0,1570.71,1.0,34035161.65259032,0,522.5,81169.35285207584,475.0,475.0
61,site_JHARKHAND_5884,61,2085,SAFProductionSite,site_JHARKHAND_5884,JHARKHAND,inv_40,91636.51033598161,82576.38790038893,9060.122435592682,0.0,0.0,1570.71,1.0,33767680.575636834,0,528.0,86449.84228604576,480.0,480.0
61,site_RAJASTHAN_6155,61,2085,SAFProductionSite,site_RAJASTHAN_6155,RAJASTHAN,inv_41,92498.71777789026,86342.88193069292,6155.835847197333,0.0,0.0,1570.71,1.0,33704261.00483358,0,533.5,88402.96940828537,485.0,485.0
61,site_PUNJAB_7292,61,2085,SAFProductionSite,site_PUNJAB_7292,PUNJAB,inv_45,85750.70557047696,81759.9840891918,3990.72148128516,0.0,0.0,1495.71,1.0,28624285.073337242,0,660.0,86006.65828641679,498.6076604281804,498.6076604281804
61,site_ODISHA_8598,61,2085,SAFProductionSite,site_ODISHA_8598,ODISHA,inv_11,91224.82736332744,78988.07201899696,12236.755344330479,0.0,0.0,1495.71,1.0,29337489.942108333,0,665.5,81879.09931081386,504.17011608971313,504.17011608971313
61,site_ASSAM_8835,61,2085,SAFProductionSite,site_ASSAM_8835,ASSAM,inv_50,88671.7656770788,86513.06578183874,2158.699895240061,0.0,0.0,1615.71,1.0,29173239.21359673,0,572.0,88466.48986500646,520.0,520.0
61,site_CHHATTISGARH_9911,61,2085,SAFProductionSite,site_CHHATTISGARH_9911,CHHATTISGARH,inv_15,91890.36292303116,81710.4961570035,10179.86676602767,0.0,0.0,1495.71,1.0,29034189.26046312,0,660.0,84478.01361384983,516.8082427610875,516.8082427610875
61,site_HARYANA_10533,61,2085,SAFProductionSite,site_HARYANA_10533,HARYANA,inv_12,90929.7509720755,80105.11069628305,10824.640275792452,0.0,0.0,1495.71,1.0,28578424.888894185,0,665.5,83819.23967823775,516.6186116574544,516.6186116574544
61,site_KERALA_11160,61,2085,SAFProductionSite,site_KERALA_11160,KERALA,inv_08,84024.14876340756,79556.79843815233,4467.350325255233,0.0,0.0,1615.71,1.0,26946479.20206727,0,577.5,82284.23384153483,525.0,525.0
61,site_BIHAR_11867,61,2085,SAFProductionSite,site_BIHAR_11867,BIHAR,inv_16,0.0,0.0,0.0,0.0,0.0,1525.71,1.0,-125000000.0,0,687.5,86975.8767962169,529.5823963585422,529.5823963585422
61,site_UTTAR_PRADESH_11884,61,2085,SAFProductionSite,site_UTTAR_PRADESH_11884,UTTAR_PRADESH,inv_22,0.0,0.0,0.0,0.0,0.0,1525.71,1.0,-125000000.0,0,693.0,81496.2443076199,525.7952930296552,525.7952930296552
62,site_BIHAR_001,62,2086,SAFProductionSite,site_BIHAR_001,BIHAR,inv_01,84349.23745392625,79479.58217370286,4869.655280223393,0.0,0.0,1525.71,1.0,32515066.967956692,0,687.5,83040.55512610561,425.0,425.0
62,site_PUNJAB_020,62,2086,SAFProductionSite,site_PUNJAB_020,PUNJAB,inv_02,0.0,0.0,0.0,77132.98115480402,23139894.346441206,1495.71,1.0,-23139894.346441206,0,660.0,80586.22760630686,400.0,400.0
62,site_CHHATTISGARH_353,62,2086,SAFProductionSite,site_CHHATTISGARH_353,CHHATTISGARH,inv_08,92264.11516428711,85092.5640587091,7171.551105578008,0.0,0.0,1495.71,1.0,39327842.52778429,0,660.0,88943.40587327202,400.0,400.0
62,site_HARYANA_561,62,2086,SAFProductionSite,site_HARYANA_561,HARYANA,inv_11,91570.58540943381,84457.5858254983,7112.999583935511,0.0,0.0,1495.71,1.0,38056775.19921334,0,665.5,86794.79299914683,405.0,405.0
62,site_ODISHA_660,62,2086,SAFProductionSite,site_ODISHA_660,ODISHA,inv_12,90186.52656863784,78730.70208471906,11455.824483918783,0.0,0.0,1495.71,1.0,36540834.996854365,0,665.5,82790.61680406357,405.0,405.0
62,site_MADHYA_PRADESH_985,62,2086,SAFProductionSite,site_MADHYA_PRADESH_985,MADHYA_PRADESH,inv_15,92244.8790360507,86378.85148481754,5866.027551233157,0.0,0.0,1525.71,1.0,38793266.697322264,0,473.00000000000006,89643.16634783796,430.0,430.0
62,site_UTTAR_PRADESH_1102,62,2086,SAFProductionSite,site_UTTAR_PRADESH_1102,UTTAR_PRADESH,inv_16,84017.2092715385,78611.30619955838,5405.9030719801085,0.0,0.0,1525.71,1.0,31586769.502466366,0,693.0,81352.07122253536,430.0,430.0
62,site_TELANGANA_1976,62,2086,SAFProductionSite,site_TELANGANA_1976,TELANGANA,inv_22,84428.11272676616,79519.74177050039,4908.370956265775,0.0,0.0,1525.71,1.0,34833106.89799099,0,478.50000000000006,0.0,435.0,435.0
62,site_KARNATAKA_2133,62,2086,SAFProductionSite,site_KARNATAKA_2133,KARNATAKA,inv_23,91380.7212111589,78711.57705021754,12669.14416094136,0.0,0.0,1540.71,1.0,36696245.32764527,0,489.50000000000006,81068.20775622556,445.0,445.0
62,site_GUJARAT_2323,62,2086,SAFProductionSite,site_GUJARAT_2323,GUJARAT,inv_24,90057.00503868004,77914.94189134393,12142.063147336114,0.0,0.0,1540.71,1.0,35735165.002503484,0,495.00000000000006,81791.23599805895,450.0,450.0
62,site_ANDHRA_PRADESH_3102,62,2086,SAFProductionSite,site_ANDHRA_PRADESH_3102,ANDHRA_PRADESH,inv_28,93331.22101931488,85432.07255236893,7899.148466945946,0.0,0.0,1540.71,1.0,37277400.17770894,0,495.00000000000006,87577.2346794002,450.0,450.0
62,site_WEST_BENGAL_3970,62,2086,SAFProductionSite,site_WEST_BENGAL_3970,WEST_BENGAL,inv_32,46062.81489885689,46062.81489885689,0.0,33256.571811629066,9976971.54348872,1540.71,1.0,8050194.966569191,0,500.50000000000006,81012.09935531624,455.0,455.0
62,site_MAHARASHTRA_4724,62,2086,SAFProductionSite,site_MAHARASHTRA_4724,MAHARASHTRA,inv_08,92037.2445826581,85038.7950479677,6998.4495346904005,0.0,0.0,1570.71,1.0,34979273.087803185,0,517.0,89480.06647619462,470.0,470.0
62,site_TAMIL_NADU_5371,62,2086,SAFProductionSite,site_TAMIL_NADU_5371,TAMIL_NADU,inv_38,91928.83491808991,79085.74782249187,12843.087095598035,0.0,0.0,1570.71,1.0,34110694.52866958,0,522.5,81169.35285207584,475.0,475.0
62,site_JHARKHAND_5884,62,2086,SAFProductionSite,site_JHARKHAND_5884,JHARKHAND,inv_40,91636.51033598161,83389.83295216174,8246.677383819871,0.0,0.0,1570.71,1.0,33767680.575636834,0,528.0,86449.84228604576,480.0,480.0
62,site_RAJASTHAN_6155,62,2086,SAFProductionSite,site_RAJASTHAN_6155,RAJASTHAN,inv_41,94271.62838435269,86608.83064663535,7662.797737717337,0.0,0.0,1570.71,1.0,34350266.087433025,0,533.5,88402.96940828537,485.0,485.0
62,site_PUNJAB_7292,62,2086,SAFProductionSite,site_PUNJAB_7292,PUNJAB,inv_45,85750.70557047696,81935.10119580317,3815.604374673785,0.0,0.0,1495.71,1.0,28624285.073337242,0,660.0,86006.65828641679,498.6076604281804,498.6076604281804
62,site_ODISHA_8598,62,2086,SAFProductionSite,site_ODISHA_8598,ODISHA,inv_11,91224.82736332744,79204.41991494005,12020.407448387385,0.0,0.0,1495.71,1.0,29337489.942108333,0,665.5,81879.09931081386,504.17011608971313,504.17011608971313
62,site_ASSAM_8835,62,2086,SAFProductionSite,site_ASSAM_8835,ASSAM,inv_50,89846.75736138762,86464.98604527576,3381.771316111859,0.0,0.0,1615.71,1.0,29559814.50302045,0,572.0,88466.48986500646,520.0,520.0
62,site_CHHATTISGARH_9911,62,2086,SAFProductionSite,site_CHHATTISGARH_9911,CHHATTISGARH,inv_15,92219.93415499467,82735.99385515944,9483.94029983523,0.0,0.0,1495.71,1.0,29138322.416751206,0,660.0,84478.01361384983,516.8082427610875,516.8082427610875
62,site_HARYANA_10533,62,2086,SAFProductionSite,site_HARYANA_10533,HARYANA,inv_12,90929.7509720755,80970.95352971621,9958.797442359297,0.0,0.0,1495.71,1.0,28578424.888894185,0,665.5,83819.23967823775,516.6186116574544,516.6186116574544
62,site_KERALA_11160,62,2086,SAFProductionSite,site_KERALA_11160,KERALA,inv_08,90424.50529937471,78581.50615273403,11842.99914664068,0.0,0.0,1615.71,1.0,28999068.5685824,0,577.5,82284.23384153483,525.0,525.0
62,site_BIHAR_11867,62,2086,SAFProductionSite,site_BIHAR_11867,BIHAR,inv_16,0.0,0.0,0.0,0.0,0.0,1525.71,1.0,-125000000.0,0,687.5,86975.8767962169,529.5823963585422,529.5823963585422
62,site_UTTAR_PRADESH_11884,62,2086,SAFProductionSite,site_UTTAR_PRADESH_11884,UTTAR_PRADESH,inv_22,0.0,0.0,0.0,0.0,0.0,1525.71,1.0,-125000000.0,0,693.0,81496.2443076199,525.7952930296552,525.7952930296552
63,site_BIHAR_001,63,2087,SAFProductionSite,site_BIHAR_001,BIHAR,inv_01,84349.23745392625,81045.48305663223,3303.7543972940184,0.0,0.0,1525.71,1.0,32515066.967956692,0,687.5,0.0,425.0,425.0
63,site_PUNJAB_020,63,2087,SAFProductionSite,site_PUNJAB_020,PUNJAB,inv_02,0.0,0.0,0.0,78627.9595318349,23588387.859550472,1495.71,1.0,-23588387.859550472,0,660.0,0.0,400.0,400.0
63,site_CHHATTISGARH_353,63,2087,SAFProductionSite,site_CHHATTISGARH_353,CHHATTISGARH,inv_08,92497.09005289224,85782.38036983201,6714.709683060224,0.0,0.0,1495.71,1.0,39427148.73925854,0,660.0,88943.40587327202,400.0,400.0
63,site_HARYANA_561,63,2087,SAFProductionSite,site_HARYANA_561,HARYANA,inv_11,92189.24033624765,83316.07850688018,8873.16182936747,0.0,0.0,1495.71,1.0,38313888.45638394,0,665.5,86794.79299914683,405.0,405.0
63,site_ODISHA_660,63,2087,SAFProductionSite,site_ODISHA_660,ODISHA,inv_12,90186.52656863784,80397.39703150073,9789.129537137109,0.0,0.0,1495.71,1.0,36540834.996854365,0,665.5,82790.61680406357,405.0,405.0
63,site_MADHYA_PRADESH_985,63,2087,SAFProductionSite,site_MADHYA_PRADESH_985,MADHYA_PRADESH,inv_15,93364.63749214378,86443.40691465957,6921.23057748421,0.0,0.0,1525.71,1.0,39264177.26577589,0,473.00000000000006,89643.16634783796,430.0,430.0
63,site_UTTAR_PRADESH_1102,63,2087,SAFProductionSite,site_UTTAR_PRADESH_1102,UTTAR_PRADESH,inv_16,84017.2092715385,79540.33313437438,4476.876137164116,0.0,0.0,1525.71,1.0,31586769.502466366,0,693.0,81352.07122253536,430.0,430.0
63,site_TELANGANA_1976,63,2087,SAFProductionSite,site_TELANGANA_1976,TELANGANA,inv_22,84428.11272676616,79851.86481496591,4576.247911800252,0.0,0.0,1525.71,1.0,34833106.89799099,0,478.50000000000006,82935.88904447402,435.0,435.0
63,site_KARNATAKA_2133,63,2087,SAFProductionSite,site_KARNATAKA_2133,KARNATAKA,inv_23,0.0,0.0,0.0,78076.11336039775,23422834.008119326,1540.71,1.0,-23422834.008119326,0,489.50000000000006,0.0,445.0,445.0
63,site_GUJARAT_2323,63,2087,SAFProductionSite,site_GUJARAT_2323,GUJARAT,inv_24,90057.00503868004,78613.39167896469,11443.613359715353,0.0,0.0,1540.71,1.0,35735165.002503484,0,495.00000000000006,81791.23599805895,450.0,450.0
63,site_ANDHRA_PRADESH_3102,63,2087,SAFProductionSite,site_ANDHRA_PRADESH_3102,ANDHRA_PRADESH,inv_28,91663.80899292251,83384.2167875917,8279.592205330817,0.0,0.0,1540.71,1.0,36611419.54775351,0,495.00000000000006,87577.2346794002,450.0,450.0
63,site_WEST_BENGAL_3970,63,2087,SAFProductionSite,site_WEST_BENGAL_3970,WEST_BENGAL,inv_32,0.0,0.0,0.0,77633.30573541237,23289991.720623713,1540.71,1.0,-23289991.720623713,0,500.50000000000006,81012.09935531624,455.0,455.0
63,site_MAHARASHTRA_4724,63,2087,SAFProductionSite,site_MAHARASHTRA_4724,MAHARASHTRA,inv_08,92037.2445826581,85337.00994487725,6700.234637780843,0.0,0.0,1570.71,1.0,34979273.087803185,0,517.0,89480.06647619462,470.0,470.0
63,site_TAMIL_NADU_5371,63,2087,SAFProductionSite,site_TAMIL_NADU_5371,TAMIL_NADU,inv_38,89805.35565881986,77258.93314182549,12546.422516994367,0.0,0.0,1570.71,1.0,33322765.99225913,0,522.5,81169.35285207584,475.0,475.0
63,site_JHARKHAND_5884,63,2087,SAFProductionSite,site_JHARKHAND_5884,JHARKHAND,inv_40,92192.51685661286,83077.42193097841,9115.094925634447,0.0,0.0,1570.71,1.0,33972566.712372154,0,528.0,86449.84228604576,480.0,480.0
63,site_RAJASTHAN_6155,63,2087,SAFProductionSite,site_RAJASTHAN_6155,RAJASTHAN,inv_41,91804.69791571634,84083.43346422249,7721.264451493858,0.0,0.0,1570.71,1.0,33451377.21207209,0,533.5,88402.96940828537,485.0,485.0
63,site_PUNJAB_7292,63,2087,SAFProductionSite,site_PUNJAB_7292,PUNJAB,inv_45,85934.37017874065,82547.61771554247,3386.7524631981796,0.0,0.0,1495.71,1.0,28685593.817910805,0,660.0,86006.65828641679,498.6076604281804,498.6076604281804
63,site_ODISHA_8598,63,2087,SAFProductionSite,site_ODISHA_8598,ODISHA,inv_11,91474.69166502962,80088.0403185696,11386.651346460014,0.0,0.0,1495.71,1.0,29417845.166118607,0,665.5,81879.09931081386,504.17011608971313,504.17011608971313
63,site_ASSAM_8835,63,2087,SAFProductionSite,site_ASSAM_8835,ASSAM,inv_50,89846.75736138762,86608.32768480206,3238.4296765855543,0.0,0.0,1615.71,1.0,29559814.50302045,0,572.0,88466.48986500646,520.0,520.0
63,site_CHHATTISGARH_9911,63,2087,SAFProductionSite,site_CHHATTISGARH_9911,CHHATTISGARH,inv_15,90937.86885588054,80574.53577429248,10363.333081588062,0.0,0.0,1495.71,1.0,28733233.94659321,0,660.0,84478.01361384983,516.8082427610875,516.8082427610875
63,site_HARYANA_10533,63,2087,SAFProductionSite,site_HARYANA_10533,HARYANA,inv_12,90701.74433523283,79904.24687901186,10797.497456220968,0.0,0.0,1495.71,1.0,28506764.398509935,0,665.5,83819.23967823775,516.6186116574544,516.6186116574544
63,site_KERALA_11160,63,2087,SAFProductionSite,site_KERALA_11160,KERALA,inv_08,90333.98892885871,78502.8448130554,11831.144115803312,0.0,0.0,1615.71,1.0,28970040.03891024,0,577.5,82284.23384153483,525.0,525.0
63,site_BIHAR_11867,63,2087,SAFProductionSite,site_BIHAR_11867,BIHAR,inv_16,86392.30573873487,82678.13710845124,3714.1686302836315,0.0,0.0,1525.71,1.0,26336713.443825737,0,687.5,86975.8767962169,529.5823963585422,529.5823963585422
63,site_UTTAR_PRADESH_11884,63,2087,SAFProductionSite,site_UTTAR_PRADESH_11884,UTTAR_PRADESH,inv_22,83413.86592577385,78094.4526737335,5319.413252040351,0.0,0.0,1525.71,1.0,24879483.13903226,0,693.0,81496.2443076199,525.7952930296552,525.7952930296552
64,site_BIHAR_001,64,2088,SAFProductionSite,site_BIHAR_001,BIHAR,inv_01,85463.1475058705,80529.18390313136,4933.963602739139,0.0,0.0,1525.71,1.0,32944458.6379766,0,687.5,83040.55512610561,425.0,425.0
64,site_PUNJAB_020,64,2088,SAFProductionSite,site_PUNJAB_020,PUNJAB,inv_02,0.0,0.0,0.0,78650.61953845804,23595185.86153741,1495.71,1.0,-23595185.86153741,0,660.0,80586.22760630686,400.0,400.0
64,site_CHHATTISGARH_353,64,2088,SAFProductionSite,site_CHHATTISGARH_353,CHHATTISGARH,inv_08,92193.18658876205,84812.98850693365,7380.198081828406,0.0,0.0,1495.71,1.0,39297609.01994647,0,660.0,88943.40587327202,400.0,400.0
64,site_HARYANA_561,64,2088,SAFProductionSite,site_HARYANA_561,HARYANA,inv_11,92189.24033624765,83503.79906304569,8685.441273201955,0.0,0.0,1495.71,1.0,38313888.45638394,0,665.5,86794.79299914683,405.0,405.0
64,site_ODISHA_660,64,2088,SAFProductionSite,site_ODISHA_660,ODISHA,inv_12,90726.36537843154,79201.96858232933,11524.396796102214,0.0,0.0,1495.71,1.0,36759561.2481482,0,665.5,82790.61680406357,405.0,405.0
64,site_MADHYA_PRADESH_985,64,2088,SAFProductionSite,site_MADHYA_PRADESH_985,MADHYA_PRADESH,inv_15,92061.08875121278,85172.837665018,6888.251086194781,0.0,0.0,1525.71,1.0,38715974.32499115,0,473.00000000000006,89643.16634783796,430.0,430.0
64,site_UTTAR_PRADESH_1102,64,2088,SAFProductionSite,site_UTTAR_PRADESH_1102,UTTAR_PRADESH,inv_16,83122.54541199419,77774.20752396429,5348.337888029899,0.0,0.0,1525.71,1.0,31250415.303622663,0,693.0,81352.07122253536,430.0,430.0
64,site_TELANGANA_1976,64,2088,SAFProductionSite,site_TELANGANA_1976,TELANGANA,inv_22,84780.73612836396,80058.1502253921,4722.585902971856,0.0,0.0,1525.71,1.0,34978591.24255215,0,478.50000000000006,82935.88904447402,435.0,435.0
64,site_KARNATAKA_2133,64,2088,SAFProductionSite,site_KARNATAKA_2133,KARNATAKA,inv_23,36693.59298776857,36693.59298776857,0.0,41852.61200127071,12555783.600381212,1540.71,1.0,2179458.9363945853,0,489.50000000000006,81068.20775622556,445.0,445.0
64,site_GUJARAT_2323,64,2088,SAFProductionSite,site_GUJARAT_2323,GUJARAT,inv_24,90055.4291110775,77913.57844041055,12141.850670666943,0.0,0.0,1540.71,1.0,35734539.66488668,0,495.00000000000006,0.0,450.0,450.0
64,site_ANDHRA_PRADESH_3102,64,2088,SAFProductionSite,site_ANDHRA_PRADESH_3102,ANDHRA_PRADESH,inv_28,91663.80899292251,83866.31383965653,7797.495153265976,0.0,0.0,1540.71,1.0,36611419.54775351,0,495.00000000000006,87577.2346794002,450.0,450.0
64,site_WEST_BENGAL_3970,64,2088,SAFProductionSite,site_WEST_BENGAL_3970,WEST_BENGAL,inv_32,0.0,0.0,0.0,79061.9174508826,23718575.235264778,1540.71,1.0,-23718575.235264778,0,500.50000000000006,81012.09935531624,455.0,455.0
64,site_MAHARASHTRA_4724,64,2088,SAFProductionSite,site_MAHARASHTRA_4724,MAHARASHTRA,inv_08,92360.00171238431,86739.42683951177,5620.574872872545,0.0,0.0,1570.71,1.0,35101938.75247975,0,517.0,89480.06647619462,470.0,470.0
64,site_TAMIL_NADU_5371,64,2088,SAFProductionSite,site_TAMIL_NADU_5371,TAMIL_NADU,inv_38,89805.35565881986,79143.93609121045,10661.41956760941,0.0,0.0,1570.71,1.0,33322765.99225913,0,522.5,81169.35285207584,475.0,475.0
64,site_JHARKHAND_5884,64,2088,SAFProductionSite,site_JHARKHAND_5884,JHARKHAND,inv_40,92192.51685661286,83810.0317374424,8382.485119170451,0.0,0.0,1570.71,1.0,33972566.712372154,0,528.0,86449.84228604576,480.0,480.0
64,site_RAJASTHAN_6155,64,2088,SAFProductionSite,site_RAJASTHAN_6155,RAJASTHAN,inv_41,91804.69791571634,85540.44498637012,6264.2529293462285,0.0,0.0,1570.71,1.0,33451377.21207209,0,533.5,88402.96940828537,485.0,485.0
64,site_PUNJAB_7292,64,2088,SAFProductionSite,site_PUNJAB_7292,PUNJAB,inv_45,85802.41048047839,81809.28272284065,3993.1277576377324,0.0,0.0,1495.71,1.0,28641544.594104156,0,660.0,0.0,498.6076604281804,498.6076604281804
64,site_ODISHA_8598,64,2088,SAFProductionSite,site_ODISHA_8598,ODISHA,inv_11,90807.25822169233,78626.51494746619,12180.743274226144,0.0,0.0,1495.71,1.0,29203201.603649065,0,665.5,81879.09931081386,504.17011608971313,504.17011608971313
64,site_ASSAM_8835,64,2088,SAFProductionSite,site_ASSAM_8835,ASSAM,inv_50,89978.94038188733,86592.19378608446,3386.7465958028624,0.0,0.0,1615.71,1.0,29603303.057100415,0,572.0,88466.48986500646,520.0,520.0
64,site_CHHATTISGARH_9911,64,2088,SAFProductionSite,site_CHHATTISGARH_9911,CHHATTISGARH,inv_15,90937.86885588054,81347.17462969883,9590.694226181717,0.0,0.0,1495.71,1.0,28733233.94659321,0,660.0,84478.01361384983,516.8082427610875,516.8082427610875
64,site_HARYANA_10533,64,2088,SAFProductionSite,site_HARYANA_10533,HARYANA,inv_12,90701.74433523283,80187.19148090633,10514.552854326495,0.0,0.0,1495.71,1.0,28506764.398509935,0,665.5,83819.23967823775,516.6186116574544,516.6186116574544
64,site_KERALA_11160,64,2088,SAFProductionSite,site_KERALA_11160,KERALA,inv_08,90333.98892885871,78969.88523498944,11364.10369386927,0.0,0.0,1615.71,1.0,28970040.03891024,0,577.5,82284.23384153483,525.0,525.0
64,site_BIHAR_11867,64,2088,SAFProductionSite,site_BIHAR_11867,BIHAR,inv_16,86392.30573873487,83849.51432125035,2542.791417484521,0.0,0.0,1525.71,1.0,26336713.443825737,0,687.5,86975.8767962169,529.5823963585422,529.5823963585422
64,site_UTTAR_PRADESH_11884,64,2088,SAFProductionSite,site_UTTAR_PRADESH_11884,UTTAR_PRADESH,inv_22,83413.86592577385,78446.37191618145,4967.494009592396,0.0,0.0,1525.71,1.0,24879483.13903226,0,693.0,81496.2443076199,525.7952930296552,525.7952930296552
65,site_BIHAR_001,65,2089,SAFProductionSite,site_BIHAR_001,BIHAR,inv_01,84282.52468239509,79416.72086793417,4865.803814460916,0.0,0.0,1525.71,1.0,32489350.431572616,0,687.5,83040.55512610561,425.0,425.0
65,site_PUNJAB_020,65,2089,SAFProductionSite,site_PUNJAB_020,PUNJAB,inv_02,0.0,0.0,0.0,77075.8123235322,23122743.69705966,1495.71,1.0,-23122743.69705966,0,660.0,80586.22760630686,400.0,400.0
65,site_CHHATTISGARH_353,65,2089,SAFProductionSite,site_CHHATTISGARH_353,CHHATTISGARH,inv_08,92193.18658876205,86339.5388195492,5853.647769212854,0.0,0.0,1495.71,1.0,39297609.01994647,0,660.0,88943.40587327202,400.0,400.0
65,site_HARYANA_561,65,2089,SAFProductionSite,site_HARYANA_561,HARYANA,inv_11,92396.953130447,83629.65052962519,8767.302600821815,0.0,0.0,1495.71,1.0,38400213.98416671,0,665.5,86794.79299914683,405.0,405.0
65,site_ODISHA_660,65,2089,SAFProductionSite,site_ODISHA_660,ODISHA,inv_12,90726.36537843154,80891.0957406449,9835.269637786638,0.0,0.0,1495.71,1.0,36759561.2481482,0,665.5,82790.61680406357,405.0,405.0
65,site_MADHYA_PRADESH_985,65,2089,SAFProductionSite,site_MADHYA_PRADESH_985,MADHYA_PRADESH,inv_15,92061.08875121278,85318.05274309093,6743.036008121853,0.0,0.0,1525.71,1.0,38715974.32499115,0,473.00000000000006,89643.16634783796,430.0,430.0
65,site_UTTAR_PRADESH_1102,65,2089,SAFProductionSite,site_UTTAR_PRADESH_1102,UTTAR_PRADESH,inv_16,83122.54541199419,79435.55642275649,3686.988989237696,0.0,0.0,1525.71,1.0,31250415.303622663,0,693.0,81352.07122253536,430.0,430.0
65,site_TELANGANA_1976,65,2089,SAFProductionSite,site_TELANGANA_1976,TELANGANA,inv_22,84551.06227601542,79635.54344000758,4915.518836007846,0.0,0.0,1525.71,1.0,34883833.0679093,0,478.50000000000006,82935.88904447402,435.0,435.0
65,site_KARNATAKA_2133,65,2089,SAFProductionSite,site_KARNATAKA_2133,KARNATAKA,inv_23,67213.54235057184,67213.54235057184,0.0,11460.012454063384,3438003.7362190154,1540.71,1.0,23553298.222727064,0,489.50000000000006,81068.20775622556,445.0,445.0
65,site_GUJARAT_2323,65,2089,SAFProductionSite,site_GUJARAT_2323,GUJARAT,inv_24,90055.4291110775,79003.4471386435,11051.98197243399,0.0,0.0,1540.71,1.0,35734539.66488668,0,495.00000000000006,81791.23599805895,450.0,450.0
65,site_ANDHRA_PRADESH_3102,65,2089,SAFProductionSite,site_ANDHRA_PRADESH_3102,ANDHRA_PRADESH,inv_28,91464.19893797126,83202.63663858957,8261.562299381694,0.0,0.0,1540.71,1.0,36531693.34448898,0,495.00000000000006,87577.2346794002,450.0,450.0
65,site_WEST_BENGAL_3970,65,2089,SAFProductionSite,site_WEST_BENGAL_3970,WEST_BENGAL,inv_32,0.0,0.0,0.0,78704.46530746242,23611339.592238728,1540.71,1.0,-23611339.592238728,0,500.50000000000006,81012.09935531624,455.0,455.0
65,site_MAHARASHTRA_4724,65,2089,SAFProductionSite,site_MAHARASHTRA_4724,MAHARASHTRA,inv_08,92580.42338315476,85540.67090158859,7039.7524815661745,0.0,0.0,1570.71,1.0,35185711.24970421,0,517.0,89480.06647619462,470.0,470.0
65,site_TAMIL_NADU_5371,65,2089,SAFProductionSite,site_TAMIL_NADU_5371,TAMIL_NADU,inv_38,90519.78257268676,77873.5497286453,12646.232844041457,0.0,0.0,1570.71,1.0,33587857.98699276,0,522.5,81169.35285207584,475.0,475.0
65,site_JHARKHAND_5884,65,2089,SAFProductionSite,site_JHARKHAND_5884,JHARKHAND,inv_40,93005.50720178589,84120.76659246402,8884.740609321874,0.0,0.0,1570.71,1.0,34272150.34106149,0,528.0,86449.84228604576,480.0,480.0
65,site_RAJASTHAN_6155,65,2089,SAFProductionSite,site_RAJASTHAN_6155,RAJASTHAN,inv_41,92774.53533406982,84971.70238606028,7802.832948009542,0.0,0.0,1570.71,1.0,33804762.1482712,0,533.5,88402.96940828537,485.0,485.0
65,site_PUNJAB_7292,65,2089,SAFProductionSite,site_PUNJAB_7292,PUNJAB,inv_45,85802.41048047839,83740.24715657659,2062.1633239017974,0.0,0.0,1495.71,1.0,28641544.594104156,0,660.0,86006.65828641679,498.6076604281804,498.6076604281804
65,site_ODISHA_8598,65,2089,SAFProductionSite,site_ODISHA_8598,ODISHA,inv_11,90165.14422876293,78070.53311901164,12094.611109751291,0.0,0.0,1495.71,1.0,28996700.6613757,0,665.5,81879.09931081386,504.17011608971313,504.17011608971313
65,site_ASSAM_8835,65,2089,SAFProductionSite,site_ASSAM_8835,ASSAM,inv_50,87791.15069698865,84486.75102854698,3304.399668441678,0.0,0.0,1615.71,1.0,28883514.617801443,0,572.0,88466.48986500646,520.0,520.0
65,site_CHHATTISGARH_9911,65,2089,SAFProductionSite,site_CHHATTISGARH_9911,CHHATTISGARH,inv_15,91809.88295103735,82699.36327239893,9110.519678638419,0.0,0.0,1495.71,1.0,29008760.361673117,0,660.0,84478.01361384983,516.8082427610875,516.8082427610875
65,site_HARYANA_10533,65,2089,SAFProductionSite,site_HARYANA_10533,HARYANA,inv_12,90751.10884597417,79947.73484147883,10803.374004495345,0.0,0.0,1495.71,1.0,28522279.232184455,0,665.5,83819.23967823775,516.6186116574544,516.6186116574544
65,site_KERALA_11160,65,2089,SAFProductionSite,site_KERALA_11160,KERALA,inv_08,90871.41689602078,79475.1236776822,11396.293218338571,0.0,0.0,1615.71,1.0,29142392.77027224,0,577.5,82284.23384153483,525.0,525.0
65,site_BIHAR_11867,65,2089,SAFProductionSite,site_BIHAR_11867,BIHAR,inv_16,86496.07920878523,82777.44916074199,3718.63004804324,0.0,0.0,1525.71,1.0,26368348.809040472,0,687.5,86975.8767962169,529.5823963585422,529.5823963585422
65,site_UTTAR_PRADESH_11884,65,2089,SAFProductionSite,site_UTTAR_PRADESH_11884,UTTAR_PRADESH,inv_22,83789.7561907187,78485.05648425722,5304.699706461484,0.0,0.0,1525.71,1.0,24991598.25808382,0,693.0,81496.2443076199,525.7952930296552,525.7952930296552
66,site_BIHAR_001,66,2090,SAFProductionSite,site_BIHAR_001,BIHAR,inv_01,83758.01341543211,78922.49071717095,4835.522698261164,0.0,0.0,1525.71,1.0,32287161.064062744,0,687.5,83040.55512610561,425.0,425.0
66,site_PUNJAB_020,66,2090,SAFProductionSite,site_PUNJAB_020,PUNJAB,inv_02,0.0,0.0,0.0,78784.65544228353,23635396.63268506,1495.71,1.0,-23635396.63268506,0,660.0,80586.22760630686,400.0,400.0
66,site_CHHATTISGARH_353,66,2090,SAFProductionSite,site_CHHATTISGARH_353,CHHATTISGARH,inv_08,91953.50677731911,84592.49541145221,7361.0113658669,0.0,0.0,1495.71,1.0,39195444.8159682,0,660.0,88943.40587327202,400.0,400.0
66,site_HARYANA_561,66,2090,SAFProductionSite,site_HARYANA_561,HARYANA,inv_11,91405.91575041466,82608.148465895,8797.76728451965,0.0,0.0,1495.71,1.0,37988338.41716808,0,665.5,86794.79299914683,405.0,405.0
66,site_ODISHA_660,66,2090,SAFProductionSite,site_ODISHA_660,ODISHA,inv_12,90516.61008194998,79018.8571754895,11497.75290646049,0.0,0.0,1495.71,1.0,36674574.787641644,0,665.5,82790.61680406357,405.0,405.0
66,site_MADHYA_PRADESH_985,66,2090,SAFProductionSite,site_MADHYA_PRADESH_985,MADHYA_PRADESH,inv_15,92218.04792454766,87662.90908058474,4555.138843962923,0.0,0.0,1525.71,1.0,38781982.965637654,0,473.00000000000006,89643.16634783796,430.0,430.0
66,site_UTTAR_PRADESH_1102,66,2090,SAFProductionSite,site_UTTAR_PRADESH_1102,UTTAR_PRADESH,inv_16,83754.44707174222,78365.4508572428,5388.996214499421,0.0,0.0,1525.71,1.0,31487982.490723327,0,693.0,81352.07122253536,430.0,430.0
66,site_TELANGANA_1976,66,2090,SAFProductionSite,site_TELANGANA_1976,TELANGANA,inv_22,84551.06227601542,79774.72905243702,4776.333223578404,0.0,0.0,1525.71,1.0,34883833.0679093,0,478.50000000000006,82935.88904447402,435.0,435.0
66,site_KARNATAKA_2133,66,2090,SAFProductionSite,site_KARNATAKA_2133,KARNATAKA,inv_23,82707.12105865151,77292.13064519512,5414.990413456384,0.0,0.0,1540.71,1.0,33213141.289378524,0,489.50000000000006,81068.20775622556,445.0,445.0
66,site_GUJARAT_2323,66,2090,SAFProductionSite,site_GUJARAT_2323,GUJARAT,inv_24,91315.14013011592,79783.80938011513,11531.330750000794,0.0,0.0,1540.71,1.0,36234400.626301885,0,495.00000000000006,81791.23599805895,450.0,450.0
66,site_ANDHRA_PRADESH_3102,66,2090,SAFProductionSite,site_ANDHRA_PRADESH_3102,ANDHRA_PRADESH,inv_28,91464.19893797126,83350.24230530707,8113.956632664194,0.0,0.0,1540.71,1.0,36531693.34448898,0,495.00000000000006,87577.2346794002,450.0,450.0
66,site_WEST_BENGAL_3970,66,2090,SAFProductionSite,site_WEST_BENGAL_3970,WEST_BENGAL,inv_32,12759.458399082316,12759.458399082316,0.0,64464.90269314563,19339470.80794369,1540.71,1.0,-14345922.722715363,0,500.50000000000006,81012.09935531624,455.0,455.0
66,site_MAHARASHTRA_4724,66,2090,SAFProductionSite,site_MAHARASHTRA_4724,MAHARASHTRA,inv_08,92580.42338315476,86660.09280511754,5920.3305780372175,0.0,0.0,1570.71,1.0,35185711.24970421,0,517.0,89480.06647619462,470.0,470.0
66,site_TAMIL_NADU_5371,66,2090,SAFProductionSite,site_TAMIL_NADU_5371,TAMIL_NADU,inv_38,90066.14098941635,77483.28497778355,12582.8560116328,0.0,0.0,1570.71,1.0,33419531.80852844,0,522.5,81169.35285207584,475.0,475.0
66,site_JHARKHAND_5884,66,2090,SAFProductionSite,site_JHARKHAND_5884,JHARKHAND,inv_40,93350.33528736753,84185.68203782965,9164.653249537878,0.0,0.0,1570.71,1.0,34399218.08518155,0,528.0,86449.84228604576,480.0,480.0
66,site_RAJASTHAN_6155,66,2090,SAFProductionSite,site_RAJASTHAN_6155,RAJASTHAN,inv_41,91910.26143932773,84180.11853280118,7730.142906526555,0.0,0.0,1570.71,1.0,33489841.967453152,0,533.5,88402.96940828537,485.0,485.0
66,site_PUNJAB_7292,66,2090,SAFProductionSite,site_PUNJAB_7292,PUNJAB,inv_45,85833.37017013373,81838.80159054893,3994.5685795847967,0.0,0.0,1495.71,1.0,28651879.191080153,0,660.0,86006.65828641679,498.6076604281804,498.6076604281804
66,site_ODISHA_8598,66,2090,SAFProductionSite,site_ODISHA_8598,ODISHA,inv_11,90165.14422876293,79031.30699308042,11133.837235682513,0.0,0.0,1495.71,1.0,28996700.6613757,0,665.5,81879.09931081386,504.17011608971313,504.17011608971313
66,site_ASSAM_8835,66,2090,SAFProductionSite,site_ASSAM_8835,ASSAM,inv_50,87791.15069698865,85834.25759404086,1956.8931029477972,0.0,0.0,1615.71,1.0,28883514.617801443,0,572.0,88466.48986500646,520.0,520.0
66,site_CHHATTISGARH_9911,66,2090,SAFProductionSite,site_CHHATTISGARH_9911,CHHATTISGARH,inv_15,92368.41885686801,81842.05945481939,10526.35940204862,0.0,0.0,1495.71,1.0,29185238.467568025,0,660.0,84478.01361384983,516.8082427610875,516.8082427610875
66,site_HARYANA_10533,66,2090,SAFProductionSite,site_HARYANA_10533,HARYANA,inv_12,90727.46424471212,79926.90498786965,10800.559256842462,0.0,0.0,1495.71,1.0,28514847.940951705,0,665.5,83819.23967823775,516.6186116574544,516.6186116574544
66,site_KERALA_11160,66,2090,SAFProductionSite,site_KERALA_11160,KERALA,inv_08,90210.98661455186,78395.95225017653,11815.03436437533,0.0,0.0,1615.71,1.0,28930593.292313516,0,577.5,82284.23384153483,525.0,525.0
66,site_BIHAR_11867,66,2090,SAFProductionSite,site_BIHAR_11867,BIHAR,inv_16,86496.07920878523,85030.42140411829,1465.6578046669456,0.0,0.0,1525.71,1.0,26368348.809040472,0,687.5,86975.8767962169,529.5823963585422,529.5823963585422
66,site_UTTAR_PRADESH_11884,66,2090,SAFProductionSite,site_UTTAR_PRADESH_11884,UTTAR_PRADESH,inv_22,83831.07576290843,79452.40670981666,4378.6690530917695,0.0,0.0,1525.71,1.0,25003922.46327679,0,693.0,81496.2443076199,525.7952930296552,525.7952930296552
67,site_BIHAR_001,67,2091,SAFProductionSite,site_BIHAR_001,BIHAR,inv_01,83758.01341543211,80369.662660628,3388.350754804109,0.0,0.0,1525.71,1.0,33962321.332371384,0,687.5,83040.55512610561,425.0,425.0
67,site_PUNJAB_020,67,2091,SAFProductionSite,site_PUNJAB_020,PUNJAB,inv_02,0.0,0.0,0.0,78961.77457638914,23688532.372916743,1495.71,1.0,-23688532.372916743,0,660.0,80586.22760630686,400.0,400.0
67,site_CHHATTISGARH_353,67,2091,SAFProductionSite,site_CHHATTISGARH_353,CHHATTISGARH,inv_08,91953.50677731911,86539.94503237621,5413.561744942897,0.0,0.0,1495.71,1.0,41034514.95151459,0,660.0,88943.40587327202,400.0,400.0
67,site_HARYANA_561,67,2091,SAFProductionSite,site_HARYANA_561,HARYANA,inv_11,91405.91575041466,82804.93486319737,8600.980887217287,0.0,0.0,1495.71,1.0,39816456.73217636,0,665.5,86794.79299914683,405.0,405.0
67,site_ODISHA_660,67,2091,SAFProductionSite,site_ODISHA_660,ODISHA,inv_12,90516.61008194998,80468.25761491357,10048.352467036413,0.0,0.0,1495.71,1.0,38484906.98928067,0,665.5,82790.61680406357,405.0,405.0
67,site_MADHYA_PRADESH_985,67,2091,SAFProductionSite,site_MADHYA_PRADESH_985,MADHYA_PRADESH,inv_15,94752.54170581477,87808.94711002117,6943.594595793606,0.0,0.0,1525.71,1.0,41742906.444683924,0,473.00000000000006,89643.16634783796,430.0,430.0
67,site_UTTAR_PRADESH_1102,67,2091,SAFProductionSite,site_UTTAR_PRADESH_1102,UTTAR_PRADESH,inv_16,83754.44707174222,78511.00019729411,5243.446874448113,0.0,0.0,1525.71,1.0,33163071.432158187,0,693.0,81352.07122253536,430.0,430.0
67,site_TELANGANA_1976,67,2091,SAFProductionSite,site_TELANGANA_1976,TELANGANA,inv_22,84698.83914644405,81274.66183373153,3424.17731271252,0.0,0.0,1525.71,1.0,36638779.205220744,0,478.50000000000006,82935.88904447402,435.0,435.0
67,site_KARNATAKA_2133,67,2091,SAFProductionSite,site_KARNATAKA_2133,KARNATAKA,inv_23,89927.10827659335,78186.3044580882,11740.803818505156,0.0,0.0,1540.71,1.0,37911052.366650864,0,489.50000000000006,81068.20775622556,445.0,445.0
67,site_GUJARAT_2323,67,2091,SAFProductionSite,site_GUJARAT_2323,GUJARAT,inv_24,92140.94441742511,79717.91119429006,12423.033223135048,0.0,0.0,1540.71,1.0,38404903.657089874,0,495.00000000000006,81791.23599805895,450.0,450.0
67,site_ANDHRA_PRADESH_3102,67,2091,SAFProductionSite,site_ANDHRA_PRADESH_3102,ANDHRA_PRADESH,inv_28,91626.46103218428,84518.90895372837,7107.552078455905,0.0,0.0,1540.71,1.0,38429031.62852636,0,495.00000000000006,87577.2346794002,450.0,450.0
67,site_WEST_BENGAL_3970,67,2091,SAFProductionSite,site_WEST_BENGAL_3970,WEST_BENGAL,inv_32,39677.758921448156,39677.758921448156,0.0,37324.07800566133,11197223.4016984,1540.71,1.0,5124639.553696934,0,500.50000000000006,81012.09935531624,455.0,455.0
67,site_MAHARASHTRA_4724,67,2091,SAFProductionSite,site_MAHARASHTRA_4724,MAHARASHTRA,inv_08,93791.97050665485,87284.03753039098,6507.932976263866,0.0,0.0,1570.71,1.0,37522005.966640756,0,517.0,89480.06647619462,470.0,470.0
67,site_TAMIL_NADU_5371,67,2091,SAFProductionSite,site_TAMIL_NADU_5371,TAMIL_NADU,inv_38,90066.14098941635,79226.82548790971,10839.315501506644,0.0,0.0,1570.71,1.0,35220854.628316775,0,522.5,81169.35285207584,475.0,475.0
67,site_JHARKHAND_5884,67,2091,SAFProductionSite,site_JHARKHAND_5884,JHARKHAND,inv_40,92537.7531688297,83388.52465117577,9149.22851765393,0.0,0.0,1570.71,1.0,35950539.949720085,0,528.0,86449.84228604576,480.0,480.0
67,site_RAJASTHAN_6155,67,2091,SAFProductionSite,site_RAJASTHAN_6155,RAJASTHAN,inv_41,91910.26143932773,86217.67035079426,5692.591088533474,0.0,0.0,1570.71,1.0,35328047.19623971,0,533.5,88402.96940828537,485.0,485.0
67,site_PUNJAB_7292,67,2091,SAFProductionSite,site_PUNJAB_7292,PUNJAB,inv_45,85833.37017013373,83886.911380414,1946.4587897197198,0.0,0.0,1495.71,1.0,30368546.59448281,0,660.0,86006.65828641679,498.6076604281804,498.6076604281804
67,site_ODISHA_8598,67,2091,SAFProductionSite,site_ODISHA_8598,ODISHA,inv_11,91274.76025757346,80149.21541244898,11125.544845124488,0.0,0.0,1495.71,1.0,31179043.339147493,0,665.5,81879.09931081386,504.17011608971313,504.17011608971313
67,site_ASSAM_8835,67,2091,SAFProductionSite,site_ASSAM_8835,ASSAM,inv_50,88952.05953009686,85603.964036589,3348.0954935078626,0.0,0.0,1615.71,1.0,31044497.803522572,0,572.0,88466.48986500646,520.0,520.0
67,site_CHHATTISGARH_9911,67,2091,SAFProductionSite,site_CHHATTISGARH_9911,CHHATTISGARH,inv_15,91281.58604780532,80879.08275263518,10402.503295170143,0.0,0.0,1495.71,1.0,30667468.459887594,0,660.0,84478.01361384983,516.8082427610875,516.8082427610875
67,site_HARYANA_10533,67,2091,SAFProductionSite,site_HARYANA_10533,HARYANA,inv_12,90727.46424471212,80840.3990158882,9887.065228823922,0.0,0.0,1495.71,1.0,30329397.225845963,0,665.5,83819.23967823775,516.6186116574544,516.6186116574544
67,site_KERALA_11160,67,2091,SAFProductionSite,site_KERALA_11160,KERALA,inv_08,90210.98661455186,78888.73042233435,11322.256192217508,0.0,0.0,1615.71,1.0,30734813.02460453,0,577.5,82284.23384153483,525.0,525.0
67,site_BIHAR_11867,67,2091,SAFProductionSite,site_BIHAR_11867,BIHAR,inv_16,88076.67989743181,84290.09683615925,3786.583061272555,0.0,0.0,1525.71,1.0,28611728.8752601,0,687.5,86975.8767962169,529.5823963585422,529.5823963585422
67,site_UTTAR_PRADESH_11884,67,2091,SAFProductionSite,site_UTTAR_PRADESH_11884,UTTAR_PRADESH,inv_22,84523.38546030548,79133.21667080284,5390.168789502641,0.0,0.0,1525.71,1.0,26900882.309637934,0,693.0,81496.2443076199,525.7952930296552,525.7952930296552
68,site_BIHAR_001,68,2092,SAFProductionSite,site_BIHAR_001,BIHAR,inv_01,85293.85251469334,81121.4335830216,4172.418931671738,0.0,0.0,1525.71,1.0,34585075.608373836,0,687.5,83040.55512610561,425.0,425.0
68,site_PUNJAB_020,68,2092,SAFProductionSite,site_PUNJAB_020,PUNJAB,inv_02,0.0,0.0,0.0,77220.87096030617,23166261.288091853,1495.71,1.0,-23166261.288091853,0,660.0,80586.22760630686,400.0,400.0
68,site_CHHATTISGARH_353,68,2092,SAFProductionSite,site_CHHATTISGARH_353,CHHATTISGARH,inv_08,91878.38036316629,84523.38297553509,7354.9973876312,0.0,0.0,1495.71,1.0,41000989.57469265,0,660.0,88943.40587327202,400.0,400.0
68,site_HARYANA_561,68,2092,SAFProductionSite,site_HARYANA_561,HARYANA,inv_11,91623.65989777408,84346.80641797232,7276.8534798017645,0.0,0.0,1495.71,1.0,39911306.17765093,0,665.5,86794.79299914683,405.0,405.0
68,site_ODISHA_660,68,2092,SAFProductionSite,site_ODISHA_660,ODISHA,inv_12,92176.90762506165,80619.92529302559,11556.98233203606,0.0,0.0,1495.71,1.0,39190814.95979938,0,665.5,82790.61680406357,405.0,405.0
68,site_MADHYA_PRADESH_985,68,2092,SAFProductionSite,site_MADHYA_PRADESH_985,MADHYA_PRADESH,inv_15,92349.90353058372,85440.04256833058,6909.860962253137,0.0,0.0,1525.71,1.0,40684432.457986206,0,473.00000000000006,89643.16634783796,430.0,430.0
68,site_UTTAR_PRADESH_1102,68,2092,SAFProductionSite,site_UTTAR_PRADESH_1102,UTTAR_PRADESH,inv_16,91108.679181339,78634.23310440686,12474.446076932145,0.0,0.0,1525.71,1.0,36075023.37388992,0,693.0,81352.07122253536,430.0,430.0
68,site_TELANGANA_1976,68,2092,SAFProductionSite,site_TELANGANA_1976,TELANGANA,inv_22,90153.60846074401,78803.84958153803,11349.758879205983,0.0,0.0,1525.71,1.0,38998387.56037778,0,478.50000000000006,82935.88904447402,435.0,435.0
68,site_KARNATAKA_2133,68,2092,SAFProductionSite,site_KARNATAKA_2133,KARNATAKA,inv_23,90967.45306485193,79063.60781134441,11903.84525350752,0.0,0.0,1540.71,1.0,38349636.08743209,0,489.50000000000006,81068.20775622556,445.0,445.0
68,site_GUJARAT_2323,68,2092,SAFProductionSite,site_GUJARAT_2323,GUJARAT,inv_24,89889.969081699,77770.42679364161,12119.54228805739,0.0,0.0,1540.71,1.0,37466683.50480437,0,495.00000000000006,81791.23599805895,450.0,450.0
68,site_ANDHRA_PRADESH_3102,68,2092,SAFProductionSite,site_ANDHRA_PRADESH_3102,ANDHRA_PRADESH,inv_28,92911.16982437899,85456.11688976505,7455.052934613937,0.0,0.0,1540.71,1.0,38967851.02908529,0,495.00000000000006,0.0,450.0,450.0
68,site_WEST_BENGAL_3970,68,2092,SAFProductionSite,site_WEST_BENGAL_3970,WEST_BENGAL,inv_32,17600.862100561368,17600.862100561368,0.0,61055.19634181306,18316558.902543917,1540.71,1.0,-11076259.376784083,0,500.50000000000006,81012.09935531624,455.0,455.0
68,site_MAHARASHTRA_4724,68,2092,SAFProductionSite,site_MAHARASHTRA_4724,MAHARASHTRA,inv_08,93148.48966047801,86065.54180521032,7082.947855267688,0.0,0.0,1570.71,1.0,37264577.8305302,0,517.0,89480.06647619462,470.0,470.0
68,site_TAMIL_NADU_5371,68,2092,SAFProductionSite,site_TAMIL_NADU_5371,TAMIL_NADU,inv_38,89869.67370067153,77314.26551325008,12555.408187421446,0.0,0.0,1570.71,1.0,35144025.025759324,0,522.5,81169.35285207584,475.0,475.0
68,site_JHARKHAND_5884,68,2092,SAFProductionSite,site_JHARKHAND_5884,JHARKHAND,inv_40,92537.7531688297,84505.43455045906,8032.318618370642,0.0,0.0,1570.71,1.0,35950539.949720085,0,528.0,86449.84228604576,480.0,480.0
68,site_RAJASTHAN_6155,68,2092,SAFProductionSite,site_RAJASTHAN_6155,RAJASTHAN,inv_41,92777.08942219848,84974.04166176298,7803.0477604354965,0.0,0.0,1570.71,1.0,35661234.58370127,0,533.5,88402.96940828537,485.0,485.0
68,site_PUNJAB_7292,68,2092,SAFProductionSite,site_PUNJAB_7292,PUNJAB,inv_45,91101.12697480374,81786.43141945504,9314.695555348706,0.0,0.0,1495.71,1.0,32232321.926313937,0,660.0,86006.65828641679,498.6076604281804,498.6076604281804
68,site_ODISHA_8598,68,2092,SAFProductionSite,site_ODISHA_8598,ODISHA,inv_11,91628.8704034328,79337.91735905453,12290.953044378271,0.0,0.0,1495.71,1.0,31300005.75584872,0,665.5,81879.09931081386,504.17011608971313,504.17011608971313
68,site_ASSAM_8835,68,2092,SAFProductionSite,site_ASSAM_8835,ASSAM,inv_50,93135.22297502279,85346.49664611208,7788.726328910707,0.0,0.0,1615.71,1.0,32504432.616317287,0,572.0,88466.48986500646,520.0,520.0
68,site_CHHATTISGARH_9911,68,2092,SAFProductionSite,site_CHHATTISGARH_9911,CHHATTISGARH,inv_15,91281.58604780532,82397.93526981169,8883.650777993636,0.0,0.0,1495.71,1.0,30667468.459887594,0,660.0,84478.01361384983,516.8082427610875,516.8082427610875
68,site_HARYANA_10533,68,2092,SAFProductionSite,site_HARYANA_10533,HARYANA,inv_12,91418.57994477224,80535.7475181242,10882.832426648034,0.0,0.0,1495.71,1.0,30560431.155545622,0,665.5,83819.23967823775,516.6186116574544,516.6186116574544
68,site_KERALA_11160,68,2092,SAFProductionSite,site_KERALA_11160,KERALA,inv_08,90778.03126183941,79151.29279758182,11626.738464257593,0.0,0.0,1615.71,1.0,30928004.69520949,0,577.5,82284.23384153483,525.0,525.0
68,site_BIHAR_11867,68,2092,SAFProductionSite,site_BIHAR_11867,BIHAR,inv_16,93125.45731246189,84696.44207211332,8429.01524034857,0.0,0.0,1525.71,1.0,30251825.331195995,0,687.5,86975.8767962169,529.5823963585422,529.5823963585422
68,site_UTTAR_PRADESH_11884,68,2092,SAFProductionSite,site_UTTAR_PRADESH_11884,UTTAR_PRADESH,inv_22,91710.27717964232,79390.03257348892,12320.2446061534,0.0,0.0,1525.71,1.0,29188222.402100146,0,693.0,81496.2443076199,525.7952930296552,525.7952930296552
69,site_BIHAR_001,69,2093,SAFProductionSite,site_BIHAR_001,BIHAR,inv_01,86020.66537456607,81054.5151164989,4966.15025806718,0.0,0.0,1525.71,1.0,34879784.74591109,0,687.5,83040.55512610561,425.0,425.0
69,site_PUNJAB_020,69,2093,SAFProductionSite,site_PUNJAB_020,PUNJAB,inv_02,0.0,0.0,0.0,76822.45460951042,23046736.382853124,1495.71,1.0,-23046736.382853124,0,660.0,80586.22760630686,400.0,400.0
69,site_CHHATTISGARH_353,69,2093,SAFProductionSite,site_CHHATTISGARH_353,CHHATTISGARH,inv_08,91878.38036316629,85737.63665290612,6140.743710260169,0.0,0.0,1495.71,1.0,41000989.57469265,0,660.0,0.0,400.0,400.0
69,site_HARYANA_561,69,2093,SAFProductionSite,site_HARYANA_561,HARYANA,inv_11,91673.14299209625,82849.65523789915,8823.487754197107,0.0,0.0,1495.71,1.0,39932861.035100564,0,665.5,86794.79299914683,405.0,405.0
69,site_ODISHA_660,69,2093,SAFProductionSite,site_ODISHA_660,ODISHA,inv_12,91406.15151368771,79795.40578112692,11610.745732560797,0.0,0.0,1495.71,1.0,38863112.9255452,0,665.5,82790.61680406357,405.0,405.0
69,site_MADHYA_PRADESH_985,69,2093,SAFProductionSite,site_MADHYA_PRADESH_985,MADHYA_PRADESH,inv_15,92349.90353058372,87577.037282667,4772.866247916711,0.0,0.0,1525.71,1.0,40684432.457986206,0,473.00000000000006,89643.16634783796,430.0,430.0
69,site_UTTAR_PRADESH_1102,69,2093,SAFProductionSite,site_UTTAR_PRADESH_1102,UTTAR_PRADESH,inv_16,89733.67128250435,77326.11587686815,12407.555405636202,0.0,0.0,1525.71,1.0,35530580.81874086,0,693.0,81352.07122253536,430.0,430.0
69,site_TELANGANA_1976,69,2093,SAFProductionSite,site_TELANGANA_1976,TELANGANA,inv_22,90153.60846074401,80547.58972559328,9606.018735150734,0.0,0.0,1525.71,1.0,38998387.56037778,0,478.50000000000006,82935.88904447402,435.0,435.0
69,site_KARNATAKA_2133,69,2093,SAFProductionSite,site_KARNATAKA_2133,KARNATAKA,inv_23,91988.16957222632,79357.09526920134,12631.074303024987,0.0,0.0,1540.71,1.0,38779945.00878154,0,489.50000000000006,81068.20775622556,445.0,445.0
69,site_GUJARAT_2323,69,2093,SAFProductionSite,site_GUJARAT_2323,GUJARAT,inv_24,89889.969081699,78173.93631364683,11716.032768052173,0.0,0.0,1540.71,1.0,37466683.50480437,0,495.00000000000006,81791.23599805895,450.0,450.0
69,site_ANDHRA_PRADESH_3102,69,2093,SAFProductionSite,site_ANDHRA_PRADESH_3102,ANDHRA_PRADESH,inv_28,92519.46029712487,84162.58084018854,8356.879456936324,0.0,0.0,1540.71,1.0,38803564.2319912,0,495.00000000000006,87577.2346794002,450.0,450.0
69,site_WEST_BENGAL_3970,69,2093,SAFProductionSite,site_WEST_BENGAL_3970,WEST_BENGAL,inv_32,57460.25516008856,57460.25516008856,0.0,19716.255841055885,5914876.7523167655,1540.71,1.0,17722002.83964137,0,500.50000000000006,81012.09935531624,455.0,455.0
69,site_MAHARASHTRA_4724,69,2093,SAFProductionSite,site_MAHARASHTRA_4724,MAHARASHTRA,inv_08,92023.81587027146,85026.38744574552,6997.428424525933,0.0,0.0,1570.71,1.0,36814645.74744573,0,517.0,89480.06647619462,470.0,470.0
69,site_TAMIL_NADU_5371,69,2093,SAFProductionSite,site_TAMIL_NADU_5371,TAMIL_NADU,inv_38,89869.67370067153,77426.9945578832,12442.679142788329,0.0,0.0,1570.71,1.0,35144025.025759324,0,522.5,81169.35285207584,475.0,475.0
69,site_JHARKHAND_5884,69,2093,SAFProductionSite,site_JHARKHAND_5884,JHARKHAND,inv_40,91146.10106205639,82134.46550193531,9011.635560121082,0.0,0.0,1570.71,1.0,35409888.7781989,0,528.0,86449.84228604576,480.0,480.0
69,site_RAJASTHAN_6155,69,2093,SAFProductionSite,site_RAJASTHAN_6155,RAJASTHAN,inv_41,92777.08942219848,86452.20204830411,6324.887373894366,0.0,0.0,1570.71,1.0,35661234.58370127,0,533.5,88402.96940828537,485.0,485.0
69,site_PUNJAB_7292,69,2093,SAFProductionSite,site_PUNJAB_7292,PUNJAB,inv_45,91101.12697480374,83886.3212736284,7214.805701175341,0.0,0.0,1495.71,1.0,32232321.926313937,0,660.0,86006.65828641679,498.6076604281804,498.6076604281804
69,site_ODISHA_8598,69,2093,SAFProductionSite,site_ODISHA_8598,ODISHA,inv_11,91180.55909101633,78949.74182334155,12230.817267674778,0.0,0.0,1495.71,1.0,31146864.648714423,0,665.5,0.0,504.17011608971313,504.17011608971313
69,site_ASSAM_8835,69,2093,SAFProductionSite,site_ASSAM_8835,ASSAM,inv_50,92620.72682725612,84875.02685898781,7745.699968268309,0.0,0.0,1615.71,1.0,32324872.136058167,0,572.0,0.0,520.0,520.0
69,site_CHHATTISGARH_9911,69,2093,SAFProductionSite,site_CHHATTISGARH_9911,CHHATTISGARH,inv_15,91208.69236561844,80814.49607739216,10394.196288226274,0.0,0.0,1495.71,1.0,30642978.693701684,0,660.0,84478.01361384983,516.8082427610875,516.8082427610875
69,site_HARYANA_10533,69,2093,SAFProductionSite,site_HARYANA_10533,HARYANA,inv_12,91418.57994477224,81613.49208151689,9805.08786325535,0.0,0.0,1495.71,1.0,30560431.155545622,0,665.5,83819.23967823775,516.6186116574544,516.6186116574544
69,site_KERALA_11160,69,2093,SAFProductionSite,site_KERALA_11160,KERALA,inv_08,90864.12777608358,78963.55077928746,11900.576996796124,0.0,0.0,1615.71,1.0,30957337.710695416,0,577.5,82284.23384153483,525.0,525.0
69,site_BIHAR_11867,69,2093,SAFProductionSite,site_BIHAR_11867,BIHAR,inv_16,91834.41401089306,83121.54241452798,8712.871596365076,0.0,0.0,1525.71,1.0,29832429.63015771,0,687.5,86975.8767962169,529.5823963585422,529.5823963585422
69,site_UTTAR_PRADESH_11884,69,2093,SAFProductionSite,site_UTTAR_PRADESH_11884,UTTAR_PRADESH,inv_22,92007.91019154756,79646.8137156752,12361.096475872357,0.0,0.0,1525.71,1.0,29282948.738262877,0,693.0,81496.2443076199,525.7952930296552,525.7952930296552
70,site_BIHAR_001,70,2094,SAFProductionSite,site_BIHAR_001,BIHAR,inv_01,83959.55271957158,79112.39474200975,4847.15797756183,0.0,0.0,1525.71,1.0,34044041.78309816,0,687.5,83040.55512610561,425.0,425.0
70,site_PUNJAB_020,70,2094,SAFProductionSite,site_PUNJAB_020,PUNJAB,inv_02,7393.449756636532,7393.449756636532,0.0,70802.39398074246,21240718.194222737,1495.71,1.0,-18102019.911847208,0,660.0,80586.22760630686,400.0,400.0
70,site_CHHATTISGARH_353,70,2094,SAFProductionSite,site_CHHATTISGARH_353,CHHATTISGARH,inv_08,92033.24846334019,84665.85366004163,7367.3948032985645,0.0,0.0,1495.71,1.0,41070099.90658559,0,660.0,88943.40587327202,400.0,400.0
70,site_HARYANA_561,70,2094,SAFProductionSite,site_HARYANA_561,HARYANA,inv_11,91673.14299209625,83833.73804087717,7839.404951219083,0.0,0.0,1495.71,1.0,39932861.035100564,0,665.5,86794.79299914683,405.0,405.0
70,site_ODISHA_660,70,2094,SAFProductionSite,site_ODISHA_660,ODISHA,inv_12,91406.15151368771,80384.53018540343,11021.62132828428,0.0,0.0,1495.71,1.0,38863112.9255452,0,665.5,82790.61680406357,405.0,405.0
70,site_MADHYA_PRADESH_985,70,2094,SAFProductionSite,site_MADHYA_PRADESH_985,MADHYA_PRADESH,inv_15,94120.91403056313,87078.54143754802,7042.372593015112,0.0,0.0,1525.71,1.0,41464645.04418488,0,473.00000000000006,89643.16634783796,430.0,430.0
70,site_UTTAR_PRADESH_1102,70,2094,SAFProductionSite,site_UTTAR_PRADESH_1102,UTTAR_PRADESH,inv_16,89733.67128250435,77530.99737187289,12202.673910631464,0.0,0.0,1525.71,1.0,35530580.81874086,0,693.0,81352.07122253536,430.0,430.0
70,site_TELANGANA_1976,70,2094,SAFProductionSite,site_TELANGANA_1976,TELANGANA,inv_22,91535.2864863087,80011.58323918887,11523.703247119833,0.0,0.0,1525.71,1.0,39596069.85002336,0,478.50000000000006,82935.88904447402,435.0,435.0
70,site_KARNATAKA_2133,70,2094,SAFProductionSite,site_KARNATAKA_2133,KARNATAKA,inv_23,90212.81022171944,77537.69077151823,12675.119450201208,0.0,0.0,1540.71,1.0,38031497.26486349,0,489.50000000000006,81068.20775622556,445.0,445.0
70,site_GUJARAT_2323,70,2094,SAFProductionSite,site_GUJARAT_2323,GUJARAT,inv_24,90356.36048229763,78356.26526271783,12000.095219579802,0.0,0.0,1540.71,1.0,37661078.26513307,0,495.00000000000006,81791.23599805895,450.0,450.0
70,site_ANDHRA_PRADESH_3102,70,2094,SAFProductionSite,site_ANDHRA_PRADESH_3102,ANDHRA_PRADESH,inv_28,92519.46029712487,84326.1241475033,8193.336149621566,0.0,0.0,1540.71,1.0,38803564.2319912,0,495.00000000000006,87577.2346794002,450.0,450.0
70,site_WEST_BENGAL_3970,70,2094,SAFProductionSite,site_WEST_BENGAL_3970,WEST_BENGAL,inv_32,82596.25273551879,77170.03734250931,5426.215393009479,0.0,0.0,1540.71,1.0,33976836.253460705,0,500.50000000000006,81012.09935531624,455.0,455.0
70,site_MAHARASHTRA_4724,70,2094,SAFProductionSite,site_MAHARASHTRA_4724,MAHARASHTRA,inv_08,92023.81587027146,85609.31010050193,6414.50576976953,0.0,0.0,1570.71,1.0,36814645.74744573,0,517.0,89480.06647619462,470.0,470.0
70,site_TAMIL_NADU_5371,70,2094,SAFProductionSite,site_TAMIL_NADU_5371,TAMIL_NADU,inv_38,89935.88228097753,77371.22430197433,12564.657979003197,0.0,0.0,1570.71,1.0,35169916.251435116,0,522.5,81169.35285207584,475.0,475.0
70,site_JHARKHAND_5884,70,2094,SAFProductionSite,site_JHARKHAND_5884,JHARKHAND,inv_40,91146.10106205639,83805.54344817958,7340.557613876808,0.0,0.0,1570.71,1.0,35409888.7781989,0,528.0,86449.84228604576,480.0,480.0
70,site_RAJASTHAN_6155,70,2094,SAFProductionSite,site_RAJASTHAN_6155,RAJASTHAN,inv_41,94374.94797257356,86437.51179080854,7937.436181765021,0.0,0.0,1570.71,1.0,36275412.16731994,0,533.5,88402.96940828537,485.0,485.0
70,site_PUNJAB_7292,70,2094,SAFProductionSite,site_PUNJAB_7292,PUNJAB,inv_45,93440.1742827493,84285.51424494537,9154.66003780393,0.0,0.0,1495.71,1.0,33059895.945803627,0,660.0,86006.65828641679,498.6076604281804,498.6076604281804
70,site_ODISHA_8598,70,2094,SAFProductionSite,site_ODISHA_8598,ODISHA,inv_11,91180.55909101633,79908.13984319232,11272.419247824015,0.0,0.0,1495.71,1.0,31146864.648714423,0,665.5,81879.09931081386,504.17011608971313,504.17011608971313
70,site_ASSAM_8835,70,2094,SAFProductionSite,site_ASSAM_8835,ASSAM,inv_50,92043.45991696186,84346.03571203417,7697.4242049276945,0.0,0.0,1615.71,1.0,32123404.498059154,0,572.0,88466.48986500646,520.0,520.0
70,site_CHHATTISGARH_9911,70,2094,SAFProductionSite,site_CHHATTISGARH_9911,CHHATTISGARH,inv_15,91208.69236561844,81385.6576907998,9823.034674818642,0.0,0.0,1495.71,1.0,30642978.693701684,0,660.0,84478.01361384983,516.8082427610875,516.8082427610875
70,site_HARYANA_10533,70,2094,SAFProductionSite,site_HARYANA_10533,HARYANA,inv_12,91267.86273737207,80402.97228830605,10864.89044906602,0.0,0.0,1495.71,1.0,30510047.71222928,0,665.5,83819.23967823775,516.6186116574544,516.6186116574544
70,site_KERALA_11160,70,2094,SAFProductionSite,site_KERALA_11160,KERALA,inv_08,90267.76654118288,78445.29564596438,11822.470895218503,0.0,0.0,1615.71,1.0,30754157.901476502,0,577.5,82284.23384153483,525.0,525.0
70,site_BIHAR_11867,70,2094,SAFProductionSite,site_BIHAR_11867,BIHAR,inv_16,91834.41401089306,83466.31933937198,8368.094671521074,0.0,0.0,1525.71,1.0,29832429.63015771,0,687.5,86975.8767962169,529.5823963585422,529.5823963585422
70,site_UTTAR_PRADESH_11884,70,2094,SAFProductionSite,site_UTTAR_PRADESH_11884,UTTAR_PRADESH,inv_22,92146.4414708116,79509.56580438529,12636.875666426306,0.0,0.0,1525.71,1.0,29327038.472948626,0,693.0,81496.2443076199,525.7952930296552,525.7952930296552
71,site_BIHAR_001,71,2095,SAFProductionSite,site_BIHAR_001,BIHAR,inv_01,83959.55271957158,81217.09354987442,2742.459169697162,0.0,0.0,1525.71,1.0,34044041.78309816,0,687.5,83040.55512610561,425.0,425.0
71,site_PUNJAB_020,71,2095,SAFProductionSite,site_PUNJAB_020,PUNJAB,inv_02,31593.672473176804,31593.672473176804,0.0,46850.92969939859,14055278.909819577,1495.71,1.0,-643000.6378959678,0,660.0,80586.22760630686,400.0,400.0
71,site_CHHATTISGARH_353,71,2095,SAFProductionSite,site_CHHATTISGARH_353,CHHATTISGARH,inv_08,92033.24846334019,86583.83594884093,5449.412514499258,0.0,0.0,1495.71,1.0,41070099.90658559,0,660.0,88943.40587327202,400.0,400.0
71,site_HARYANA_561,71,2095,SAFProductionSite,site_HARYANA_561,HARYANA,inv_11,92762.03060731229,84378.88348344194,8383.147123870353,0.0,0.0,1495.71,1.0,40407180.95478536,0,665.5,86794.79299914683,405.0,405.0
71,site_ODISHA_660,71,2095,SAFProductionSite,site_ODISHA_660,ODISHA,inv_12,91732.01297999933,80079.87512484362,11652.137855155714,0.0,0.0,1495.71,1.0,39001659.30074686,0,665.5,82790.61680406357,405.0,405.0
71,site_MADHYA_PRADESH_985,71,2095,SAFProductionSite,site_MADHYA_PRADESH_985,MADHYA_PRADESH,inv_15,92229.31432803985,85328.47616485061,6900.838163189241,0.0,0.0,1525.71,1.0,40631307.29944791,0,473.00000000000006,89643.16634783796,430.0,430.0
71,site_UTTAR_PRADESH_1102,71,2095,SAFProductionSite,site_UTTAR_PRADESH_1102,UTTAR_PRADESH,inv_16,89971.42755043715,79479.99017371947,10491.437376717673,0.0,0.0,1525.71,1.0,35624721.82704036,0,693.0,81352.07122253536,430.0,430.0
71,site_TELANGANA_1976,71,2095,SAFProductionSite,site_TELANGANA_1976,TELANGANA,inv_22,91535.2864863087,80641.68604114276,10893.60044516594,0.0,0.0,1525.71,1.0,39596069.85002336,0,478.50000000000006,82935.88904447402,435.0,435.0
71,site_KARNATAKA_2133,71,2095,SAFProductionSite,site_KARNATAKA_2133,KARNATAKA,inv_23,90212.81022171944,78002.47498629449,12210.335235424951,0.0,0.0,1540.71,1.0,38031497.26486349,0,489.50000000000006,81068.20775622556,445.0,445.0
71,site_GUJARAT_2323,71,2095,SAFProductionSite,site_GUJARAT_2323,GUJARAT,inv_24,90567.10310350222,79090.03201711187,11477.071086390351,0.0,0.0,1540.71,1.0,37748917.06595042,0,495.00000000000006,81791.23599805895,450.0,450.0
71,site_ANDHRA_PRADESH_3102,71,2095,SAFProductionSite,site_ANDHRA_PRADESH_3102,ANDHRA_PRADESH,inv_28,92026.36082629385,83714.02089460747,8312.33993168638,0.0,0.0,1540.71,1.0,38596753.50344065,0,495.00000000000006,87577.2346794002,450.0,450.0
71,site_WEST_BENGAL_3970,71,2095,SAFProductionSite,site_WEST_BENGAL_3970,WEST_BENGAL,inv_32,89831.20659286478,78247.74973830562,11583.456854559161,0.0,0.0,1540.71,1.0,36953010.527365506,0,500.50000000000006,81012.09935531624,455.0,455.0
71,site_MAHARASHTRA_4724,71,2095,SAFProductionSite,site_MAHARASHTRA_4724,MAHARASHTRA,inv_08,92155.59756732082,85148.14855210274,7007.449015218081,0.0,0.0,1570.71,1.0,36867365.75744519,0,517.0,89480.06647619462,470.0,470.0
71,site_TAMIL_NADU_5371,71,2095,SAFProductionSite,site_TAMIL_NADU_5371,TAMIL_NADU,inv_38,89935.88228097753,78839.67283880603,11096.209442171501,0.0,0.0,1570.71,1.0,35169916.251435116,0,522.5,81169.35285207584,475.0,475.0
71,site_JHARKHAND_5884,71,2095,SAFProductionSite,site_JHARKHAND_5884,JHARKHAND,inv_40,91938.06746742438,82848.13001026245,9089.937457161926,0.0,0.0,1570.71,1.0,35717564.498864755,0,528.0,86449.84228604576,480.0,480.0
71,site_RAJASTHAN_6155,71,2095,SAFProductionSite,site_RAJASTHAN_6155,RAJASTHAN,inv_41,93448.20490024696,85588.71275078617,7859.492149460784,0.0,0.0,1570.71,1.0,35919194.890976384,0,533.5,88402.96940828537,485.0,485.0
71,site_PUNJAB_7292,71,2095,SAFProductionSite,site_PUNJAB_7292,PUNJAB,inv_45,92020.72968184453,82612.00873369988,9408.720948144648,0.0,0.0,1495.71,1.0,32557684.86618018,0,660.0,86006.65828641679,498.6076604281804,498.6076604281804
71,site_ODISHA_8598,71,2095,SAFProductionSite,site_ODISHA_8598,ODISHA,inv_11,90677.27180129748,78513.96470174473,12163.307099552752,0.0,0.0,1495.71,1.0,30974943.997551873,0,665.5,81879.09931081386,504.17011608971313,504.17011608971313
71,site_ASSAM_8835,71,2095,SAFProductionSite,site_ASSAM_8835,ASSAM,inv_50,92043.45991696186,85062.51748909785,6980.942427864007,0.0,0.0,1615.71,1.0,32123404.498059154,0,572.0,88466.48986500646,520.0,520.0
71,site_CHHATTISGARH_9911,71,2095,SAFProductionSite,site_CHHATTISGARH_9911,CHHATTISGARH,inv_15,91668.9715922786,81222.32161235678,10446.649979921815,0.0,0.0,1495.71,1.0,30797616.658240885,0,660.0,84478.01361384983,516.8082427610875,516.8082427610875
71,site_HARYANA_10533,71,2095,SAFProductionSite,site_HARYANA_10533,HARYANA,inv_12,91207.29212793711,80349.61224583525,10857.67988210186,0.0,0.0,1495.71,1.0,30489799.487625435,0,665.5,83819.23967823775,516.6186116574544,516.6186116574544
71,site_KERALA_11160,71,2095,SAFProductionSite,site_KERALA_11160,KERALA,inv_08,90267.76654118288,80380.09710707043,9887.669434112453,0.0,0.0,1615.71,1.0,30754157.901476502,0,577.5,82284.23384153483,525.0,525.0
71,site_BIHAR_11867,71,2095,SAFProductionSite,site_BIHAR_11867,BIHAR,inv_16,92103.56216518232,83365.15489862236,8738.407266559952,0.0,0.0,1525.71,1.0,29919862.467394188,0,687.5,86975.8767962169,529.5823963585422,529.5823963585422
71,site_UTTAR_PRADESH_11884,71,2095,SAFProductionSite,site_UTTAR_PRADESH_11884,UTTAR_PRADESH,inv_22,91545.78442733649,78991.28229867683,12554.50212865966,0.0,0.0,1525.71,1.0,29135870.024749547,0,693.0,81496.2443076199,525.7952930296552,525.7952930296552
72,site_BIHAR_001,72,2096,SAFProductionSite,site_BIHAR_001,BIHAR,inv_01,86148.14497733478,81174.63505912744,4973.509918207346,0.0,0.0,1525.71,1.0,34931475.3610058,0,687.5,83040.55512610561,425.0,425.0
72,site_PUNJAB_020,72,2096,SAFProductionSite,site_PUNJAB_020,PUNJAB,inv_02,46364.15511400321,46364.15511400321,0.0,30677.4249465279,9203227.48395837,1495.71,1.0,10479477.993209379,0,660.0,80586.22760630686,400.0,400.0
72,site_CHHATTISGARH_353,72,2096,SAFProductionSite,site_CHHATTISGARH_353,CHHATTISGARH,inv_08,93388.24617350951,85912.38184148015,7475.864332029363,0.0,0.0,1495.71,1.0,41674771.50363365,0,660.0,88943.40587327202,400.0,400.0
72,site_HARYANA_561,72,2096,SAFProductionSite,site_HARYANA_561,HARYANA,inv_11,93223.23437180617,84250.55120595032,8972.683165855851,0.0,0.0,1495.71,1.0,40608081.51557432,0,665.5,0.0,405.0,405.0
72,site_ODISHA_660,72,2096,SAFProductionSite,site_ODISHA_660,ODISHA,inv_12,90805.20278979505,79270.7917755861,11534.411014208948,0.0,0.0,1495.71,1.0,38607607.822963506,0,665.5,82790.61680406357,405.0,405.0
72,site_MADHYA_PRADESH_985,72,2096,SAFProductionSite,site_MADHYA_PRADESH_985,MADHYA_PRADESH,inv_15,92229.31432803985,86616.0232197499,5613.291108289952,0.0,0.0,1525.71,1.0,40631307.29944791,0,473.00000000000006,89643.16634783796,430.0,430.0
72,site_UTTAR_PRADESH_1102,72,2096,SAFProductionSite,site_UTTAR_PRADESH_1102,UTTAR_PRADESH,inv_16,92200.1107233723,79451.51851873039,12748.592204641915,0.0,0.0,1525.71,1.0,36507182.18404548,0,693.0,81352.07122253536,430.0,430.0
72,site_TELANGANA_1976,72,2096,SAFProductionSite,site_TELANGANA_1976,TELANGANA,inv_22,91406.4481294082,79898.96480193641,11507.483327471797,0.0,0.0,1525.71,1.0,39540337.32571475,0,478.50000000000006,82935.88904447402,435.0,435.0
72,site_KARNATAKA_2133,72,2096,SAFProductionSite,site_KARNATAKA_2133,KARNATAKA,inv_23,90753.57291073498,79198.60545364096,11554.967457094011,0.0,0.0,1540.71,1.0,38259469.486077845,0,489.50000000000006,81068.20775622556,445.0,445.0
72,site_GUJARAT_2323,72,2096,SAFProductionSite,site_GUJARAT_2323,GUJARAT,inv_24,90461.69469756616,78265.06869427943,12196.626003286729,0.0,0.0,1540.71,1.0,37704982.20398198,0,495.00000000000006,81791.23599805895,450.0,450.0
72,site_ANDHRA_PRADESH_3102,72,2096,SAFProductionSite,site_ANDHRA_PRADESH_3102,ANDHRA_PRADESH,inv_28,92026.36082629385,84019.58691790588,8006.7739083879715,0.0,0.0,1540.71,1.0,38596753.50344065,0,495.00000000000006,87577.2346794002,450.0,450.0
72,site_WEST_BENGAL_3970,72,2096,SAFProductionSite,site_WEST_BENGAL_3970,WEST_BENGAL,inv_32,91085.73760267602,78952.19858303339,12133.53901964263,0.0,0.0,1540.71,1.0,37469075.03735888,0,500.50000000000006,0.0,455.0,455.0
72,site_MAHARASHTRA_4724,72,2096,SAFProductionSite,site_MAHARASHTRA_4724,MAHARASHTRA,inv_08,92155.59756732082,86975.34497068859,5180.252596632228,0.0,0.0,1570.71,1.0,36867365.75744519,0,517.0,89480.06647619462,470.0,470.0
72,site_TAMIL_NADU_5371,72,2096,SAFProductionSite,site_TAMIL_NADU_5371,TAMIL_NADU,inv_38,91642.79872098015,79474.63184833546,12168.166872644695,0.0,0.0,1570.71,1.0,35837415.21536964,0,522.5,81169.35285207584,475.0,475.0
72,site_JHARKHAND_5884,72,2096,SAFProductionSite,site_JHARKHAND_5884,JHARKHAND,inv_40,91431.23486063351,82391.4080575661,9039.826803067408,0.0,0.0,1570.71,1.0,35520662.096825525,0,528.0,86449.84228604576,480.0,480.0
72,site_RAJASTHAN_6155,72,2096,SAFProductionSite,site_RAJASTHAN_6155,RAJASTHAN,inv_41,93448.20490024696,86438.05058275131,7010.154317495646,0.0,0.0,1570.71,1.0,35919194.890976384,0,533.5,88402.96940828537,485.0,485.0
72,site_PUNJAB_7292,72,2096,SAFProductionSite,site_PUNJAB_7292,PUNJAB,inv_45,92020.72968184453,83846.2631370299,8174.466544814626,0.0,0.0,1495.71,1.0,32557684.86618018,0,660.0,86006.65828641679,498.6076604281804,498.6076604281804
72,site_ODISHA_8598,72,2096,SAFProductionSite,site_ODISHA_8598,ODISHA,inv_11,90677.27180129748,78692.59864186337,11984.67315943411,0.0,0.0,1495.71,1.0,30974943.997551873,0,665.5,81879.09931081386,504.17011608971313,504.17011608971313
72,site_ASSAM_8835,72,2096,SAFProductionSite,site_ASSAM_8835,ASSAM,inv_50,92825.32786335293,86024.56890413331,6800.758959219616,0.0,0.0,1615.71,1.0,32396278.424448326,0,572.0,88466.48986500646,520.0,520.0
72,site_CHHATTISGARH_9911,72,2096,SAFProductionSite,site_CHHATTISGARH_9911,CHHATTISGARH,inv_15,91668.9715922786,81252.14744702255,10416.824145256047,0.0,0.0,1495.71,1.0,30797616.658240885,0,660.0,84478.01361384983,516.8082427610875,516.8082427610875
72,site_HARYANA_10533,72,2096,SAFProductionSite,site_HARYANA_10533,HARYANA,inv_12,91207.29212793711,81863.69153049361,9343.600597443496,0.0,0.0,1495.71,1.0,30489799.487625435,0,665.5,83819.23967823775,516.6186116574544,516.6186116574544
72,site_KERALA_11160,72,2096,SAFProductionSite,site_KERALA_11160,KERALA,inv_08,91783.21544439888,79762.26450211632,12020.950942282565,0.0,0.0,1615.71,1.0,31270470.164945006,0,577.5,82284.23384153483,525.0,525.0
72,site_BIHAR_11867,72,2096,SAFProductionSite,site_BIHAR_11867,BIHAR,inv_16,92103.56216518232,83930.7294397649,8172.832725417422,0.0,0.0,1525.71,1.0,29919862.467394188,0,687.5,86975.8767962169,529.5823963585422,529.5823963585422
72,site_UTTAR_PRADESH_11884,72,2096,SAFProductionSite,site_UTTAR_PRADESH_11884,UTTAR_PRADESH,inv_22,90744.52692794189,78299.90849348705,12444.618434454838,0.0,0.0,1525.71,1.0,28880857.360815823,0,693.0,81496.2443076199,525.7952930296552,525.7952930296552
73,site_BIHAR_001,73,2097,SAFProductionSite,site_BIHAR_001,BIHAR,inv_01,86148.14497733478,81269.58856134661,4878.556415988176,0.0,0.0,1525.71,1.0,34931475.3610058,0,687.5,83040.55512610561,425.0,425.0
73,site_PUNJAB_020,73,2097,SAFProductionSite,site_PUNJAB_020,PUNJAB,inv_02,59272.7748766954,59272.7748766954,0.0,17628.67643904398,5288602.931713194,1495.71,1.0,19874123.917160302,0,660.0,80586.22760630686,400.0,400.0
73,site_CHHATTISGARH_353,73,2097,SAFProductionSite,site_CHHATTISGARH_353,CHHATTISGARH,inv_08,93388.24617350951,87084.55528987931,6303.690883630203,0.0,0.0,1495.71,1.0,41674771.50363365,0,660.0,88943.40587327202,400.0,400.0
73,site_HARYANA_561,73,2097,SAFProductionSite,site_HARYANA_561,HARYANA,inv_11,93050.16171953344,84094.1366977978,8956.025021735637,0.0,0.0,1495.71,1.0,40532690.9928257,0,665.5,86794.79299914683,405.0,405.0
73,site_ODISHA_660,73,2097,SAFProductionSite,site_ODISHA_660,ODISHA,inv_12,90805.20278979505,80492.31107165024,10312.891718144805,0.0,0.0,1495.71,1.0,38607607.822963506,0,665.5,0.0,405.0,405.0
73,site_MADHYA_PRADESH_985,73,2097,SAFProductionSite,site_MADHYA_PRADESH_985,MADHYA_PRADESH,inv_15,93339.76467202151,86355.83971405443,6983.924957967087,0.0,0.0,1525.71,1.0,41120512.380238354,0,473.00000000000006,89643.16634783796,430.0,430.0
73,site_UTTAR_PRADESH_1102,73,2097,SAFProductionSite,site_UTTAR_PRADESH_1102,UTTAR_PRADESH,inv_16,89840.35894863252,77418.05174348044,12422.307205152087,0.0,0.0,1525.71,1.0,35572824.43464953,0,693.0,81352.07122253536,430.0,430.0
73,site_TELANGANA_1976,73,2097,SAFProductionSite,site_TELANGANA_1976,TELANGANA,inv_22,91406.4481294082,81134.84932485012,10271.598804558089,0.0,0.0,1525.71,1.0,39540337.32571475,0,478.50000000000006,82935.88904447402,435.0,435.0
73,site_KARNATAKA_2133,73,2097,SAFProductionSite,site_KARNATAKA_2133,KARNATAKA,inv_23,91358.5242211459,78522.42916489931,12836.095056246588,0.0,0.0,1540.71,1.0,38514502.04798034,0,489.50000000000006,81068.20775622556,445.0,445.0
73,site_GUJARAT_2323,73,2097,SAFProductionSite,site_GUJARAT_2323,GUJARAT,inv_24,90225.10226531244,78060.37517151501,12164.727093797424,0.0,0.0,1540.71,1.0,37606369.04536776,0,495.00000000000006,81791.23599805895,450.0,450.0
73,site_ANDHRA_PRADESH_3102,73,2097,SAFProductionSite,site_ANDHRA_PRADESH_3102,ANDHRA_PRADESH,inv_28,92362.26786809892,84644.59872486624,7717.669143232677,0.0,0.0,1540.71,1.0,38737636.19375037,0,495.00000000000006,87577.2346794002,450.0,450.0
73,site_WEST_BENGAL_3970,73,2097,SAFProductionSite,site_WEST_BENGAL_3970,WEST_BENGAL,inv_32,91615.73242566953,78703.04497292395,12912.68745274558,0.0,0.0,1540.71,1.0,37687093.9755024,0,500.50000000000006,81012.09935531624,455.0,455.0
73,site_MAHARASHTRA_4724,73,2097,SAFProductionSite,site_MAHARASHTRA_4724,MAHARASHTRA,inv_08,93882.57875025203,86743.81125944389,7138.767490808139,0.0,0.0,1570.71,1.0,37558254.30472891,0,517.0,89480.06647619462,470.0,470.0
73,site_TAMIL_NADU_5371,73,2097,SAFProductionSite,site_TAMIL_NADU_5371,TAMIL_NADU,inv_38,90486.29727604063,77844.7425570035,12641.554719037129,0.0,0.0,1570.71,1.0,35385159.03094581,0,522.5,81169.35285207584,475.0,475.0
73,site_JHARKHAND_5884,73,2097,SAFProductionSite,site_JHARKHAND_5884,JHARKHAND,inv_40,91431.23486063351,84225.17431459071,7206.060546042805,0.0,0.0,1570.71,1.0,35520662.096825525,0,528.0,86449.84228604576,480.0,480.0
73,site_RAJASTHAN_6155,73,2097,SAFProductionSite,site_RAJASTHAN_6155,RAJASTHAN,inv_41,92407.9063676198,84635.90886997183,7771.997497647972,0.0,0.0,1570.71,1.0,35519329.68459685,0,533.5,88402.96940828537,485.0,485.0
73,site_PUNJAB_7292,73,2097,SAFProductionSite,site_PUNJAB_7292,PUNJAB,inv_45,92503.0395692754,83045.00452465424,9458.035044621152,0.0,0.0,1495.71,1.0,32728330.039035335,0,660.0,86006.65828641679,498.6076604281804,498.6076604281804
73,site_ODISHA_8598,73,2097,SAFProductionSite,site_ODISHA_8598,ODISHA,inv_11,90363.18576721281,78242.00967593105,12121.176091281755,0.0,0.0,1495.71,1.0,30867653.635557935,0,665.5,81879.09931081386,504.17011608971313,504.17011608971313
73,site_ASSAM_8835,73,2097,SAFProductionSite,site_ASSAM_8835,ASSAM,inv_50,92060.60283703294,84361.74500142668,7698.857835606264,0.0,0.0,1615.71,1.0,32129387.42130235,0,572.0,88466.48986500646,520.0,520.0
73,site_CHHATTISGARH_9911,73,2097,SAFProductionSite,site_CHHATTISGARH_9911,CHHATTISGARH,inv_15,91563.24561740548,81128.64423183464,10434.601385570844,0.0,0.0,1495.71,1.0,30762096.37271346,0,660.0,0.0,516.8082427610875,516.8082427610875
73,site_HARYANA_10533,73,2097,SAFProductionSite,site_HARYANA_10533,HARYANA,inv_12,92331.3279438774,81339.83835445107,10991.489589426332,0.0,0.0,1495.71,1.0,30865554.82303059,0,665.5,83819.23967823775,516.6186116574544,516.6186116574544
73,site_KERALA_11160,73,2097,SAFProductionSite,site_KERALA_11160,KERALA,inv_08,91379.67436566943,79411.57565227331,11968.098713396117,0.0,0.0,1615.71,1.0,31132984.03306739,0,577.5,82284.23384153483,525.0,525.0
73,site_BIHAR_11867,73,2097,SAFProductionSite,site_BIHAR_11867,BIHAR,inv_16,91456.47415645576,82779.4599394656,8677.014216990166,0.0,0.0,1525.71,1.0,29709655.785152316,0,687.5,86975.8767962169,529.5823963585422,529.5823963585422
73,site_UTTAR_PRADESH_11884,73,2097,SAFProductionSite,site_UTTAR_PRADESH_11884,UTTAR_PRADESH,inv_22,89800.75117026603,77485.56124890808,12315.189921357945,0.0,0.0,1525.71,1.0,28580486.044100747,0,693.0,81496.2443076199,525.7952930296552,525.7952930296552
74,site_BIHAR_001,74,2098,SAFProductionSite,site_BIHAR_001,BIHAR,inv_01,84796.83555038933,79901.33950977909,4895.496040610233,0.0,0.0,1525.71,1.0,34383544.445431724,0,687.5,83040.55512610561,425.0,425.0
74,site_PUNJAB_020,74,2098,SAFProductionSite,site_PUNJAB_020,PUNJAB,inv_02,82459.2767045218,78027.03542494471,4432.241279577094,0.0,0.0,1495.71,1.0,35005957.79745348,0,660.0,80586.22760630686,400.0,400.0
74,site_CHHATTISGARH_353,74,2098,SAFProductionSite,site_CHHATTISGARH_353,CHHATTISGARH,inv_08,92179.86161794631,84800.73021932621,7379.1313986200985,0.0,0.0,1495.71,1.0,41135526.445448786,0,660.0,88943.40587327202,400.0,400.0
74,site_HARYANA_561,74,2098,SAFProductionSite,site_HARYANA_561,HARYANA,inv_11,91515.84921947347,82707.50090122511,8808.348318248361,0.0,0.0,1495.71,1.0,39864343.79920329,0,665.5,86794.79299914683,405.0,405.0
74,site_ODISHA_660,74,2098,SAFProductionSite,site_ODISHA_660,ODISHA,inv_12,92204.46101475091,80754.31104729696,11450.149967453952,0.0,0.0,1495.71,1.0,39202529.8222812,0,665.5,82790.61680406357,405.0,405.0
74,site_MADHYA_PRADESH_985,74,2098,SAFProductionSite,site_MADHYA_PRADESH_985,MADHYA_PRADESH,inv_15,93339.76467202151,87541.48411697704,5798.2805550444755,0.0,0.0,1525.71,1.0,41120512.380238354,0,473.00000000000006,89643.16634783796,430.0,430.0
74,site_UTTAR_PRADESH_1102,74,2098,SAFProductionSite,site_UTTAR_PRADESH_1102,UTTAR_PRADESH,inv_16,89840.35894863252,79207.3969195963,10632.962029036222,0.0,0.0,1525.71,1.0,35572824.43464953,0,693.0,81352.07122253536,430.0,430.0
74,site_TELANGANA_1976,74,2098,SAFProductionSite,site_TELANGANA_1976,TELANGANA,inv_22,92422.5586282388,80787.15353087602,11635.405097362775,0.0,0.0,1525.71,1.0,39979883.470501825,0,478.50000000000006,82935.88904447402,435.0,435.0
74,site_KARNATAKA_2133,74,2098,SAFProductionSite,site_KARNATAKA_2133,KARNATAKA,inv_23,90629.98480364916,77896.2513091171,12733.733494532062,0.0,0.0,1540.71,1.0,38207367.786274314,0,489.50000000000006,81068.20775622556,445.0,445.0
74,site_GUJARAT_2323,74,2098,SAFProductionSite,site_GUJARAT_2323,GUJARAT,inv_24,90225.10226531244,80109.1076265197,10115.994638792734,0.0,0.0,1540.71,1.0,37606369.04536776,0,495.00000000000006,81791.23599805895,450.0,450.0
74,site_ANDHRA_PRADESH_3102,74,2098,SAFProductionSite,site_ANDHRA_PRADESH_3102,ANDHRA_PRADESH,inv_28,92460.42645937123,84108.8792716073,8351.547187763936,0.0,0.0,1540.71,1.0,38778804.864526495,0,495.00000000000006,87577.2346794002,450.0,450.0
74,site_WEST_BENGAL_3970,74,2098,SAFProductionSite,site_WEST_BENGAL_3970,WEST_BENGAL,inv_32,91615.73242566953,79365.03141697537,12250.70100869416,0.0,0.0,1540.71,1.0,37687093.9755024,0,500.50000000000006,81012.09935531624,455.0,455.0
74,site_MAHARASHTRA_4724,74,2098,SAFProductionSite,site_MAHARASHTRA_4724,MAHARASHTRA,inv_08,93882.57875025203,86977.1298561775,6905.448894074521,0.0,0.0,1570.71,1.0,37558254.30472891,0,517.0,89480.06647619462,470.0,470.0
74,site_TAMIL_NADU_5371,74,2098,SAFProductionSite,site_TAMIL_NADU_5371,TAMIL_NADU,inv_38,90486.29727604063,78476.85771879388,12009.439557246747,0.0,0.0,1570.71,1.0,35385159.03094581,0,522.5,81169.35285207584,475.0,475.0
74,site_JHARKHAND_5884,74,2098,SAFProductionSite,site_JHARKHAND_5884,JHARKHAND,inv_40,91507.46842443834,82460.10439173134,9047.364032707002,0.0,0.0,1570.71,1.0,35550278.525658354,0,528.0,86449.84228604576,480.0,480.0
74,site_RAJASTHAN_6155,74,2098,SAFProductionSite,site_RAJASTHAN_6155,RAJASTHAN,inv_41,91930.7438676781,84198.87827974751,7731.865587930588,0.0,0.0,1570.71,1.0,35335920.13865249,0,533.5,88402.96940828537,485.0,485.0
74,site_PUNJAB_7292,74,2098,SAFProductionSite,site_PUNJAB_7292,PUNJAB,inv_45,92058.87897097183,82646.25742328825,9412.621547683579,0.0,0.0,1495.71,1.0,32571182.39589517,0,660.0,86006.65828641679,498.6076604281804,498.6076604281804
74,site_ODISHA_8598,74,2098,SAFProductionSite,site_ODISHA_8598,ODISHA,inv_11,90334.10548820505,78216.83017996502,12117.27530824003,0.0,0.0,1495.71,1.0,30857719.94439359,0,665.5,81879.09931081386,504.17011608971313,504.17011608971313
74,site_ASSAM_8835,74,2098,SAFProductionSite,site_ASSAM_8835,ASSAM,inv_50,92060.60283703294,86503.15231067725,5557.450526355693,0.0,0.0,1615.71,1.0,32129387.42130235,0,572.0,88466.48986500646,520.0,520.0
74,site_CHHATTISGARH_9911,74,2098,SAFProductionSite,site_CHHATTISGARH_9911,CHHATTISGARH,inv_15,91563.24561740548,81224.6894126689,10338.556204736582,0.0,0.0,1495.71,1.0,30762096.37271346,0,660.0,84478.01361384983,516.8082427610875,516.8082427610875
74,site_HARYANA_10533,74,2098,SAFProductionSite,site_HARYANA_10533,HARYANA,inv_12,91643.50720560671,80733.89854059089,10909.608665015825,0.0,0.0,1495.71,1.0,30635622.37021874,0,665.5,83819.23967823775,516.6186116574544,516.6186116574544
74,site_KERALA_11160,74,2098,SAFProductionSite,site_KERALA_11160,KERALA,inv_08,90893.9458506086,78989.46354705979,11904.482303548808,0.0,0.0,1615.71,1.0,30967496.705510467,0,577.5,82284.23384153483,525.0,525.0
74,site_BIHAR_11867,74,2098,SAFProductionSite,site_BIHAR_11867,BIHAR,inv_16,91456.47415645576,83611.23343424196,7845.240722213799,0.0,0.0,1525.71,1.0,29709655.785152316,0,687.5,86975.8767962169,529.5823963585422,529.5823963585422
74,site_UTTAR_PRADESH_11884,74,2098,SAFProductionSite,site_UTTAR_PRADESH_11884,UTTAR_PRADESH,inv_22,89800.75117026603,77558.94294767361,12241.808222592415,0.0,0.0,1525.71,1.0,28580486.044100747,0,693.0,81496.2443076199,525.7952930296552,525.7952930296552
75,site_BIHAR_001,75,2099,SAFProductionSite,site_BIHAR_001,BIHAR,inv_01,84796.83555038933,80255.20920699199,4541.626343397336,0.0,0.0,1525.71,1.0,34807528.62318365,0,687.5,83040.55512610561,425.0,425.0
75,site_PUNJAB_020,75,2099,SAFProductionSite,site_PUNJAB_020,PUNJAB,inv_02,91185.10729283755,78207.19178859805,12977.9155042395,0.0,0.0,1495.71,1.0,39166209.51200016,0,660.0,80586.22760630686,400.0,400.0
75,site_CHHATTISGARH_353,75,2099,SAFProductionSite,site_CHHATTISGARH_353,CHHATTISGARH,inv_08,92179.86161794631,86457.29164727352,5722.56997067279,0.0,0.0,1495.71,1.0,41596425.75353852,0,660.0,88943.40587327202,400.0,400.0
75,site_HARYANA_561,75,2099,SAFProductionSite,site_HARYANA_561,HARYANA,inv_11,91515.84921947347,82774.02242567761,8741.826793795859,0.0,0.0,1495.71,1.0,40321923.04530065,0,665.5,86794.79299914683,405.0,405.0
75,site_ODISHA_660,75,2099,SAFProductionSite,site_ODISHA_660,ODISHA,inv_12,92026.61715193737,80337.0575907424,11689.559561194968,0.0,0.0,1495.71,1.0,39587049.11171338,0,665.5,82790.61680406357,405.0,405.0
75,site_MADHYA_PRADESH_985,75,2099,SAFProductionSite,site_MADHYA_PRADESH_985,MADHYA_PRADESH,inv_15,94514.39223827759,87442.5785781575,7071.813660120097,0.0,0.0,1525.71,1.0,42110562.476821706,0,473.00000000000006,89643.16634783796,430.0,430.0
75,site_UTTAR_PRADESH_1102,75,2099,SAFProductionSite,site_UTTAR_PRADESH_1102,UTTAR_PRADESH,inv_16,90586.66002693331,78061.16110070307,12525.49892623024,0.0,0.0,1525.71,1.0,36321260.085225165,0,693.0,81352.07122253536,430.0,430.0
75,site_TELANGANA_1976,75,2099,SAFProductionSite,site_TELANGANA_1976,TELANGANA,inv_22,90724.32519019645,79302.71674913478,11421.608441061675,0.0,0.0,1525.71,1.0,39698888.18077375,0,478.50000000000006,82935.88904447402,435.0,435.0
75,site_KARNATAKA_2133,75,2099,SAFProductionSite,site_KARNATAKA_2133,KARNATAKA,inv_23,90066.03401542162,77411.53697951723,12654.497035904395,0.0,0.0,1540.71,1.0,38419950.2040391,0,489.50000000000006,81068.20775622556,445.0,445.0
75,site_GUJARAT_2323,75,2099,SAFProductionSite,site_GUJARAT_2323,GUJARAT,inv_24,91531.03530444612,79190.2339405734,12340.801363872728,0.0,0.0,1540.71,1.0,38608345.02159144,0,495.00000000000006,81791.23599805895,450.0,450.0
75,site_ANDHRA_PRADESH_3102,75,2099,SAFProductionSite,site_ANDHRA_PRADESH_3102,ANDHRA_PRADESH,inv_28,92460.42645937123,84380.11337886084,8080.3130805103865,0.0,0.0,1540.71,1.0,39241106.996823326,0,495.00000000000006,87577.2346794002,450.0,450.0
75,site_WEST_BENGAL_3970,75,2099,SAFProductionSite,site_WEST_BENGAL_3970,WEST_BENGAL,inv_32,91636.03422341605,78720.48535416384,12915.548869252205,0.0,0.0,1540.71,1.0,38153625.504397094,0,500.50000000000006,81012.09935531624,455.0,455.0
75,site_MAHARASHTRA_4724,75,2099,SAFProductionSite,site_MAHARASHTRA_4724,MAHARASHTRA,inv_08,93129.57151564423,86048.06218325398,7081.509332390255,0.0,0.0,1570.71,1.0,37722657.37773496,0,517.0,89480.06647619462,470.0,470.0
75,site_TAMIL_NADU_5371,75,2099,SAFProductionSite,site_TAMIL_NADU_5371,TAMIL_NADU,inv_38,90819.84766388513,78131.69367394812,12688.153989937011,0.0,0.0,1570.71,1.0,35969694.96381472,0,522.5,81169.35285207584,475.0,475.0
75,site_JHARKHAND_5884,75,2099,SAFProductionSite,site_JHARKHAND_5884,JHARKHAND,inv_40,91507.46842443834,84360.5582799866,7146.910144451744,0.0,0.0,1570.71,1.0,36007815.86778055,0,528.0,86449.84228604576,480.0,480.0
75,site_RAJASTHAN_6155,75,2099,SAFProductionSite,site_RAJASTHAN_6155,RAJASTHAN,inv_41,91930.7438676781,86016.65524547703,5914.088622201074,0.0,0.0,1570.71,1.0,35795573.857990876,0,533.5,88402.96940828537,485.0,485.0
75,site_PUNJAB_7292,75,2099,SAFProductionSite,site_PUNJAB_7292,PUNJAB,inv_45,92058.87897097183,83083.19543286535,8975.683538106474,0.0,0.0,1495.71,1.0,33031476.79075004,0,660.0,86006.65828641679,498.6076604281804,498.6076604281804
75,site_ODISHA_8598,75,2099,SAFProductionSite,site_ODISHA_8598,ODISHA,inv_11,90334.10548820505,78374.7368555321,11959.368632672951,0.0,0.0,1495.71,1.0,31309390.471834615,0,665.5,81879.09931081386,504.17011608971313,504.17011608971313
75,site_ASSAM_8835,75,2099,SAFProductionSite,site_ASSAM_8835,ASSAM,inv_50,94218.85100665243,86339.50287096339,7879.348135689041,0.0,0.0,1615.71,1.0,33353715.844438687,0,572.0,88466.48986500646,520.0,520.0
75,site_CHHATTISGARH_9911,75,2099,SAFProductionSite,site_CHHATTISGARH_9911,CHHATTISGARH,inv_15,91671.643934256,82224.4222894114,9447.221644844598,0.0,0.0,1495.71,1.0,31256872.69276017,0,660.0,84478.01361384983,516.8082427610875,516.8082427610875
75,site_HARYANA_10533,75,2099,SAFProductionSite,site_HARYANA_10533,HARYANA,inv_12,91570.62396863499,80669.69161488055,10900.93235375444,0.0,0.0,1495.71,1.0,31069111.261835933,0,665.5,0.0,516.6186116574544,516.6186116574544
75,site_KERALA_11160,75,2099,SAFProductionSite,site_KERALA_11160,KERALA,inv_08,90023.8021592683,78233.2835535012,11790.518605767109,0.0,0.0,1615.71,1.0,31121158.436971754,0,577.5,82284.23384153483,525.0,525.0
75,site_BIHAR_11867,75,2099,SAFProductionSite,site_BIHAR_11867,BIHAR,inv_16,92375.43486463952,83874.16893306123,8501.265931578295,0.0,0.0,1525.71,1.0,30470057.548052087,0,687.5,86975.8767962169,529.5823963585422,529.5823963585422
75,site_UTTAR_PRADESH_11884,75,2099,SAFProductionSite,site_UTTAR_PRADESH_11884,UTTAR_PRADESH,inv_22,89885.79581039099,79845.92105592691,10039.87475446408,0.0,0.0,1525.71,1.0,29056981.802868262,0,693.0,81496.2443076199,525.7952930296552,525.7952930296552
76,site_BIHAR_001,76,2100,SAFProductionSite,site_BIHAR_001,BIHAR,inv_01,85172.38658251133,80979.357939745,4193.028642766338,0.0,0.0,1525.71,1.0,34961685.35810432,0,687.5,83040.55512610561,425.0,425.0
76,site_PUNJAB_020,76,2100,SAFProductionSite,site_PUNJAB_020,PUNJAB,inv_02,90781.74178004348,77681.87582497946,13099.865955064015,0.0,0.0,1495.71,1.0,38992954.26612681,0,660.0,80586.22760630686,400.0,400.0
76,site_CHHATTISGARH_353,76,2100,SAFProductionSite,site_CHHATTISGARH_353,CHHATTISGARH,inv_08,93820.3761698845,86309.91920592266,7510.456963961842,0.0,0.0,1495.71,1.0,42336712.62921345,0,660.0,88943.40587327202,400.0,400.0
76,site_HARYANA_561,76,2100,SAFProductionSite,site_HARYANA_561,HARYANA,inv_11,91589.45528585571,83927.59676655506,7661.858519300658,0.0,0.0,1495.71,1.0,40354353.91022347,0,665.5,86794.79299914683,405.0,405.0
76,site_ODISHA_660,76,2100,SAFProductionSite,site_ODISHA_660,ODISHA,inv_12,90265.48927655653,78799.6346589015,11465.85461765503,0.0,0.0,1495.71,1.0,38829465.51413742,0,665.5,82790.61680406357,405.0,405.0
76,site_MADHYA_PRADESH_985,76,2100,SAFProductionSite,site_MADHYA_PRADESH_985,MADHYA_PRADESH,inv_15,93005.18608223191,86046.29516813502,6958.89091409689,0.0,0.0,1525.71,1.0,41438140.86335629,0,473.00000000000006,0.0,430.0,430.0
76,site_UTTAR_PRADESH_1102,76,2100,SAFProductionSite,site_UTTAR_PRADESH_1102,UTTAR_PRADESH,inv_16,90586.66002693331,78459.89596040838,12126.764066524935,0.0,0.0,1525.71,1.0,36321260.085225165,0,693.0,81352.07122253536,430.0,430.0
76,site_TELANGANA_1976,76,2100,SAFProductionSite,site_TELANGANA_1976,TELANGANA,inv_22,90724.32519019645,79971.88406497093,10752.441125225523,0.0,0.0,1525.71,1.0,39698888.18077375,0,478.50000000000006,82935.88904447402,435.0,435.0
76,site_KARNATAKA_2133,76,2100,SAFProductionSite,site_KARNATAKA_2133,KARNATAKA,inv_23,90066.03401542162,77755.5432122443,12310.490803177323,0.0,0.0,1540.71,1.0,38419950.2040391,0,489.50000000000006,81068.20775622556,445.0,445.0
76,site_GUJARAT_2323,76,2100,SAFProductionSite,site_GUJARAT_2323,GUJARAT,inv_24,91531.03530444612,79252.9402670024,12278.095037443723,0.0,0.0,1540.71,1.0,38608345.02159144,0,495.00000000000006,81791.23599805895,450.0,450.0
76,site_ANDHRA_PRADESH_3102,76,2100,SAFProductionSite,site_ANDHRA_PRADESH_3102,ANDHRA_PRADESH,inv_28,91933.59494351123,83629.63414955047,8303.960793960752,0.0,0.0,1540.71,1.0,39017514.561931804,0,495.00000000000006,87577.2346794002,450.0,450.0
76,site_WEST_BENGAL_3970,76,2100,SAFProductionSite,site_WEST_BENGAL_3970,WEST_BENGAL,inv_32,90680.83789495901,77899.91821349814,12780.919681460873,0.0,0.0,1540.71,1.0,37755919.47850919,0,500.50000000000006,81012.09935531624,455.0,455.0
76,site_MAHARASHTRA_4724,76,2100,SAFProductionSite,site_MAHARASHTRA_4724,MAHARASHTRA,inv_08,93027.12367375106,85953.40440564054,7073.7192681105225,0.0,0.0,1570.71,1.0,37681160.30246736,0,517.0,0.0,470.0,470.0
76,site_TAMIL_NADU_5371,76,2100,SAFProductionSite,site_TAMIL_NADU_5371,TAMIL_NADU,inv_38,90819.84766388513,78776.7501851396,12043.097478745534,0.0,0.0,1570.71,1.0,35969694.96381472,0,522.5,81169.35285207584,475.0,475.0
76,site_JHARKHAND_5884,76,2100,SAFProductionSite,site_JHARKHAND_5884,JHARKHAND,inv_40,92650.40240097328,83490.0362283415,9160.36617263178,0.0,0.0,1570.71,1.0,36457555.72928795,0,528.0,86449.84228604576,480.0,480.0
76,site_RAJASTHAN_6155,76,2100,SAFProductionSite,site_RAJASTHAN_6155,RAJASTHAN,inv_41,92476.4410882226,84698.67945525369,7777.761632968904,0.0,0.0,1570.71,1.0,36008054.953436136,0,533.5,88402.96940828537,485.0,485.0
76,site_PUNJAB_7292,76,2100,SAFProductionSite,site_PUNJAB_7292,PUNJAB,inv_45,92138.38952461223,82717.63836728285,9420.751157329374,0.0,0.0,1495.71,1.0,33060005.826042965,0,660.0,86006.65828641679,498.6076604281804,498.6076604281804
76,site_ODISHA_8598,76,2100,SAFProductionSite,site_ODISHA_8598,ODISHA,inv_11,90516.4749124728,78546.3828639176,11970.09204855519,0.0,0.0,1495.71,1.0,31372598.88557452,0,665.5,81879.09931081386,504.17011608971313,504.17011608971313
76,site_ASSAM_8835,76,2100,SAFProductionSite,site_ASSAM_8835,ASSAM,inv_50,93530.42806778992,85708.65146839045,7821.776599399469,0.0,0.0,1615.71,1.0,33110012.351578295,0,572.0,88466.48986500646,520.0,520.0
76,site_CHHATTISGARH_9911,76,2100,SAFProductionSite,site_CHHATTISGARH_9911,CHHATTISGARH,inv_15,92799.96042236823,82671.71842649099,10128.241995877237,0.0,0.0,1495.71,1.0,31641589.747156635,0,660.0,84478.01361384983,516.8082427610875,516.8082427610875
76,site_HARYANA_10533,76,2100,SAFProductionSite,site_HARYANA_10533,HARYANA,inv_12,91570.62396863499,82057.805239401,9512.818729233986,0.0,0.0,1495.71,1.0,31069111.261835933,0,665.5,83819.23967823775,516.6186116574544,516.6186116574544
76,site_KERALA_11160,76,2100,SAFProductionSite,site_KERALA_11160,KERALA,inv_08,90023.8021592683,80434.84313440233,9588.95902486598,0.0,0.0,1615.71,1.0,31121158.436971754,0,577.5,82284.23384153483,525.0,525.0
76,site_BIHAR_11867,76,2100,SAFProductionSite,site_BIHAR_11867,BIHAR,inv_16,92486.48448099269,83711.74711960966,8774.737361383028,0.0,0.0,1525.71,1.0,30506687.28847961,0,687.5,86975.8767962169,529.5823963585422,529.5823963585422
76,site_UTTAR_PRADESH_11884,76,2100,SAFProductionSite,site_UTTAR_PRADESH_11884,UTTAR_PRADESH,inv_22,89786.06099935864,77472.8856741187,12313.175325239936,0.0,0.0,1525.71,1.0,29024740.973678827,0,693.0,81496.2443076199,525.7952930296552,525.7952930296552
77,site_BIHAR_001,77,2101,SAFProductionSite,site_BIHAR_001,BIHAR,inv_01,85635.65657533021,80691.7336685554,4943.922906774809,0.0,0.0,1525.71,1.0,35151849.09983644,0,687.5,83040.55512610561,425.0,425.0
77,site_PUNJAB_020,77,2101,SAFProductionSite,site_PUNJAB_020,PUNJAB,inv_02,90781.74178004348,78270.43793075622,12511.303849287258,0.0,0.0,1495.71,1.0,38992954.26612681,0,660.0,80586.22760630686,400.0,400.0
77,site_CHHATTISGARH_353,77,2101,SAFProductionSite,site_CHHATTISGARH_353,CHHATTISGARH,inv_08,93820.3761698845,86509.21145170699,7311.164718177519,0.0,0.0,1495.71,1.0,42336712.62921345,0,660.0,88943.40587327202,400.0,400.0
77,site_HARYANA_561,77,2101,SAFProductionSite,site_HARYANA_561,HARYANA,inv_11,91874.5273921891,83031.65650428338,8842.870887905723,0.0,0.0,1495.71,1.0,40479956.80449775,0,665.5,86794.79299914683,405.0,405.0
77,site_ODISHA_660,77,2101,SAFProductionSite,site_ODISHA_660,ODISHA,inv_12,90265.48927655653,80260.19406587038,10005.295210686148,0.0,0.0,1495.71,1.0,38829465.51413742,0,665.5,82790.61680406357,405.0,405.0
77,site_MADHYA_PRADESH_985,77,2101,SAFProductionSite,site_MADHYA_PRADESH_985,MADHYA_PRADESH,inv_15,93005.18608223191,86922.52972227165,6082.656359960267,0.0,0.0,1525.71,1.0,41438140.86335629,0,473.00000000000006,89643.16634783796,430.0,430.0
77,site_UTTAR_PRADESH_1102,77,2101,SAFProductionSite,site_UTTAR_PRADESH_1102,UTTAR_PRADESH,inv_16,90158.12181554204,77691.87725308936,12466.244562452674,0.0,0.0,1525.71,1.0,36149435.14071599,0,693.0,0.0,430.0,430.0
77,site_TELANGANA_1976,77,2101,SAFProductionSite,site_TELANGANA_1976,TELANGANA,inv_22,91489.86962117249,79988.46972717573,11501.399893996757,0.0,0.0,1525.71,1.0,40033872.90178457,0,478.50000000000006,82935.88904447402,435.0,435.0
77,site_KARNATAKA_2133,77,2101,SAFProductionSite,site_KARNATAKA_2133,KARNATAKA,inv_23,90466.27509404162,78155.6881769996,12310.58691704202,0.0,0.0,1540.71,1.0,38590683.18321699,0,489.50000000000006,81068.20775622556,445.0,445.0
77,site_GUJARAT_2323,77,2101,SAFProductionSite,site_GUJARAT_2323,GUJARAT,inv_24,90649.80619336123,78427.8177914504,12221.988401910829,0.0,0.0,1540.71,1.0,38236637.24563685,0,495.00000000000006,81791.23599805895,450.0,450.0
77,site_ANDHRA_PRADESH_3102,77,2101,SAFProductionSite,site_ANDHRA_PRADESH_3102,ANDHRA_PRADESH,inv_28,91933.59494351123,85425.89582796681,6507.699115544412,0.0,0.0,1540.71,1.0,39017514.561931804,0,495.00000000000006,87577.2346794002,450.0,450.0
77,site_WEST_BENGAL_3970,77,2101,SAFProductionSite,site_WEST_BENGAL_3970,WEST_BENGAL,inv_32,90680.83789495901,77940.62041612138,12740.217478837629,0.0,0.0,1540.71,1.0,37755919.47850919,0,500.50000000000006,81012.09935531624,455.0,455.0
77,site_MAHARASHTRA_4724,77,2101,SAFProductionSite,site_MAHARASHTRA_4724,MAHARASHTRA,inv_08,93027.12367375106,86729.46177848695,6297.661895264115,0.0,0.0,1570.71,1.0,37681160.30246736,0,517.0,89480.06647619462,470.0,470.0
77,site_TAMIL_NADU_5371,77,2101,SAFProductionSite,site_TAMIL_NADU_5371,TAMIL_NADU,inv_38,91569.65777712142,78928.65546150338,12641.00231561804,0.0,0.0,1570.71,1.0,36266661.34008205,0,522.5,81169.35285207584,475.0,475.0
77,site_JHARKHAND_5884,77,2101,SAFProductionSite,site_JHARKHAND_5884,JHARKHAND,inv_40,92650.40240097328,83862.33568146634,8788.06671950694,0.0,0.0,1570.71,1.0,36457555.72928795,0,528.0,86449.84228604576,480.0,480.0
77,site_RAJASTHAN_6155,77,2101,SAFProductionSite,site_RAJASTHAN_6155,RAJASTHAN,inv_41,92416.86422399082,84644.11332287299,7772.750901117834,0.0,0.0,1570.71,1.0,35984857.18570234,0,533.5,88402.96940828537,485.0,485.0
77,site_PUNJAB_7292,77,2101,SAFProductionSite,site_PUNJAB_7292,PUNJAB,inv_45,92138.38952461223,82865.02066959545,9273.368855016772,0.0,0.0,1495.71,1.0,33060005.826042965,0,660.0,86006.65828641679,498.6076604281804,498.6076604281804
77,site_ODISHA_8598,77,2101,SAFProductionSite,site_ODISHA_8598,ODISHA,inv_11,90714.71215364519,79568.63185331888,11146.080300326314,0.0,0.0,1495.71,1.0,31441307.012548074,0,665.5,81879.09931081386,504.17011608971313,504.17011608971313
77,site_ASSAM_8835,77,2101,SAFProductionSite,site_ASSAM_8835,ASSAM,inv_50,93530.42806778992,86278.69073798634,7251.737329803582,0.0,0.0,1615.71,1.0,33110012.351578295,0,572.0,88466.48986500646,520.0,520.0
77,site_CHHATTISGARH_9911,77,2101,SAFProductionSite,site_CHHATTISGARH_9911,CHHATTISGARH,inv_15,91493.30933010633,81066.67792501656,10426.631405089778,0.0,0.0,1495.71,1.0,31196066.73598452,0,660.0,84478.01361384983,516.8082427610875,516.8082427610875
77,site_HARYANA_10533,77,2101,SAFProductionSite,site_HARYANA_10533,HARYANA,inv_12,91832.20557519213,80900.13350354036,10932.072071651768,0.0,0.0,1495.71,1.0,31157863.611508235,0,665.5,83819.23967823775,516.6186116574544,516.6186116574544
77,site_KERALA_11160,77,2101,SAFProductionSite,site_KERALA_11160,KERALA,inv_08,90443.1994907591,78597.75194485011,11845.447545908988,0.0,0.0,1615.71,1.0,31266143.768498585,0,577.5,0.0,525.0,525.0
77,site_BIHAR_11867,77,2101,SAFProductionSite,site_BIHAR_11867,BIHAR,inv_16,91679.06582920489,82980.93302955732,8698.132799647574,0.0,0.0,1525.71,1.0,30240360.068246275,0,687.5,86975.8767962169,529.5823963585422,529.5823963585422
77,site_UTTAR_PRADESH_11884,77,2101,SAFProductionSite,site_UTTAR_PRADESH_11884,UTTAR_PRADESH,inv_22,89786.06099935864,78071.58635792873,11714.474641429915,0.0,0.0,1525.71,1.0,29024740.973678827,0,693.0,81496.2443076199,525.7952930296552,525.7952930296552
78,site_BIHAR_001,78,2102,SAFProductionSite,site_BIHAR_001,BIHAR,inv_01,85635.65657533021,81374.93146215972,4260.725113170498,0.0,0.0,1525.71,1.0,35151849.09983644,0,687.5,83040.55512610561,425.0,425.0
78,site_PUNJAB_020,78,2102,SAFProductionSite,site_PUNJAB_020,PUNJAB,inv_02,91232.37005099095,78067.4781355386,13164.891915452361,0.0,0.0,1495.71,1.0,39186510.00999713,0,660.0,80586.22760630686,400.0,400.0
78,site_CHHATTISGARH_353,78,2102,SAFProductionSite,site_CHHATTISGARH_353,CHHATTISGARH,inv_08,94037.01029072775,87159.88013880658,6877.13015192117,0.0,0.0,1495.71,1.0,42434469.394792974,0,660.0,88943.40587327202,400.0,400.0
78,site_HARYANA_561,78,2102,SAFProductionSite,site_HARYANA_561,HARYANA,inv_11,91874.5273921891,83975.16263500438,7899.364757184725,0.0,0.0,1495.71,1.0,40479956.80449775,0,665.5,86794.79299914683,405.0,405.0
78,site_ODISHA_660,78,2102,SAFProductionSite,site_ODISHA_660,ODISHA,inv_12,91584.97313340973,79951.51282066264,11633.460312747091,0.0,0.0,1495.71,1.0,39397067.30001119,0,665.5,82790.61680406357,405.0,405.0
78,site_MADHYA_PRADESH_985,78,2102,SAFProductionSite,site_MADHYA_PRADESH_985,MADHYA_PRADESH,inv_15,92957.69457417233,86002.35709873681,6955.337475435517,0.0,0.0,1525.71,1.0,41416981.185238495,0,473.00000000000006,89643.16634783796,430.0,430.0
78,site_UTTAR_PRADESH_1102,78,2102,SAFProductionSite,site_UTTAR_PRADESH_1102,UTTAR_PRADESH,inv_16,90158.12181554204,79034.82657415708,11123.295241384956,0.0,0.0,1525.71,1.0,36149435.14071599,0,693.0,81352.07122253536,430.0,430.0
78,site_TELANGANA_1976,78,2102,SAFProductionSite,site_TELANGANA_1976,TELANGANA,inv_22,91508.84404062552,80607.84507771692,10900.998962908605,0.0,0.0,1525.71,1.0,40042175.67344566,0,478.50000000000006,82935.88904447402,435.0,435.0
78,site_KARNATAKA_2133,78,2102,SAFProductionSite,site_KARNATAKA_2133,KARNATAKA,inv_23,90931.8319272083,78359.0820075915,12572.749919616806,0.0,0.0,1540.71,1.0,38789278.25341128,0,489.50000000000006,81068.20775622556,445.0,445.0
78,site_GUJARAT_2323,78,2102,SAFProductionSite,site_GUJARAT_2323,GUJARAT,inv_24,90649.80619336123,79530.92240564567,11118.88378771556,0.0,0.0,1540.71,1.0,38236637.24563685,0,495.00000000000006,81791.23599805895,450.0,450.0
78,site_ANDHRA_PRADESH_3102,78,2102,SAFProductionSite,site_ANDHRA_PRADESH_3102,ANDHRA_PRADESH,inv_28,92897.1344027461,84506.1412905361,8390.993112209995,0.0,0.0,1540.71,1.0,39426450.108342156,0,495.00000000000006,87577.2346794002,450.0,450.0
78,site_WEST_BENGAL_3970,78,2102,SAFProductionSite,site_WEST_BENGAL_3970,WEST_BENGAL,inv_32,90728.21804531978,78894.3385494059,11833.879495913876,0.0,0.0,1540.71,1.0,37775646.70185016,0,500.50000000000006,81012.09935531624,455.0,455.0
78,site_MAHARASHTRA_4724,78,2102,SAFProductionSite,site_MAHARASHTRA_4724,MAHARASHTRA,inv_08,93867.04834806648,86965.879712917,6901.168635149486,0.0,0.0,1570.71,1.0,38021376.52161944,0,517.0,89480.06647619462,470.0,470.0
78,site_TAMIL_NADU_5371,78,2102,SAFProductionSite,site_TAMIL_NADU_5371,TAMIL_NADU,inv_38,91258.17186024965,78508.78098163639,12749.390878613267,0.0,0.0,1570.71,1.0,36143295.64741026,0,522.5,0.0,475.0,475.0
78,site_JHARKHAND_5884,78,2102,SAFProductionSite,site_JHARKHAND_5884,JHARKHAND,inv_40,93063.5498339357,84156.27824913287,8907.271584802831,0.0,0.0,1570.71,1.0,36620127.56029257,0,528.0,86449.84228604576,480.0,480.0
78,site_RAJASTHAN_6155,78,2102,SAFProductionSite,site_RAJASTHAN_6155,RAJASTHAN,inv_41,92416.86422399082,85155.08353886449,7261.78068512633,0.0,0.0,1570.71,1.0,35984857.18570234,0,533.5,88402.96940828537,485.0,485.0
78,site_PUNJAB_7292,78,2102,SAFProductionSite,site_PUNJAB_7292,PUNJAB,inv_45,92302.55726740025,84198.77504296562,8103.782224434632,0.0,0.0,1495.71,1.0,33118910.551435083,0,660.0,86006.65828641679,498.6076604281804,498.6076604281804
78,site_ODISHA_8598,78,2102,SAFProductionSite,site_ODISHA_8598,ODISHA,inv_11,91895.32696290447,79755.37008100198,12139.956881902486,0.0,0.0,1495.71,1.0,31850502.740564167,0,665.5,81879.09931081386,504.17011608971313,504.17011608971313
78,site_ASSAM_8835,78,2102,SAFProductionSite,site_ASSAM_8835,ASSAM,inv_50,93469.97326150296,85653.25238566754,7816.7208758354245,0.0,0.0,1615.71,1.0,33088611.194497943,0,572.0,88466.48986500646,520.0,520.0
78,site_CHHATTISGARH_9911,78,2102,SAFProductionSite,site_CHHATTISGARH_9911,CHHATTISGARH,inv_15,91493.30933010633,82052.19388492528,9441.115445181058,0.0,0.0,1495.71,1.0,31196066.73598452,0,660.0,84478.01361384983,516.8082427610875,516.8082427610875
78,site_HARYANA_10533,78,2102,SAFProductionSite,site_HARYANA_10533,HARYANA,inv_12,91832.20557519213,81981.22546627055,9850.980108921576,0.0,0.0,1495.71,1.0,31157863.611508235,0,665.5,83819.23967823775,516.6186116574544,516.6186116574544
78,site_KERALA_11160,78,2102,SAFProductionSite,site_KERALA_11160,KERALA,inv_08,90443.1994907591,79258.06411176997,11185.13537898913,0.0,0.0,1615.71,1.0,31266143.768498585,0,577.5,82284.23384153483,525.0,525.0
78,site_BIHAR_11867,78,2102,SAFProductionSite,site_BIHAR_11867,BIHAR,inv_16,91679.06582920489,84489.9137019966,7189.15212720829,0.0,0.0,1525.71,1.0,30240360.068246275,0,687.5,86975.8767962169,529.5823963585422,529.5823963585422
78,site_UTTAR_PRADESH_11884,78,2102,SAFProductionSite,site_UTTAR_PRADESH_11884,UTTAR_PRADESH,inv_22,90257.6143362883,77879.77063326021,12377.843703028091,0.0,0.0,1525.71,1.0,29177177.925554395,0,693.0,81496.2443076199,525.7952930296552,525.7952930296552
79,site_BIHAR_001,79,2103,SAFProductionSite,site_BIHAR_001,BIHAR,inv_01,84267.81048901232,79402.85615525406,4864.954333758258,0.0,0.0,1525.71,1.0,34590373.64509113,0,687.5,83040.55512610561,425.0,425.0
79,site_PUNJAB_020,79,2103,SAFProductionSite,site_PUNJAB_020,PUNJAB,inv_02,91232.37005099095,78922.38265416658,12309.987396824377,0.0,0.0,1495.71,1.0,39186510.00999713,0,660.0,80586.22760630686,400.0,400.0
79,site_CHHATTISGARH_353,79,2103,SAFProductionSite,site_CHHATTISGARH_353,CHHATTISGARH,inv_08,94433.98146521731,86874.40450886585,7559.576956351462,0.0,0.0,1495.71,1.0,42613603.77074146,0,660.0,88943.40587327202,400.0,400.0
79,site_HARYANA_561,79,2103,SAFProductionSite,site_HARYANA_561,HARYANA,inv_11,92627.87368132282,83712.49364253727,8915.380038785544,0.0,0.0,1495.71,1.0,40811881.507770345,0,665.5,86794.79299914683,405.0,405.0
79,site_ODISHA_660,79,2103,SAFProductionSite,site_ODISHA_660,ODISHA,inv_12,91584.97313340973,80857.59410017675,10727.37903323298,0.0,0.0,1495.71,1.0,39397067.30001119,0,665.5,82790.61680406357,405.0,405.0
79,site_MADHYA_PRADESH_985,79,2103,SAFProductionSite,site_MADHYA_PRADESH_985,MADHYA_PRADESH,inv_15,92957.69457417233,86055.8041763938,6901.890397778538,0.0,0.0,1525.71,1.0,41416981.185238495,0,473.00000000000006,89643.16634783796,430.0,430.0
79,site_UTTAR_PRADESH_1102,79,2103,SAFProductionSite,site_UTTAR_PRADESH_1102,UTTAR_PRADESH,inv_16,90774.03875202808,78222.63080101124,12551.407951016838,0.0,0.0,1525.71,1.0,36396390.69945228,0,693.0,81352.07122253536,430.0,430.0
79,site_TELANGANA_1976,79,2103,SAFProductionSite,site_TELANGANA_1976,TELANGANA,inv_22,90592.93377417895,79187.86666647106,11405.067107707888,0.0,0.0,1525.71,1.0,39641394.30444613,0,478.50000000000006,82935.88904447402,435.0,435.0
79,site_KARNATAKA_2133,79,2103,SAFProductionSite,site_KARNATAKA_2133,KARNATAKA,inv_23,91168.47463421803,79066.69251460534,12101.78211961269,0.0,0.0,1540.71,1.0,38890224.19955905,0,489.50000000000006,81068.20775622556,445.0,445.0
79,site_GUJARAT_2323,79,2103,SAFProductionSite,site_GUJARAT_2323,GUJARAT,inv_24,91869.91424995012,79483.4230526897,12386.491197260417,0.0,0.0,1540.71,1.0,38751286.21312338,0,495.00000000000006,81791.23599805895,450.0,450.0
79,site_ANDHRA_PRADESH_3102,79,2103,SAFProductionSite,site_ANDHRA_PRADESH_3102,ANDHRA_PRADESH,inv_28,91655.09046645743,83376.28576760879,8278.804698848646,0.0,0.0,1540.71,1.0,38899314.544890285,0,495.00000000000006,87577.2346794002,450.0,450.0
79,site_WEST_BENGAL_3970,79,2103,SAFProductionSite,site_WEST_BENGAL_3970,WEST_BENGAL,inv_32,90676.26686328283,77895.99144129365,12780.27542198918,0.0,0.0,1540.71,1.0,37754016.281451166,0,500.50000000000006,81012.09935531624,455.0,455.0
79,site_MAHARASHTRA_4724,79,2103,SAFProductionSite,site_MAHARASHTRA_4724,MAHARASHTRA,inv_08,93381.11846483457,86280.48167336515,7100.636791469413,0.0,0.0,1570.71,1.0,37824547.88602671,0,517.0,89480.06647619462,470.0,470.0
79,site_TAMIL_NADU_5371,79,2103,SAFProductionSite,site_TAMIL_NADU_5371,TAMIL_NADU,inv_38,91061.27757525031,78339.3941751461,12721.883400104212,0.0,0.0,1570.71,1.0,36065314.59421849,0,522.5,81169.35285207584,475.0,475.0
79,site_JHARKHAND_5884,79,2103,SAFProductionSite,site_JHARKHAND_5884,JHARKHAND,inv_40,93389.74321469548,84310.28745637754,9079.455758317941,0.0,0.0,1570.71,1.0,36748483.32615431,0,528.0,86449.84228604576,480.0,480.0
79,site_RAJASTHAN_6155,79,2103,SAFProductionSite,site_RAJASTHAN_6155,RAJASTHAN,inv_41,92805.18220436928,84999.77169120713,7805.410513162147,0.0,0.0,1570.71,1.0,36136058.67023544,0,533.5,88402.96940828537,485.0,485.0
79,site_PUNJAB_7292,79,2103,SAFProductionSite,site_PUNJAB_7292,PUNJAB,inv_45,91838.51972915593,82448.42895928469,9390.09076987124,0.0,0.0,1495.71,1.0,32952410.09709668,0,660.0,86006.65828641679,498.6076604281804,498.6076604281804
79,site_ODISHA_8598,79,2103,SAFProductionSite,site_ODISHA_8598,ODISHA,inv_11,90689.78355029346,78524.798144343,12164.985405950458,0.0,0.0,1495.71,1.0,31432666.871905297,0,665.5,81879.09931081386,504.17011608971313,504.17011608971313
79,site_ASSAM_8835,79,2103,SAFProductionSite,site_ASSAM_8835,ASSAM,inv_50,92591.9790136495,84848.68317182857,7743.295841820931,0.0,0.0,1615.71,1.0,32777798.970159844,0,572.0,88466.48986500646,520.0,520.0
79,site_CHHATTISGARH_9911,79,2103,SAFProductionSite,site_CHHATTISGARH_9911,CHHATTISGARH,inv_15,92092.66757011434,81597.73294707427,10494.93462304007,0.0,0.0,1495.71,1.0,31400427.249239013,0,660.0,84478.01361384983,516.8082427610875,516.8082427610875
79,site_HARYANA_10533,79,2103,SAFProductionSite,site_HARYANA_10533,HARYANA,inv_12,92586.85042701616,81564.94242191417,11021.908005102,0.0,0.0,1495.71,1.0,31413908.004877493,0,665.5,83819.23967823775,516.6186116574544,516.6186116574544
79,site_KERALA_11160,79,2103,SAFProductionSite,site_KERALA_11160,KERALA,inv_08,90532.37792228855,78675.25057691585,11857.127345372704,0.0,0.0,1615.71,1.0,31296972.68296589,0,577.5,82284.23384153483,525.0,525.0
79,site_BIHAR_11867,79,2103,SAFProductionSite,site_BIHAR_11867,BIHAR,inv_16,91683.01103337304,82984.50392897589,8698.507104397155,0.0,0.0,1525.71,1.0,30241661.394710585,0,687.5,0.0,529.5823963585422,529.5823963585422
79,site_UTTAR_PRADESH_11884,79,2103,SAFProductionSite,site_UTTAR_PRADESH_11884,UTTAR_PRADESH,inv_22,90257.6143362883,78677.75025001765,11579.864086270652,0.0,0.0,1525.71,1.0,29177177.925554395,0,693.0,0.0,525.7952930296552,525.7952930296552
80,site_BIHAR_001,80,2104,SAFProductionSite,site_BIHAR_001,BIHAR,inv_01,84216.50167743694,79354.50950709298,4861.992170343961,0.0,0.0,1525.71,1.0,34569312.32934815,0,687.5,83040.55512610561,425.0,425.0
80,site_PUNJAB_020,80,2104,SAFProductionSite,site_PUNJAB_020,PUNJAB,inv_02,91030.02199963247,77894.32904310168,13135.692956530795,0.0,0.0,1495.71,1.0,39099596.62677987,0,660.0,80586.22760630686,400.0,400.0
80,site_CHHATTISGARH_353,80,2104,SAFProductionSite,site_CHHATTISGARH_353,CHHATTISGARH,inv_08,92673.25110571065,85254.62316416884,7418.62794154181,0.0,0.0,1495.71,1.0,41819069.168652624,0,660.0,88943.40587327202,400.0,400.0
80,site_HARYANA_561,80,2104,SAFProductionSite,site_HARYANA_561,HARYANA,inv_11,91939.82081481544,83090.66547220282,8849.15534261262,0.0,0.0,1495.71,1.0,40508725.114959374,0,665.5,86794.79299914683,405.0,405.0
80,site_ODISHA_660,80,2104,SAFProductionSite,site_ODISHA_660,ODISHA,inv_12,91923.20146889196,80246.77814831883,11676.423320573129,0.0,0.0,1495.71,1.0,39542562.8331742,0,665.5,82790.61680406357,405.0,405.0
80,site_MADHYA_PRADESH_985,80,2104,SAFProductionSite,site_MADHYA_PRADESH_985,MADHYA_PRADESH,inv_15,93015.4641201281,87063.97613906245,5951.487981065657,0.0,0.0,1525.71,1.0,41442720.20780021,0,473.00000000000006,89643.16634783796,430.0,430.0
80,site_UTTAR_PRADESH_1102,80,2104,SAFProductionSite,site_UTTAR_PRADESH_1102,UTTAR_PRADESH,inv_16,90774.03875202808,79197.3604722043,11576.678279823784,0.0,0.0,1525.71,1.0,36396390.69945228,0,693.0,81352.07122253536,430.0,430.0
80,site_TELANGANA_1976,80,2104,SAFProductionSite,site_TELANGANA_1976,TELANGANA,inv_22,90592.93377417895,80536.52457340423,10056.409200774724,0.0,0.0,1525.71,1.0,39641394.30444613,0,478.50000000000006,82935.88904447402,435.0,435.0
80,site_KARNATAKA_2133,80,2104,SAFProductionSite,site_KARNATAKA_2133,KARNATAKA,inv_23,89805.54636688955,77187.648479735,12617.897887154555,0.0,0.0,1540.71,1.0,38308832.59355727,0,489.50000000000006,81068.20775622556,445.0,445.0
80,site_GUJARAT_2323,80,2104,SAFProductionSite,site_GUJARAT_2323,GUJARAT,inv_24,91869.91424995012,79726.21192008325,12143.702329866865,0.0,0.0,1540.71,1.0,38751286.21312338,0,495.00000000000006,81791.23599805895,450.0,450.0
80,site_ANDHRA_PRADESH_3102,80,2104,SAFProductionSite,site_ANDHRA_PRADESH_3102,ANDHRA_PRADESH,inv_28,91655.09046645743,83458.26910072495,8196.821365732481,0.0,0.0,1540.71,1.0,38899314.544890285,0,495.00000000000006,87577.2346794002,450.0,450.0
80,site_WEST_BENGAL_3970,80,2104,SAFProductionSite,site_WEST_BENGAL_3970,WEST_BENGAL,inv_32,90214.5280671782,77499.33195636238,12715.196110815814,0.0,0.0,1540.71,1.0,37561766.48303151,0,500.50000000000006,81012.09935531624,455.0,455.0
80,site_MAHARASHTRA_4724,80,2104,SAFProductionSite,site_MAHARASHTRA_4724,MAHARASHTRA,inv_08,93381.11846483457,87304.18453463592,6076.933930198647,0.0,0.0,1570.71,1.0,37824547.88602671,0,517.0,89480.06647619462,470.0,470.0
80,site_TAMIL_NADU_5371,80,2104,SAFProductionSite,site_TAMIL_NADU_5371,TAMIL_NADU,inv_38,90943.61067095042,78238.16614230085,12705.444528649576,0.0,0.0,1570.71,1.0,36018711.976356074,0,522.5,81169.35285207584,475.0,475.0
80,site_JHARKHAND_5884,80,2104,SAFProductionSite,site_JHARKHAND_5884,JHARKHAND,inv_40,93560.65001590525,84569.04444679245,8991.605569112799,0.0,0.0,1570.71,1.0,36815734.45586501,0,528.0,0.0,480.0,480.0
80,site_RAJASTHAN_6155,80,2104,SAFProductionSite,site_RAJASTHAN_6155,RAJASTHAN,inv_41,91789.3177356562,84069.34683928807,7719.970896368119,0.0,0.0,1570.71,1.0,35740505.99558428,0,533.5,88402.96940828537,485.0,485.0
80,site_PUNJAB_7292,80,2104,SAFProductionSite,site_PUNJAB_7292,PUNJAB,inv_45,91838.51972915593,82800.86201087898,9037.657718276954,0.0,0.0,1495.71,1.0,32952410.09709668,0,660.0,86006.65828641679,498.6076604281804,498.6076604281804
80,site_ODISHA_8598,80,2104,SAFProductionSite,site_ODISHA_8598,ODISHA,inv_11,90689.78355029346,79824.51455474341,10865.268995550054,0.0,0.0,1495.71,1.0,31432666.871905297,0,665.5,81879.09931081386,504.17011608971313,504.17011608971313
80,site_ASSAM_8835,80,2104,SAFProductionSite,site_ASSAM_8835,ASSAM,inv_50,92444.19168797268,84713.25502668312,7730.936661289554,0.0,0.0,1615.71,1.0,32725481.876357824,0,572.0,88466.48986500646,520.0,520.0
80,site_CHHATTISGARH_9911,80,2104,SAFProductionSite,site_CHHATTISGARH_9911,CHHATTISGARH,inv_15,91688.40570903386,81239.54100572327,10448.864703310595,0.0,0.0,1495.71,1.0,31262587.88055274,0,660.0,84478.01361384983,516.8082427610875,516.8082427610875
80,site_HARYANA_10533,80,2104,SAFProductionSite,site_HARYANA_10533,HARYANA,inv_12,92347.28410461081,81353.89503016142,10993.389074449384,0.0,0.0,1495.71,1.0,31332625.248434216,0,665.5,83819.23967823775,516.6186116574544,516.6186116574544
80,site_KERALA_11160,80,2104,SAFProductionSite,site_KERALA_11160,KERALA,inv_08,90532.37792228855,80245.00647202485,10287.371450263701,0.0,0.0,1615.71,1.0,31296972.68296589,0,577.5,82284.23384153483,525.0,525.0
80,site_BIHAR_11867,80,2104,SAFProductionSite,site_BIHAR_11867,BIHAR,inv_16,91371.81713069428,82702.83482421537,8668.982306478909,0.0,0.0,1525.71,1.0,30139014.017330244,0,687.5,86975.8767962169,529.5823963585422,529.5823963585422
80,site_UTTAR_PRADESH_11884,80,2104,SAFProductionSite,site_UTTAR_PRADESH_11884,UTTAR_PRADESH,inv_22,91182.42107251607,78741.65738665308,12440.763685862985,0.0,0.0,1525.71,1.0,29476136.089783445,0,693.0,81496.2443076199,525.7952930296552,525.7952930296552
81,site_BIHAR_001,81,2105,SAFProductionSite,site_BIHAR_001,BIHAR,inv_01,84216.50167743694,80005.86345212843,4210.638225308518,0.0,0.0,1525.71,1.0,34569312.32934815,0,687.5,83040.55512610561,425.0,425.0
81,site_PUNJAB_020,81,2105,SAFProductionSite,site_PUNJAB_020,PUNJAB,inv_02,90481.56820631726,77425.0174983719,13056.550707945353,0.0,0.0,1495.71,1.0,38864022.45447944,0,660.0,80586.22760630686,400.0,400.0
81,site_CHHATTISGARH_353,81,2105,SAFProductionSite,site_CHHATTISGARH_353,CHHATTISGARH,inv_08,92673.25110571065,86775.00516675181,5898.245938958833,0.0,0.0,1495.71,1.0,41819069.168652624,0,660.0,88943.40587327202,400.0,400.0
81,site_HARYANA_561,81,2105,SAFProductionSite,site_HARYANA_561,HARYANA,inv_11,91939.82081481544,83468.36654564644,8471.454269169,0.0,0.0,1495.71,1.0,40508725.114959374,0,665.5,86794.79299914683,405.0,405.0
81,site_ODISHA_660,81,2105,SAFProductionSite,site_ODISHA_660,ODISHA,inv_12,91923.20146889196,80286.29144209309,11636.910026798869,0.0,0.0,1495.71,1.0,39542562.8331742,0,665.5,82790.61680406357,405.0,405.0
81,site_MADHYA_PRADESH_985,81,2105,SAFProductionSite,site_MADHYA_PRADESH_985,MADHYA_PRADESH,inv_15,92643.04372482913,85711.2492476805,6931.794477148622,0.0,0.0,1525.71,1.0,41276789.581231266,0,473.00000000000006,89643.16634783796,430.0,430.0
81,site_UTTAR_PRADESH_1102,81,2105,SAFProductionSite,site_UTTAR_PRADESH_1102,UTTAR_PRADESH,inv_16,91011.934171269,78427.63220674761,12584.301964521379,0.0,0.0,1525.71,1.0,36491776.28263597,0,693.0,81352.07122253536,430.0,430.0
81,site_TELANGANA_1976,81,2105,SAFProductionSite,site_TELANGANA_1976,TELANGANA,inv_22,92135.83272562336,80722.66881666028,11413.163908963077,0.0,0.0,1525.71,1.0,40316531.57131712,0,478.50000000000006,82935.88904447402,435.0,435.0
81,site_KARNATAKA_2133,81,2105,SAFProductionSite,site_KARNATAKA_2133,KARNATAKA,inv_23,89805.54636688955,77496.10915057953,12309.43721631002,0.0,0.0,1540.71,1.0,38308832.59355727,0,489.50000000000006,81068.20775622556,445.0,445.0
81,site_GUJARAT_2323,81,2105,SAFProductionSite,site_GUJARAT_2323,GUJARAT,inv_24,91827.8158404533,79447.0006208283,12380.815219625001,0.0,0.0,1540.71,1.0,38733528.8490413,0,495.00000000000006,81791.23599805895,450.0,450.0
81,site_ANDHRA_PRADESH_3102,81,2105,SAFProductionSite,site_ANDHRA_PRADESH_3102,ANDHRA_PRADESH,inv_28,91745.21429176728,85588.35643954457,6156.8578522227035,0.0,0.0,1540.71,1.0,38937563.9755643,0,495.00000000000006,87577.2346794002,450.0,450.0
81,site_WEST_BENGAL_3970,81,2105,SAFProductionSite,site_WEST_BENGAL_3970,WEST_BENGAL,inv_32,90214.5280671782,77911.90153461439,12302.626532563809,0.0,0.0,1540.71,1.0,37561766.48303151,0,500.50000000000006,81012.09935531624,455.0,455.0
81,site_MAHARASHTRA_4724,81,2105,SAFProductionSite,site_MAHARASHTRA_4724,MAHARASHTRA,inv_08,94019.34815988007,86870.18081610468,7149.1673437753925,0.0,0.0,1570.71,1.0,38083066.41803193,0,517.0,89480.06647619462,470.0,470.0
81,site_TAMIL_NADU_5371,81,2105,SAFProductionSite,site_TAMIL_NADU_5371,TAMIL_NADU,inv_38,89829.689490663,77279.86737089971,12549.822119763296,0.0,0.0,1570.71,1.0,35577537.43027055,0,522.5,81169.35285207584,475.0,475.0
81,site_JHARKHAND_5884,81,2105,SAFProductionSite,site_JHARKHAND_5884,JHARKHAND,inv_40,91631.64175090537,82572.00067341675,9059.641077488617,0.0,0.0,1570.71,1.0,36056677.565651774,0,528.0,86449.84228604576,480.0,480.0
81,site_RAJASTHAN_6155,81,2105,SAFProductionSite,site_RAJASTHAN_6155,RAJASTHAN,inv_41,91789.3177356562,84489.7367505194,7299.580985136796,0.0,0.0,1570.71,1.0,35740505.99558428,0,533.5,0.0,485.0,485.0
81,site_PUNJAB_7292,81,2105,SAFProductionSite,site_PUNJAB_7292,PUNJAB,inv_45,92059.52787002955,82646.83997522855,9412.687894800998,0.0,0.0,1495.71,1.0,33031709.621025667,0,660.0,86006.65828641679,498.6076604281804,498.6076604281804
81,site_ODISHA_8598,81,2105,SAFProductionSite,site_ODISHA_8598,ODISHA,inv_11,91829.94167869847,79512.01724864249,12317.92443005598,0.0,0.0,1495.71,1.0,31827840.49817793,0,665.5,81879.09931081386,504.17011608971313,504.17011608971313
81,site_ASSAM_8835,81,2105,SAFProductionSite,site_ASSAM_8835,ASSAM,inv_50,92444.19168797268,85459.47086405898,6984.720823913696,0.0,0.0,1615.71,1.0,32725481.876357824,0,572.0,88466.48986500646,520.0,520.0
81,site_CHHATTISGARH_9911,81,2105,SAFProductionSite,site_CHHATTISGARH_9911,CHHATTISGARH,inv_15,91688.40570903386,81524.08681784193,10164.318891191928,0.0,0.0,1495.71,1.0,31262587.88055274,0,660.0,84478.01361384983,516.8082427610875,516.8082427610875
81,site_HARYANA_10533,81,2105,SAFProductionSite,site_HARYANA_10533,HARYANA,inv_12,92347.28410461081,82059.71616090821,10287.567943702597,0.0,0.0,1495.71,1.0,31332625.248434216,0,665.5,83819.23967823775,516.6186116574544,516.6186116574544
81,site_KERALA_11160,81,2105,SAFProductionSite,site_KERALA_11160,KERALA,inv_08,92171.1347234433,80099.37755694664,12071.757166496667,0.0,0.0,1615.71,1.0,31863489.63542889,0,577.5,82284.23384153483,525.0,525.0
81,site_BIHAR_11867,81,2105,SAFProductionSite,site_BIHAR_11867,BIHAR,inv_16,91371.81713069428,83807.32123975216,7564.495890942126,0.0,0.0,1525.71,1.0,30139014.017330244,0,687.5,86975.8767962169,529.5823963585422,529.5823963585422
81,site_UTTAR_PRADESH_11884,81,2105,SAFProductionSite,site_UTTAR_PRADESH_11884,UTTAR_PRADESH,inv_22,91256.48530825887,79184.24549430273,12072.239813956141,0.0,0.0,1525.71,1.0,29500078.506166562,0,693.0,81496.2443076199,525.7952930296552,525.7952930296552
82,site_BIHAR_001,82,2106,SAFProductionSite,site_BIHAR_001,BIHAR,inv_01,84907.76359746406,80367.1022636859,4540.66133377816,0.0,0.0,1525.71,1.0,34853062.52959193,0,687.5,83040.55512610561,425.0,425.0
82,site_PUNJAB_020,82,2106,SAFProductionSite,site_PUNJAB_020,PUNJAB,inv_02,90359.79307617928,77320.81460082375,13038.978475355529,0.0,0.0,1495.71,1.0,38811717.09012845,0,660.0,80586.22760630686,400.0,400.0
82,site_CHHATTISGARH_353,82,2106,SAFProductionSite,site_CHHATTISGARH_353,CHHATTISGARH,inv_08,94322.65224059345,86771.98734987744,7550.664890716012,0.0,0.0,1495.71,1.0,42563366.1402549,0,660.0,88943.40587327202,400.0,400.0
82,site_HARYANA_561,82,2106,SAFProductionSite,site_HARYANA_561,HARYANA,inv_11,92357.74705017082,83721.0417394194,8636.705310751422,0.0,0.0,1495.71,1.0,40692863.59637365,0,665.5,86794.79299914683,405.0,405.0
82,site_ODISHA_660,82,2106,SAFProductionSite,site_ODISHA_660,ODISHA,inv_12,91163.94500556405,79583.9652349656,11579.979770598453,0.0,0.0,1495.71,1.0,39215953.81686619,0,665.5,82790.61680406357,405.0,405.0
82,site_MADHYA_PRADESH_985,82,2106,SAFProductionSite,site_MADHYA_PRADESH_985,MADHYA_PRADESH,inv_15,92643.04372482913,87254.55824568213,5388.485479146999,0.0,0.0,1525.71,1.0,41276789.581231266,0,473.00000000000006,89643.16634783796,430.0,430.0
82,site_UTTAR_PRADESH_1102,82,2106,SAFProductionSite,site_UTTAR_PRADESH_1102,UTTAR_PRADESH,inv_16,89830.908254628,77409.90780543281,12421.000449195184,0.0,0.0,1525.71,1.0,36018236.91742532,0,693.0,81352.07122253536,430.0,430.0
82,site_TELANGANA_1976,82,2106,SAFProductionSite,site_TELANGANA_1976,TELANGANA,inv_22,91639.78019766827,80102.92186503857,11536.858332629694,0.0,0.0,1525.71,1.0,40099470.338866025,0,478.50000000000006,82935.88904447402,435.0,435.0
82,site_KARNATAKA_2133,82,2106,SAFProductionSite,site_KARNATAKA_2133,KARNATAKA,inv_23,90164.43123543382,79292.47849943806,10871.952735995757,0.0,0.0,1540.71,1.0,38461924.03284603,0,489.50000000000006,81068.20775622556,445.0,445.0
82,site_GUJARAT_2323,82,2106,SAFProductionSite,site_GUJARAT_2323,GUJARAT,inv_24,89857.48205878421,77742.3198795649,12115.162179219318,0.0,0.0,1540.71,1.0,37902430.127199546,0,495.00000000000006,81791.23599805895,450.0,450.0
82,site_ANDHRA_PRADESH_3102,82,2106,SAFProductionSite,site_ANDHRA_PRADESH_3102,ANDHRA_PRADESH,inv_28,92557.2820101279,84196.9862827615,8360.295727366407,0.0,0.0,1540.71,1.0,39282213.43744904,0,495.00000000000006,87577.2346794002,450.0,450.0
82,site_WEST_BENGAL_3970,82,2106,SAFProductionSite,site_WEST_BENGAL_3970,WEST_BENGAL,inv_32,90694.78730112665,79354.20371175533,11340.583589371323,0.0,0.0,1540.71,1.0,37761727.46030846,0,500.50000000000006,81012.09935531624,455.0,455.0
82,site_MAHARASHTRA_4724,82,2106,SAFProductionSite,site_MAHARASHTRA_4724,MAHARASHTRA,inv_08,93714.39913197041,86588.41990505092,7125.979226919488,0.0,0.0,1570.71,1.0,37959545.0970348,0,517.0,89480.06647619462,470.0,470.0
82,site_TAMIL_NADU_5371,82,2106,SAFProductionSite,site_TAMIL_NADU_5371,TAMIL_NADU,inv_38,89820.65359681204,77272.09385323156,12548.559743580481,0.0,0.0,1570.71,1.0,35573958.715332076,0,522.5,81169.35285207584,475.0,475.0
82,site_JHARKHAND_5884,82,2106,SAFProductionSite,site_JHARKHAND_5884,JHARKHAND,inv_40,91631.64175090537,84436.23878281967,7195.402968085706,0.0,0.0,1570.71,1.0,36056677.565651774,0,528.0,86449.84228604576,480.0,480.0
82,site_RAJASTHAN_6155,82,2106,SAFProductionSite,site_RAJASTHAN_6155,RAJASTHAN,inv_41,92248.31146625626,86568.35174507282,5679.959721183433,0.0,0.0,1570.71,1.0,35919226.88146876,0,533.5,88402.96940828537,485.0,485.0
82,site_PUNJAB_7292,82,2106,SAFProductionSite,site_PUNJAB_7292,PUNJAB,inv_45,91922.84512122639,82524.13244533922,9398.712675887175,0.0,0.0,1495.71,1.0,32982666.73569776,0,660.0,86006.65828641679,498.6076604281804,498.6076604281804
82,site_ODISHA_8598,82,2106,SAFProductionSite,site_ODISHA_8598,ODISHA,inv_11,91829.94167869847,79759.38498905592,12070.556689642544,0.0,0.0,1495.71,1.0,31827840.49817793,0,665.5,81879.09931081386,504.17011608971313,504.17011608971313
82,site_ASSAM_8835,82,2106,SAFProductionSite,site_ASSAM_8835,ASSAM,inv_50,92357.38672450963,84633.70940166162,7723.677322848016,0.0,0.0,1615.71,1.0,32694752.69579257,0,572.0,88466.48986500646,520.0,520.0
82,site_CHHATTISGARH_9911,82,2106,SAFProductionSite,site_CHHATTISGARH_9911,CHHATTISGARH,inv_15,92009.54922537284,81535.89769735659,10473.651528016257,0.0,0.0,1495.71,1.0,31372086.756928414,0,660.0,84478.01361384983,516.8082427610875,516.8082427610875
82,site_HARYANA_10533,82,2106,SAFProductionSite,site_HARYANA_10533,HARYANA,inv_12,91386.31714687473,80507.32541238518,10878.991734489551,0.0,0.0,1495.71,1.0,31006577.57031557,0,665.5,83819.23967823775,516.6186116574544,516.6186116574544
82,site_KERALA_11160,82,2106,SAFProductionSite,site_KERALA_11160,KERALA,inv_08,91981.41214464148,79934.50315764449,12046.90898699699,0.0,0.0,1615.71,1.0,31797902.68739581,0,577.5,82284.23384153483,525.0,525.0
82,site_BIHAR_11867,82,2106,SAFProductionSite,site_BIHAR_11867,BIHAR,inv_16,92592.0767626436,84522.09932547636,8069.977437167239,0.0,0.0,1525.71,1.0,30541516.925852865,0,687.5,86975.8767962169,529.5823963585422,529.5823963585422
82,site_UTTAR_PRADESH_11884,82,2106,SAFProductionSite,site_UTTAR_PRADESH_11884,UTTAR_PRADESH,inv_22,89762.42348814213,77452.4897887918,12309.933699350324,0.0,0.0,1525.71,1.0,29017099.780461445,0,693.0,81496.2443076199,525.7952930296552,525.7952930296552
83,site_BIHAR_001,83,2107,SAFProductionSite,site_BIHAR_001,BIHAR,inv_01,85291.13524412221,81223.2722741449,4067.8629699773155,0.0,0.0,1525.71,1.0,35010429.48176363,0,687.5,83040.55512610561,425.0,425.0
83,site_PUNJAB_020,83,2107,SAFProductionSite,site_PUNJAB_020,PUNJAB,inv_02,90359.79307617928,77815.3989495316,12544.394126647676,0.0,0.0,1495.71,1.0,38811717.09012845,0,660.0,80586.22760630686,400.0,400.0
83,site_CHHATTISGARH_353,83,2107,SAFProductionSite,site_CHHATTISGARH_353,CHHATTISGARH,inv_08,92446.49630662208,85046.02041508743,7400.4758915346465,0.0,0.0,1495.71,1.0,41716745.41811763,0,660.0,88943.40587327202,400.0,400.0
83,site_HARYANA_561,83,2107,SAFProductionSite,site_HARYANA_561,HARYANA,inv_11,92637.33215046834,84277.18558355217,8360.14656691617,0.0,0.0,1495.71,1.0,40816048.913397506,0,665.5,86794.79299914683,405.0,405.0
83,site_ODISHA_660,83,2107,SAFProductionSite,site_ODISHA_660,ODISHA,inv_12,90175.6907147248,78721.24264084513,11454.44807387967,0.0,0.0,1495.71,1.0,38790836.906595275,0,665.5,82790.61680406357,405.0,405.0
83,site_MADHYA_PRADESH_985,83,2107,SAFProductionSite,site_MADHYA_PRADESH_985,MADHYA_PRADESH,inv_15,93445.75766765431,86453.90203694372,6991.85563071059,0.0,0.0,1525.71,1.0,41634436.01834887,0,473.00000000000006,89643.16634783796,430.0,430.0
83,site_UTTAR_PRADESH_1102,83,2107,SAFProductionSite,site_UTTAR_PRADESH_1102,UTTAR_PRADESH,inv_16,89830.908254628,78868.33224172567,10962.576012902326,0.0,0.0,1525.71,1.0,36018236.91742532,0,693.0,81352.07122253536,430.0,430.0
83,site_TELANGANA_1976,83,2107,SAFProductionSite,site_TELANGANA_1976,TELANGANA,inv_22,90827.75074758225,79393.12169471903,11434.629052863223,0.0,0.0,1525.71,1.0,39744144.83745414,0,478.50000000000006,0.0,435.0,435.0
83,site_KARNATAKA_2133,83,2107,SAFProductionSite,site_KARNATAKA_2133,KARNATAKA,inv_23,90445.28653996618,77737.503601111,12707.782938855176,0.0,0.0,1540.71,1.0,38581729.98336482,0,489.50000000000006,81068.20775622556,445.0,445.0
83,site_GUJARAT_2323,83,2107,SAFProductionSite,site_GUJARAT_2323,GUJARAT,inv_24,89857.48205878421,78136.45606754019,11721.025991244023,0.0,0.0,1540.71,1.0,37902430.127199546,0,495.00000000000006,81791.23599805895,450.0,450.0
83,site_ANDHRA_PRADESH_3102,83,2107,SAFProductionSite,site_ANDHRA_PRADESH_3102,ANDHRA_PRADESH,inv_28,92557.2820101279,84982.15745424455,7575.124555883362,0.0,0.0,1540.71,1.0,39282213.43744904,0,495.00000000000006,87577.2346794002,450.0,450.0
83,site_WEST_BENGAL_3970,83,2107,SAFProductionSite,site_WEST_BENGAL_3970,WEST_BENGAL,inv_32,90049.35404842916,77357.43822390206,12691.915824527096,0.0,0.0,1540.71,1.0,37492994.545138165,0,500.50000000000006,81012.09935531624,455.0,455.0
83,site_MAHARASHTRA_4724,83,2107,SAFProductionSite,site_MAHARASHTRA_4724,MAHARASHTRA,inv_08,92942.56143396081,85875.27222110015,7067.289212860662,0.0,0.0,1570.71,1.0,37646907.89104974,0,517.0,89480.06647619462,470.0,470.0
83,site_TAMIL_NADU_5371,83,2107,SAFProductionSite,site_TAMIL_NADU_5371,TAMIL_NADU,inv_38,89820.65359681204,78563.62495345333,11257.028643358717,0.0,0.0,1570.71,1.0,35573958.715332076,0,522.5,81169.35285207584,475.0,475.0
83,site_JHARKHAND_5884,83,2107,SAFProductionSite,site_JHARKHAND_5884,JHARKHAND,inv_40,91452.00433612877,82410.12405033685,9041.880285791922,0.0,0.0,1570.71,1.0,35985990.975085855,0,528.0,86449.84228604576,480.0,480.0
83,site_RAJASTHAN_6155,83,2107,SAFProductionSite,site_RAJASTHAN_6155,RAJASTHAN,inv_41,94017.27633069972,86109.92224055319,7907.354090146531,0.0,0.0,1570.71,1.0,36608018.35419436,0,533.5,88402.96940828537,485.0,485.0
83,site_PUNJAB_7292,83,2107,SAFProductionSite,site_PUNJAB_7292,PUNJAB,inv_45,91922.84512122639,83295.62659889487,8627.218522331517,0.0,0.0,1495.71,1.0,32982666.73569776,0,660.0,86006.65828641679,498.6076604281804,498.6076604281804
83,site_ODISHA_8598,83,2107,SAFProductionSite,site_ODISHA_8598,ODISHA,inv_11,91095.40057844637,78876.00634015871,12219.394238287656,0.0,0.0,1495.71,1.0,31573251.89068453,0,665.5,81879.09931081386,504.17011608971313,504.17011608971313
83,site_ASSAM_8835,83,2107,SAFProductionSite,site_ASSAM_8835,ASSAM,inv_50,92357.38672450963,85925.80823605203,6431.578488457599,0.0,0.0,1615.71,1.0,32694752.69579257,0,572.0,88466.48986500646,520.0,520.0
83,site_CHHATTISGARH_9911,83,2107,SAFProductionSite,site_CHHATTISGARH_9911,CHHATTISGARH,inv_15,91756.1136750154,81299.5329320332,10456.580742982202,0.0,0.0,1495.71,1.0,31285673.96456021,0,660.0,84478.01361384983,516.8082427610875,516.8082427610875
83,site_HARYANA_10533,83,2107,SAFProductionSite,site_HARYANA_10533,HARYANA,inv_12,91264.97827551042,80400.43120429058,10864.547071219844,0.0,0.0,1495.71,1.0,30965408.353252053,0,665.5,83819.23967823775,516.6186116574544,516.6186116574544
83,site_KERALA_11160,83,2107,SAFProductionSite,site_KERALA_11160,KERALA,inv_08,91981.41214464148,80236.65053680181,11744.761607839668,0.0,0.0,1615.71,1.0,31797902.68739581,0,577.5,82284.23384153483,525.0,525.0
83,site_BIHAR_11867,83,2107,SAFProductionSite,site_BIHAR_11867,BIHAR,inv_16,91363.10005786091,82694.94479140955,8668.155266451358,0.0,0.0,1525.71,1.0,30136138.68893504,0,687.5,86975.8767962169,529.5823963585422,529.5823963585422
83,site_UTTAR_PRADESH_11884,83,2107,SAFProductionSite,site_UTTAR_PRADESH_11884,UTTAR_PRADESH,inv_22,89762.42348814213,78576.96344641529,11185.460041726838,0.0,0.0,1525.71,1.0,29017099.780461445,0,693.0,81496.2443076199,525.7952930296552,525.7952930296552
84,site_BIHAR_001,84,2108,SAFProductionSite,site_BIHAR_001,BIHAR,inv_01,85178.0905681628,80260.58388979873,4917.50667836408,0.0,0.0,1525.71,1.0,34964026.738446444,0,687.5,0.0,425.0,425.0
84,site_PUNJAB_020,84,2108,SAFProductionSite,site_PUNJAB_020,PUNJAB,inv_02,90937.78154718385,78010.98511958052,12926.79642760333,0.0,0.0,1495.71,1.0,39059977.120992765,0,660.0,0.0,400.0,400.0
84,site_CHHATTISGARH_353,84,2108,SAFProductionSite,site_CHHATTISGARH_353,CHHATTISGARH,inv_08,92446.49630662208,86179.93178025105,6266.564526371032,0.0,0.0,1495.71,1.0,41716745.41811763,0,660.0,88943.40587327202,400.0,400.0
84,site_HARYANA_561,84,2108,SAFProductionSite,site_HARYANA_561,HARYANA,inv_11,93113.68538966372,84151.54625089007,8962.139138773651,0.0,0.0,1495.71,1.0,41025930.35816401,0,665.5,86794.79299914683,405.0,405.0
84,site_ODISHA_660,84,2108,SAFProductionSite,site_ODISHA_660,ODISHA,inv_12,90175.6907147248,79930.73346346029,10244.95725126451,0.0,0.0,1495.71,1.0,38790836.906595275,0,665.5,82790.61680406357,405.0,405.0
84,site_MADHYA_PRADESH_985,84,2108,SAFProductionSite,site_MADHYA_PRADESH_985,MADHYA_PRADESH,inv_15,92318.73788230142,85411.20881524465,6907.529067056763,0.0,0.0,1525.71,1.0,41132296.22820909,0,473.00000000000006,89643.16634783796,430.0,430.0
84,site_UTTAR_PRADESH_1102,84,2108,SAFProductionSite,site_UTTAR_PRADESH_1102,UTTAR_PRADESH,inv_16,90143.28074626216,77679.08827180206,12464.192474460098,0.0,0.0,1525.71,1.0,36143484.52572371,0,693.0,81352.07122253536,430.0,430.0
84,site_TELANGANA_1976,84,2108,SAFProductionSite,site_TELANGANA_1976,TELANGANA,inv_22,90827.75074758225,80205.68850787065,10622.062239711595,0.0,0.0,1525.71,1.0,39744144.83745414,0,478.50000000000006,82935.88904447402,435.0,435.0
84,site_KARNATAKA_2133,84,2108,SAFProductionSite,site_KARNATAKA_2133,KARNATAKA,inv_23,90445.28653996618,77948.39928276498,12496.887257201204,0.0,0.0,1540.71,1.0,38581729.98336482,0,489.50000000000006,0.0,445.0,445.0
84,site_GUJARAT_2323,84,2108,SAFProductionSite,site_GUJARAT_2323,GUJARAT,inv_24,90313.03941151786,79053.63742492121,11259.401986596655,0.0,0.0,1540.71,1.0,38094586.97752862,0,495.00000000000006,81791.23599805895,450.0,450.0
84,site_ANDHRA_PRADESH_3102,84,2108,SAFProductionSite,site_ANDHRA_PRADESH_3102,ANDHRA_PRADESH,inv_28,93420.4163425269,85158.14083825819,8262.27550426872,0.0,0.0,1540.71,1.0,39648536.06851742,0,495.00000000000006,87577.2346794002,450.0,450.0
84,site_WEST_BENGAL_3970,84,2108,SAFProductionSite,site_WEST_BENGAL_3970,WEST_BENGAL,inv_32,90049.35404842916,77896.2731825473,12153.080865881857,0.0,0.0,1540.71,1.0,37492994.545138165,0,500.50000000000006,81012.09935531624,455.0,455.0
84,site_MAHARASHTRA_4724,84,2108,SAFProductionSite,site_MAHARASHTRA_4724,MAHARASHTRA,inv_08,92942.56143396081,86776.54184959724,6166.019584363574,0.0,0.0,1570.71,1.0,37646907.89104974,0,517.0,89480.06647619462,470.0,470.0
84,site_TAMIL_NADU_5371,84,2108,SAFProductionSite,site_TAMIL_NADU_5371,TAMIL_NADU,inv_38,91321.92218910446,78985.7750051467,12336.147183957757,0.0,0.0,1570.71,1.0,36168544.31212103,0,522.5,81169.35285207584,475.0,475.0
84,site_JHARKHAND_5884,84,2108,SAFProductionSite,site_JHARKHAND_5884,JHARKHAND,inv_40,91452.00433612877,84402.10178269318,7049.90255343559,0.0,0.0,1570.71,1.0,35985990.975085855,0,528.0,86449.84228604576,480.0,480.0
84,site_RAJASTHAN_6155,84,2108,SAFProductionSite,site_RAJASTHAN_6155,RAJASTHAN,inv_41,93060.84900154242,85233.93554792888,7826.913453613539,0.0,0.0,1570.71,1.0,36235609.04191978,0,533.5,88402.96940828537,485.0,485.0
84,site_PUNJAB_7292,84,2108,SAFProductionSite,site_PUNJAB_7292,PUNJAB,inv_45,91578.2451563883,82214.76633399383,9363.478822394463,0.0,0.0,1495.71,1.0,32859021.457068697,0,660.0,86006.65828641679,498.6076604281804,498.6076604281804
84,site_ODISHA_8598,84,2108,SAFProductionSite,site_ODISHA_8598,ODISHA,inv_11,91095.40057844637,78959.14793160139,12136.25264684498,0.0,0.0,1495.71,1.0,31573251.89068453,0,665.5,81879.09931081386,504.17011608971313,504.17011608971313
84,site_ASSAM_8835,84,2108,SAFProductionSite,site_ASSAM_8835,ASSAM,inv_50,93767.40257490483,86588.94875548242,7178.453819422415,0.0,0.0,1615.71,1.0,33193901.93724233,0,572.0,88466.48986500646,520.0,520.0
84,site_CHHATTISGARH_9911,84,2108,SAFProductionSite,site_CHHATTISGARH_9911,CHHATTISGARH,inv_15,91756.1136750154,82130.18858702855,9625.925087986849,0.0,0.0,1495.71,1.0,31285673.96456021,0,660.0,84478.01361384983,516.8082427610875,516.8082427610875
84,site_HARYANA_10533,84,2108,SAFProductionSite,site_HARYANA_10533,HARYANA,inv_12,90656.64017583779,79864.51209867235,10792.128077165442,0.0,0.0,1495.71,1.0,30759004.56037177,0,665.5,83819.23967823775,516.6186116574544,516.6186116574544
84,site_KERALA_11160,84,2108,SAFProductionSite,site_KERALA_11160,KERALA,inv_08,90110.91910522089,78308.99069507433,11801.92841014656,0.0,0.0,1615.71,1.0,31151274.697477385,0,577.5,82284.23384153483,525.0,525.0
84,site_BIHAR_11867,84,2108,SAFProductionSite,site_BIHAR_11867,BIHAR,inv_16,91363.10005786091,83699.73601486202,7663.364042998888,0.0,0.0,1525.71,1.0,30136138.68893504,0,687.5,86975.8767962169,529.5823963585422,529.5823963585422
84,site_UTTAR_PRADESH_11884,84,2108,SAFProductionSite,site_UTTAR_PRADESH_11884,UTTAR_PRADESH,inv_22,90490.2770327816,78080.52618802484,12409.750844756752,0.0,0.0,1525.71,1.0,29252389.761609927,0,693.0,81496.2443076199,525.7952930296552,525.7952930296552
85,site_BIHAR_001,85,2109,SAFProductionSite,site_BIHAR_001,BIHAR,inv_01,84144.13485465848,79286.3205701057,4857.814284552776,0.0,0.0,1525.71,1.0,34539607.09048067,0,687.5,83040.55512610561,425.0,425.0
85,site_PUNJAB_020,85,2109,SAFProductionSite,site_PUNJAB_020,PUNJAB,inv_02,90374.19559689552,77333.13882818387,13041.056768711642,0.0,0.0,1495.71,1.0,38817903.32119864,0,660.0,80586.22760630686,400.0,400.0
85,site_CHHATTISGARH_353,85,2109,SAFProductionSite,site_CHHATTISGARH_353,CHHATTISGARH,inv_08,92470.23658905941,85067.86025353981,7402.376335519599,0.0,0.0,1495.71,1.0,41727458.288352415,0,660.0,88943.40587327202,400.0,400.0
85,site_HARYANA_561,85,2109,SAFProductionSite,site_HARYANA_561,HARYANA,inv_11,92783.23917622087,83852.90529711837,8930.333879102502,0.0,0.0,1495.71,1.0,40880335.61252493,0,665.5,86794.79299914683,405.0,405.0
85,site_ODISHA_660,85,2109,SAFProductionSite,site_ODISHA_660,ODISHA,inv_12,90572.05904758559,79067.26280946232,11504.796238123265,0.0,0.0,1495.71,1.0,38961342.49666147,0,665.5,82790.61680406357,405.0,405.0
85,site_MADHYA_PRADESH_985,85,2109,SAFProductionSite,site_MADHYA_PRADESH_985,MADHYA_PRADESH,inv_15,92318.73788230142,85767.36036269668,6551.377519604735,0.0,0.0,1525.71,1.0,41132296.22820909,0,473.00000000000006,89643.16634783796,430.0,430.0
85,site_UTTAR_PRADESH_1102,85,2109,SAFProductionSite,site_UTTAR_PRADESH_1102,UTTAR_PRADESH,inv_16,90143.28074626216,78094.27520494904,12049.00554131312,0.0,0.0,1525.71,1.0,36143484.52572371,0,693.0,81352.07122253536,430.0,430.0
85,site_TELANGANA_1976,85,2109,SAFProductionSite,site_TELANGANA_1976,TELANGANA,inv_22,90948.91648987125,79499.03345014183,11449.883039729422,0.0,0.0,1525.71,1.0,39797164.19300613,0,478.50000000000006,82935.88904447402,435.0,435.0
85,site_KARNATAKA_2133,85,2109,SAFProductionSite,site_KARNATAKA_2133,KARNATAKA,inv_23,90690.65742883742,79072.13091459713,11618.526514240293,0.0,0.0,1540.71,1.0,38686399.156766415,0,489.50000000000006,81068.20775622556,445.0,445.0
85,site_GUJARAT_2323,85,2109,SAFProductionSite,site_GUJARAT_2323,GUJARAT,inv_24,90799.61531398584,78557.42868538637,12242.186628599462,0.0,0.0,1540.71,1.0,38299827.639990196,0,495.00000000000006,0.0,450.0,450.0
85,site_ANDHRA_PRADESH_3102,85,2109,SAFProductionSite,site_ANDHRA_PRADESH_3102,ANDHRA_PRADESH,inv_28,93370.7885642676,84937.0123368146,8433.776227452996,0.0,0.0,1540.71,1.0,39627473.55527511,0,495.00000000000006,87577.2346794002,450.0,450.0
85,site_WEST_BENGAL_3970,85,2109,SAFProductionSite,site_WEST_BENGAL_3970,WEST_BENGAL,inv_32,89729.54341892742,77082.70298258403,12646.840436343395,0.0,0.0,1540.71,1.0,37359838.029868364,0,500.50000000000006,81012.09935531624,455.0,455.0
85,site_MAHARASHTRA_4724,85,2109,SAFProductionSite,site_MAHARASHTRA_4724,MAHARASHTRA,inv_08,93918.00297433209,87677.17484747303,6240.828126859065,0.0,0.0,1570.71,1.0,38042015.97992627,0,517.0,89480.06647619462,470.0,470.0
85,site_TAMIL_NADU_5371,85,2109,SAFProductionSite,site_TAMIL_NADU_5371,TAMIL_NADU,inv_38,90942.39526292641,78237.12053509204,12705.274727834374,0.0,0.0,1570.71,1.0,36018230.60739319,0,522.5,81169.35285207584,475.0,475.0
85,site_JHARKHAND_5884,85,2109,SAFProductionSite,site_JHARKHAND_5884,JHARKHAND,inv_40,92484.62595256057,83340.65013475624,9143.975817804327,0.0,0.0,1570.71,1.0,36392323.37249306,0,528.0,86449.84228604576,480.0,480.0
85,site_RAJASTHAN_6155,85,2109,SAFProductionSite,site_RAJASTHAN_6155,RAJASTHAN,inv_41,93039.24364039961,85214.14731282364,7825.096327575971,0.0,0.0,1570.71,1.0,36227196.44491491,0,533.5,88402.96940828537,485.0,485.0
85,site_PUNJAB_7292,85,2109,SAFProductionSite,site_PUNJAB_7292,PUNJAB,inv_45,91578.2451563883,82699.13465695159,8879.110499436705,0.0,0.0,1495.71,1.0,32859021.457068697,0,660.0,0.0,498.6076604281804,498.6076604281804
85,site_ODISHA_8598,85,2109,SAFProductionSite,site_ODISHA_8598,ODISHA,inv_11,90812.69783629924,78631.22490069651,12181.472935602724,0.0,0.0,1495.71,1.0,31475268.404895782,0,665.5,81879.09931081386,504.17011608971313,504.17011608971313
85,site_ASSAM_8835,85,2109,SAFProductionSite,site_ASSAM_8835,ASSAM,inv_50,94491.06133733786,86590.96504398313,7900.096293354727,0.0,0.0,1615.71,1.0,33450079.00236939,0,572.0,88466.48986500646,520.0,520.0
85,site_CHHATTISGARH_9911,85,2109,SAFProductionSite,site_CHHATTISGARH_9911,CHHATTISGARH,inv_15,92565.00830037294,82016.24544958511,10548.762850787825,0.0,0.0,1495.71,1.0,31561479.167145982,0,660.0,84478.01361384983,516.8082427610875,516.8082427610875
85,site_HARYANA_10533,85,2109,SAFProductionSite,site_HARYANA_10533,HARYANA,inv_12,90656.64017583779,81941.97642560473,8714.663750233056,0.0,0.0,1495.71,1.0,30759004.56037177,0,665.5,83819.23967823775,516.6186116574544,516.6186116574544
85,site_KERALA_11160,85,2109,SAFProductionSite,site_KERALA_11160,KERALA,inv_08,90028.92631558365,78237.73659330151,11791.189722282143,0.0,0.0,1615.71,1.0,31122929.853827298,0,577.5,82284.23384153483,525.0,525.0
85,site_BIHAR_11867,85,2109,SAFProductionSite,site_BIHAR_11867,BIHAR,inv_16,92416.85311697626,83648.72209310067,8768.131023875583,0.0,0.0,1525.71,1.0,30483719.367713228,0,687.5,86975.8767962169,529.5823963585422,529.5823963585422
85,site_UTTAR_PRADESH_11884,85,2109,SAFProductionSite,site_UTTAR_PRADESH_11884,UTTAR_PRADESH,inv_22,90277.1632216082,77896.63860297164,12380.52461863657,0.0,0.0,1525.71,1.0,29183497.406846017,0,693.0,81496.2443076199,525.7952930296552,525.7952930296552
86,site_BIHAR_001,86,2110,SAFProductionSite,site_BIHAR_001,BIHAR,inv_01,84144.13485465848,80637.51984220621,3506.6150124522683,0.0,0.0,1525.71,1.0,34539607.09048067,0,687.5,83040.55512610561,425.0,425.0
86,site_PUNJAB_020,86,2110,SAFProductionSite,site_PUNJAB_020,PUNJAB,inv_02,90374.19559689552,78237.87783342686,12136.317763468658,0.0,0.0,1495.71,1.0,38817903.32119864,0,660.0,80586.22760630686,400.0,400.0
86,site_CHHATTISGARH_353,86,2110,SAFProductionSite,site_CHHATTISGARH_353,CHHATTISGARH,inv_08,92470.23658905941,86018.65864258383,6451.577946475576,0.0,0.0,1495.71,1.0,41727458.288352415,0,660.0,88943.40587327202,400.0,400.0
86,site_HARYANA_561,86,2110,SAFProductionSite,site_HARYANA_561,HARYANA,inv_11,92783.23917622087,84252.47664475572,8530.762531465152,0.0,0.0,1495.71,1.0,40880335.61252493,0,665.5,86794.79299914683,405.0,405.0
86,site_ODISHA_660,86,2110,SAFProductionSite,site_ODISHA_660,ODISHA,inv_12,90572.05904758559,80711.65417270575,9860.404874879838,0.0,0.0,1495.71,1.0,38961342.49666147,0,665.5,82790.61680406357,405.0,405.0
86,site_MADHYA_PRADESH_985,86,2110,SAFProductionSite,site_MADHYA_PRADESH_985,MADHYA_PRADESH,inv_15,92703.69275897014,86903.11437042973,5800.578388540409,0.0,0.0,1525.71,1.0,41303811.54985288,0,473.00000000000006,89643.16634783796,430.0,430.0
86,site_UTTAR_PRADESH_1102,86,2110,SAFProductionSite,site_UTTAR_PRADESH_1102,UTTAR_PRADESH,inv_16,90362.45960989429,77867.96107690128,12494.498532993006,0.0,0.0,1525.71,1.0,36231365.594622806,0,693.0,81352.07122253536,430.0,430.0
86,site_TELANGANA_1976,86,2110,SAFProductionSite,site_TELANGANA_1976,TELANGANA,inv_22,90948.91648987125,79592.40584823211,11356.510641639135,0.0,0.0,1525.71,1.0,39797164.19300613,0,478.50000000000006,82935.88904447402,435.0,435.0
86,site_KARNATAKA_2133,86,2110,SAFProductionSite,site_KARNATAKA_2133,KARNATAKA,inv_23,91998.08595081056,79241.31429710725,12756.771653703312,0.0,0.0,1540.71,1.0,39244115.93933229,0,489.50000000000006,81068.20775622556,445.0,445.0
86,site_GUJARAT_2323,86,2110,SAFProductionSite,site_GUJARAT_2323,GUJARAT,inv_24,89988.72616688181,77855.86881505985,12132.857351821964,0.0,0.0,1540.71,1.0,37957789.68683554,0,495.00000000000006,81791.23599805895,450.0,450.0
86,site_ANDHRA_PRADESH_3102,86,2110,SAFProductionSite,site_ANDHRA_PRADESH_3102,ANDHRA_PRADESH,inv_28,91876.03305124106,83577.27157203495,8298.761479206107,0.0,0.0,1540.71,1.0,38993084.73330119,0,495.00000000000006,87577.2346794002,450.0,450.0
86,site_WEST_BENGAL_3970,86,2110,SAFProductionSite,site_WEST_BENGAL_3970,WEST_BENGAL,inv_32,89729.54341892742,78839.01446804371,10890.528950883716,0.0,0.0,1540.71,1.0,37359838.029868364,0,500.50000000000006,81012.09935531624,455.0,455.0
86,site_MAHARASHTRA_4724,86,2110,SAFProductionSite,site_MAHARASHTRA_4724,MAHARASHTRA,inv_08,93171.1788038019,86086.50568149413,7084.673122307766,0.0,0.0,1570.71,1.0,37739510.644104004,0,517.0,89480.06647619462,470.0,470.0
86,site_TAMIL_NADU_5371,86,2110,SAFProductionSite,site_TAMIL_NADU_5371,TAMIL_NADU,inv_38,90942.39526292641,78535.50217178107,12406.893091145335,0.0,0.0,1570.71,1.0,36018230.60739319,0,522.5,81169.35285207584,475.0,475.0
86,site_JHARKHAND_5884,86,2110,SAFProductionSite,site_JHARKHAND_5884,JHARKHAND,inv_40,92484.62595256057,84506.21367945314,7978.412273107431,0.0,0.0,1570.71,1.0,36392323.37249306,0,528.0,86449.84228604576,480.0,480.0
86,site_RAJASTHAN_6155,86,2110,SAFProductionSite,site_RAJASTHAN_6155,RAJASTHAN,inv_41,92568.25036616174,84782.76708353695,7785.4832826247875,0.0,0.0,1570.71,1.0,36043803.23144472,0,533.5,88402.96940828537,485.0,485.0
86,site_PUNJAB_7292,86,2110,SAFProductionSite,site_PUNJAB_7292,PUNJAB,inv_45,92117.77841791474,83838.63889524243,8279.13952267231,0.0,0.0,1495.71,1.0,33052610.39281459,0,660.0,86006.65828641679,498.6076604281804,498.6076604281804
86,site_ODISHA_8598,86,2110,SAFProductionSite,site_ODISHA_8598,ODISHA,inv_11,90812.69783629924,79843.652178627,10969.045657672235,0.0,0.0,1495.71,1.0,31475268.404895782,0,665.5,81879.09931081386,504.17011608971313,504.17011608971313
86,site_ASSAM_8835,86,2110,SAFProductionSite,site_ASSAM_8835,ASSAM,inv_50,92158.99788331258,84451.91145208897,7707.086431223608,0.0,0.0,1615.71,1.0,32624522.535211146,0,572.0,88466.48986500646,520.0,520.0
86,site_CHHATTISGARH_9911,86,2110,SAFProductionSite,site_CHHATTISGARH_9911,CHHATTISGARH,inv_15,91289.6616755537,80886.2380770902,10403.423598463502,0.0,0.0,1495.71,1.0,31126629.90100099,0,660.0,84478.01361384983,516.8082427610875,516.8082427610875
86,site_HARYANA_10533,86,2110,SAFProductionSite,site_HARYANA_10533,HARYANA,inv_12,91119.63525356732,80272.39039545498,10847.244858112346,0.0,0.0,1495.71,1.0,30916094.73798798,0,665.5,83819.23967823775,516.6186116574544,516.6186116574544
86,site_KERALA_11160,86,2110,SAFProductionSite,site_KERALA_11160,KERALA,inv_08,90028.92631558365,78580.53626212142,11448.390053462237,0.0,0.0,1615.71,1.0,31122929.853827298,0,577.5,82284.23384153483,525.0,525.0
86,site_BIHAR_11867,86,2110,SAFProductionSite,site_BIHAR_11867,BIHAR,inv_16,91671.74978206943,82974.31109889192,8697.438683177505,0.0,0.0,1525.71,1.0,30237946.8684863,0,687.5,86975.8767962169,529.5823963585422,529.5823963585422
86,site_UTTAR_PRADESH_11884,86,2110,SAFProductionSite,site_UTTAR_PRADESH_11884,UTTAR_PRADESH,inv_22,90277.1632216082,79766.15501812629,10511.00820348192,0.0,0.0,1525.71,1.0,29183497.406846017,0,693.0,81496.2443076199,525.7952930296552,525.7952930296552
87,site_BIHAR_001,87,2111,SAFProductionSite,site_BIHAR_001,BIHAR,inv_01,85202.2502922112,80283.34882319657,4918.901469014629,0.0,0.0,1525.71,1.0,34973943.85717951,0,687.5,83040.55512610561,425.0,425.0
87,site_PUNJAB_020,87,2111,SAFProductionSite,site_PUNJAB_020,PUNJAB,inv_02,91431.50506425895,78883.93948844112,12547.565575817833,0.0,0.0,1495.71,1.0,39272043.31562546,0,660.0,80586.22760630686,400.0,400.0
87,site_CHHATTISGARH_353,87,2111,SAFProductionSite,site_CHHATTISGARH_353,CHHATTISGARH,inv_08,93503.77089592167,86807.08856468994,6696.682331231728,0.0,0.0,1495.71,1.0,42193843.59534402,0,660.0,88943.40587327202,400.0,400.0
87,site_HARYANA_561,87,2111,SAFProductionSite,site_HARYANA_561,HARYANA,inv_11,92358.63655744688,83469.17043835425,8889.466119092627,0.0,0.0,1495.71,1.0,40693255.51366711,0,665.5,86794.79299914683,405.0,405.0
87,site_ODISHA_660,87,2111,SAFProductionSite,site_ODISHA_660,ODISHA,inv_12,92455.71995042893,81029.93953276442,11425.780417664515,0.0,0.0,1495.71,1.0,39771636.07235122,0,665.5,82790.61680406357,405.0,405.0
87,site_MADHYA_PRADESH_985,87,2111,SAFProductionSite,site_MADHYA_PRADESH_985,MADHYA_PRADESH,inv_15,93146.85863085023,86177.36740667508,6969.491224175144,0.0,0.0,1525.71,1.0,41501262.5802563,0,473.00000000000006,89643.16634783796,430.0,430.0
87,site_UTTAR_PRADESH_1102,87,2111,SAFProductionSite,site_UTTAR_PRADESH_1102,UTTAR_PRADESH,inv_16,90362.45960989429,79343.85340919327,11018.606200701019,0.0,0.0,1525.71,1.0,36231365.594622806,0,693.0,81352.07122253536,430.0,430.0
87,site_TELANGANA_1976,87,2111,SAFProductionSite,site_TELANGANA_1976,TELANGANA,inv_22,90411.0435219344,79028.87522594022,11382.168295994183,0.0,0.0,1525.71,1.0,39561803.29321633,0,478.50000000000006,82935.88904447402,435.0,435.0
87,site_KARNATAKA_2133,87,2111,SAFProductionSite,site_KARNATAKA_2133,KARNATAKA,inv_23,91667.95809998423,78788.38683047508,12879.57126950915,0.0,0.0,1540.71,1.0,39103291.53501196,0,489.50000000000006,81068.20775622556,445.0,445.0
87,site_GUJARAT_2323,87,2111,SAFProductionSite,site_GUJARAT_2323,GUJARAT,inv_24,89988.72616688181,79480.98243243372,10507.743734448086,0.0,0.0,1540.71,1.0,37957789.68683554,0,495.00000000000006,81791.23599805895,450.0,450.0
87,site_ANDHRA_PRADESH_3102,87,2111,SAFProductionSite,site_ANDHRA_PRADESH_3102,ANDHRA_PRADESH,inv_28,91876.03305124106,83692.60304906215,8183.4300021789095,0.0,0.0,1540.71,1.0,38993084.73330119,0,495.00000000000006,87577.2346794002,450.0,450.0
87,site_WEST_BENGAL_3970,87,2111,SAFProductionSite,site_WEST_BENGAL_3970,WEST_BENGAL,inv_32,90521.09891141845,77762.69348066393,12758.405430754516,0.0,0.0,1540.71,1.0,37689410.47462104,0,500.50000000000006,81012.09935531624,455.0,455.0
87,site_MAHARASHTRA_4724,87,2111,SAFProductionSite,site_MAHARASHTRA_4724,MAHARASHTRA,inv_08,92655.7393590813,85610.25990188621,7045.4794571950915,0.0,0.0,1570.71,1.0,37530728.99445474,0,517.0,89480.06647619462,470.0,470.0
87,site_TAMIL_NADU_5371,87,2111,SAFProductionSite,site_TAMIL_NADU_5371,TAMIL_NADU,inv_38,91289.23242356555,78985.0864458279,12304.145977737659,0.0,0.0,1570.71,1.0,36155597.35256189,0,522.5,81169.35285207584,475.0,475.0
87,site_JHARKHAND_5884,87,2111,SAFProductionSite,site_JHARKHAND_5884,JHARKHAND,inv_40,93020.64354058678,83823.67154301368,9196.971997573099,0.0,0.0,1570.71,1.0,36603244.10873304,0,528.0,86449.84228604576,480.0,480.0
87,site_RAJASTHAN_6155,87,2111,SAFProductionSite,site_RAJASTHAN_6155,RAJASTHAN,inv_41,92568.25036616174,85174.60861257545,7393.641753586286,0.0,0.0,1570.71,1.0,36043803.23144472,0,533.5,88402.96940828537,485.0,485.0
87,site_PUNJAB_7292,87,2111,SAFProductionSite,site_PUNJAB_7292,PUNJAB,inv_45,91124.70851828247,81807.60185227549,9317.106666006977,0.0,0.0,1495.71,1.0,32696288.811366275,0,660.0,86006.65828641679,498.6076604281804,498.6076604281804
87,site_ODISHA_8598,87,2111,SAFProductionSite,site_ODISHA_8598,ODISHA,inv_11,90118.26521283205,78029.94238079319,12088.322832038859,0.0,0.0,1495.71,1.0,31234581.213197693,0,665.5,81879.09931081386,504.17011608971313,504.17011608971313
87,site_ASSAM_8835,87,2111,SAFProductionSite,site_ASSAM_8835,ASSAM,inv_50,92158.99788331258,85391.58260915823,6767.415274154351,0.0,0.0,1615.71,1.0,32624522.535211146,0,572.0,88466.48986500646,520.0,520.0
87,site_CHHATTISGARH_9911,87,2111,SAFProductionSite,site_CHHATTISGARH_9911,CHHATTISGARH,inv_15,91067.81545745795,80689.67358463793,10378.141872820022,0.0,0.0,1495.71,1.0,31050987.982750222,0,660.0,84478.01361384983,516.8082427610875,516.8082427610875
87,site_HARYANA_10533,87,2111,SAFProductionSite,site_HARYANA_10533,HARYANA,inv_12,91119.63525356732,80783.71188256168,10335.923371005643,0.0,0.0,1495.71,1.0,30916094.73798798,0,665.5,83819.23967823775,516.6186116574544,516.6186116574544
87,site_KERALA_11160,87,2111,SAFProductionSite,site_KERALA_11160,KERALA,inv_08,90382.21982302683,78544.75885277589,11837.460970250933,0.0,0.0,1615.71,1.0,31245063.144758955,0,577.5,82284.23384153483,525.0,525.0
87,site_BIHAR_11867,87,2111,SAFProductionSite,site_BIHAR_11867,BIHAR,inv_16,91671.74978206943,83326.06999929447,8345.679782774954,0.0,0.0,1525.71,1.0,30237946.8684863,0,687.5,86975.8767962169,529.5823963585422,529.5823963585422
87,site_UTTAR_PRADESH_11884,87,2111,SAFProductionSite,site_UTTAR_PRADESH_11884,UTTAR_PRADESH,inv_22,91947.71570565032,79338.09310234804,12609.622603302283,0.0,0.0,1525.71,1.0,29723529.48523964,0,693.0,81496.2443076199,525.7952930296552,525.7952930296552
88,site_BIHAR_001,88,2112,SAFProductionSite,site_BIHAR_001,BIHAR,inv_01,84621.50055260416,79736.12696269467,4885.37358990949,0.0,0.0,1525.71,1.0,34735556.857793584,0,687.5,83040.55512610561,425.0,425.0
88,site_PUNJAB_020,88,2112,SAFProductionSite,site_PUNJAB_020,PUNJAB,inv_02,90445.92514562081,77394.51775513332,13051.407390487497,0.0,0.0,1495.71,1.0,38848712.89764136,0,660.0,80586.22760630686,400.0,400.0
88,site_CHHATTISGARH_353,88,2112,SAFProductionSite,site_CHHATTISGARH_353,CHHATTISGARH,inv_08,91981.23499799267,84618.00394791047,7363.231050082191,0.0,0.0,1495.71,1.0,41506794.9241517,0,660.0,88943.40587327202,400.0,400.0
88,site_HARYANA_561,88,2112,SAFProductionSite,site_HARYANA_561,HARYANA,inv_11,91947.19580939107,83097.3306277547,8849.86518163637,0.0,0.0,1495.71,1.0,40511974.54078315,0,665.5,86794.79299914683,405.0,405.0
88,site_ODISHA_660,88,2112,SAFProductionSite,site_ODISHA_660,ODISHA,inv_12,91413.44779039745,79801.77525791926,11611.672532478187,0.0,0.0,1495.71,1.0,39323282.31923199,0,665.5,82790.61680406357,405.0,405.0
88,site_MADHYA_PRADESH_985,88,2112,SAFProductionSite,site_MADHYA_PRADESH_985,MADHYA_PRADESH,inv_15,93082.96768530013,86118.25694852801,6964.710736772118,0.0,0.0,1525.71,1.0,41472796.1891536,0,473.00000000000006,89643.16634783796,430.0,430.0
88,site_UTTAR_PRADESH_1102,88,2112,SAFProductionSite,site_UTTAR_PRADESH_1102,UTTAR_PRADESH,inv_16,90137.61096248393,77674.20245412442,12463.408508359513,0.0,0.0,1525.71,1.0,36141211.192197844,0,693.0,81352.07122253536,430.0,430.0
88,site_TELANGANA_1976,88,2112,SAFProductionSite,site_TELANGANA_1976,TELANGANA,inv_22,90411.0435219344,79315.26550733212,11095.778014602285,0.0,0.0,1525.71,1.0,39561803.29321633,0,478.50000000000006,82935.88904447402,435.0,435.0
88,site_KARNATAKA_2133,88,2112,SAFProductionSite,site_KARNATAKA_2133,KARNATAKA,inv_23,90335.94692363738,77643.52646705274,12692.420456584645,0.0,0.0,1540.71,1.0,38535088.39799245,0,489.50000000000006,81068.20775622556,445.0,445.0
88,site_GUJARAT_2323,88,2112,SAFProductionSite,site_GUJARAT_2323,GUJARAT,inv_24,90093.72271531468,77946.70905526576,12147.01366004892,0.0,0.0,1540.71,1.0,38002077.86684455,0,495.00000000000006,81791.23599805895,450.0,450.0
88,site_ANDHRA_PRADESH_3102,88,2112,SAFProductionSite,site_ANDHRA_PRADESH_3102,ANDHRA_PRADESH,inv_28,91537.96324056834,83269.73813335087,8268.22510721747,0.0,0.0,1540.71,1.0,38849604.60757591,0,495.00000000000006,87577.2346794002,450.0,450.0
88,site_WEST_BENGAL_3970,88,2112,SAFProductionSite,site_WEST_BENGAL_3970,WEST_BENGAL,inv_32,90521.09891141845,79050.13398848484,11470.964922933606,0.0,0.0,1540.71,1.0,37689410.47462104,0,500.50000000000006,81012.09935531624,455.0,455.0
88,site_MAHARASHTRA_4724,88,2112,SAFProductionSite,site_MAHARASHTRA_4724,MAHARASHTRA,inv_08,92655.7393590813,87605.33713442142,5050.402224659876,0.0,0.0,1570.71,1.0,37530728.99445474,0,517.0,89480.06647619462,470.0,470.0
88,site_TAMIL_NADU_5371,88,2112,SAFProductionSite,site_TAMIL_NADU_5371,TAMIL_NADU,inv_38,91456.54085182547,78679.43646810639,12777.104383719081,0.0,0.0,1570.71,1.0,36221860.766167864,0,522.5,81169.35285207584,475.0,475.0
88,site_JHARKHAND_5884,88,2112,SAFProductionSite,site_JHARKHAND_5884,JHARKHAND,inv_40,93020.64354058678,84574.93486239175,8445.708678195035,0.0,0.0,1570.71,1.0,36603244.10873304,0,528.0,86449.84228604576,480.0,480.0
88,site_RAJASTHAN_6155,88,2112,SAFProductionSite,site_RAJASTHAN_6155,RAJASTHAN,inv_41,92996.07415643927,86528.47490043631,6467.599256002955,0.0,0.0,1570.71,1.0,36210387.30809626,0,533.5,88402.96940828537,485.0,485.0
88,site_PUNJAB_7292,88,2112,SAFProductionSite,site_PUNJAB_7292,PUNJAB,inv_45,91124.70851828247,83313.0790152397,7811.629503042772,0.0,0.0,1495.71,1.0,32696288.811366275,0,660.0,86006.65828641679,498.6076604281804,498.6076604281804
88,site_ODISHA_8598,88,2112,SAFProductionSite,site_ODISHA_8598,ODISHA,inv_11,90118.26521283205,78965.79451969432,11152.47069313773,0.0,0.0,1495.71,1.0,31234581.213197693,0,665.5,81879.09931081386,504.17011608971313,504.17011608971313
88,site_ASSAM_8835,88,2112,SAFProductionSite,site_ASSAM_8835,ASSAM,inv_50,93184.42348572164,85446.71613436825,7737.707351353383,0.0,0.0,1615.71,1.0,32987525.83865781,0,572.0,88466.48986500646,520.0,520.0
88,site_CHHATTISGARH_9911,88,2112,SAFProductionSite,site_CHHATTISGARH_9911,CHHATTISGARH,inv_15,91067.81545745795,80985.73289435182,10082.08256310613,0.0,0.0,1495.71,1.0,31050987.982750222,0,660.0,84478.01361384983,516.8082427610875,516.8082427610875
88,site_HARYANA_10533,88,2112,SAFProductionSite,site_HARYANA_10533,HARYANA,inv_12,91099.28371333175,80254.46158375163,10844.82212958012,0.0,0.0,1495.71,1.0,30909189.6385082,0,665.5,83819.23967823775,516.6186116574544,516.6186116574544
88,site_KERALA_11160,88,2112,SAFProductionSite,site_KERALA_11160,KERALA,inv_08,90382.21982302683,79963.92689198554,10418.292931041287,0.0,0.0,1615.71,1.0,31245063.144758955,0,577.5,82284.23384153483,525.0,525.0
88,site_BIHAR_11867,88,2112,SAFProductionSite,site_BIHAR_11867,BIHAR,inv_16,92060.38035307695,84805.30629322927,7255.074059847684,0.0,0.0,1525.71,1.0,30366136.747980595,0,687.5,86975.8767962169,529.5823963585422,529.5823963585422
88,site_UTTAR_PRADESH_11884,88,2112,SAFProductionSite,site_UTTAR_PRADESH_11884,UTTAR_PRADESH,inv_22,91947.71570565032,79686.2649937266,12261.450711923724,0.0,0.0,1525.71,1.0,29723529.48523964,0,693.0,81496.2443076199,525.7952930296552,525.7952930296552
89,site_BIHAR_001,89,2113,SAFProductionSite,site_BIHAR_001,BIHAR,inv_01,84621.50055260416,81153.62999935981,3467.8705532443564,0.0,0.0,1525.71,1.0,34735556.857793584,0,687.5,83040.55512610561,425.0,425.0
89,site_PUNJAB_020,89,2113,SAFProductionSite,site_PUNJAB_020,PUNJAB,inv_02,90445.92514562081,78783.45893431417,11662.466211306644,0.0,0.0,1495.71,1.0,38848712.89764136,0,660.0,80586.22760630686,400.0,400.0
89,site_CHHATTISGARH_353,89,2113,SAFProductionSite,site_CHHATTISGARH_353,CHHATTISGARH,inv_08,91981.23499799267,87034.7123736458,4946.522624346864,0.0,0.0,1495.71,1.0,41506794.9241517,0,660.0,88943.40587327202,400.0,400.0
89,site_HARYANA_561,89,2113,SAFProductionSite,site_HARYANA_561,HARYANA,inv_11,91947.19580939107,83166.9806346851,8780.215174705969,0.0,0.0,1495.71,1.0,40511974.54078315,0,665.5,86794.79299914683,405.0,405.0
89,site_ODISHA_660,89,2113,SAFProductionSite,site_ODISHA_660,ODISHA,inv_12,91413.44779039745,80858.845991129,10554.60179926845,0.0,0.0,1495.71,1.0,39323282.31923199,0,665.5,82790.61680406357,405.0,405.0
89,site_MADHYA_PRADESH_985,89,2113,SAFProductionSite,site_MADHYA_PRADESH_985,MADHYA_PRADESH,inv_15,92959.96038067284,86004.45337167759,6955.50700899525,0.0,0.0,1525.71,1.0,41417990.70753388,0,473.00000000000006,89643.16634783796,430.0,430.0
89,site_UTTAR_PRADESH_1102,89,2113,SAFProductionSite,site_UTTAR_PRADESH_1102,UTTAR_PRADESH,inv_16,90082.04694011658,77626.32131908608,12455.725621030491,0.0,0.0,1525.71,1.0,36118932.46697289,0,693.0,81352.07122253536,430.0,430.0
89,site_TELANGANA_1976,89,2113,SAFProductionSite,site_TELANGANA_1976,TELANGANA,inv_22,90738.68128877792,80720.00798941552,10018.673299362403,0.0,0.0,1525.71,1.0,39705170.08092682,0,478.50000000000006,82935.88904447402,435.0,435.0
89,site_KARNATAKA_2133,89,2113,SAFProductionSite,site_KARNATAKA_2133,KARNATAKA,inv_23,90335.94692363738,78518.2550840852,11817.691839552179,0.0,0.0,1540.71,1.0,38535088.39799245,0,489.50000000000006,81068.20775622556,445.0,445.0
89,site_GUJARAT_2323,89,2113,SAFProductionSite,site_GUJARAT_2323,GUJARAT,inv_24,90093.72271531468,79109.17727391885,10984.545441395836,0.0,0.0,1540.71,1.0,38002077.86684455,0,495.00000000000006,81791.23599805895,450.0,450.0
89,site_ANDHRA_PRADESH_3102,89,2113,SAFProductionSite,site_ANDHRA_PRADESH_3102,ANDHRA_PRADESH,inv_28,91537.96324056834,83693.18009407197,7844.783146496367,0.0,0.0,1540.71,1.0,38849604.60757591,0,495.00000000000006,0.0,450.0,450.0
89,site_WEST_BENGAL_3970,89,2113,SAFProductionSite,site_WEST_BENGAL_3970,WEST_BENGAL,inv_32,90079.3849004891,77383.23640766014,12696.148492828957,0.0,0.0,1540.71,1.0,37505498.20587362,0,500.50000000000006,81012.09935531624,455.0,455.0
89,site_MAHARASHTRA_4724,89,2113,SAFProductionSite,site_MAHARASHTRA_4724,MAHARASHTRA,inv_08,92958.66678038695,85890.15292792834,7068.513852458607,0.0,0.0,1570.71,1.0,37653431.45231278,0,517.0,89480.06647619462,470.0,470.0
89,site_TAMIL_NADU_5371,89,2113,SAFProductionSite,site_TAMIL_NADU_5371,TAMIL_NADU,inv_38,91456.54085182547,79423.02213383885,12033.518717986619,0.0,0.0,1570.71,1.0,36221860.766167864,0,522.5,81169.35285207584,475.0,475.0
89,site_JHARKHAND_5884,89,2113,SAFProductionSite,site_JHARKHAND_5884,JHARKHAND,inv_40,91405.87107629464,82368.55199630288,9037.319079991765,0.0,0.0,1570.71,1.0,35967837.72536659,0,528.0,86449.84228604576,480.0,480.0
89,site_RAJASTHAN_6155,89,2113,SAFProductionSite,site_RAJASTHAN_6155,RAJASTHAN,inv_41,94428.17680465475,86486.26379438014,7941.913010274613,0.0,0.0,1570.71,1.0,36768012.90710378,0,533.5,88402.96940828537,485.0,485.0
89,site_PUNJAB_7292,89,2113,SAFProductionSite,site_PUNJAB_7292,PUNJAB,inv_45,91358.08877628598,82017.11998997249,9340.96878631349,0.0,0.0,1495.71,1.0,32780027.55185315,0,660.0,86006.65828641679,498.6076604281804,498.6076604281804
89,site_ODISHA_8598,89,2113,SAFProductionSite,site_ODISHA_8598,ODISHA,inv_11,90137.89679780765,78046.94061573337,12090.956182074282,0.0,0.0,1495.71,1.0,31241385.431341663,0,665.5,81879.09931081386,504.17011608971313,504.17011608971313
89,site_ASSAM_8835,89,2113,SAFProductionSite,site_ASSAM_8835,ASSAM,inv_50,93244.58849970138,86193.91961849062,7050.66888121076,0.0,0.0,1615.71,1.0,33008824.40851532,0,572.0,88466.48986500646,520.0,520.0
89,site_CHHATTISGARH_9911,89,2113,SAFProductionSite,site_CHHATTISGARH_9911,CHHATTISGARH,inv_15,91401.95331405997,82285.07997701355,9116.873337046418,0.0,0.0,1495.71,1.0,31164917.48152885,0,660.0,84478.01361384983,516.8082427610875,516.8082427610875
89,site_HARYANA_10533,89,2113,SAFProductionSite,site_HARYANA_10533,HARYANA,inv_12,91099.28371333175,81033.21607332004,10066.067640011708,0.0,0.0,1495.71,1.0,30909189.6385082,0,665.5,83819.23967823775,516.6186116574544,516.6186116574544
89,site_KERALA_11160,89,2113,SAFProductionSite,site_KERALA_11160,KERALA,inv_08,91660.62923163892,79655.7335434968,12004.895688142118,0.0,0.0,1615.71,1.0,31687008.283693954,0,577.5,82284.23384153483,525.0,525.0
89,site_BIHAR_11867,89,2113,SAFProductionSite,site_BIHAR_11867,BIHAR,inv_16,93556.95596591989,84680.65667161446,8876.299294305427,0.0,0.0,1525.71,1.0,30859782.543696284,0,687.5,86975.8767962169,529.5823963585422,529.5823963585422
89,site_UTTAR_PRADESH_11884,89,2113,SAFProductionSite,site_UTTAR_PRADESH_11884,UTTAR_PRADESH,inv_22,91870.16788737496,79271.18011838757,12598.987768987397,0.0,0.0,1525.71,1.0,29698460.946610555,0,693.0,81496.2443076199,525.7952930296552,525.7952930296552
90,site_BIHAR_001,90,2114,SAFProductionSite,site_BIHAR_001,BIHAR,inv_01,84942.0494591847,80038.16992040575,4903.879538778943,0.0,0.0,1525.71,1.0,34867136.24007256,0,687.5,83040.55512610561,425.0,425.0
90,site_PUNJAB_020,90,2114,SAFProductionSite,site_PUNJAB_020,PUNJAB,inv_02,89646.77350962847,76710.68423381909,12936.089275809383,0.0,0.0,1495.71,1.0,38505457.93708496,0,660.0,80586.22760630686,400.0,400.0
90,site_CHHATTISGARH_353,90,2114,SAFProductionSite,site_CHHATTISGARH_353,CHHATTISGARH,inv_08,93959.92465917641,86438.29663658106,7521.628022595352,0.0,0.0,1495.71,1.0,42399684.28345512,0,660.0,0.0,400.0,400.0
90,site_HARYANA_561,90,2114,SAFProductionSite,site_HARYANA_561,HARYANA,inv_11,92024.26354161515,84192.23815663459,7832.0253849805595,0.0,0.0,1495.71,1.0,40545930.617184326,0,665.5,86794.79299914683,405.0,405.0
90,site_ODISHA_660,90,2114,SAFProductionSite,site_ODISHA_660,ODISHA,inv_12,90112.35033703696,78665.9479910187,11446.402346018265,0.0,0.0,1495.71,1.0,38763589.804399356,0,665.5,82790.61680406357,405.0,405.0
90,site_MADHYA_PRADESH_985,90,2114,SAFProductionSite,site_MADHYA_PRADESH_985,MADHYA_PRADESH,inv_15,92242.75608567697,85340.91217507696,6901.843910600015,0.0,0.0,1525.71,1.0,41098442.79998425,0,473.00000000000006,89643.16634783796,430.0,430.0
90,site_UTTAR_PRADESH_1102,90,2114,SAFProductionSite,site_UTTAR_PRADESH_1102,UTTAR_PRADESH,inv_16,90082.04694011658,77725.56170729225,12356.485232824329,0.0,0.0,1525.71,1.0,36118932.46697289,0,693.0,81352.07122253536,430.0,430.0
90,site_TELANGANA_1976,90,2114,SAFProductionSite,site_TELANGANA_1976,TELANGANA,inv_22,92345.74242082177,80822.06059609655,11523.681824725223,0.0,0.0,1525.71,1.0,40408383.249467105,0,478.50000000000006,82935.88904447402,435.0,435.0
90,site_KARNATAKA_2133,90,2114,SAFProductionSite,site_KARNATAKA_2133,KARNATAKA,inv_23,91353.6678015571,78953.17066508303,12400.497136474063,0.0,0.0,1540.71,1.0,38969223.04018831,0,489.50000000000006,81068.20775622556,445.0,445.0
90,site_GUJARAT_2323,90,2114,SAFProductionSite,site_GUJARAT_2323,GUJARAT,inv_24,91053.73501180731,78777.2863353349,12276.448676472413,0.0,0.0,1540.71,1.0,38407016.86753078,0,495.00000000000006,81791.23599805895,450.0,450.0
90,site_ANDHRA_PRADESH_3102,90,2114,SAFProductionSite,site_ANDHRA_PRADESH_3102,ANDHRA_PRADESH,inv_28,92003.45064936658,85656.03688832052,6347.41376104606,0.0,0.0,1540.71,1.0,39047162.00498152,0,495.00000000000006,87577.2346794002,450.0,450.0
90,site_WEST_BENGAL_3970,90,2114,SAFProductionSite,site_WEST_BENGAL_3970,WEST_BENGAL,inv_32,90079.3849004891,77809.10448604735,12270.280414441746,0.0,0.0,1540.71,1.0,37505498.20587362,0,500.50000000000006,81012.09935531624,455.0,455.0
90,site_MAHARASHTRA_4724,90,2114,SAFProductionSite,site_MAHARASHTRA_4724,MAHARASHTRA,inv_08,92958.66678038695,87271.89922202063,5686.767558366322,0.0,0.0,1570.71,1.0,37653431.45231278,0,517.0,89480.06647619462,470.0,470.0
90,site_TAMIL_NADU_5371,90,2114,SAFProductionSite,site_TAMIL_NADU_5371,TAMIL_NADU,inv_38,90918.32423305835,78216.41239275922,12701.91184029913,0.0,0.0,1570.71,1.0,36008697.145004824,0,522.5,81169.35285207584,475.0,475.0
90,site_JHARKHAND_5884,90,2114,SAFProductionSite,site_JHARKHAND_5884,JHARKHAND,inv_40,91405.87107629464,82766.6140751562,8639.257001138438,0.0,0.0,1570.71,1.0,35967837.72536659,0,528.0,86449.84228604576,480.0,480.0
90,site_RAJASTHAN_6155,90,2114,SAFProductionSite,site_RAJASTHAN_6155,RAJASTHAN,inv_41,93639.13397517656,85763.58367278374,7875.550302392818,0.0,0.0,1570.71,1.0,36460779.008068234,0,533.5,88402.96940828537,485.0,485.0
90,site_PUNJAB_7292,90,2114,SAFProductionSite,site_PUNJAB_7292,PUNJAB,inv_45,91358.08877628598,83499.17048619039,7858.918290095593,0.0,0.0,1495.71,1.0,32780027.55185315,0,660.0,86006.65828641679,498.6076604281804,498.6076604281804
90,site_ODISHA_8598,90,2114,SAFProductionSite,site_ODISHA_8598,ODISHA,inv_11,90137.89679780765,78139.4340909245,11998.462706883161,0.0,0.0,1495.71,1.0,31241385.431341663,0,665.5,0.0,504.17011608971313,504.17011608971313
90,site_ASSAM_8835,90,2114,SAFProductionSite,site_ASSAM_8835,ASSAM,inv_50,94059.9818179533,86371.54715040466,7688.434667548645,0.0,0.0,1615.71,1.0,33297475.74259396,0,572.0,0.0,520.0,520.0
90,site_CHHATTISGARH_9911,90,2114,SAFProductionSite,site_CHHATTISGARH_9911,CHHATTISGARH,inv_15,92211.67264164909,81703.1761305834,10508.496511065692,0.0,0.0,1495.71,1.0,31441003.879166394,0,660.0,84478.01361384983,516.8082427610875,516.8082427610875
90,site_HARYANA_10533,90,2114,SAFProductionSite,site_HARYANA_10533,HARYANA,inv_12,91468.65272747519,80579.85943703316,10888.79329044203,0.0,0.0,1495.71,1.0,31034513.312190145,0,665.5,83819.23967823775,516.6186116574544,516.6186116574544
90,site_KERALA_11160,90,2114,SAFProductionSite,site_KERALA_11160,KERALA,inv_08,91224.98240658791,79277.14387303275,11947.838533555157,0.0,0.0,1615.71,1.0,31536405.514872983,0,577.5,82284.23384153483,525.0,525.0
90,site_BIHAR_11867,90,2114,SAFProductionSite,site_BIHAR_11867,BIHAR,inv_16,92237.46469291957,83486.35330510869,8751.111387810888,0.0,0.0,1525.71,1.0,30424548.056504026,0,687.5,86975.8767962169,529.5823963585422,529.5823963585422
90,site_UTTAR_PRADESH_11884,90,2114,SAFProductionSite,site_UTTAR_PRADESH_11884,UTTAR_PRADESH,inv_22,91870.16788737496,79310.247368342,12559.920519032967,0.0,0.0,1525.71,1.0,29698460.946610555,0,693.0,81496.2443076199,525.7952930296552,525.7952930296552
91,site_BIHAR_001,91,2115,SAFProductionSite,site_BIHAR_001,BIHAR,inv_01,84186.41379294354,79326.15865816761,4860.255134775929,0.0,0.0,1525.71,1.0,34556961.81067705,0,687.5,83040.55512610561,425.0,425.0
91,site_PUNJAB_020,91,2115,SAFProductionSite,site_PUNJAB_020,PUNJAB,inv_02,89646.77350962847,78693.6774895908,10953.096020037672,0.0,0.0,1495.71,1.0,38505457.93708496,0,660.0,80586.22760630686,400.0,400.0
91,site_CHHATTISGARH_353,91,2115,SAFProductionSite,site_CHHATTISGARH_353,CHHATTISGARH,inv_08,93537.65329895014,86049.82871018829,7487.824588761854,0.0,0.0,1495.71,1.0,42209133.12645404,0,660.0,88943.40587327202,400.0,400.0
91,site_HARYANA_561,91,2115,SAFProductionSite,site_HARYANA_561,HARYANA,inv_11,93158.71098311039,84844.12495634309,8314.586026767298,0.0,0.0,1495.71,1.0,41045768.654257074,0,665.5,86794.79299914683,405.0,405.0
91,site_ODISHA_660,91,2115,SAFProductionSite,site_ODISHA_660,ODISHA,inv_12,90112.35033703696,79231.06996300859,10881.28037402837,0.0,0.0,1495.71,1.0,38763589.804399356,0,665.5,82790.61680406357,405.0,405.0
91,site_MADHYA_PRADESH_985,91,2115,SAFProductionSite,site_MADHYA_PRADESH_985,MADHYA_PRADESH,inv_15,92242.75608567697,87059.57832844745,5183.177757229525,0.0,0.0,1525.71,1.0,41098442.79998425,0,473.00000000000006,89643.16634783796,430.0,430.0
91,site_UTTAR_PRADESH_1102,91,2115,SAFProductionSite,site_UTTAR_PRADESH_1102,UTTAR_PRADESH,inv_16,90197.21119312808,78040.7791988305,12156.431994297585,0.0,0.0,1525.71,1.0,36165108.25913598,0,693.0,81352.07122253536,430.0,430.0
91,site_TELANGANA_1976,91,2115,SAFProductionSite,site_TELANGANA_1976,TELANGANA,inv_22,92277.05946400057,80659.97177466423,11617.087689336346,0.0,0.0,1525.71,1.0,40378329.15959591,0,478.50000000000006,82935.88904447402,435.0,435.0
91,site_KARNATAKA_2133,91,2115,SAFProductionSite,site_KARNATAKA_2133,KARNATAKA,inv_23,90921.1574838784,78146.51351894341,12774.643964934992,0.0,0.0,1540.71,1.0,38784724.7989856,0,489.50000000000006,81068.20775622556,445.0,445.0
91,site_GUJARAT_2323,91,2115,SAFProductionSite,site_GUJARAT_2323,GUJARAT,inv_24,90568.40862433167,78357.39476485396,12211.013859477709,0.0,0.0,1540.71,1.0,38202303.25806031,0,495.00000000000006,81791.23599805895,450.0,450.0
91,site_ANDHRA_PRADESH_3102,91,2115,SAFProductionSite,site_ANDHRA_PRADESH_3102,ANDHRA_PRADESH,inv_28,92818.09018324269,84434.23679074178,8383.85339250091,0.0,0.0,1540.71,1.0,39392902.97046067,0,495.00000000000006,87577.2346794002,450.0,450.0
91,site_WEST_BENGAL_3970,91,2115,SAFProductionSite,site_WEST_BENGAL_3970,WEST_BENGAL,inv_32,90575.12449902152,77838.33077833262,12736.793720688904,0.0,0.0,1540.71,1.0,37711904.59556952,0,500.50000000000006,81012.09935531624,455.0,455.0
91,site_MAHARASHTRA_4724,91,2115,SAFProductionSite,site_MAHARASHTRA_4724,MAHARASHTRA,inv_08,93940.9581000824,86797.7514831845,7143.206616897893,0.0,0.0,1570.71,1.0,38051314.08287734,0,517.0,89480.06647619462,470.0,470.0
91,site_TAMIL_NADU_5371,91,2115,SAFProductionSite,site_TAMIL_NADU_5371,TAMIL_NADU,inv_38,90286.89538345943,77673.19847286433,12613.6969105951,0.0,0.0,1570.71,1.0,35758616.31250352,0,522.5,81169.35285207584,475.0,475.0
91,site_JHARKHAND_5884,91,2115,SAFProductionSite,site_JHARKHAND_5884,JHARKHAND,inv_40,91847.60776072321,84380.35084864158,7467.256912081633,0.0,0.0,1570.71,1.0,36141659.310301855,0,528.0,86449.84228604576,480.0,480.0
91,site_RAJASTHAN_6155,91,2115,SAFProductionSite,site_RAJASTHAN_6155,RAJASTHAN,inv_41,93639.13397517656,85870.33583101546,7768.798144161105,0.0,0.0,1570.71,1.0,36460779.008068234,0,533.5,88402.96940828537,485.0,485.0
91,site_PUNJAB_7292,91,2115,SAFProductionSite,site_PUNJAB_7292,PUNJAB,inv_45,93008.93070807982,83602.25973302875,9406.670975051064,0.0,0.0,1495.71,1.0,33372363.104542628,0,660.0,86006.65828641679,498.6076604281804,498.6076604281804
91,site_ODISHA_8598,91,2115,SAFProductionSite,site_ODISHA_8598,ODISHA,inv_11,90244.71927227588,78835.66294272605,11409.056329549829,0.0,0.0,1495.71,1.0,31278409.61557661,0,665.5,81879.09931081386,504.17011608971313,504.17011608971313
91,site_ASSAM_8835,91,2115,SAFProductionSite,site_ASSAM_8835,ASSAM,inv_50,93008.28182572049,85230.17135019168,7778.110475528811,0.0,0.0,1615.71,1.0,32925171.23750025,0,572.0,88466.48986500646,520.0,520.0
91,site_CHHATTISGARH_9911,91,2115,SAFProductionSite,site_CHHATTISGARH_9911,CHHATTISGARH,inv_15,92211.67264164909,82183.64023662083,10028.03240502825,0.0,0.0,1495.71,1.0,31441003.879166394,0,660.0,84478.01361384983,516.8082427610875,516.8082427610875
91,site_HARYANA_10533,91,2115,SAFProductionSite,site_HARYANA_10533,HARYANA,inv_12,91468.65272747519,82029.57236468558,9439.08036278961,0.0,0.0,1495.71,1.0,31034513.312190145,0,665.5,83819.23967823775,516.6186116574544,516.6186116574544
91,site_KERALA_11160,91,2115,SAFProductionSite,site_KERALA_11160,KERALA,inv_08,90286.84309028137,78461.87371797475,11824.969372306616,0.0,0.0,1615.71,1.0,31212091.482378826,0,577.5,82284.23384153483,525.0,525.0
91,site_BIHAR_11867,91,2115,SAFProductionSite,site_BIHAR_11867,BIHAR,inv_16,91702.54039910517,83002.18042878826,8700.359970316917,0.0,0.0,1525.71,1.0,30248103.160301268,0,687.5,86975.8767962169,529.5823963585422,529.5823963585422
91,site_UTTAR_PRADESH_11884,91,2115,SAFProductionSite,site_UTTAR_PRADESH_11884,UTTAR_PRADESH,inv_22,90137.73636876483,77776.33261660796,12361.403752156868,0.0,0.0,1525.71,1.0,29138425.507672474,0,693.0,81496.2443076199,525.7952930296552,525.7952930296552
92,site_BIHAR_001,92,2116,SAFProductionSite,site_BIHAR_001,BIHAR,inv_01,84186.41379294354,79783.06035982181,4403.353433121723,0.0,0.0,1525.71,1.0,34556961.81067705,0,687.5,83040.55512610561,425.0,425.0
92,site_PUNJAB_020,92,2116,SAFProductionSite,site_PUNJAB_020,PUNJAB,inv_02,91113.36197543464,77965.64300474836,13147.718970686285,0.0,0.0,1495.71,1.0,39135393.16252895,0,660.0,80586.22760630686,400.0,400.0
92,site_CHHATTISGARH_353,92,2116,SAFProductionSite,site_CHHATTISGARH_353,CHHATTISGARH,inv_08,92445.87546354513,85045.44927139777,7400.426192147366,0.0,0.0,1495.71,1.0,41716465.26090649,0,660.0,88943.40587327202,400.0,400.0
92,site_HARYANA_561,92,2116,SAFProductionSite,site_HARYANA_561,HARYANA,inv_11,91385.91455436849,82590.0723735665,8795.842180801992,0.0,0.0,1495.71,1.0,40264673.7752347,0,665.5,86794.79299914683,405.0,405.0
92,site_ODISHA_660,92,2116,SAFProductionSite,site_ODISHA_660,ODISHA,inv_12,90759.70119752522,81085.33127746115,9674.36992006407,0.0,0.0,1495.71,1.0,39042060.43713325,0,665.5,82790.61680406357,405.0,405.0
92,site_MADHYA_PRADESH_985,92,2116,SAFProductionSite,site_MADHYA_PRADESH_985,MADHYA_PRADESH,inv_15,94100.41730275922,87695.68855608952,6404.728746669702,0.0,0.0,1525.71,1.0,41926117.36774206,0,473.00000000000006,89643.16634783796,430.0,430.0
92,site_UTTAR_PRADESH_1102,92,2116,SAFProductionSite,site_UTTAR_PRADESH_1102,UTTAR_PRADESH,inv_16,90020.99363677304,77573.70991088742,12447.283725885616,0.0,0.0,1525.71,1.0,36094452.78189406,0,693.0,81352.07122253536,430.0,430.0
92,site_TELANGANA_1976,92,2116,SAFProductionSite,site_TELANGANA_1976,TELANGANA,inv_22,92277.05946400057,80692.45963023306,11584.599833767512,0.0,0.0,1525.71,1.0,40378329.15959591,0,478.50000000000006,82935.88904447402,435.0,435.0
92,site_KARNATAKA_2133,92,2116,SAFProductionSite,site_KARNATAKA_2133,KARNATAKA,inv_23,90921.1574838784,78937.6157095147,11983.541774363694,0.0,0.0,1540.71,1.0,38784724.7989856,0,489.50000000000006,81068.20775622556,445.0,445.0
92,site_GUJARAT_2323,92,2116,SAFProductionSite,site_GUJARAT_2323,GUJARAT,inv_24,90139.82556198505,77986.59602039197,12153.229541593086,0.0,0.0,1540.71,1.0,38021524.32677813,0,495.00000000000006,81791.23599805895,450.0,450.0
92,site_ANDHRA_PRADESH_3102,92,2116,SAFProductionSite,site_ANDHRA_PRADESH_3102,ANDHRA_PRADESH,inv_28,91819.91009437165,83526.2179571593,8293.692137212347,0.0,0.0,1540.71,1.0,38969265.60289237,0,495.00000000000006,87577.2346794002,450.0,450.0
92,site_WEST_BENGAL_3970,92,2116,SAFProductionSite,site_WEST_BENGAL_3970,WEST_BENGAL,inv_32,90609.14590409832,79006.19911092629,11602.946793172028,0.0,0.0,1540.71,1.0,37726069.764975145,0,500.50000000000006,81012.09935531624,455.0,455.0
92,site_MAHARASHTRA_4724,92,2116,SAFProductionSite,site_MAHARASHTRA_4724,MAHARASHTRA,inv_08,92205.98870140547,85194.7079785946,7011.280722810872,0.0,0.0,1570.71,1.0,37348554.95790756,0,517.0,89480.06647619462,470.0,470.0
92,site_TAMIL_NADU_5371,92,2116,SAFProductionSite,site_TAMIL_NADU_5371,TAMIL_NADU,inv_38,90286.89538345943,78359.26997934165,11927.625404117774,0.0,0.0,1570.71,1.0,35758616.31250352,0,522.5,81169.35285207584,475.0,475.0
92,site_JHARKHAND_5884,92,2116,SAFProductionSite,site_JHARKHAND_5884,JHARKHAND,inv_40,91829.723285306,82750.4978418554,9079.225443450603,0.0,0.0,1570.71,1.0,36134621.84211697,0,528.0,86449.84228604576,480.0,480.0
92,site_RAJASTHAN_6155,92,2116,SAFProductionSite,site_RAJASTHAN_6155,RAJASTHAN,inv_41,91995.47805707532,84258.16797875658,7737.31007831874,0.0,0.0,1570.71,1.0,35820779.76148102,0,533.5,88402.96940828537,485.0,485.0
92,site_PUNJAB_7292,92,2116,SAFProductionSite,site_PUNJAB_7292,PUNJAB,inv_45,93123.76083824887,84252.18769517657,8871.573143072295,0.0,0.0,1495.71,1.0,33413565.09203103,0,660.0,86006.65828641679,498.6076604281804,498.6076604281804
92,site_ODISHA_8598,92,2116,SAFProductionSite,site_ODISHA_8598,ODISHA,inv_11,91048.80722109541,79702.88022345967,11345.926997635746,0.0,0.0,1495.71,1.0,31557102.84475319,0,665.5,81879.09931081386,504.17011608971313,504.17011608971313
92,site_ASSAM_8835,92,2116,SAFProductionSite,site_ASSAM_8835,ASSAM,inv_50,92499.46619945783,84763.90703307117,7735.559166386665,0.0,0.0,1615.71,1.0,32745049.195740506,0,572.0,88466.48986500646,520.0,520.0
92,site_CHHATTISGARH_9911,92,2116,SAFProductionSite,site_CHHATTISGARH_9911,CHHATTISGARH,inv_15,92359.34404653334,81834.01881521396,10525.32523131938,0.0,0.0,1495.71,1.0,31491354.741273075,0,660.0,84478.01361384983,516.8082427610875,516.8082427610875
92,site_HARYANA_10533,92,2116,SAFProductionSite,site_HARYANA_10533,HARYANA,inv_12,90736.02272912802,79934.44463616077,10801.578092967247,0.0,0.0,1495.71,1.0,30785938.36592567,0,665.5,83819.23967823775,516.6186116574544,516.6186116574544
92,site_KERALA_11160,92,2116,SAFProductionSite,site_KERALA_11160,KERALA,inv_08,90286.84309028137,80068.88214267611,10217.960947605257,0.0,0.0,1615.71,1.0,31212091.482378826,0,577.5,82284.23384153483,525.0,525.0
92,site_BIHAR_11867,92,2116,SAFProductionSite,site_BIHAR_11867,BIHAR,inv_16,91702.54039910517,83408.28495739051,8294.25544171466,0.0,0.0,1525.71,1.0,30248103.160301268,0,687.5,86975.8767962169,529.5823963585422,529.5823963585422
92,site_UTTAR_PRADESH_11884,92,2116,SAFProductionSite,site_UTTAR_PRADESH_11884,UTTAR_PRADESH,inv_22,90006.87769446171,77663.41977689863,12343.457917563079,0.0,0.0,1525.71,1.0,29096123.40550281,0,693.0,81496.2443076199,525.7952930296552,525.7952930296552
93,site_BIHAR_001,93,2117,SAFProductionSite,site_BIHAR_001,BIHAR,inv_01,84671.30952429886,81324.21453908535,3347.094985213509,0.0,0.0,1525.71,1.0,34756002.517076775,0,687.5,83040.55512610561,425.0,425.0
93,site_PUNJAB_020,93,2117,SAFProductionSite,site_PUNJAB_020,PUNJAB,inv_02,91113.36197543464,78232.26060006951,12881.101375365135,0.0,0.0,1495.71,1.0,39135393.16252895,0,660.0,80586.22760630686,400.0,400.0
93,site_CHHATTISGARH_353,93,2117,SAFProductionSite,site_CHHATTISGARH_353,CHHATTISGARH,inv_08,92445.87546354513,85858.99123517197,6586.884228373165,0.0,0.0,1495.71,1.0,41716465.26090649,0,660.0,88943.40587327202,400.0,400.0
93,site_HARYANA_561,93,2117,SAFProductionSite,site_HARYANA_561,HARYANA,inv_11,91385.91455436849,82708.79816645275,8677.11638791574,0.0,0.0,1495.71,1.0,40264673.7752347,0,665.5,0.0,405.0,405.0
93,site_ODISHA_660,93,2117,SAFProductionSite,site_ODISHA_660,ODISHA,inv_12,91011.07820933237,79450.51614172879,11560.562067603576,0.0,0.0,1495.71,1.0,39150195.17488563,0,665.5,82790.61680406357,405.0,405.0
93,site_MADHYA_PRADESH_985,93,2117,SAFProductionSite,site_MADHYA_PRADESH_985,MADHYA_PRADESH,inv_15,93223.3428221344,86248.12885102202,6975.213971112375,0.0,0.0,1525.71,1.0,41535339.84869434,0,473.00000000000006,89643.16634783796,430.0,430.0
93,site_UTTAR_PRADESH_1102,93,2117,SAFProductionSite,site_UTTAR_PRADESH_1102,UTTAR_PRADESH,inv_16,90020.99363677304,77719.19639079252,12301.797245980517,0.0,0.0,1525.71,1.0,36094452.78189406,0,693.0,81352.07122253536,430.0,430.0
93,site_TELANGANA_1976,93,2117,SAFProductionSite,site_TELANGANA_1976,TELANGANA,inv_22,91350.15768134549,79849.76095887623,11500.39672246926,0.0,0.0,1525.71,1.0,39972738.15468027,0,478.50000000000006,82935.88904447402,435.0,435.0
93,site_KARNATAKA_2133,93,2117,SAFProductionSite,site_KARNATAKA_2133,KARNATAKA,inv_23,90267.31703998553,77584.53924912655,12682.777790858978,0.0,0.0,1540.71,1.0,38505812.58118495,0,489.50000000000006,81068.20775622556,445.0,445.0
93,site_GUJARAT_2323,93,2117,SAFProductionSite,site_GUJARAT_2323,GUJARAT,inv_24,90139.82556198505,78188.3374838229,11951.488078162147,0.0,0.0,1540.71,1.0,38021524.32677813,0,495.00000000000006,81791.23599805895,450.0,450.0
93,site_ANDHRA_PRADESH_3102,93,2117,SAFProductionSite,site_ANDHRA_PRADESH_3102,ANDHRA_PRADESH,inv_28,91819.91009437165,83777.29833381648,8042.61176055517,0.0,0.0,1540.71,1.0,38969265.60289237,0,495.00000000000006,87577.2346794002,450.0,450.0
93,site_WEST_BENGAL_3970,93,2117,SAFProductionSite,site_WEST_BENGAL_3970,WEST_BENGAL,inv_32,91151.21035570193,78303.99449987078,12847.21585583115,0.0,0.0,1540.71,1.0,37951763.99389942,0,500.50000000000006,0.0,455.0,455.0
93,site_MAHARASHTRA_4724,93,2117,SAFProductionSite,site_MAHARASHTRA_4724,MAHARASHTRA,inv_08,92205.98870140547,87188.3925833556,5017.596118049871,0.0,0.0,1570.71,1.0,37348554.95790756,0,517.0,89480.06647619462,470.0,470.0
93,site_TAMIL_NADU_5371,93,2117,SAFProductionSite,site_TAMIL_NADU_5371,TAMIL_NADU,inv_38,91084.38109988105,78477.0370190377,12607.344080843352,0.0,0.0,1570.71,1.0,36074464.87089184,0,522.5,81169.35285207584,475.0,475.0
93,site_JHARKHAND_5884,93,2117,SAFProductionSite,site_JHARKHAND_5884,JHARKHAND,inv_40,91829.723285306,84068.04185536726,7761.681429938733,0.0,0.0,1570.71,1.0,36134621.84211697,0,528.0,86449.84228604576,480.0,480.0
93,site_RAJASTHAN_6155,93,2117,SAFProductionSite,site_RAJASTHAN_6155,RAJASTHAN,inv_41,91995.47805707532,86465.75925552021,5529.718801555107,0.0,0.0,1570.71,1.0,35820779.76148102,0,533.5,88402.96940828537,485.0,485.0
93,site_PUNJAB_7292,93,2117,SAFProductionSite,site_PUNJAB_7292,PUNJAB,inv_45,93699.82834371511,84119.42683176092,9580.401511954187,0.0,0.0,1495.71,1.0,33620262.81254873,0,660.0,86006.65828641679,498.6076604281804,498.6076604281804
93,site_ODISHA_8598,93,2117,SAFProductionSite,site_ODISHA_8598,ODISHA,inv_11,90793.15132553907,78614.30032824985,12178.85099728922,0.0,0.0,1495.71,1.0,31468493.673088312,0,665.5,81879.09931081386,504.17011608971313,504.17011608971313
93,site_ASSAM_8835,93,2117,SAFProductionSite,site_ASSAM_8835,ASSAM,inv_50,92499.46619945783,86098.50662719185,6400.959572265987,0.0,0.0,1615.71,1.0,32745049.195740506,0,572.0,88466.48986500646,520.0,520.0
93,site_CHHATTISGARH_9911,93,2117,SAFProductionSite,site_CHHATTISGARH_9911,CHHATTISGARH,inv_15,91264.16414018492,80863.64625586571,10400.517884319212,0.0,0.0,1495.71,1.0,31117936.119774893,0,660.0,84478.01361384983,516.8082427610875,516.8082427610875
93,site_HARYANA_10533,93,2117,SAFProductionSite,site_HARYANA_10533,HARYANA,inv_12,90736.02272912802,80795.37417205705,9940.648557070963,0.0,0.0,1495.71,1.0,30785938.36592567,0,665.5,83819.23967823775,516.6186116574544,516.6186116574544
93,site_KERALA_11160,93,2117,SAFProductionSite,site_KERALA_11160,KERALA,inv_08,92105.46573349104,80042.309308457,12063.156425034045,0.0,0.0,1615.71,1.0,31840787.916642517,0,577.5,82284.23384153483,525.0,525.0
93,site_BIHAR_11867,93,2117,SAFProductionSite,site_BIHAR_11867,BIHAR,inv_16,92151.21315382104,84918.55715384024,7232.655999980794,0.0,0.0,1525.71,1.0,30396097.967324033,0,687.5,86975.8767962169,529.5823963585422,529.5823963585422
93,site_UTTAR_PRADESH_11884,93,2117,SAFProductionSite,site_UTTAR_PRADESH_11884,UTTAR_PRADESH,inv_22,90006.87769446171,79328.28101282832,10678.596681633397,0.0,0.0,1525.71,1.0,29096123.40550281,0,693.0,81496.2443076199,525.7952930296552,525.7952930296552
94,site_BIHAR_001,94,2118,SAFProductionSite,site_BIHAR_001,BIHAR,inv_01,86087.59519889878,81117.58094416365,4970.014254735128,0.0,0.0,1525.71,1.0,35337361.52460657,0,687.5,83040.55512610561,425.0,425.0
94,site_PUNJAB_020,94,2118,SAFProductionSite,site_PUNJAB_020,PUNJAB,inv_02,91221.73449820309,78058.37730011952,13163.35719808357,0.0,0.0,1495.71,1.0,39181941.782781824,0,660.0,80586.22760630686,400.0,400.0
94,site_CHHATTISGARH_353,94,2118,SAFProductionSite,site_CHHATTISGARH_353,CHHATTISGARH,inv_08,92894.0200570709,85457.71924130006,7436.300815770839,0.0,0.0,1495.71,1.0,41918691.78830901,0,660.0,88943.40587327202,400.0,400.0
94,site_HARYANA_561,94,2118,SAFProductionSite,site_HARYANA_561,HARYANA,inv_11,91517.28464343958,84006.61402257315,7510.670620866425,0.0,0.0,1495.71,1.0,40322555.49372564,0,665.5,86794.79299914683,405.0,405.0
94,site_ODISHA_660,94,2118,SAFProductionSite,site_ODISHA_660,ODISHA,inv_12,91011.07820933237,80478.92280407765,10532.155405254714,0.0,0.0,1495.71,1.0,39150195.17488563,0,665.5,0.0,405.0,405.0
94,site_MADHYA_PRADESH_985,94,2118,SAFProductionSite,site_MADHYA_PRADESH_985,MADHYA_PRADESH,inv_15,93223.3428221344,86371.8137421872,6851.529079947199,0.0,0.0,1525.71,1.0,41535339.84869434,0,473.00000000000006,89643.16634783796,430.0,430.0
94,site_UTTAR_PRADESH_1102,94,2118,SAFProductionSite,site_UTTAR_PRADESH_1102,UTTAR_PRADESH,inv_16,90189.82451384232,78111.56106904402,12078.2634447983,0.0,0.0,1525.71,1.0,36162146.52614543,0,693.0,81352.07122253536,430.0,430.0
94,site_TELANGANA_1976,94,2118,SAFProductionSite,site_TELANGANA_1976,TELANGANA,inv_22,90395.82802130745,79015.57525888193,11380.252762425516,0.0,0.0,1525.71,1.0,39555145.3383984,0,478.50000000000006,82935.88904447402,435.0,435.0
94,site_KARNATAKA_2133,94,2118,SAFProductionSite,site_KARNATAKA_2133,KARNATAKA,inv_23,90267.31703998553,78283.27032952697,11984.046710458555,0.0,0.0,1540.71,1.0,38505812.58118495,0,489.50000000000006,81068.20775622556,445.0,445.0
94,site_GUJARAT_2323,94,2118,SAFProductionSite,site_GUJARAT_2323,GUJARAT,inv_24,90373.00589360934,78424.75855214491,11948.247341464434,0.0,0.0,1540.71,1.0,38119881.20284377,0,495.00000000000006,81791.23599805895,450.0,450.0
94,site_ANDHRA_PRADESH_3102,94,2118,SAFProductionSite,site_ANDHRA_PRADESH_3102,ANDHRA_PRADESH,inv_28,91798.76183961608,83506.97993204785,8291.781907568235,0.0,0.0,1540.71,1.0,38960290.07726011,0,495.00000000000006,87577.2346794002,450.0,450.0
94,site_WEST_BENGAL_3970,94,2118,SAFProductionSite,site_WEST_BENGAL_3970,WEST_BENGAL,inv_32,90906.16412976998,78093.48606830185,12812.678061468134,0.0,0.0,1540.71,1.0,37849736.423471406,0,500.50000000000006,81012.09935531624,455.0,455.0
94,site_MAHARASHTRA_4724,94,2118,SAFProductionSite,site_MAHARASHTRA_4724,MAHARASHTRA,inv_08,92940.39402683254,85873.26962213707,7067.124404695467,0.0,0.0,1570.71,1.0,37646029.97058724,0,517.0,89480.06647619462,470.0,470.0
94,site_TAMIL_NADU_5371,94,2118,SAFProductionSite,site_TAMIL_NADU_5371,TAMIL_NADU,inv_38,91221.27285407309,79307.6903577032,11913.582496369883,0.0,0.0,1570.71,1.0,36128681.59518731,0,522.5,81169.35285207584,475.0,475.0
94,site_JHARKHAND_5884,94,2118,SAFProductionSite,site_JHARKHAND_5884,JHARKHAND,inv_40,91609.92407651342,82552.430230388,9057.49384612542,0.0,0.0,1570.71,1.0,36048131.7492933,0,528.0,86449.84228604576,480.0,480.0
94,site_RAJASTHAN_6155,94,2118,SAFProductionSite,site_RAJASTHAN_6155,RAJASTHAN,inv_41,93596.8904070173,85724.89301388226,7871.99739313504,0.0,0.0,1570.71,1.0,36444330.400122166,0,533.5,88402.96940828537,485.0,485.0
94,site_PUNJAB_7292,94,2118,SAFProductionSite,site_PUNJAB_7292,PUNJAB,inv_45,91855.23071606361,82463.43132017815,9391.799395885464,0.0,0.0,1495.71,1.0,32958406.135527298,0,660.0,86006.65828641679,498.6076604281804,498.6076604281804
94,site_ODISHA_8598,94,2118,SAFProductionSite,site_ODISHA_8598,ODISHA,inv_11,90793.15132553907,79873.07131873969,10920.080006799384,0.0,0.0,1495.71,1.0,31468493.673088312,0,665.5,81879.09931081386,504.17011608971313,504.17011608971313
94,site_ASSAM_8835,94,2118,SAFProductionSite,site_ASSAM_8835,ASSAM,inv_50,92878.56477946547,85111.30230044326,7767.2624790222035,0.0,0.0,1615.71,1.0,32879251.069139615,0,572.0,88466.48986500646,520.0,520.0
94,site_CHHATTISGARH_9911,94,2118,SAFProductionSite,site_CHHATTISGARH_9911,CHHATTISGARH,inv_15,90934.15096599283,80571.24157732558,10362.909388667249,0.0,0.0,1495.71,1.0,31005412.995611727,0,660.0,0.0,516.8082427610875,516.8082427610875
94,site_HARYANA_10533,94,2118,SAFProductionSite,site_HARYANA_10533,HARYANA,inv_12,91147.82997800835,80297.22870742939,10850.601270578962,0.0,0.0,1495.71,1.0,30925660.961223006,0,665.5,83819.23967823775,516.6186116574544,516.6186116574544
94,site_KERALA_11160,94,2118,SAFProductionSite,site_KERALA_11160,KERALA,inv_08,90552.9825297617,78693.15657577718,11859.825953984531,0.0,0.0,1615.71,1.0,31304095.67975478,0,577.5,82284.23384153483,525.0,525.0
94,site_BIHAR_11867,94,2118,SAFProductionSite,site_BIHAR_11867,BIHAR,inv_16,93819.79338138987,85195.50509244445,8624.28828894542,0.0,0.0,1525.71,1.0,30946479.523113877,0,687.5,86975.8767962169,529.5823963585422,529.5823963585422
94,site_UTTAR_PRADESH_11884,94,2118,SAFProductionSite,site_UTTAR_PRADESH_11884,UTTAR_PRADESH,inv_22,91936.34412886595,79715.07663976916,12221.26748909679,0.0,0.0,1525.71,1.0,29719853.446142316,0,693.0,81496.2443076199,525.7952930296552,525.7952930296552
95,site_BIHAR_001,95,2119,SAFProductionSite,site_BIHAR_001,BIHAR,inv_01,85295.70054405047,80371.40399944247,4924.296544608005,0.0,0.0,1525.71,1.0,35012303.45273076,0,687.5,83040.55512610561,425.0,425.0
95,site_PUNJAB_020,95,2119,SAFProductionSite,site_PUNJAB_020,PUNJAB,inv_02,91221.73449820309,78844.45048427602,12377.28401392707,0.0,0.0,1495.71,1.0,39181941.782781824,0,660.0,80586.22760630686,400.0,400.0
95,site_CHHATTISGARH_353,95,2119,SAFProductionSite,site_CHHATTISGARH_353,CHHATTISGARH,inv_08,92477.14567505445,85074.21625719662,7402.9294178578275,0.0,0.0,1495.71,1.0,41730576.03313497,0,660.0,88943.40587327202,400.0,400.0
95,site_HARYANA_561,95,2119,SAFProductionSite,site_HARYANA_561,HARYANA,inv_11,92310.13964421532,83425.3413253753,8884.798318840025,0.0,0.0,1495.71,1.0,40671887.75256412,0,665.5,86794.79299914683,405.0,405.0
95,site_ODISHA_660,95,2119,SAFProductionSite,site_ODISHA_660,ODISHA,inv_12,92189.12466797422,80532.64731484775,11656.477353126465,0.0,0.0,1495.71,1.0,39656954.897859484,0,665.5,82790.61680406357,405.0,405.0
95,site_MADHYA_PRADESH_985,95,2119,SAFProductionSite,site_MADHYA_PRADESH_985,MADHYA_PRADESH,inv_15,92438.21410478454,85521.74551473866,6916.468590045872,0.0,0.0,1525.71,1.0,41185528.448321,0,473.00000000000006,89643.16634783796,430.0,430.0
95,site_UTTAR_PRADESH_1102,95,2119,SAFProductionSite,site_UTTAR_PRADESH_1102,UTTAR_PRADESH,inv_16,90645.14704830339,79328.59686327586,11316.550185027532,0.0,0.0,1525.71,1.0,36344710.80428426,0,693.0,81352.07122253536,430.0,430.0
95,site_TELANGANA_1976,95,2119,SAFProductionSite,site_TELANGANA_1976,TELANGANA,inv_22,90395.82802130745,79459.69875752518,10936.129263782263,0.0,0.0,1525.71,1.0,39555145.3383984,0,478.50000000000006,82935.88904447402,435.0,435.0
95,site_KARNATAKA_2133,95,2119,SAFProductionSite,site_KARNATAKA_2133,KARNATAKA,inv_23,90559.06582748715,77835.296621751,12723.769205736156,0.0,0.0,1540.71,1.0,38630265.42304076,0,489.50000000000006,81068.20775622556,445.0,445.0
95,site_GUJARAT_2323,95,2119,SAFProductionSite,site_GUJARAT_2323,GUJARAT,inv_24,90646.27021010999,79254.86485865309,11391.405351456895,0.0,0.0,1540.71,1.0,38235145.74648686,0,495.00000000000006,81791.23599805895,450.0,450.0
95,site_ANDHRA_PRADESH_3102,95,2119,SAFProductionSite,site_ANDHRA_PRADESH_3102,ANDHRA_PRADESH,inv_28,91798.76183961608,85664.17904423519,6134.582795380891,0.0,0.0,1540.71,1.0,38960290.07726011,0,495.00000000000006,87577.2346794002,450.0,450.0
95,site_WEST_BENGAL_3970,95,2119,SAFProductionSite,site_WEST_BENGAL_3970,WEST_BENGAL,inv_32,90604.06527184433,77833.96623069227,12770.099041152062,0.0,0.0,1540.71,1.0,37723954.39036311,0,500.50000000000006,81012.09935531624,455.0,455.0
95,site_MAHARASHTRA_4724,95,2119,SAFProductionSite,site_MAHARASHTRA_4724,MAHARASHTRA,inv_08,92430.99139930935,85402.60162424915,7028.389775060205,0.0,0.0,1570.71,1.0,37439693.56773858,0,517.0,89480.06647619462,470.0,470.0
95,site_TAMIL_NADU_5371,95,2119,SAFProductionSite,site_TAMIL_NADU_5371,TAMIL_NADU,inv_38,91803.41463190239,78977.84960824724,12825.565023655145,0.0,0.0,1570.71,1.0,36359242.01466422,0,522.5,81169.35285207584,475.0,475.0
95,site_JHARKHAND_5884,95,2119,SAFProductionSite,site_JHARKHAND_5884,JHARKHAND,inv_40,91609.92407651342,84626.00141639862,6983.922660114797,0.0,0.0,1570.71,1.0,36048131.7492933,0,528.0,86449.84228604576,480.0,480.0
95,site_RAJASTHAN_6155,95,2119,SAFProductionSite,site_RAJASTHAN_6155,RAJASTHAN,inv_41,93151.32549862031,85316.8024893256,7834.523009294717,0.0,0.0,1570.71,1.0,36270838.36779389,0,533.5,88402.96940828537,485.0,485.0
95,site_PUNJAB_7292,95,2119,SAFProductionSite,site_PUNJAB_7292,PUNJAB,inv_45,91855.23071606361,82950.07518674017,8905.155529323441,0.0,0.0,1495.71,1.0,32958406.135527298,0,660.0,86006.65828641679,498.6076604281804,498.6076604281804
95,site_ODISHA_8598,95,2119,SAFProductionSite,site_ODISHA_8598,ODISHA,inv_11,92211.28081855914,79842.20415404502,12369.076664514127,0.0,0.0,1495.71,1.0,31960010.91119708,0,665.5,81879.09931081386,504.17011608971313,504.17011608971313
95,site_ASSAM_8835,95,2119,SAFProductionSite,site_ASSAM_8835,ASSAM,inv_50,92878.56477946547,86208.728117286,6669.83666217947,0.0,0.0,1615.71,1.0,32879251.069139615,0,572.0,88466.48986500646,520.0,520.0
95,site_CHHATTISGARH_9911,95,2119,SAFProductionSite,site_CHHATTISGARH_9911,CHHATTISGARH,inv_15,90934.15096599283,82540.20476890037,8393.94619709246,0.0,0.0,1495.71,1.0,31005412.995611727,0,660.0,84478.01361384983,516.8082427610875,516.8082427610875
95,site_HARYANA_10533,95,2119,SAFProductionSite,site_HARYANA_10533,HARYANA,inv_12,91025.45944275745,80189.42564883256,10836.033793924886,0.0,0.0,1495.71,1.0,30884141.709632203,0,665.5,83819.23967823775,516.6186116574544,516.6186116574544
95,site_KERALA_11160,95,2119,SAFProductionSite,site_KERALA_11160,KERALA,inv_08,90552.9825297617,79797.89997927134,10755.082550490362,0.0,0.0,1615.71,1.0,31304095.67975478,0,577.5,82284.23384153483,525.0,525.0
95,site_BIHAR_11867,95,2119,SAFProductionSite,site_BIHAR_11867,BIHAR,inv_16,91670.95696098512,82973.59349741216,8697.363463572954,0.0,0.0,1525.71,1.0,30237685.35627693,0,687.5,86975.8767962169,529.5823963585422,529.5823963585422
95,site_UTTAR_PRADESH_11884,95,2119,SAFProductionSite,site_UTTAR_PRADESH_11884,UTTAR_PRADESH,inv_22,89998.24210785392,77655.96846645526,12342.273641398657,0.0,0.0,1525.71,1.0,29093331.817792445,0,693.0,81496.2443076199,525.7952930296552,525.7952930296552
96,site_BIHAR_001,96,2120,SAFProductionSite,site_BIHAR_001,BIHAR,inv_01,84938.24254332583,80034.5827856436,4903.659757682239,0.0,0.0,1525.71,1.0,34865573.571703374,0,687.5,83040.55512610561,425.0,425.0
96,site_PUNJAB_020,96,2120,SAFProductionSite,site_PUNJAB_020,PUNJAB,inv_02,89763.45179377927,76810.52576365924,12952.926030120027,0.0,0.0,1495.71,1.0,38555574.08278267,0,660.0,80586.22760630686,400.0,400.0
96,site_CHHATTISGARH_353,96,2120,SAFProductionSite,site_CHHATTISGARH_353,CHHATTISGARH,inv_08,92477.14567505445,85201.57259532639,7275.573079728056,0.0,0.0,1495.71,1.0,41730576.03313497,0,660.0,88943.40587327202,400.0,400.0
96,site_HARYANA_561,96,2120,SAFProductionSite,site_HARYANA_561,HARYANA,inv_11,92310.13964421532,83938.27562953184,8371.86401468348,0.0,0.0,1495.71,1.0,40671887.75256412,0,665.5,86794.79299914683,405.0,405.0
96,site_ODISHA_660,96,2120,SAFProductionSite,site_ODISHA_660,ODISHA,inv_12,90337.87950212114,78862.82961162468,11475.049890496462,0.0,0.0,1495.71,1.0,38860605.585383356,0,665.5,82790.61680406357,405.0,405.0
96,site_MADHYA_PRADESH_985,96,2120,SAFProductionSite,site_MADHYA_PRADESH_985,MADHYA_PRADESH,inv_15,92283.11676814736,85378.25296587935,6904.86380226801,0.0,0.0,1525.71,1.0,41116425.363279894,0,473.00000000000006,89643.16634783796,430.0,430.0
96,site_UTTAR_PRADESH_1102,96,2120,SAFProductionSite,site_UTTAR_PRADESH_1102,UTTAR_PRADESH,inv_16,91762.77091529538,79074.65007911806,12688.120836177317,0.0,0.0,1525.71,1.0,36792828.74061619,0,693.0,81352.07122253536,430.0,430.0
96,site_TELANGANA_1976,96,2120,SAFProductionSite,site_TELANGANA_1976,TELANGANA,inv_22,90844.2766865557,79407.56712437284,11436.709562182863,0.0,0.0,1525.71,1.0,39751376.21009886,0,478.50000000000006,82935.88904447402,435.0,435.0
96,site_KARNATAKA_2133,96,2120,SAFProductionSite,site_KARNATAKA_2133,KARNATAKA,inv_23,90212.7639010676,77537.65095903074,12675.112942036867,0.0,0.0,1540.71,1.0,38482541.5567237,0,489.50000000000006,81068.20775622556,445.0,445.0
96,site_GUJARAT_2323,96,2120,SAFProductionSite,site_GUJARAT_2323,GUJARAT,inv_24,91605.73813773932,79841.10696087018,11764.631176869138,0.0,0.0,1540.71,1.0,38639855.12908973,0,495.00000000000006,81791.23599805895,450.0,450.0
96,site_ANDHRA_PRADESH_3102,96,2120,SAFProductionSite,site_ANDHRA_PRADESH_3102,ANDHRA_PRADESH,inv_28,92381.92623949397,84037.46963432476,8344.456605169209,0.0,0.0,1540.71,1.0,39207790.737690225,0,495.00000000000006,87577.2346794002,450.0,450.0
96,site_WEST_BENGAL_3970,96,2120,SAFProductionSite,site_WEST_BENGAL_3970,WEST_BENGAL,inv_32,90604.06527184433,78226.31443814213,12377.7508337022,0.0,0.0,1540.71,1.0,37723954.39036311,0,500.50000000000006,81012.09935531624,455.0,455.0
96,site_MAHARASHTRA_4724,96,2120,SAFProductionSite,site_MAHARASHTRA_4724,MAHARASHTRA,inv_08,92430.99139930935,86217.75583642937,6213.235562879985,0.0,0.0,1570.71,1.0,37439693.56773858,0,517.0,89480.06647619462,470.0,470.0
96,site_TAMIL_NADU_5371,96,2120,SAFProductionSite,site_TAMIL_NADU_5371,TAMIL_NADU,inv_38,91598.46491056567,78801.53276498073,12796.932145584942,0.0,0.0,1570.71,1.0,36278070.56206849,0,522.5,81169.35285207584,475.0,475.0
96,site_JHARKHAND_5884,96,2120,SAFProductionSite,site_JHARKHAND_5884,JHARKHAND,inv_40,92251.86822733132,83130.90521829367,9120.963009037645,0.0,0.0,1570.71,1.0,36300734.15626663,0,528.0,86449.84228604576,480.0,480.0
96,site_RAJASTHAN_6155,96,2120,SAFProductionSite,site_RAJASTHAN_6155,RAJASTHAN,inv_41,92531.10737714329,84748.74801788236,7782.359359260925,0.0,0.0,1570.71,1.0,36029340.663746715,0,533.5,88402.96940828537,485.0,485.0
96,site_PUNJAB_7292,96,2120,SAFProductionSite,site_PUNJAB_7292,PUNJAB,inv_45,92397.2986839372,83683.89241647597,8713.406267461236,0.0,0.0,1495.71,1.0,33152904.544588655,0,660.0,86006.65828641679,498.6076604281804,498.6076604281804
96,site_ODISHA_8598,96,2120,SAFProductionSite,site_ODISHA_8598,ODISHA,inv_11,91944.77178499181,79611.44422447795,12333.327560513862,0.0,0.0,1495.71,1.0,31867640.091215685,0,665.5,81879.09931081386,504.17011608971313,504.17011608971313
96,site_ASSAM_8835,96,2120,SAFProductionSite,site_ASSAM_8835,ASSAM,inv_50,92299.6991403225,84580.8461233757,7718.8530169467995,0.0,0.0,1615.71,1.0,32674331.142460406,0,572.0,88466.48986500646,520.0,520.0
96,site_CHHATTISGARH_9911,96,2120,SAFProductionSite,site_CHHATTISGARH_9911,CHHATTISGARH,inv_15,92770.43901568044,82198.2651596128,10572.173856067646,0.0,0.0,1495.71,1.0,31631523.96442437,0,660.0,84478.01361384983,516.8082427610875,516.8082427610875
96,site_HARYANA_10533,96,2120,SAFProductionSite,site_HARYANA_10533,HARYANA,inv_12,91025.45944275745,80642.88942433696,10382.57001842049,0.0,0.0,1495.71,1.0,30884141.709632203,0,665.5,0.0,516.6186116574544,516.6186116574544
96,site_KERALA_11160,96,2120,SAFProductionSite,site_KERALA_11160,KERALA,inv_08,91585.16240317654,79590.15069042495,11995.011712751584,0.0,0.0,1615.71,1.0,31660919.459749818,0,577.5,82284.23384153483,525.0,525.0
96,site_BIHAR_11867,96,2120,SAFProductionSite,site_BIHAR_11867,BIHAR,inv_16,91670.95696098512,84589.25867126096,7081.698289724154,0.0,0.0,1525.71,1.0,30237685.35627693,0,687.5,86975.8767962169,529.5823963585422,529.5823963585422
96,site_UTTAR_PRADESH_11884,96,2120,SAFProductionSite,site_UTTAR_PRADESH_11884,UTTAR_PRADESH,inv_22,89998.24210785392,78457.36310719325,11540.879000660672,0.0,0.0,1525.71,1.0,29093331.817792445,0,693.0,81496.2443076199,525.7952930296552,525.7952930296552
97,site_BIHAR_001,97,2121,SAFProductionSite,site_BIHAR_001,BIHAR,inv_01,83995.53919373179,79146.30364286639,4849.2355508654,0.0,0.0,1525.71,1.0,34478611.327049,0,687.5,83040.55512610561,425.0,425.0
97,site_PUNJAB_020,97,2121,SAFProductionSite,site_PUNJAB_020,PUNJAB,inv_02,89678.62998731046,76737.94380050056,12940.686186809893,0.0,0.0,1495.71,1.0,38519141.06491417,0,660.0,80586.22760630686,400.0,400.0
97,site_CHHATTISGARH_353,97,2121,SAFProductionSite,site_CHHATTISGARH_353,CHHATTISGARH,inv_08,92615.58421909301,85790.9414852146,6824.642733878412,0.0,0.0,1495.71,1.0,41793046.82141185,0,660.0,88943.40587327202,400.0,400.0
97,site_HARYANA_561,97,2121,SAFProductionSite,site_HARYANA_561,HARYANA,inv_11,92235.47844400287,83357.86622312226,8877.61222088062,0.0,0.0,1495.71,1.0,40638991.99521594,0,665.5,86794.79299914683,405.0,405.0
97,site_ODISHA_660,97,2121,SAFProductionSite,site_ODISHA_660,ODISHA,inv_12,90310.93198782067,78839.30506975534,11471.626918065333,0.0,0.0,1495.71,1.0,38849013.58510056,0,665.5,82790.61680406357,405.0,405.0
97,site_MADHYA_PRADESH_985,97,2121,SAFProductionSite,site_MADHYA_PRADESH_985,MADHYA_PRADESH,inv_15,92283.11676814736,86788.44337227369,5494.673395873673,0.0,0.0,1525.71,1.0,41116425.363279894,0,473.00000000000006,0.0,430.0,430.0
97,site_UTTAR_PRADESH_1102,97,2121,SAFProductionSite,site_UTTAR_PRADESH_1102,UTTAR_PRADESH,inv_16,90506.47282877244,77992.06145852631,12514.411370246133,0.0,0.0,1525.71,1.0,36289108.55122401,0,693.0,81352.07122253536,430.0,430.0
97,site_TELANGANA_1976,97,2121,SAFProductionSite,site_TELANGANA_1976,TELANGANA,inv_22,90777.38983411826,79349.10089602706,11428.28893809121,0.0,0.0,1525.71,1.0,39722108.05439627,0,478.50000000000006,82935.88904447402,435.0,435.0
97,site_KARNATAKA_2133,97,2121,SAFProductionSite,site_KARNATAKA_2133,KARNATAKA,inv_23,90212.7639010676,77815.68223204509,12397.081669022518,0.0,0.0,1540.71,1.0,38482541.5567237,0,489.50000000000006,81068.20775622556,445.0,445.0
97,site_GUJARAT_2323,97,2121,SAFProductionSite,site_GUJARAT_2323,GUJARAT,inv_24,89879.49201912968,77761.36231585969,12118.129703269995,0.0,0.0,1540.71,1.0,37911714.06176995,0,495.00000000000006,81791.23599805895,450.0,450.0
97,site_ANDHRA_PRADESH_3102,97,2121,SAFProductionSite,site_ANDHRA_PRADESH_3102,ANDHRA_PRADESH,inv_28,92381.92623949397,84559.5828006674,7822.343438826574,0.0,0.0,1540.71,1.0,39207790.737690225,0,495.00000000000006,87577.2346794002,450.0,450.0
97,site_WEST_BENGAL_3970,97,2121,SAFProductionSite,site_WEST_BENGAL_3970,WEST_BENGAL,inv_32,91060.78544580689,78395.14238534203,12665.643060464863,0.0,0.0,1540.71,1.0,37914114.63273223,0,500.50000000000006,81012.09935531624,455.0,455.0
97,site_MAHARASHTRA_4724,97,2121,SAFProductionSite,site_MAHARASHTRA_4724,MAHARASHTRA,inv_08,93313.23047097889,86717.98829450509,6595.242176473796,0.0,0.0,1570.71,1.0,37797049.47182162,0,517.0,0.0,470.0,470.0
97,site_TAMIL_NADU_5371,97,2121,SAFProductionSite,site_TAMIL_NADU_5371,TAMIL_NADU,inv_38,91598.46491056567,79101.07756568209,12497.38734488358,0.0,0.0,1570.71,1.0,36278070.56206849,0,522.5,81169.35285207584,475.0,475.0
97,site_JHARKHAND_5884,97,2121,SAFProductionSite,site_JHARKHAND_5884,JHARKHAND,inv_40,92251.86822733132,84021.461470709,8230.406756622324,0.0,0.0,1570.71,1.0,36300734.15626663,0,528.0,86449.84228604576,480.0,480.0
97,site_RAJASTHAN_6155,97,2121,SAFProductionSite,site_RAJASTHAN_6155,RAJASTHAN,inv_41,92531.10737714329,85251.6003357921,7279.507041351186,0.0,0.0,1570.71,1.0,36029340.663746715,0,533.5,88402.96940828537,485.0,485.0
97,site_PUNJAB_7292,97,2121,SAFProductionSite,site_PUNJAB_7292,PUNJAB,inv_45,91664.10291044612,82291.84550466118,9372.257405784942,0.0,0.0,1495.71,1.0,32889827.91965188,0,660.0,86006.65828641679,498.6076604281804,498.6076604281804
97,site_ODISHA_8598,97,2121,SAFProductionSite,site_ODISHA_8598,ODISHA,inv_11,91293.2888338801,79047.35017520549,12245.938658674611,0.0,0.0,1495.71,1.0,31641839.060786903,0,665.5,81879.09931081386,504.17011608971313,504.17011608971313
97,site_ASSAM_8835,97,2121,SAFProductionSite,site_ASSAM_8835,ASSAM,inv_50,91730.43403413326,84059.18760445899,7671.246429674269,0.0,0.0,1615.71,1.0,32472809.829165548,0,572.0,88466.48986500646,520.0,520.0
97,site_CHHATTISGARH_9911,97,2121,SAFProductionSite,site_CHHATTISGARH_9911,CHHATTISGARH,inv_15,92770.43901568044,82583.8301760916,10186.608839588851,0.0,0.0,1495.71,1.0,31631523.96442437,0,660.0,84478.01361384983,516.8082427610875,516.8082427610875
97,site_HARYANA_10533,97,2121,SAFProductionSite,site_HARYANA_10533,HARYANA,inv_12,91540.19998581478,80655.34584089566,10884.85414491911,0.0,0.0,1495.71,1.0,31058788.670743942,0,665.5,83819.23967823775,516.6186116574544,516.6186116574544
97,site_KERALA_11160,97,2121,SAFProductionSite,site_KERALA_11160,KERALA,inv_08,90519.08075025884,78663.69495046031,11855.385799798532,0.0,0.0,1615.71,1.0,31292375.86093022,0,577.5,82284.23384153483,525.0,525.0
97,site_BIHAR_11867,97,2121,SAFProductionSite,site_BIHAR_11867,BIHAR,inv_16,91458.26580829755,82781.08160674755,8677.18420155,0.0,0.0,1525.71,1.0,30167529.132689476,0,687.5,86975.8767962169,529.5823963585422,529.5823963585422
97,site_UTTAR_PRADESH_11884,97,2121,SAFProductionSite,site_UTTAR_PRADESH_11884,UTTAR_PRADESH,inv_22,90927.00663587895,79300.40768860186,11626.598947277089,0.0,0.0,1525.71,1.0,29393569.399789274,0,693.0,81496.2443076199,525.7952930296552,525.7952930296552
98,site_BIHAR_001,98,2122,SAFProductionSite,site_BIHAR_001,BIHAR,inv_01,83995.53919373179,81064.21823182004,2931.320961911755,0.0,0.0,1525.71,1.0,34478611.327049,0,687.5,83040.55512610561,425.0,425.0
98,site_PUNJAB_020,98,2122,SAFProductionSite,site_PUNJAB_020,PUNJAB,inv_02,89678.62998731046,77000.1547299928,12678.475257317652,0.0,0.0,1495.71,1.0,38519141.06491417,0,660.0,80586.22760630686,400.0,400.0
98,site_CHHATTISGARH_353,98,2122,SAFProductionSite,site_CHHATTISGARH_353,CHHATTISGARH,inv_08,93231.48117505971,85768.1661081514,7463.315066908312,0.0,0.0,1495.71,1.0,42070972.08134426,0,660.0,88943.40587327202,400.0,400.0
98,site_HARYANA_561,98,2122,SAFProductionSite,site_HARYANA_561,HARYANA,inv_11,91703.30905824191,82876.91783737463,8826.391220867285,0.0,0.0,1495.71,1.0,40404517.93195006,0,665.5,86794.79299914683,405.0,405.0
98,site_ODISHA_660,98,2122,SAFProductionSite,site_ODISHA_660,ODISHA,inv_12,90310.93198782067,80134.64578688877,10176.286200931907,0.0,0.0,1495.71,1.0,38849013.58510056,0,665.5,82790.61680406357,405.0,405.0
98,site_MADHYA_PRADESH_985,98,2122,SAFProductionSite,site_MADHYA_PRADESH_985,MADHYA_PRADESH,inv_15,93224.6415256871,86249.33038218322,6975.311143503874,0.0,0.0,1525.71,1.0,41535918.48159669,0,473.00000000000006,89643.16634783796,430.0,430.0
98,site_UTTAR_PRADESH_1102,98,2122,SAFProductionSite,site_UTTAR_PRADESH_1102,UTTAR_PRADESH,inv_16,90506.47282877244,78843.01354742775,11663.459281344694,0.0,0.0,1525.71,1.0,36289108.55122401,0,693.0,0.0,430.0,430.0
98,site_TELANGANA_1976,98,2122,SAFProductionSite,site_TELANGANA_1976,TELANGANA,inv_22,90777.38983411826,80916.40634500167,9860.983489116596,0.0,0.0,1525.71,1.0,39722108.05439627,0,478.50000000000006,82935.88904447402,435.0,435.0
98,site_KARNATAKA_2133,98,2122,SAFProductionSite,site_KARNATAKA_2133,KARNATAKA,inv_23,90536.24506511279,78717.7259178069,11818.51914730588,0.0,0.0,1540.71,1.0,38620530.6482877,0,489.50000000000006,81068.20775622556,445.0,445.0
98,site_GUJARAT_2323,98,2122,SAFProductionSite,site_GUJARAT_2323,GUJARAT,inv_24,89879.49201912968,78465.10677359892,11414.385245530764,0.0,0.0,1540.71,1.0,37911714.06176995,0,495.00000000000006,81791.23599805895,450.0,450.0
98,site_ANDHRA_PRADESH_3102,98,2122,SAFProductionSite,site_ANDHRA_PRADESH_3102,ANDHRA_PRADESH,inv_28,92955.88235968197,85577.1627774535,7378.71958222847,0.0,0.0,1540.71,1.0,39451383.314387634,0,495.00000000000006,87577.2346794002,450.0,450.0
98,site_WEST_BENGAL_3970,98,2122,SAFProductionSite,site_WEST_BENGAL_3970,WEST_BENGAL,inv_32,91257.31273445197,79162.59453574543,12094.718198706541,0.0,0.0,1540.71,1.0,37995940.833919406,0,500.50000000000006,81012.09935531624,455.0,455.0
98,site_MAHARASHTRA_4724,98,2122,SAFProductionSite,site_MAHARASHTRA_4724,MAHARASHTRA,inv_08,93854.6306291788,87301.08194216574,6553.54868701307,0.0,0.0,1570.71,1.0,38016346.6546568,0,517.0,89480.06647619462,470.0,470.0
98,site_TAMIL_NADU_5371,98,2122,SAFProductionSite,site_TAMIL_NADU_5371,TAMIL_NADU,inv_38,91218.00300726591,78474.22399219753,12743.779015068387,0.0,0.0,1570.71,1.0,36127386.55456285,0,522.5,81169.35285207584,475.0,475.0
98,site_JHARKHAND_5884,98,2122,SAFProductionSite,site_JHARKHAND_5884,JHARKHAND,inv_40,93240.13459867796,84662.46910929488,8577.665489383086,0.0,0.0,1570.71,1.0,36689612.945511624,0,528.0,86449.84228604576,480.0,480.0
98,site_RAJASTHAN_6155,98,2122,SAFProductionSite,site_RAJASTHAN_6155,RAJASTHAN,inv_41,93080.13592224385,86068.20861901496,7011.927303228891,0.0,0.0,1570.71,1.0,36243118.89515728,0,533.5,88402.96940828537,485.0,485.0
98,site_PUNJAB_7292,98,2122,SAFProductionSite,site_PUNJAB_7292,PUNJAB,inv_45,91664.10291044612,83797.97973515808,7866.123175288041,0.0,0.0,1495.71,1.0,32889827.91965188,0,660.0,86006.65828641679,498.6076604281804,498.6076604281804
98,site_ODISHA_8598,98,2122,SAFProductionSite,site_ODISHA_8598,ODISHA,inv_11,91293.2888338801,79285.27531063776,12008.013523242334,0.0,0.0,1495.71,1.0,31641839.060786903,0,665.5,81879.09931081386,504.17011608971313,504.17011608971313
98,site_ASSAM_8835,98,2122,SAFProductionSite,site_ASSAM_8835,ASSAM,inv_50,91730.43403413326,84280.43670243486,7449.997331698396,0.0,0.0,1615.71,1.0,32472809.829165548,0,572.0,88466.48986500646,520.0,520.0
98,site_CHHATTISGARH_9911,98,2122,SAFProductionSite,site_CHHATTISGARH_9911,CHHATTISGARH,inv_15,91955.31789521698,81476.03572200357,10479.282173213418,0.0,0.0,1495.71,1.0,31353595.741496682,0,660.0,84478.01361384983,516.8082427610875,516.8082427610875
98,site_HARYANA_10533,98,2122,SAFProductionSite,site_HARYANA_10533,HARYANA,inv_12,91138.71875316284,80289.2021191343,10849.51663402855,0.0,0.0,1495.71,1.0,30922569.602376834,0,665.5,83819.23967823775,516.6186116574544,516.6186116574544
98,site_KERALA_11160,98,2122,SAFProductionSite,site_KERALA_11160,KERALA,inv_08,90519.08075025884,79144.15003942695,11374.93071083189,0.0,0.0,1615.71,1.0,31292375.86093022,0,577.5,0.0,525.0,525.0
98,site_BIHAR_11867,98,2122,SAFProductionSite,site_BIHAR_11867,BIHAR,inv_16,91458.26580829755,85123.81156371557,6334.4542445819825,0.0,0.0,1525.71,1.0,30167529.132689476,0,687.5,86975.8767962169,529.5823963585422,529.5823963585422
98,site_UTTAR_PRADESH_11884,98,2122,SAFProductionSite,site_UTTAR_PRADESH_11884,UTTAR_PRADESH,inv_22,91904.0407498518,79300.81574605546,12603.225003796339,0.0,0.0,1525.71,1.0,29709410.876348913,0,693.0,81496.2443076199,525.7952930296552,525.7952930296552
99,site_BIHAR_001,99,2123,SAFProductionSite,site_BIHAR_001,BIHAR,inv_01,85835.81005516346,80880.33187558067,4955.478179582788,0.0,0.0,1525.71,1.0,35234008.39190325,0,687.5,83040.55512610561,425.0,425.0
99,site_PUNJAB_020,99,2123,SAFProductionSite,site_PUNJAB_020,PUNJAB,inv_02,89985.05879892543,78658.86549450902,11326.193304416403,0.0,0.0,1495.71,1.0,38650759.652560085,0,660.0,80586.22760630686,400.0,400.0
99,site_CHHATTISGARH_353,99,2123,SAFProductionSite,site_CHHATTISGARH_353,CHHATTISGARH,inv_08,93231.48117505971,86588.19768517336,6643.283489886351,0.0,0.0,1495.71,1.0,42070972.08134426,0,660.0,88943.40587327202,400.0,400.0
99,site_HARYANA_561,99,2123,SAFProductionSite,site_HARYANA_561,HARYANA,inv_11,91703.30905824191,83559.57030062571,8143.7387576162,0.0,0.0,1495.71,1.0,40404517.93195006,0,665.5,86794.79299914683,405.0,405.0
99,site_ODISHA_660,99,2123,SAFProductionSite,site_ODISHA_660,ODISHA,inv_12,91465.21948945793,79846.97072524938,11618.248764208547,0.0,0.0,1495.71,1.0,39345552.92807032,0,665.5,82790.61680406357,405.0,405.0
99,site_MADHYA_PRADESH_985,99,2123,SAFProductionSite,site_MADHYA_PRADESH_985,MADHYA_PRADESH,inv_15,93224.6415256871,86403.97316855653,6820.668357130562,0.0,0.0,1525.71,1.0,41535918.48159669,0,473.00000000000006,89643.16634783796,430.0,430.0
99,site_UTTAR_PRADESH_1102,99,2123,SAFProductionSite,site_UTTAR_PRADESH_1102,UTTAR_PRADESH,inv_16,90827.95805916407,78269.09463707198,12558.863422092094,0.0,0.0,1525.71,1.0,36418009.96632357,0,693.0,81352.07122253536,430.0,430.0
99,site_TELANGANA_1976,99,2123,SAFProductionSite,site_TELANGANA_1976,TELANGANA,inv_22,92440.44873750728,80802.79139056751,11637.65734693977,0.0,0.0,1525.71,1.0,40449824.56598535,0,478.50000000000006,82935.88904447402,435.0,435.0
99,site_KARNATAKA_2133,99,2123,SAFProductionSite,site_KARNATAKA_2133,KARNATAKA,inv_23,90411.65648521384,77708.59865092036,12703.057834293475,0.0,0.0,1540.71,1.0,38567384.230905876,0,489.50000000000006,81068.20775622556,445.0,445.0
99,site_GUJARAT_2323,99,2123,SAFProductionSite,site_GUJARAT_2323,GUJARAT,inv_24,90692.90619410202,78825.46556114253,11867.440632959493,0.0,0.0,1540.71,1.0,38254817.08697149,0,495.00000000000006,81791.23599805895,450.0,450.0
99,site_ANDHRA_PRADESH_3102,99,2123,SAFProductionSite,site_ANDHRA_PRADESH_3102,ANDHRA_PRADESH,inv_28,92884.02241782326,84494.21365404212,8389.80876378114,0.0,0.0,1540.71,1.0,39420885.25402555,0,495.00000000000006,87577.2346794002,450.0,450.0
99,site_WEST_BENGAL_3970,99,2123,SAFProductionSite,site_WEST_BENGAL_3970,WEST_BENGAL,inv_32,90823.99823718429,78022.90096497738,12801.097272206913,0.0,0.0,1540.71,1.0,37815525.790923655,0,500.50000000000006,81012.09935531624,455.0,455.0
99,site_MAHARASHTRA_4724,99,2123,SAFProductionSite,site_MAHARASHTRA_4724,MAHARASHTRA,inv_08,94485.71121579889,87509.86587171456,6975.84534408433,0.0,0.0,1570.71,1.0,38271969.40003592,0,517.0,89480.06647619462,470.0,470.0
99,site_TAMIL_NADU_5371,99,2123,SAFProductionSite,site_TAMIL_NADU_5371,TAMIL_NADU,inv_38,91189.43131230776,78449.64395847541,12739.787353832347,0.0,0.0,1570.71,1.0,36116070.579270214,0,522.5,0.0,475.0,475.0
99,site_JHARKHAND_5884,99,2123,SAFProductionSite,site_JHARKHAND_5884,JHARKHAND,inv_40,93144.01900565813,83934.84884803949,9209.170157618646,0.0,0.0,1570.71,1.0,36651791.85139692,0,528.0,86449.84228604576,480.0,480.0
99,site_RAJASTHAN_6155,99,2123,SAFProductionSite,site_RAJASTHAN_6155,RAJASTHAN,inv_41,92004.09593776247,84266.0610497411,7738.034888021371,0.0,0.0,1570.71,1.0,35824135.35256684,0,533.5,88402.96940828537,485.0,485.0
99,site_PUNJAB_7292,99,2123,SAFProductionSite,site_PUNJAB_7292,PUNJAB,inv_45,91913.15710113256,82515.43498332852,9397.722117804034,0.0,0.0,1495.71,1.0,32979190.595053256,0,660.0,86006.65828641679,498.6076604281804,498.6076604281804
99,site_ODISHA_8598,99,2123,SAFProductionSite,site_ODISHA_8598,ODISHA,inv_11,91494.5521242951,79221.61632333165,12272.93580096346,0.0,0.0,1495.71,1.0,31711596.002677158,0,665.5,81879.09931081386,504.17011608971313,504.17011608971313
99,site_ASSAM_8835,99,2123,SAFProductionSite,site_ASSAM_8835,ASSAM,inv_50,91971.87433786885,85643.86157283207,6328.0127650367795,0.0,0.0,1615.71,1.0,32558280.31833151,0,572.0,88466.48986500646,520.0,520.0
99,site_CHHATTISGARH_9911,99,2123,SAFProductionSite,site_CHHATTISGARH_9911,CHHATTISGARH,inv_15,91204.31810783362,80810.6203126002,10393.697795233427,0.0,0.0,1495.71,1.0,31097530.684308797,0,660.0,84478.01361384983,516.8082427610875,516.8082427610875
99,site_HARYANA_10533,99,2123,SAFProductionSite,site_HARYANA_10533,HARYANA,inv_12,90454.59321937138,79686.5176178719,10768.075601499484,0.0,0.0,1495.71,1.0,30690451.79641199,0,665.5,83819.23967823775,516.6186116574544,516.6186116574544
99,site_KERALA_11160,99,2123,SAFProductionSite,site_KERALA_11160,KERALA,inv_08,91071.94510556829,79498.37059775418,11573.574507814104,0.0,0.0,1615.71,1.0,31483500.638856158,0,577.5,82284.23384153483,525.0,525.0
99,site_BIHAR_11867,99,2123,SAFProductionSite,site_BIHAR_11867,BIHAR,inv_16,92243.00588271584,83491.36876960137,8751.63711311447,0.0,0.0,1525.71,1.0,30426375.81917949,0,687.5,86975.8767962169,529.5823963585422,529.5823963585422
99,site_UTTAR_PRADESH_11884,99,2123,SAFProductionSite,site_UTTAR_PRADESH_11884,UTTAR_PRADESH,inv_22,91904.51366203395,79538.81547125074,12365.698190783209,0.0,0.0,1525.71,1.0,29709563.752568647,0,693.0,81496.2443076199,525.7952930296552,525.7952930296552
100,site_BIHAR_001,100,2124,SAFProductionSite,site_BIHAR_001,BIHAR,inv_01,85835.81005516346,80980.20900124234,4855.601053921113,0.0,0.0,1525.71,1.0,35234008.39190325,0,687.5,83040.55512610561,425.0,425.0
100,site_PUNJAB_020,100,2124,SAFProductionSite,site_PUNJAB_020,PUNJAB,inv_02,91079.32445700109,77936.51712295208,13142.807334049008,0.0,0.0,1495.71,1.0,39120773.224933684,0,660.0,80586.22760630686,400.0,400.0
100,site_CHHATTISGARH_353,100,2124,SAFProductionSite,site_CHHATTISGARH_353,CHHATTISGARH,inv_08,92074.78045059256,84704.06095157628,7370.7194990162825,0.0,0.0,1495.71,1.0,41549007.576734975,0,660.0,88943.40587327202,400.0,400.0
100,site_HARYANA_561,100,2124,SAFProductionSite,site_HARYANA_561,HARYANA,inv_11,92458.66400447342,85015.23224744118,7443.4317570322455,0.0,0.0,1495.71,1.0,40737327.65041524,0,665.5,86794.79299914683,405.0,405.0
100,site_ODISHA_660,100,2124,SAFProductionSite,site_ODISHA_660,ODISHA,inv_12,91465.21948945793,80232.57563064963,11232.643858808296,0.0,0.0,1495.71,1.0,39345552.92807032,0,665.5,82790.61680406357,405.0,405.0
100,site_MADHYA_PRADESH_985,100,2124,SAFProductionSite,site_MADHYA_PRADESH_985,MADHYA_PRADESH,inv_15,92182.32395542868,85285.0017346378,6897.322220790884,0.0,0.0,1525.71,1.0,41071517.47214621,0,473.00000000000006,89643.16634783796,430.0,430.0
100,site_UTTAR_PRADESH_1102,100,2124,SAFProductionSite,site_UTTAR_PRADESH_1102,UTTAR_PRADESH,inv_16,89786.05050562878,77371.25257771825,12414.797927910535,0.0,0.0,1525.71,1.0,36000250.93618089,0,693.0,81352.07122253536,430.0,430.0
100,site_TELANGANA_1976,100,2124,SAFProductionSite,site_TELANGANA_1976,TELANGANA,inv_22,92440.44873750728,81019.86881782793,11420.579919679352,0.0,0.0,1525.71,1.0,40449824.56598535,0,478.50000000000006,82935.88904447402,435.0,435.0
100,site_KARNATAKA_2133,100,2124,SAFProductionSite,site_KARNATAKA_2133,KARNATAKA,inv_23,90411.65648521384,78077.37547534589,12334.281009867947,0.0,0.0,1540.71,1.0,38567384.230905876,0,489.50000000000006,81068.20775622556,445.0,445.0
100,site_GUJARAT_2323,100,2124,SAFProductionSite,site_GUJARAT_2323,GUJARAT,inv_24,90459.45162477028,78263.12804694752,12196.323577822768,0.0,0.0,1540.71,1.0,38156344.53578001,0,495.00000000000006,81791.23599805895,450.0,450.0
100,site_ANDHRA_PRADESH_3102,100,2124,SAFProductionSite,site_ANDHRA_PRADESH_3102,ANDHRA_PRADESH,inv_28,92884.02241782326,85120.88230879325,7763.140109030006,0.0,0.0,1540.71,1.0,39420885.25402555,0,495.00000000000006,87577.2346794002,450.0,450.0
100,site_WEST_BENGAL_3970,100,2124,SAFProductionSite,site_WEST_BENGAL_3970,WEST_BENGAL,inv_32,90823.99823718429,78881.76943322658,11942.22880395771,0.0,0.0,1540.71,1.0,37815525.790923655,0,500.50000000000006,81012.09935531624,455.0,455.0
100,site_MAHARASHTRA_4724,100,2124,SAFProductionSite,site_MAHARASHTRA_4724,MAHARASHTRA,inv_08,92094.49522220678,85091.69238778943,7002.802834417351,0.0,0.0,1570.71,1.0,37303393.896311164,0,517.0,89480.06647619462,470.0,470.0
100,site_TAMIL_NADU_5371,100,2124,SAFProductionSite,site_TAMIL_NADU_5371,TAMIL_NADU,inv_38,90789.19445919023,78105.32293163847,12683.87152755176,0.0,0.0,1570.71,1.0,35957554.595262036,0,522.5,81169.35285207584,475.0,475.0
100,site_JHARKHAND_5884,100,2124,SAFProductionSite,site_JHARKHAND_5884,JHARKHAND,inv_40,93144.01900565813,84593.65367385841,8550.365331799723,0.0,0.0,1570.71,1.0,36651791.85139692,0,528.0,86449.84228604576,480.0,480.0
100,site_RAJASTHAN_6155,100,2124,SAFProductionSite,site_RAJASTHAN_6155,RAJASTHAN,inv_41,92004.09593776247,86252.08483366708,5752.0111040953925,0.0,0.0,1570.71,1.0,35824135.35256684,0,533.5,88402.96940828537,485.0,485.0
100,site_PUNJAB_7292,100,2124,SAFProductionSite,site_PUNJAB_7292,PUNJAB,inv_45,91913.15710113256,84171.17398264831,7741.983118484248,0.0,0.0,1495.71,1.0,32979190.595053256,0,660.0,86006.65828641679,498.6076604281804,498.6076604281804
100,site_ODISHA_8598,100,2124,SAFProductionSite,site_ODISHA_8598,ODISHA,inv_11,91002.47268158208,78795.54364571198,12206.929035870096,0.0,0.0,1495.71,1.0,31541043.50390829,0,665.5,81879.09931081386,504.17011608971313,504.17011608971313
100,site_ASSAM_8835,100,2124,SAFProductionSite,site_ASSAM_8835,ASSAM,inv_50,92615.0543024345,84869.82871691868,7745.225585515815,0.0,0.0,1615.71,1.0,32785967.681802362,0,572.0,88466.48986500646,520.0,520.0
100,site_CHHATTISGARH_9911,100,2124,SAFProductionSite,site_CHHATTISGARH_9911,CHHATTISGARH,inv_15,90674.9120561606,80341.54568630498,10333.36636985562,0.0,0.0,1495.71,1.0,30917021.457575753,0,660.0,84478.01361384983,516.8082427610875,516.8082427610875
100,site_HARYANA_10533,100,2124,SAFProductionSite,site_HARYANA_10533,HARYANA,inv_12,90454.59321937138,80268.1627397116,10186.430479659786,0.0,0.0,1495.71,1.0,30690451.79641199,0,665.5,83819.23967823775,516.6186116574544,516.6186116574544
100,site_KERALA_11160,100,2124,SAFProductionSite,site_KERALA_11160,KERALA,inv_08,91479.55015568469,80457.10429046172,11022.445865222966,0.0,0.0,1615.71,1.0,31624409.387877226,0,577.5,82284.23384153483,525.0,525.0
100,site_BIHAR_11867,100,2124,SAFProductionSite,site_BIHAR_11867,BIHAR,inv_16,92243.00588271584,83799.88528167213,8443.120601043702,0.0,0.0,1525.71,1.0,30426375.81917949,0,687.5,0.0,529.5823963585422,529.5823963585422
100,site_UTTAR_PRADESH_11884,100,2124,SAFProductionSite,site_UTTAR_PRADESH_11884,UTTAR_PRADESH,inv_22,91308.03239732214,78786.13535676763,12521.897040554511,0.0,0.0,1525.71,1.0,29516741.904597864,0,693.0,0.0,525.7952930296552,525.7952930296552
