Step,AgentID,Tick,Year,Type,Unique_ID,State_ID,Investor_ID,Production_Output,Contracted_Production,Spot_Production,Curtailed_Volume,Take_Or_Pay_Penalty,SRMC,Opex,Transport_Cost,Profit_Margin,Max_Capacity,Is_Operational,Plant_ID,Design_Load_Factor,Annual_Load_Factor,NPV,Discount_Rate,ROACE,Feedstock_Price,Available_Feedstock,Current_Supply,Optimism_Factor,SAF_Demand,Consumer_Price_Forecast,EBIT,Raw_ROACE,Max_Supply,Cumulative_Allocated,Num_Owned_Sites,State_Spot_Price,Aggregator_Contracted_Capacity,Contract_Price,Initial_Contract_Price,Num_Contracts,Avg_Contract_Coverage
0,agg_PUNJAB,0,2024,FeedstockAggregator,agg_PUNJAB,PUNJAB,,,0.0,0.0,0.0,0.0,,,,,,,,,1.0,,,,360.0,4787000.0,4787000.0,,,,,,4787000.0,0.0,0,440.00000000000006,0.0,,,,
0,agg_HARYANA,0,2024,FeedstockAggregator,agg_HARYANA,HARYANA,,,0.0,0.0,0.0,0.0,,,,,,,,,1.0,,,,360.0,4000000.0,4000000.0,,,,,,4000000.0,0.0,0,445.50000000000006,0.0,,,,
0,agg_UTTAR_PRADESH,0,2024,FeedstockAggregator,agg_UTTAR_PRADESH,UTTAR_PRADESH,,,0.0,0.0,0.0,0.0,,,,,,,,,1.0,,,,390.0,16500000.0,14889668.603910135,,,,,,16500000.0,0.0,0,473.00000000000006,0.0,,,,
0,agg_BIHAR,0,2024,FeedstockAggregator,agg_BIHAR,BIHAR,,,0.0,0.0,0.0,0.0,,,,,,,,,1.0,,,,390.0,3333333.333,2987070.6514697294,,,,,,3333333.333,0.0,0,467.50000000000006,0.0,,,,
0,agg_ANDHRA_PRADESH,0,2024,FeedstockAggregator,agg_ANDHRA_PRADESH,ANDHRA_PRADESH,,,0.0,0.0,0.0,0.0,,,,,,,,,1.0,,,,405.0,3000000.0,2609546.489057056,,,,,,3000000.0,0.0,0,495.00000000000006,0.0,,,,
0,agg_TAMIL_NADU,0,2024,FeedstockAggregator,agg_TAMIL_NADU,TAMIL_NADU,,,0.0,0.0,0.0,0.0,,,,,,,,,1.0,,,,435.0,1333333.333,1143531.850744781,,,,,,1333333.333,0.0,0,522.5,0.0,,,,
0,agg_MAHARASHTRA,0,2024,FeedstockAggregator,agg_MAHARASHTRA,MAHARASHTRA,,,0.0,0.0,0.0,0.0,,,,,,,,,1.0,,,,435.0,10333333.333,10333333.333,,,,,,10333333.333,0.0,0,517.0,0.0,,,,
0,agg_KARNATAKA,0,2024,FeedstockAggregator,agg_KARNATAKA,KARNATAKA,,,0.0,0.0,0.0,0.0,,,,,,,,,1.0,,,,405.0,5666666.667,5005232.59603963,,,,,,5666666.667,0.0,0,489.50000000000006,0.0,,,,
0,agg_WEST_BENGAL,0,2024,FeedstockAggregator,agg_WEST_BENGAL,WEST_BENGAL,,,0.0,0.0,0.0,0.0,,,,,,,,,1.0,,,,405.0,5497000.0,5497000.0,,,,,,5497000.0,0.0,0,500.50000000000006,0.0,,,,
0,agg_CHHATTISGARH,0,2024,FeedstockAggregator,agg_CHHATTISGARH,CHHATTISGARH,,,0.0,0.0,0.0,0.0,,,,,,,,,1.0,,,,360.0,2666666.667,2620766.187018983,,,,,,2666666.667,0.0,0,440.00000000000006,0.0,,,,
0,agg_ODISHA,0,2024,FeedstockAggregator,agg_ODISHA,ODISHA,,,0.0,0.0,0.0,0.0,,,,,,,,,1.0,,,,360.0,3204666.667,3204666.667,,,,,,3204666.667,0.0,0,445.50000000000006,0.0,,,,
0,agg_MADHYA_PRADESH,0,2024,FeedstockAggregator,agg_MADHYA_PRADESH,MADHYA_PRADESH,,,0.0,0.0,0.0,0.0,,,,,,,,,1.0,,,,390.0,3333333.333,2895265.2728763185,,,,,,3333333.333,0.0,0,473.00000000000006,0.0,,,,
0,agg_TELANGANA,0,2024,FeedstockAggregator,agg_TELANGANA,TELANGANA,,,0.0,0.0,0.0,0.0,,,,,,,,,1.0,,,,390.0,5698000.0,4575854.781840477,,,,,,5698000.0,0.0,0,478.50000000000006,0.0,,,,
0,agg_ASSAM,0,2024,FeedstockAggregator,agg_ASSAM,ASSAM,,,0.0,0.0,0.0,0.0,,,,,,,,,1.0,,,,480.0,2000000.0,2000000.0,,,,,,2000000.0,0.0,0,572.0,0.0,,,,
0,agg_JHARKHAND,0,2024,FeedstockAggregator,agg_JHARKHAND,JHARKHAND,,,0.0,0.0,0.0,0.0,,,,,,,,,1.0,,,,435.0,1666666.667,1530147.112286094,,,,,,1666666.667,0.0,0,528.0,0.0,,,,
0,agg_RAJASTHAN,0,2024,FeedstockAggregator,agg_RAJASTHAN,RAJASTHAN,,,0.0,0.0,0.0,0.0,,,,,,,,,1.0,,,,435.0,2333333.333,2300986.3676651046,,,,,,2333333.333,0.0,0,533.5,0.0,,,,
0,agg_KERALA,0,2024,FeedstockAggregator,agg_KERALA,KERALA,,,0.0,0.0,0.0,0.0,,,,,,,,,1.0,,,,480.0,1000000.0,1000000.0,,,,,,1000000.0,0.0,0,577.5,0.0,,,,
0,agg_GUJARAT,0,2024,FeedstockAggregator,agg_GUJARAT,GUJARAT,,,0.0,0.0,0.0,0.0,,,,,,,,,1.0,,,,405.0,1583333.333,1583333.333,,,,,,1583333.333,83497.75306770296,0,495.00000000000006,83497.75306770296,,,,
1,agg_PUNJAB,1,2025,FeedstockAggregator,agg_PUNJAB,PUNJAB,,,0.0,0.0,0.0,0.0,,,,,,,,,1.0,,,,360.0,3887393.5429727784,3887393.5429727784,,,,,,4787000.0,81810.91494169708,0,440.00000000000006,81810.91494169708,,,,
1,agg_HARYANA,1,2025,FeedstockAggregator,agg_HARYANA,HARYANA,,,0.0,0.0,0.0,0.0,,,,,,,,,1.0,,,,360.0,3272253.6253103423,3272253.6253103423,,,,,,4000000.0,0.0,0,445.50000000000006,0.0,,,,
1,agg_UTTAR_PRADESH,1,2025,FeedstockAggregator,agg_UTTAR_PRADESH,UTTAR_PRADESH,,,0.0,0.0,0.0,0.0,,,,,,,,,1.0,,,,390.0,13553482.0960277,13553482.0960277,,,,,,16500000.0,0.0,0,473.00000000000006,0.0,,,,
1,agg_BIHAR,1,2025,FeedstockAggregator,agg_BIHAR,BIHAR,,,0.0,0.0,0.0,0.0,,,,,,,,,1.0,,,,390.0,3333333.333,3333333.333,,,,,,3333333.333,0.0,0,467.50000000000006,0.0,,,,
1,agg_ANDHRA_PRADESH,1,2025,FeedstockAggregator,agg_ANDHRA_PRADESH,ANDHRA_PRADESH,,,0.0,0.0,0.0,0.0,,,,,,,,,1.0,,,,405.0,3000000.0,3000000.0,,,,,,3000000.0,0.0,0,495.00000000000006,0.0,,,,
1,agg_TAMIL_NADU,1,2025,FeedstockAggregator,agg_TAMIL_NADU,TAMIL_NADU,,,0.0,0.0,0.0,0.0,,,,,,,,,1.0,,,,435.0,1333333.333,1333333.333,,,,,,1333333.333,0.0,0,522.5,0.0,,,,
1,agg_MAHARASHTRA,1,2025,FeedstockAggregator,agg_MAHARASHTRA,MAHARASHTRA,,,0.0,0.0,0.0,0.0,,,,,,,,,1.0,,,,435.0,10333333.333,10333333.333,,,,,,10333333.333,0.0,0,517.0,0.0,,,,
1,agg_KARNATAKA,1,2025,FeedstockAggregator,agg_KARNATAKA,KARNATAKA,,,0.0,0.0,0.0,0.0,,,,,,,,,1.0,,,,405.0,5666666.667,5666666.667,,,,,,5666666.667,0.0,0,489.50000000000006,0.0,,,,
1,agg_WEST_BENGAL,1,2025,FeedstockAggregator,agg_WEST_BENGAL,WEST_BENGAL,,,0.0,0.0,0.0,0.0,,,,,,,,,1.0,,,,405.0,5497000.0,5497000.0,,,,,,5497000.0,0.0,0,500.50000000000006,0.0,,,,
1,agg_CHHATTISGARH,1,2025,FeedstockAggregator,agg_CHHATTISGARH,CHHATTISGARH,,,0.0,0.0,0.0,0.0,,,,,,,,,1.0,,,,360.0,2507133.6380136684,2507133.6380136684,,,,,,2666666.667,0.0,0,440.00000000000006,0.0,,,,
1,agg_ODISHA,1,2025,FeedstockAggregator,agg_ODISHA,ODISHA,,,0.0,0.0,0.0,0.0,,,,,,,,,1.0,,,,360.0,2919835.6705436963,2919835.6705436963,,,,,,3204666.667,0.0,0,445.50000000000006,0.0,,,,
1,agg_MADHYA_PRADESH,1,2025,FeedstockAggregator,agg_MADHYA_PRADESH,MADHYA_PRADESH,,,0.0,0.0,0.0,0.0,,,,,,,,,1.0,,,,390.0,3333333.333,3333333.333,,,,,,3333333.333,0.0,0,473.00000000000006,0.0,,,,
1,agg_TELANGANA,1,2025,FeedstockAggregator,agg_TELANGANA,TELANGANA,,,0.0,0.0,0.0,0.0,,,,,,,,,1.0,,,,390.0,5698000.0,5698000.0,,,,,,5698000.0,0.0,0,478.50000000000006,0.0,,,,
1,agg_ASSAM,1,2025,FeedstockAggregator,agg_ASSAM,ASSAM,,,0.0,0.0,0.0,0.0,,,,,,,,,1.0,,,,480.0,1810280.7160190316,1810280.7160190316,,,,,,2000000.0,0.0,0,572.0,0.0,,,,
1,agg_JHARKHAND,1,2025,FeedstockAggregator,agg_JHARKHAND,JHARKHAND,,,0.0,0.0,0.0,0.0,,,,,,,,,1.0,,,,435.0,1549420.632173867,1549420.632173867,,,,,,1666666.667,0.0,0,528.0,0.0,,,,
1,agg_RAJASTHAN,1,2025,FeedstockAggregator,agg_RAJASTHAN,RAJASTHAN,,,0.0,0.0,0.0,0.0,,,,,,,,,1.0,,,,435.0,2153797.7463577585,2153797.7463577585,,,,,,2333333.333,0.0,0,533.5,0.0,,,,
1,agg_KERALA,1,2025,FeedstockAggregator,agg_KERALA,KERALA,,,0.0,0.0,0.0,0.0,,,,,,,,,1.0,,,,480.0,817241.6144688546,817241.6144688546,,,,,,1000000.0,0.0,0,577.5,0.0,,,,
1,agg_GUJARAT,1,2025,FeedstockAggregator,agg_GUJARAT,GUJARAT,,,0.0,0.0,0.0,0.0,,,,,,,,,1.0,,,,405.0,1399598.984235804,1499598.984235804,,,,,,1583333.333,83497.75306770296,0,495.00000000000006,83497.75306770296,,,,
2,agg_PUNJAB,2,2026,FeedstockAggregator,agg_PUNJAB,PUNJAB,,,0.0,0.0,0.0,0.0,,,,,,,,,1.0,,,,360.0,4644847.120623074,4644847.120623074,,,,,,4787000.0,81810.91494169708,0,440.00000000000006,81810.91494169708,,,,
2,agg_HARYANA,2,2026,FeedstockAggregator,agg_HARYANA,HARYANA,,,0.0,0.0,0.0,0.0,,,,,,,,,1.0,,,,360.0,3927146.485780188,3927146.485780188,,,,,,4000000.0,0.0,0,445.50000000000006,0.0,,,,
2,agg_UTTAR_PRADESH,2,2026,FeedstockAggregator,agg_UTTAR_PRADESH,UTTAR_PRADESH,,,0.0,0.0,0.0,0.0,,,,,,,,,1.0,,,,390.0,16500000.0,16500000.0,,,,,,16500000.0,0.0,0,473.00000000000006,0.0,,,,
2,agg_BIHAR,2,2026,FeedstockAggregator,agg_BIHAR,BIHAR,,,0.0,0.0,0.0,0.0,,,,,,,,,1.0,,,,390.0,3105196.001562604,3105196.001562604,,,,,,3333333.333,0.0,0,467.50000000000006,0.0,,,,
2,agg_ANDHRA_PRADESH,2,2026,FeedstockAggregator,agg_ANDHRA_PRADESH,ANDHRA_PRADESH,,,0.0,0.0,0.0,0.0,,,,,,,,,1.0,,,,405.0,3000000.0,3000000.0,,,,,,3000000.0,0.0,0,495.00000000000006,0.0,,,,
2,agg_TAMIL_NADU,2,2026,FeedstockAggregator,agg_TAMIL_NADU,TAMIL_NADU,,,0.0,0.0,0.0,0.0,,,,,,,,,1.0,,,,435.0,1333333.333,1333333.333,,,,,,1333333.333,0.0,0,522.5,0.0,,,,
2,agg_MAHARASHTRA,2,2026,FeedstockAggregator,agg_MAHARASHTRA,MAHARASHTRA,,,0.0,0.0,0.0,0.0,,,,,,,,,1.0,,,,435.0,9464417.461919108,9464417.461919108,,,,,,10333333.333,0.0,0,517.0,0.0,,,,
2,agg_KARNATAKA,2,2026,FeedstockAggregator,agg_KARNATAKA,KARNATAKA,,,0.0,0.0,0.0,0.0,,,,,,,,,1.0,,,,405.0,5666666.667,5666666.667,,,,,,5666666.667,0.0,0,489.50000000000006,0.0,,,,
2,agg_WEST_BENGAL,2,2026,FeedstockAggregator,agg_WEST_BENGAL,WEST_BENGAL,,,0.0,0.0,0.0,0.0,,,,,,,,,1.0,,,,405.0,5497000.0,5497000.0,,,,,,5497000.0,0.0,0,500.50000000000006,0.0,,,,
2,agg_CHHATTISGARH,2,2026,FeedstockAggregator,agg_CHHATTISGARH,CHHATTISGARH,,,0.0,0.0,0.0,0.0,,,,,,,,,1.0,,,,360.0,2666666.667,2666666.667,,,,,,2666666.667,0.0,0,440.00000000000006,0.0,,,,
2,agg_ODISHA,2,2026,FeedstockAggregator,agg_ODISHA,ODISHA,,,0.0,0.0,0.0,0.0,,,,,,,,,1.0,,,,360.0,2870886.4894990744,2870886.4894990744,,,,,,3204666.667,0.0,0,445.50000000000006,0.0,,,,
2,agg_MADHYA_PRADESH,2,2026,FeedstockAggregator,agg_MADHYA_PRADESH,MADHYA_PRADESH,,,0.0,0.0,0.0,0.0,,,,,,,,,1.0,,,,390.0,3333333.333,3333333.333,,,,,,3333333.333,0.0,0,473.00000000000006,0.0,,,,
2,agg_TELANGANA,2,2026,FeedstockAggregator,agg_TELANGANA,TELANGANA,,,0.0,0.0,0.0,0.0,,,,,,,,,1.0,,,,390.0,5158865.063686561,5158865.063686561,,,,,,5698000.0,0.0,0,478.50000000000006,0.0,,,,
2,agg_ASSAM,2,2026,FeedstockAggregator,agg_ASSAM,ASSAM,,,0.0,0.0,0.0,0.0,,,,,,,,,1.0,,,,480.0,2000000.0,2000000.0,,,,,,2000000.0,0.0,0,572.0,0.0,,,,
2,agg_JHARKHAND,2,2026,FeedstockAggregator,agg_JHARKHAND,JHARKHAND,,,0.0,0.0,0.0,0.0,,,,,,,,,1.0,,,,435.0,1652737.1505739456,1652737.1505739456,,,,,,1666666.667,0.0,0,528.0,0.0,,,,
2,agg_RAJASTHAN,2,2026,FeedstockAggregator,agg_RAJASTHAN,RAJASTHAN,,,0.0,0.0,0.0,0.0,,,,,,,,,1.0,,,,435.0,2333333.333,2333333.333,,,,,,2333333.333,0.0,0,533.5,0.0,,,,
2,agg_KERALA,2,2026,FeedstockAggregator,agg_KERALA,KERALA,,,0.0,0.0,0.0,0.0,,,,,,,,,1.0,,,,480.0,1000000.0,1000000.0,,,,,,1000000.0,0.0,0,577.5,0.0,,,,
2,agg_GUJARAT,2,2026,FeedstockAggregator,agg_GUJARAT,GUJARAT,,,0.0,0.0,0.0,0.0,,,,,,,,,1.0,,,,405.0,1319598.7317019189,1419598.7317019189,,,,,,1583333.333,83497.75306770296,0,495.00000000000006,83497.75306770296,,,,
3,agg_PUNJAB,3,2027,FeedstockAggregator,agg_PUNJAB,PUNJAB,,,0.0,0.0,0.0,0.0,,,,,,,,,1.0,,,,360.0,4787000.0,4787000.0,,,,,,4787000.0,81810.91494169708,0,440.00000000000006,81810.91494169708,,,,
3,agg_HARYANA,3,2027,FeedstockAggregator,agg_HARYANA,HARYANA,,,0.0,0.0,0.0,0.0,,,,,,,,,1.0,,,,360.0,4000000.0,4000000.0,,,,,,4000000.0,0.0,0,445.50000000000006,0.0,,,,
3,agg_UTTAR_PRADESH,3,2027,FeedstockAggregator,agg_UTTAR_PRADESH,UTTAR_PRADESH,,,0.0,0.0,0.0,0.0,,,,,,,,,1.0,,,,390.0,16500000.0,16500000.0,,,,,,16500000.0,0.0,0,473.00000000000006,0.0,,,,
3,agg_BIHAR,3,2027,FeedstockAggregator,agg_BIHAR,BIHAR,,,0.0,0.0,0.0,0.0,,,,,,,,,1.0,,,,390.0,3274765.582508338,3274765.582508338,,,,,,3333333.333,0.0,0,467.50000000000006,0.0,,,,
3,agg_ANDHRA_PRADESH,3,2027,FeedstockAggregator,agg_ANDHRA_PRADESH,ANDHRA_PRADESH,,,0.0,0.0,0.0,0.0,,,,,,,,,1.0,,,,405.0,3000000.0,3000000.0,,,,,,3000000.0,0.0,0,495.00000000000006,0.0,,,,
3,agg_TAMIL_NADU,3,2027,FeedstockAggregator,agg_TAMIL_NADU,TAMIL_NADU,,,0.0,0.0,0.0,0.0,,,,,,,,,1.0,,,,435.0,1232989.4410630416,1232989.4410630416,,,,,,1333333.333,0.0,0,522.5,0.0,,,,
3,agg_MAHARASHTRA,3,2027,FeedstockAggregator,agg_MAHARASHTRA,MAHARASHTRA,,,0.0,0.0,0.0,0.0,,,,,,,,,1.0,,,,435.0,10333333.333,10333333.333,,,,,,10333333.333,0.0,0,517.0,0.0,,,,
3,agg_KARNATAKA,3,2027,FeedstockAggregator,agg_KARNATAKA,KARNATAKA,,,0.0,0.0,0.0,0.0,,,,,,,,,1.0,,,,405.0,5666666.667,5666666.667,,,,,,5666666.667,0.0,0,489.50000000000006,0.0,,,,
3,agg_WEST_BENGAL,3,2027,FeedstockAggregator,agg_WEST_BENGAL,WEST_BENGAL,,,0.0,0.0,0.0,0.0,,,,,,,,,1.0,,,,405.0,5110698.025000852,5110698.025000852,,,,,,5497000.0,0.0,0,500.50000000000006,0.0,,,,
3,agg_CHHATTISGARH,3,2027,FeedstockAggregator,agg_CHHATTISGARH,CHHATTISGARH,,,0.0,0.0,0.0,0.0,,,,,,,,,1.0,,,,360.0,2205894.385405283,2205894.385405283,,,,,,2666666.667,0.0,0,440.00000000000006,0.0,,,,
3,agg_ODISHA,3,2027,FeedstockAggregator,agg_ODISHA,ODISHA,,,0.0,0.0,0.0,0.0,,,,,,,,,1.0,,,,360.0,3204666.667,3204666.667,,,,,,3204666.667,0.0,0,445.50000000000006,0.0,,,,
3,agg_MADHYA_PRADESH,3,2027,FeedstockAggregator,agg_MADHYA_PRADESH,MADHYA_PRADESH,,,0.0,0.0,0.0,0.0,,,,,,,,,1.0,,,,390.0,3333333.333,3333333.333,,,,,,3333333.333,0.0,0,473.00000000000006,0.0,,,,
3,agg_TELANGANA,3,2027,FeedstockAggregator,agg_TELANGANA,TELANGANA,,,0.0,0.0,0.0,0.0,,,,,,,,,1.0,,,,390.0,5698000.0,5698000.0,,,,,,5698000.0,0.0,0,478.50000000000006,0.0,,,,
3,agg_ASSAM,3,2027,FeedstockAggregator,agg_ASSAM,ASSAM,,,0.0,0.0,0.0,0.0,,,,,,,,,1.0,,,,480.0,2000000.0,2000000.0,,,,,,2000000.0,0.0,0,572.0,0.0,,,,
3,agg_JHARKHAND,3,2027,FeedstockAggregator,agg_JHARKHAND,JHARKHAND,,,0.0,0.0,0.0,0.0,,,,,,,,,1.0,,,,435.0,1373780.7436947804,1373780.7436947804,,,,,,1666666.667,0.0,0,528.0,0.0,,,,
3,agg_RAJASTHAN,3,2027,FeedstockAggregator,agg_RAJASTHAN,RAJASTHAN,,,0.0,0.0,0.0,0.0,,,,,,,,,1.0,,,,435.0,2333333.333,2333333.333,,,,,,2333333.333,0.0,0,533.5,0.0,,,,
3,agg_KERALA,3,2027,FeedstockAggregator,agg_KERALA,KERALA,,,0.0,0.0,0.0,0.0,,,,,,,,,1.0,,,,480.0,929684.332505658,929684.332505658,,,,,,1000000.0,0.0,0,577.5,0.0,,,,
3,agg_GUJARAT,3,2027,FeedstockAggregator,agg_GUJARAT,GUJARAT,,,0.0,0.0,0.0,0.0,,,,,,,,,1.0,,,,405.0,1444575.2939952614,1544575.2939952614,,,,,,1583333.333,83497.75306770296,0,495.00000000000006,83497.75306770296,,,,
4,agg_PUNJAB,4,2028,FeedstockAggregator,agg_PUNJAB,PUNJAB,,,0.0,0.0,0.0,0.0,,,,,,,,,1.0,,,,360.0,4787000.0,4787000.0,,,,,,4787000.0,81810.91494169708,0,440.00000000000006,81810.91494169708,,,,
4,agg_HARYANA,4,2028,FeedstockAggregator,agg_HARYANA,HARYANA,,,0.0,0.0,0.0,0.0,,,,,,,,,1.0,,,,360.0,4000000.0,4000000.0,,,,,,4000000.0,0.0,0,445.50000000000006,0.0,,,,
4,agg_UTTAR_PRADESH,4,2028,FeedstockAggregator,agg_UTTAR_PRADESH,UTTAR_PRADESH,,,0.0,0.0,0.0,0.0,,,,,,,,,1.0,,,,390.0,16500000.0,16500000.0,,,,,,16500000.0,0.0,0,473.00000000000006,0.0,,,,
4,agg_BIHAR,4,2028,FeedstockAggregator,agg_BIHAR,BIHAR,,,0.0,0.0,0.0,0.0,,,,,,,,,1.0,,,,390.0,3333333.333,3333333.333,,,,,,3333333.333,0.0,0,467.50000000000006,0.0,,,,
4,agg_ANDHRA_PRADESH,4,2028,FeedstockAggregator,agg_ANDHRA_PRADESH,ANDHRA_PRADESH,,,0.0,0.0,0.0,0.0,,,,,,,,,1.0,,,,405.0,2662768.9373803674,2662768.9373803674,,,,,,3000000.0,0.0,0,495.00000000000006,0.0,,,,
4,agg_TAMIL_NADU,4,2028,FeedstockAggregator,agg_TAMIL_NADU,TAMIL_NADU,,,0.0,0.0,0.0,0.0,,,,,,,,,1.0,,,,435.0,1141871.892638421,1141871.892638421,,,,,,1333333.333,0.0,0,522.5,0.0,,,,
4,agg_MAHARASHTRA,4,2028,FeedstockAggregator,agg_MAHARASHTRA,MAHARASHTRA,,,0.0,0.0,0.0,0.0,,,,,,,,,1.0,,,,435.0,10333333.333,10333333.333,,,,,,10333333.333,0.0,0,517.0,0.0,,,,
4,agg_KARNATAKA,4,2028,FeedstockAggregator,agg_KARNATAKA,KARNATAKA,,,0.0,0.0,0.0,0.0,,,,,,,,,1.0,,,,405.0,5666666.667,5666666.667,,,,,,5666666.667,0.0,0,489.50000000000006,0.0,,,,
4,agg_WEST_BENGAL,4,2028,FeedstockAggregator,agg_WEST_BENGAL,WEST_BENGAL,,,0.0,0.0,0.0,0.0,,,,,,,,,1.0,,,,405.0,4946942.690706958,4946942.690706958,,,,,,5497000.0,0.0,0,500.50000000000006,0.0,,,,
4,agg_CHHATTISGARH,4,2028,FeedstockAggregator,agg_CHHATTISGARH,CHHATTISGARH,,,0.0,0.0,0.0,0.0,,,,,,,,,1.0,,,,360.0,2666666.667,2666666.667,,,,,,2666666.667,0.0,0,440.00000000000006,0.0,,,,
4,agg_ODISHA,4,2028,FeedstockAggregator,agg_ODISHA,ODISHA,,,0.0,0.0,0.0,0.0,,,,,,,,,1.0,,,,360.0,3204666.667,3204666.667,,,,,,3204666.667,0.0,0,445.50000000000006,0.0,,,,
4,agg_MADHYA_PRADESH,4,2028,FeedstockAggregator,agg_MADHYA_PRADESH,MADHYA_PRADESH,,,0.0,0.0,0.0,0.0,,,,,,,,,1.0,,,,390.0,3174891.6330214343,3174891.6330214343,,,,,,3333333.333,0.0,0,473.00000000000006,0.0,,,,
4,agg_TELANGANA,4,2028,FeedstockAggregator,agg_TELANGANA,TELANGANA,,,0.0,0.0,0.0,0.0,,,,,,,,,1.0,,,,390.0,5395987.677394904,5395987.677394904,,,,,,5698000.0,0.0,0,478.50000000000006,0.0,,,,
4,agg_ASSAM,4,2028,FeedstockAggregator,agg_ASSAM,ASSAM,,,0.0,0.0,0.0,0.0,,,,,,,,,1.0,,,,480.0,1693588.7846108566,1693588.7846108566,,,,,,2000000.0,0.0,0,572.0,0.0,,,,
4,agg_JHARKHAND,4,2028,FeedstockAggregator,agg_JHARKHAND,JHARKHAND,,,0.0,0.0,0.0,0.0,,,,,,,,,1.0,,,,435.0,1666666.667,1666666.667,,,,,,1666666.667,0.0,0,528.0,0.0,,,,
4,agg_RAJASTHAN,4,2028,FeedstockAggregator,agg_RAJASTHAN,RAJASTHAN,,,0.0,0.0,0.0,0.0,,,,,,,,,1.0,,,,435.0,2333333.333,2333333.333,,,,,,2333333.333,0.0,0,533.5,0.0,,,,
4,agg_KERALA,4,2028,FeedstockAggregator,agg_KERALA,KERALA,,,0.0,0.0,0.0,0.0,,,,,,,,,1.0,,,,480.0,965737.4634569613,965737.4634569613,,,,,,1000000.0,0.0,0,577.5,0.0,,,,
4,agg_GUJARAT,4,2028,FeedstockAggregator,agg_GUJARAT,GUJARAT,,,0.0,0.0,0.0,0.0,,,,,,,,,1.0,,,,405.0,1483333.333,1583333.333,,,,,,1583333.333,83497.75306770296,0,495.00000000000006,83497.75306770296,,,,
5,agg_PUNJAB,5,2029,FeedstockAggregator,agg_PUNJAB,PUNJAB,,,0.0,0.0,0.0,0.0,,,,,,,,,1.0,,,,360.0,4410618.997441616,4510618.997441616,,,,,,4787000.0,81810.91494169708,0,440.00000000000006,81810.91494169708,,,,
5,agg_HARYANA,5,2029,FeedstockAggregator,agg_HARYANA,HARYANA,,,0.0,0.0,0.0,0.0,,,,,,,,,1.0,,,,360.0,4000000.0,4000000.0,,,,,,4000000.0,0.0,0,445.50000000000006,0.0,,,,
5,agg_UTTAR_PRADESH,5,2029,FeedstockAggregator,agg_UTTAR_PRADESH,UTTAR_PRADESH,,,0.0,0.0,0.0,0.0,,,,,,,,,1.0,,,,390.0,14787459.764673939,14787459.764673939,,,,,,16500000.0,0.0,0,473.00000000000006,0.0,,,,
5,agg_BIHAR,5,2029,FeedstockAggregator,agg_BIHAR,BIHAR,,,0.0,0.0,0.0,0.0,,,,,,,,,1.0,,,,390.0,2976336.672317977,2976336.672317977,,,,,,3333333.333,0.0,0,467.50000000000006,0.0,,,,
5,agg_ANDHRA_PRADESH,5,2029,FeedstockAggregator,agg_ANDHRA_PRADESH,ANDHRA_PRADESH,,,0.0,0.0,0.0,0.0,,,,,,,,,1.0,,,,405.0,3000000.0,3000000.0,,,,,,3000000.0,0.0,0,495.00000000000006,0.0,,,,
5,agg_TAMIL_NADU,5,2029,FeedstockAggregator,agg_TAMIL_NADU,TAMIL_NADU,,,0.0,0.0,0.0,0.0,,,,,,,,,1.0,,,,435.0,1111710.5292084871,1111710.5292084871,,,,,,1333333.333,0.0,0,522.5,0.0,,,,
5,agg_MAHARASHTRA,5,2029,FeedstockAggregator,agg_MAHARASHTRA,MAHARASHTRA,,,0.0,0.0,0.0,0.0,,,,,,,,,1.0,,,,435.0,9355635.893814122,9355635.893814122,,,,,,10333333.333,0.0,0,517.0,0.0,,,,
5,agg_KARNATAKA,5,2029,FeedstockAggregator,agg_KARNATAKA,KARNATAKA,,,0.0,0.0,0.0,0.0,,,,,,,,,1.0,,,,405.0,5438253.627748094,5438253.627748094,,,,,,5666666.667,0.0,0,489.50000000000006,0.0,,,,
5,agg_WEST_BENGAL,5,2029,FeedstockAggregator,agg_WEST_BENGAL,WEST_BENGAL,,,0.0,0.0,0.0,0.0,,,,,,,,,1.0,,,,405.0,4841298.713973694,4841298.713973694,,,,,,5497000.0,0.0,0,500.50000000000006,0.0,,,,
5,agg_CHHATTISGARH,5,2029,FeedstockAggregator,agg_CHHATTISGARH,CHHATTISGARH,,,0.0,0.0,0.0,0.0,,,,,,,,,1.0,,,,360.0,2490379.480206252,2490379.480206252,,,,,,2666666.667,77859.77793085486,0,440.00000000000006,77859.77793085486,,,,
5,agg_ODISHA,5,2029,FeedstockAggregator,agg_ODISHA,ODISHA,,,0.0,0.0,0.0,0.0,,,,,,,,,1.0,,,,360.0,2578078.467420786,2578078.467420786,,,,,,3204666.667,0.0,0,445.50000000000006,0.0,,,,
5,agg_MADHYA_PRADESH,5,2029,FeedstockAggregator,agg_MADHYA_PRADESH,MADHYA_PRADESH,,,0.0,0.0,0.0,0.0,,,,,,,,,1.0,,,,390.0,3017551.975048691,3017551.975048691,,,,,,3333333.333,0.0,0,473.00000000000006,0.0,,,,
5,agg_TELANGANA,5,2029,FeedstockAggregator,agg_TELANGANA,TELANGANA,,,0.0,0.0,0.0,0.0,,,,,,,,,1.0,,,,390.0,5698000.0,5698000.0,,,,,,5698000.0,0.0,0,478.50000000000006,0.0,,,,
5,agg_ASSAM,5,2029,FeedstockAggregator,agg_ASSAM,ASSAM,,,0.0,0.0,0.0,0.0,,,,,,,,,1.0,,,,480.0,2000000.0,2000000.0,,,,,,2000000.0,0.0,0,572.0,0.0,,,,
5,agg_JHARKHAND,5,2029,FeedstockAggregator,agg_JHARKHAND,JHARKHAND,,,0.0,0.0,0.0,0.0,,,,,,,,,1.0,,,,435.0,1361116.0404229618,1361116.0404229618,,,,,,1666666.667,0.0,0,528.0,0.0,,,,
5,agg_RAJASTHAN,5,2029,FeedstockAggregator,agg_RAJASTHAN,RAJASTHAN,,,0.0,0.0,0.0,0.0,,,,,,,,,1.0,,,,435.0,2333333.333,2333333.333,,,,,,2333333.333,0.0,0,533.5,0.0,,,,
5,agg_KERALA,5,2029,FeedstockAggregator,agg_KERALA,KERALA,,,0.0,0.0,0.0,0.0,,,,,,,,,1.0,,,,480.0,1000000.0,1000000.0,,,,,,1000000.0,0.0,0,577.5,0.0,,,,
5,agg_GUJARAT,5,2029,FeedstockAggregator,agg_GUJARAT,GUJARAT,,,0.0,0.0,0.0,0.0,,,,,,,,,1.0,,,,405.0,1237409.5233362732,1337409.5233362732,,,,,,1583333.333,83497.75306770296,0,495.00000000000006,83497.75306770296,,,,
6,agg_PUNJAB,6,2030,FeedstockAggregator,agg_PUNJAB,PUNJAB,,,0.0,0.0,0.0,0.0,,,,,,,,,1.0,,,,360.0,3801341.5773855294,3901341.5773855294,,,,,,4787000.0,81810.91494169708,0,440.00000000000006,81810.91494169708,,,,
6,agg_HARYANA,6,2030,FeedstockAggregator,agg_HARYANA,HARYANA,,,0.0,0.0,0.0,0.0,,,,,,,,,1.0,,,,360.0,4000000.0,4000000.0,,,,,,4000000.0,0.0,0,445.50000000000006,0.0,,,,
6,agg_UTTAR_PRADESH,6,2030,FeedstockAggregator,agg_UTTAR_PRADESH,UTTAR_PRADESH,,,0.0,0.0,0.0,0.0,,,,,,,,,1.0,,,,390.0,16500000.0,16500000.0,,,,,,16500000.0,0.0,0,473.00000000000006,0.0,,,,
6,agg_BIHAR,6,2030,FeedstockAggregator,agg_BIHAR,BIHAR,,,0.0,0.0,0.0,0.0,,,,,,,,,1.0,,,,390.0,3333333.333,3333333.333,,,,,,3333333.333,0.0,0,467.50000000000006,0.0,,,,
6,agg_ANDHRA_PRADESH,6,2030,FeedstockAggregator,agg_ANDHRA_PRADESH,ANDHRA_PRADESH,,,0.0,0.0,0.0,0.0,,,,,,,,,1.0,,,,405.0,2822891.964637525,2822891.964637525,,,,,,3000000.0,0.0,0,495.00000000000006,0.0,,,,
6,agg_TAMIL_NADU,6,2030,FeedstockAggregator,agg_TAMIL_NADU,TAMIL_NADU,,,0.0,0.0,0.0,0.0,,,,,,,,,1.0,,,,435.0,1193618.2695037292,1193618.2695037292,,,,,,1333333.333,0.0,0,522.5,0.0,,,,
6,agg_MAHARASHTRA,6,2030,FeedstockAggregator,agg_MAHARASHTRA,MAHARASHTRA,,,0.0,0.0,0.0,0.0,,,,,,,,,1.0,,,,435.0,8884190.676980687,8884190.676980687,,,,,,10333333.333,0.0,0,517.0,0.0,,,,
6,agg_KARNATAKA,6,2030,FeedstockAggregator,agg_KARNATAKA,KARNATAKA,,,0.0,0.0,0.0,0.0,,,,,,,,,1.0,,,,405.0,5666666.667,5666666.667,,,,,,5666666.667,0.0,0,489.50000000000006,0.0,,,,
6,agg_WEST_BENGAL,6,2030,FeedstockAggregator,agg_WEST_BENGAL,WEST_BENGAL,,,0.0,0.0,0.0,0.0,,,,,,,,,1.0,,,,405.0,4849924.304379418,4849924.304379418,,,,,,5497000.0,0.0,0,500.50000000000006,0.0,,,,
6,agg_CHHATTISGARH,6,2030,FeedstockAggregator,agg_CHHATTISGARH,CHHATTISGARH,,,0.0,0.0,0.0,0.0,,,,,,,,,1.0,,,,360.0,2359341.904690638,2359341.904690638,,,,,,2666666.667,77859.77793085486,0,440.00000000000006,77859.77793085486,,,,
6,agg_ODISHA,6,2030,FeedstockAggregator,agg_ODISHA,ODISHA,,,0.0,0.0,0.0,0.0,,,,,,,,,1.0,,,,360.0,3204666.667,3204666.667,,,,,,3204666.667,0.0,0,445.50000000000006,0.0,,,,
6,agg_MADHYA_PRADESH,6,2030,FeedstockAggregator,agg_MADHYA_PRADESH,MADHYA_PRADESH,,,0.0,0.0,0.0,0.0,,,,,,,,,1.0,,,,390.0,2974680.061060254,2974680.061060254,,,,,,3333333.333,0.0,0,473.00000000000006,0.0,,,,
6,agg_TELANGANA,6,2030,FeedstockAggregator,agg_TELANGANA,TELANGANA,,,0.0,0.0,0.0,0.0,,,,,,,,,1.0,,,,390.0,5698000.0,5698000.0,,,,,,5698000.0,0.0,0,478.50000000000006,0.0,,,,
6,agg_ASSAM,6,2030,FeedstockAggregator,agg_ASSAM,ASSAM,,,0.0,0.0,0.0,0.0,,,,,,,,,1.0,,,,480.0,2000000.0,2000000.0,,,,,,2000000.0,0.0,0,572.0,0.0,,,,
6,agg_JHARKHAND,6,2030,FeedstockAggregator,agg_JHARKHAND,JHARKHAND,,,0.0,0.0,0.0,0.0,,,,,,,,,1.0,,,,435.0,1387290.8246245799,1387290.8246245799,,,,,,1666666.667,0.0,0,528.0,0.0,,,,
6,agg_RAJASTHAN,6,2030,FeedstockAggregator,agg_RAJASTHAN,RAJASTHAN,,,0.0,0.0,0.0,0.0,,,,,,,,,1.0,,,,435.0,2333333.333,2333333.333,,,,,,2333333.333,0.0,0,533.5,0.0,,,,
6,agg_KERALA,6,2030,FeedstockAggregator,agg_KERALA,KERALA,,,0.0,0.0,0.0,0.0,,,,,,,,,1.0,,,,480.0,884771.5197763008,884771.5197763008,,,,,,1000000.0,0.0,0,577.5,0.0,,,,
6,agg_GUJARAT,6,2030,FeedstockAggregator,agg_GUJARAT,GUJARAT,,,0.0,0.0,0.0,0.0,,,,,,,,,1.0,,,,405.0,1475515.0961912426,1575515.0961912426,,,,,,1583333.333,83497.75306770296,0,495.00000000000006,83497.75306770296,,,,
7,agg_PUNJAB,7,2031,FeedstockAggregator,agg_PUNJAB,PUNJAB,,,0.0,0.0,0.0,0.0,,,,,,,,,1.0,,,,360.0,4253377.7135429755,4353377.7135429755,,,,,,4787000.0,81810.91494169708,0,440.00000000000006,81810.91494169708,,,,
7,agg_HARYANA,7,2031,FeedstockAggregator,agg_HARYANA,HARYANA,,,0.0,0.0,0.0,0.0,,,,,,,,,1.0,,,,360.0,4000000.0,4000000.0,,,,,,4000000.0,0.0,0,445.50000000000006,0.0,,,,
7,agg_UTTAR_PRADESH,7,2031,FeedstockAggregator,agg_UTTAR_PRADESH,UTTAR_PRADESH,,,0.0,0.0,0.0,0.0,,,,,,,,,1.0,,,,390.0,14202361.865596721,14202361.865596721,,,,,,16500000.0,0.0,0,473.00000000000006,0.0,,,,
7,agg_BIHAR,7,2031,FeedstockAggregator,agg_BIHAR,BIHAR,,,0.0,0.0,0.0,0.0,,,,,,,,,1.0,,,,390.0,3056633.060581338,3056633.060581338,,,,,,3333333.333,0.0,0,467.50000000000006,0.0,,,,
7,agg_ANDHRA_PRADESH,7,2031,FeedstockAggregator,agg_ANDHRA_PRADESH,ANDHRA_PRADESH,,,0.0,0.0,0.0,0.0,,,,,,,,,1.0,,,,405.0,3000000.0,3000000.0,,,,,,3000000.0,0.0,0,495.00000000000006,0.0,,,,
7,agg_TAMIL_NADU,7,2031,FeedstockAggregator,agg_TAMIL_NADU,TAMIL_NADU,,,0.0,0.0,0.0,0.0,,,,,,,,,1.0,,,,435.0,1333333.333,1333333.333,,,,,,1333333.333,0.0,0,522.5,0.0,,,,
7,agg_MAHARASHTRA,7,2031,FeedstockAggregator,agg_MAHARASHTRA,MAHARASHTRA,,,0.0,0.0,0.0,0.0,,,,,,,,,1.0,,,,435.0,10333333.333,10333333.333,,,,,,10333333.333,0.0,0,517.0,0.0,,,,
7,agg_KARNATAKA,7,2031,FeedstockAggregator,agg_KARNATAKA,KARNATAKA,,,0.0,0.0,0.0,0.0,,,,,,,,,1.0,,,,405.0,5666666.667,5666666.667,,,,,,5666666.667,0.0,0,489.50000000000006,0.0,,,,
7,agg_WEST_BENGAL,7,2031,FeedstockAggregator,agg_WEST_BENGAL,WEST_BENGAL,,,0.0,0.0,0.0,0.0,,,,,,,,,1.0,,,,405.0,5011638.950901788,5011638.950901788,,,,,,5497000.0,0.0,0,500.50000000000006,0.0,,,,
7,agg_CHHATTISGARH,7,2031,FeedstockAggregator,agg_CHHATTISGARH,CHHATTISGARH,,,0.0,0.0,0.0,0.0,,,,,,,,,1.0,,,,360.0,2627921.2515213466,2627921.2515213466,,,,,,2666666.667,77859.77793085486,0,440.00000000000006,77859.77793085486,,,,
7,agg_ODISHA,7,2031,FeedstockAggregator,agg_ODISHA,ODISHA,,,0.0,0.0,0.0,0.0,,,,,,,,,1.0,,,,360.0,3196987.473817406,3196987.473817406,,,,,,3204666.667,0.0,0,445.50000000000006,0.0,,,,
7,agg_MADHYA_PRADESH,7,2031,FeedstockAggregator,agg_MADHYA_PRADESH,MADHYA_PRADESH,,,0.0,0.0,0.0,0.0,,,,,,,,,1.0,,,,390.0,3047055.0564564476,3047055.0564564476,,,,,,3333333.333,0.0,0,473.00000000000006,0.0,,,,
7,agg_TELANGANA,7,2031,FeedstockAggregator,agg_TELANGANA,TELANGANA,,,0.0,0.0,0.0,0.0,,,,,,,,,1.0,,,,390.0,4938159.305586469,4938159.305586469,,,,,,5698000.0,0.0,0,478.50000000000006,0.0,,,,
7,agg_ASSAM,7,2031,FeedstockAggregator,agg_ASSAM,ASSAM,,,0.0,0.0,0.0,0.0,,,,,,,,,1.0,,,,480.0,1862147.2370884423,1862147.2370884423,,,,,,2000000.0,0.0,0,572.0,0.0,,,,
7,agg_JHARKHAND,7,2031,FeedstockAggregator,agg_JHARKHAND,JHARKHAND,,,0.0,0.0,0.0,0.0,,,,,,,,,1.0,,,,435.0,1587796.2427416202,1587796.2427416202,,,,,,1666666.667,0.0,0,528.0,0.0,,,,
7,agg_RAJASTHAN,7,2031,FeedstockAggregator,agg_RAJASTHAN,RAJASTHAN,,,0.0,0.0,0.0,0.0,,,,,,,,,1.0,,,,435.0,2333333.333,2333333.333,,,,,,2333333.333,0.0,0,533.5,0.0,,,,
7,agg_KERALA,7,2031,FeedstockAggregator,agg_KERALA,KERALA,,,0.0,0.0,0.0,0.0,,,,,,,,,1.0,,,,480.0,871115.1624477216,871115.1624477216,,,,,,1000000.0,0.0,0,577.5,0.0,,,,
7,agg_GUJARAT,7,2031,FeedstockAggregator,agg_GUJARAT,GUJARAT,,,0.0,0.0,0.0,0.0,,,,,,,,,1.0,,,,405.0,1483333.333,1583333.333,,,,,,1583333.333,83497.75306770296,0,495.00000000000006,83497.75306770296,,,,
8,agg_PUNJAB,8,2032,FeedstockAggregator,agg_PUNJAB,PUNJAB,,,0.0,0.0,0.0,0.0,,,,,,,,,1.0,,,,360.0,4665450.99091858,4765450.99091858,,,,,,4787000.0,81810.91494169708,0,440.00000000000006,81810.91494169708,,,,
8,agg_HARYANA,8,2032,FeedstockAggregator,agg_HARYANA,HARYANA,,,0.0,0.0,0.0,0.0,,,,,,,,,1.0,,,,360.0,4000000.0,4000000.0,,,,,,4000000.0,0.0,0,445.50000000000006,0.0,,,,
8,agg_UTTAR_PRADESH,8,2032,FeedstockAggregator,agg_UTTAR_PRADESH,UTTAR_PRADESH,,,0.0,0.0,0.0,0.0,,,,,,,,,1.0,,,,390.0,14624765.685980912,14624765.685980912,,,,,,16500000.0,0.0,0,473.00000000000006,0.0,,,,
8,agg_BIHAR,8,2032,FeedstockAggregator,agg_BIHAR,BIHAR,,,0.0,0.0,0.0,0.0,,,,,,,,,1.0,,,,390.0,3333333.333,3333333.333,,,,,,3333333.333,0.0,0,467.50000000000006,0.0,,,,
8,agg_ANDHRA_PRADESH,8,2032,FeedstockAggregator,agg_ANDHRA_PRADESH,ANDHRA_PRADESH,,,0.0,0.0,0.0,0.0,,,,,,,,,1.0,,,,405.0,2442398.693259369,2442398.693259369,,,,,,3000000.0,0.0,0,495.00000000000006,0.0,,,,
8,agg_TAMIL_NADU,8,2032,FeedstockAggregator,agg_TAMIL_NADU,TAMIL_NADU,,,0.0,0.0,0.0,0.0,,,,,,,,,1.0,,,,435.0,1183654.0168115937,1183654.0168115937,,,,,,1333333.333,0.0,0,522.5,0.0,,,,
8,agg_MAHARASHTRA,8,2032,FeedstockAggregator,agg_MAHARASHTRA,MAHARASHTRA,,,0.0,0.0,0.0,0.0,,,,,,,,,1.0,,,,435.0,8701507.705310015,8701507.705310015,,,,,,10333333.333,0.0,0,517.0,0.0,,,,
8,agg_KARNATAKA,8,2032,FeedstockAggregator,agg_KARNATAKA,KARNATAKA,,,0.0,0.0,0.0,0.0,,,,,,,,,1.0,,,,405.0,5666666.667,5666666.667,,,,,,5666666.667,0.0,0,489.50000000000006,0.0,,,,
8,agg_WEST_BENGAL,8,2032,FeedstockAggregator,agg_WEST_BENGAL,WEST_BENGAL,,,0.0,0.0,0.0,0.0,,,,,,,,,1.0,,,,405.0,4560668.192173104,4560668.192173104,,,,,,5497000.0,0.0,0,500.50000000000006,0.0,,,,
8,agg_CHHATTISGARH,8,2032,FeedstockAggregator,agg_CHHATTISGARH,CHHATTISGARH,,,0.0,0.0,0.0,0.0,,,,,,,,,1.0,,,,360.0,2666666.667,2666666.667,,,,,,2666666.667,77859.77793085486,0,440.00000000000006,77859.77793085486,,,,
8,agg_ODISHA,8,2032,FeedstockAggregator,agg_ODISHA,ODISHA,,,0.0,0.0,0.0,0.0,,,,,,,,,1.0,,,,360.0,3103388.3946139407,3103388.3946139407,,,,,,3204666.667,0.0,0,445.50000000000006,0.0,,,,
8,agg_MADHYA_PRADESH,8,2032,FeedstockAggregator,agg_MADHYA_PRADESH,MADHYA_PRADESH,,,0.0,0.0,0.0,0.0,,,,,,,,,1.0,,,,390.0,3333333.333,3333333.333,,,,,,3333333.333,0.0,0,473.00000000000006,0.0,,,,
8,agg_TELANGANA,8,2032,FeedstockAggregator,agg_TELANGANA,TELANGANA,,,0.0,0.0,0.0,0.0,,,,,,,,,1.0,,,,390.0,5510561.396723848,5510561.396723848,,,,,,5698000.0,0.0,0,478.50000000000006,0.0,,,,
8,agg_ASSAM,8,2032,FeedstockAggregator,agg_ASSAM,ASSAM,,,0.0,0.0,0.0,0.0,,,,,,,,,1.0,,,,480.0,2000000.0,2000000.0,,,,,,2000000.0,0.0,0,572.0,0.0,,,,
8,agg_JHARKHAND,8,2032,FeedstockAggregator,agg_JHARKHAND,JHARKHAND,,,0.0,0.0,0.0,0.0,,,,,,,,,1.0,,,,435.0,1612234.2662307646,1612234.2662307646,,,,,,1666666.667,0.0,0,528.0,0.0,,,,
8,agg_RAJASTHAN,8,2032,FeedstockAggregator,agg_RAJASTHAN,RAJASTHAN,,,0.0,0.0,0.0,0.0,,,,,,,,,1.0,,,,435.0,2211343.704787534,2211343.704787534,,,,,,2333333.333,0.0,0,533.5,0.0,,,,
8,agg_KERALA,8,2032,FeedstockAggregator,agg_KERALA,KERALA,,,0.0,0.0,0.0,0.0,,,,,,,,,1.0,,,,480.0,1000000.0,1000000.0,,,,,,1000000.0,0.0,0,577.5,0.0,,,,
8,agg_GUJARAT,8,2032,FeedstockAggregator,agg_GUJARAT,GUJARAT,,,0.0,0.0,0.0,0.0,,,,,,,,,1.0,,,,405.0,1433069.8341454442,1533069.8341454442,,,,,,1583333.333,83497.75306770296,0,495.00000000000006,83497.75306770296,,,,
9,agg_PUNJAB,9,2033,FeedstockAggregator,agg_PUNJAB,PUNJAB,,,0.0,0.0,0.0,0.0,,,,,,,,,1.0,,,,360.0,4263470.071904924,4363470.071904924,,,,,,4787000.0,81810.91494169708,0,440.00000000000006,81810.91494169708,,,,
9,agg_HARYANA,9,2033,FeedstockAggregator,agg_HARYANA,HARYANA,,,0.0,0.0,0.0,0.0,,,,,,,,,1.0,,,,360.0,4000000.0,4000000.0,,,,,,4000000.0,83569.51168729419,0,445.50000000000006,83569.51168729419,,,,
9,agg_UTTAR_PRADESH,9,2033,FeedstockAggregator,agg_UTTAR_PRADESH,UTTAR_PRADESH,,,0.0,0.0,0.0,0.0,,,,,,,,,1.0,,,,390.0,16500000.0,16500000.0,,,,,,16500000.0,0.0,0,473.00000000000006,0.0,,,,
9,agg_BIHAR,9,2033,FeedstockAggregator,agg_BIHAR,BIHAR,,,0.0,0.0,0.0,0.0,,,,,,,,,1.0,,,,390.0,3333333.333,3333333.333,,,,,,3333333.333,0.0,0,467.50000000000006,0.0,,,,
9,agg_ANDHRA_PRADESH,9,2033,FeedstockAggregator,agg_ANDHRA_PRADESH,ANDHRA_PRADESH,,,0.0,0.0,0.0,0.0,,,,,,,,,1.0,,,,405.0,2667235.972759912,2667235.972759912,,,,,,3000000.0,0.0,0,495.00000000000006,0.0,,,,
9,agg_TAMIL_NADU,9,2033,FeedstockAggregator,agg_TAMIL_NADU,TAMIL_NADU,,,0.0,0.0,0.0,0.0,,,,,,,,,1.0,,,,435.0,1333333.333,1333333.333,,,,,,1333333.333,0.0,0,522.5,0.0,,,,
9,agg_MAHARASHTRA,9,2033,FeedstockAggregator,agg_MAHARASHTRA,MAHARASHTRA,,,0.0,0.0,0.0,0.0,,,,,,,,,1.0,,,,435.0,8748215.157939801,8748215.157939801,,,,,,10333333.333,0.0,0,517.0,0.0,,,,
9,agg_KARNATAKA,9,2033,FeedstockAggregator,agg_KARNATAKA,KARNATAKA,,,0.0,0.0,0.0,0.0,,,,,,,,,1.0,,,,405.0,5666666.667,5666666.667,,,,,,5666666.667,0.0,0,489.50000000000006,0.0,,,,
9,agg_WEST_BENGAL,9,2033,FeedstockAggregator,agg_WEST_BENGAL,WEST_BENGAL,,,0.0,0.0,0.0,0.0,,,,,,,,,1.0,,,,405.0,5497000.0,5497000.0,,,,,,5497000.0,0.0,0,500.50000000000006,0.0,,,,
9,agg_CHHATTISGARH,9,2033,FeedstockAggregator,agg_CHHATTISGARH,CHHATTISGARH,,,0.0,0.0,0.0,0.0,,,,,,,,,1.0,,,,360.0,2433374.949445903,2533374.949445903,,,,,,2666666.667,77859.77793085486,0,440.00000000000006,77859.77793085486,,,,
9,agg_ODISHA,9,2033,FeedstockAggregator,agg_ODISHA,ODISHA,,,0.0,0.0,0.0,0.0,,,,,,,,,1.0,,,,360.0,3204666.667,3204666.667,,,,,,3204666.667,0.0,0,445.50000000000006,0.0,,,,
9,agg_MADHYA_PRADESH,9,2033,FeedstockAggregator,agg_MADHYA_PRADESH,MADHYA_PRADESH,,,0.0,0.0,0.0,0.0,,,,,,,,,1.0,,,,390.0,3333333.333,3333333.333,,,,,,3333333.333,0.0,0,473.00000000000006,0.0,,,,
9,agg_TELANGANA,9,2033,FeedstockAggregator,agg_TELANGANA,TELANGANA,,,0.0,0.0,0.0,0.0,,,,,,,,,1.0,,,,390.0,5698000.0,5698000.0,,,,,,5698000.0,0.0,0,478.50000000000006,0.0,,,,
9,agg_ASSAM,9,2033,FeedstockAggregator,agg_ASSAM,ASSAM,,,0.0,0.0,0.0,0.0,,,,,,,,,1.0,,,,480.0,1691477.3525467603,1691477.3525467603,,,,,,2000000.0,0.0,0,572.0,0.0,,,,
9,agg_JHARKHAND,9,2033,FeedstockAggregator,agg_JHARKHAND,JHARKHAND,,,0.0,0.0,0.0,0.0,,,,,,,,,1.0,,,,435.0,1544415.161955931,1544415.161955931,,,,,,1666666.667,0.0,0,528.0,0.0,,,,
9,agg_RAJASTHAN,9,2033,FeedstockAggregator,agg_RAJASTHAN,RAJASTHAN,,,0.0,0.0,0.0,0.0,,,,,,,,,1.0,,,,435.0,2333333.333,2333333.333,,,,,,2333333.333,0.0,0,533.5,0.0,,,,
9,agg_KERALA,9,2033,FeedstockAggregator,agg_KERALA,KERALA,,,0.0,0.0,0.0,0.0,,,,,,,,,1.0,,,,480.0,1000000.0,1000000.0,,,,,,1000000.0,0.0,0,577.5,0.0,,,,
9,agg_GUJARAT,9,2033,FeedstockAggregator,agg_GUJARAT,GUJARAT,,,0.0,0.0,0.0,0.0,,,,,,,,,1.0,,,,405.0,1246804.279005309,1346804.279005309,,,,,,1583333.333,83497.75306770296,0,495.00000000000006,83497.75306770296,,,,
10,agg_PUNJAB,10,2034,FeedstockAggregator,agg_PUNJAB,PUNJAB,,,0.0,0.0,0.0,0.0,,,,,,,,,1.0,,,,360.0,4687000.0,4787000.0,,,,,,4787000.0,81810.91494169708,0,440.00000000000006,81810.91494169708,,,,
10,agg_HARYANA,10,2034,FeedstockAggregator,agg_HARYANA,HARYANA,,,0.0,0.0,0.0,0.0,,,,,,,,,1.0,,,,360.0,3650142.317663909,3650142.317663909,,,,,,4000000.0,83569.51168729419,0,445.50000000000006,83569.51168729419,,,,
10,agg_UTTAR_PRADESH,10,2034,FeedstockAggregator,agg_UTTAR_PRADESH,UTTAR_PRADESH,,,0.0,0.0,0.0,0.0,,,,,,,,,1.0,,,,390.0,16500000.0,16500000.0,,,,,,16500000.0,0.0,0,473.00000000000006,0.0,,,,
10,agg_BIHAR,10,2034,FeedstockAggregator,agg_BIHAR,BIHAR,,,0.0,0.0,0.0,0.0,,,,,,,,,1.0,,,,390.0,3333333.333,3333333.333,,,,,,3333333.333,0.0,0,467.50000000000006,0.0,,,,
10,agg_ANDHRA_PRADESH,10,2034,FeedstockAggregator,agg_ANDHRA_PRADESH,ANDHRA_PRADESH,,,0.0,0.0,0.0,0.0,,,,,,,,,1.0,,,,405.0,2980043.1752343206,2980043.1752343206,,,,,,3000000.0,0.0,0,495.00000000000006,0.0,,,,
10,agg_TAMIL_NADU,10,2034,FeedstockAggregator,agg_TAMIL_NADU,TAMIL_NADU,,,0.0,0.0,0.0,0.0,,,,,,,,,1.0,,,,435.0,1333333.333,1333333.333,,,,,,1333333.333,0.0,0,522.5,0.0,,,,
10,agg_MAHARASHTRA,10,2034,FeedstockAggregator,agg_MAHARASHTRA,MAHARASHTRA,,,0.0,0.0,0.0,0.0,,,,,,,,,1.0,,,,435.0,10333333.333,10333333.333,,,,,,10333333.333,0.0,0,517.0,0.0,,,,
10,agg_KARNATAKA,10,2034,FeedstockAggregator,agg_KARNATAKA,KARNATAKA,,,0.0,0.0,0.0,0.0,,,,,,,,,1.0,,,,405.0,5666666.667,5666666.667,,,,,,5666666.667,0.0,0,489.50000000000006,0.0,,,,
10,agg_WEST_BENGAL,10,2034,FeedstockAggregator,agg_WEST_BENGAL,WEST_BENGAL,,,0.0,0.0,0.0,0.0,,,,,,,,,1.0,,,,405.0,5403697.346240138,5403697.346240138,,,,,,5497000.0,0.0,0,500.50000000000006,0.0,,,,
10,agg_CHHATTISGARH,10,2034,FeedstockAggregator,agg_CHHATTISGARH,CHHATTISGARH,,,0.0,0.0,0.0,0.0,,,,,,,,,1.0,,,,360.0,2200937.811113005,2300937.811113005,,,,,,2666666.667,77859.77793085486,0,440.00000000000006,77859.77793085486,,,,
10,agg_ODISHA,10,2034,FeedstockAggregator,agg_ODISHA,ODISHA,,,0.0,0.0,0.0,0.0,,,,,,,,,1.0,,,,360.0,3204666.667,3204666.667,,,,,,3204666.667,86881.50874886638,0,445.50000000000006,86881.50874886638,,,,
10,agg_MADHYA_PRADESH,10,2034,FeedstockAggregator,agg_MADHYA_PRADESH,MADHYA_PRADESH,,,0.0,0.0,0.0,0.0,,,,,,,,,1.0,,,,390.0,3102533.8706717603,3102533.8706717603,,,,,,3333333.333,0.0,0,473.00000000000006,0.0,,,,
10,agg_TELANGANA,10,2034,FeedstockAggregator,agg_TELANGANA,TELANGANA,,,0.0,0.0,0.0,0.0,,,,,,,,,1.0,,,,390.0,5582681.551456537,5582681.551456537,,,,,,5698000.0,0.0,0,478.50000000000006,0.0,,,,
10,agg_ASSAM,10,2034,FeedstockAggregator,agg_ASSAM,ASSAM,,,0.0,0.0,0.0,0.0,,,,,,,,,1.0,,,,480.0,1714047.924181418,1714047.924181418,,,,,,2000000.0,0.0,0,572.0,0.0,,,,
10,agg_JHARKHAND,10,2034,FeedstockAggregator,agg_JHARKHAND,JHARKHAND,,,0.0,0.0,0.0,0.0,,,,,,,,,1.0,,,,435.0,1666666.667,1666666.667,,,,,,1666666.667,0.0,0,528.0,0.0,,,,
10,agg_RAJASTHAN,10,2034,FeedstockAggregator,agg_RAJASTHAN,RAJASTHAN,,,0.0,0.0,0.0,0.0,,,,,,,,,1.0,,,,435.0,2333333.333,2333333.333,,,,,,2333333.333,0.0,0,533.5,0.0,,,,
10,agg_KERALA,10,2034,FeedstockAggregator,agg_KERALA,KERALA,,,0.0,0.0,0.0,0.0,,,,,,,,,1.0,,,,480.0,828567.3625911154,828567.3625911154,,,,,,1000000.0,0.0,0,577.5,0.0,,,,
10,agg_GUJARAT,10,2034,FeedstockAggregator,agg_GUJARAT,GUJARAT,,,0.0,0.0,0.0,0.0,,,,,,,,,1.0,,,,405.0,1483333.333,1583333.333,,,,,,1583333.333,83497.75306770296,0,495.00000000000006,83497.75306770296,,,,
11,agg_PUNJAB,11,2035,FeedstockAggregator,agg_PUNJAB,PUNJAB,,,0.0,0.0,0.0,0.0,,,,,,,,,1.0,,,,360.0,4613019.5494935615,4713019.5494935615,,,,,,4787000.0,81810.91494169708,0,440.00000000000006,81810.91494169708,,,,
11,agg_HARYANA,11,2035,FeedstockAggregator,agg_HARYANA,HARYANA,,,0.0,0.0,0.0,0.0,,,,,,,,,1.0,,,,360.0,4000000.0,4000000.0,,,,,,4000000.0,83569.51168729419,0,445.50000000000006,83569.51168729419,,,,
11,agg_UTTAR_PRADESH,11,2035,FeedstockAggregator,agg_UTTAR_PRADESH,UTTAR_PRADESH,,,0.0,0.0,0.0,0.0,,,,,,,,,1.0,,,,390.0,16500000.0,16500000.0,,,,,,16500000.0,0.0,0,473.00000000000006,0.0,,,,
11,agg_BIHAR,11,2035,FeedstockAggregator,agg_BIHAR,BIHAR,,,0.0,0.0,0.0,0.0,,,,,,,,,1.0,,,,390.0,3333333.333,3333333.333,,,,,,3333333.333,82617.78673337561,0,467.50000000000006,82617.78673337561,,,,
11,agg_ANDHRA_PRADESH,11,2035,FeedstockAggregator,agg_ANDHRA_PRADESH,ANDHRA_PRADESH,,,0.0,0.0,0.0,0.0,,,,,,,,,1.0,,,,405.0,3000000.0,3000000.0,,,,,,3000000.0,0.0,0,495.00000000000006,0.0,,,,
11,agg_TAMIL_NADU,11,2035,FeedstockAggregator,agg_TAMIL_NADU,TAMIL_NADU,,,0.0,0.0,0.0,0.0,,,,,,,,,1.0,,,,435.0,1333333.333,1333333.333,,,,,,1333333.333,0.0,0,522.5,0.0,,,,
11,agg_MAHARASHTRA,11,2035,FeedstockAggregator,agg_MAHARASHTRA,MAHARASHTRA,,,0.0,0.0,0.0,0.0,,,,,,,,,1.0,,,,435.0,10333333.333,10333333.333,,,,,,10333333.333,0.0,0,517.0,0.0,,,,
11,agg_KARNATAKA,11,2035,FeedstockAggregator,agg_KARNATAKA,KARNATAKA,,,0.0,0.0,0.0,0.0,,,,,,,,,1.0,,,,405.0,5666666.667,5666666.667,,,,,,5666666.667,0.0,0,489.50000000000006,0.0,,,,
11,agg_WEST_BENGAL,11,2035,FeedstockAggregator,agg_WEST_BENGAL,WEST_BENGAL,,,0.0,0.0,0.0,0.0,,,,,,,,,1.0,,,,405.0,4508151.95434796,4508151.95434796,,,,,,5497000.0,0.0,0,500.50000000000006,0.0,,,,
11,agg_CHHATTISGARH,11,2035,FeedstockAggregator,agg_CHHATTISGARH,CHHATTISGARH,,,0.0,0.0,0.0,0.0,,,,,,,,,1.0,,,,360.0,2402779.334841567,2502779.334841567,,,,,,2666666.667,77859.77793085486,0,440.00000000000006,77859.77793085486,,,,
11,agg_ODISHA,11,2035,FeedstockAggregator,agg_ODISHA,ODISHA,,,0.0,0.0,0.0,0.0,,,,,,,,,1.0,,,,360.0,2571391.3953421367,2571391.3953421367,,,,,,3204666.667,86881.50874886638,0,445.50000000000006,86881.50874886638,,,,
11,agg_MADHYA_PRADESH,11,2035,FeedstockAggregator,agg_MADHYA_PRADESH,MADHYA_PRADESH,,,0.0,0.0,0.0,0.0,,,,,,,,,1.0,,,,390.0,2946983.7467187545,2946983.7467187545,,,,,,3333333.333,0.0,0,473.00000000000006,0.0,,,,
11,agg_TELANGANA,11,2035,FeedstockAggregator,agg_TELANGANA,TELANGANA,,,0.0,0.0,0.0,0.0,,,,,,,,,1.0,,,,390.0,5698000.0,5698000.0,,,,,,5698000.0,0.0,0,478.50000000000006,0.0,,,,
11,agg_ASSAM,11,2035,FeedstockAggregator,agg_ASSAM,ASSAM,,,0.0,0.0,0.0,0.0,,,,,,,,,1.0,,,,480.0,2000000.0,2000000.0,,,,,,2000000.0,0.0,0,572.0,0.0,,,,
11,agg_JHARKHAND,11,2035,FeedstockAggregator,agg_JHARKHAND,JHARKHAND,,,0.0,0.0,0.0,0.0,,,,,,,,,1.0,,,,435.0,1666666.667,1666666.667,,,,,,1666666.667,0.0,0,528.0,0.0,,,,
11,agg_RAJASTHAN,11,2035,FeedstockAggregator,agg_RAJASTHAN,RAJASTHAN,,,0.0,0.0,0.0,0.0,,,,,,,,,1.0,,,,435.0,2295548.440189345,2295548.440189345,,,,,,2333333.333,0.0,0,533.5,0.0,,,,
11,agg_KERALA,11,2035,FeedstockAggregator,agg_KERALA,KERALA,,,0.0,0.0,0.0,0.0,,,,,,,,,1.0,,,,480.0,1000000.0,1000000.0,,,,,,1000000.0,0.0,0,577.5,0.0,,,,
11,agg_GUJARAT,11,2035,FeedstockAggregator,agg_GUJARAT,GUJARAT,,,0.0,0.0,0.0,0.0,,,,,,,,,1.0,,,,405.0,1248232.8571731672,1348232.8571731672,,,,,,1583333.333,83497.75306770296,0,495.00000000000006,83497.75306770296,,,,
12,agg_PUNJAB,12,2036,FeedstockAggregator,agg_PUNJAB,PUNJAB,,,0.0,0.0,0.0,0.0,,,,,,,,,1.0,,,,360.0,4014733.3958153,4114733.3958153,,,,,,4787000.0,81810.91494169708,0,440.00000000000006,81810.91494169708,,,,
12,agg_HARYANA,12,2036,FeedstockAggregator,agg_HARYANA,HARYANA,,,0.0,0.0,0.0,0.0,,,,,,,,,1.0,,,,360.0,4000000.0,4000000.0,,,,,,4000000.0,83569.51168729419,0,445.50000000000006,83569.51168729419,,,,
12,agg_UTTAR_PRADESH,12,2036,FeedstockAggregator,agg_UTTAR_PRADESH,UTTAR_PRADESH,,,0.0,0.0,0.0,0.0,,,,,,,,,1.0,,,,390.0,16331677.850078806,16331677.850078806,,,,,,16500000.0,0.0,0,473.00000000000006,0.0,,,,
12,agg_BIHAR,12,2036,FeedstockAggregator,agg_BIHAR,BIHAR,,,0.0,0.0,0.0,0.0,,,,,,,,,1.0,,,,390.0,3333333.333,3333333.333,,,,,,3333333.333,82617.78673337561,0,467.50000000000006,82617.78673337561,,,,
12,agg_ANDHRA_PRADESH,12,2036,FeedstockAggregator,agg_ANDHRA_PRADESH,ANDHRA_PRADESH,,,0.0,0.0,0.0,0.0,,,,,,,,,1.0,,,,405.0,2587651.6026001456,2587651.6026001456,,,,,,3000000.0,0.0,0,495.00000000000006,0.0,,,,
12,agg_TAMIL_NADU,12,2036,FeedstockAggregator,agg_TAMIL_NADU,TAMIL_NADU,,,0.0,0.0,0.0,0.0,,,,,,,,,1.0,,,,435.0,1333333.333,1333333.333,,,,,,1333333.333,0.0,0,522.5,0.0,,,,
12,agg_MAHARASHTRA,12,2036,FeedstockAggregator,agg_MAHARASHTRA,MAHARASHTRA,,,0.0,0.0,0.0,0.0,,,,,,,,,1.0,,,,435.0,9006010.68361501,9006010.68361501,,,,,,10333333.333,0.0,0,517.0,0.0,,,,
12,agg_KARNATAKA,12,2036,FeedstockAggregator,agg_KARNATAKA,KARNATAKA,,,0.0,0.0,0.0,0.0,,,,,,,,,1.0,,,,405.0,4858698.285466418,4858698.285466418,,,,,,5666666.667,0.0,0,489.50000000000006,0.0,,,,
12,agg_WEST_BENGAL,12,2036,FeedstockAggregator,agg_WEST_BENGAL,WEST_BENGAL,,,0.0,0.0,0.0,0.0,,,,,,,,,1.0,,,,405.0,4726403.219735107,4726403.219735107,,,,,,5497000.0,0.0,0,500.50000000000006,0.0,,,,
12,agg_CHHATTISGARH,12,2036,FeedstockAggregator,agg_CHHATTISGARH,CHHATTISGARH,,,0.0,0.0,0.0,0.0,,,,,,,,,1.0,,,,360.0,2566666.667,2666666.667,,,,,,2666666.667,77859.77793085486,0,440.00000000000006,77859.77793085486,,,,
12,agg_ODISHA,12,2036,FeedstockAggregator,agg_ODISHA,ODISHA,,,0.0,0.0,0.0,0.0,,,,,,,,,1.0,,,,360.0,2703686.7304327027,2703686.7304327027,,,,,,3204666.667,86881.50874886638,0,445.50000000000006,86881.50874886638,,,,
12,agg_MADHYA_PRADESH,12,2036,FeedstockAggregator,agg_MADHYA_PRADESH,MADHYA_PRADESH,,,0.0,0.0,0.0,0.0,,,,,,,,,1.0,,,,390.0,2752419.509710339,2752419.509710339,,,,,,3333333.333,0.0,0,473.00000000000006,0.0,,,,
12,agg_TELANGANA,12,2036,FeedstockAggregator,agg_TELANGANA,TELANGANA,,,0.0,0.0,0.0,0.0,,,,,,,,,1.0,,,,390.0,5698000.0,5698000.0,,,,,,5698000.0,0.0,0,478.50000000000006,0.0,,,,
12,agg_ASSAM,12,2036,FeedstockAggregator,agg_ASSAM,ASSAM,,,0.0,0.0,0.0,0.0,,,,,,,,,1.0,,,,480.0,2000000.0,2000000.0,,,,,,2000000.0,0.0,0,572.0,0.0,,,,
12,agg_JHARKHAND,12,2036,FeedstockAggregator,agg_JHARKHAND,JHARKHAND,,,0.0,0.0,0.0,0.0,,,,,,,,,1.0,,,,435.0,1523706.145444689,1523706.145444689,,,,,,1666666.667,0.0,0,528.0,0.0,,,,
12,agg_RAJASTHAN,12,2036,FeedstockAggregator,agg_RAJASTHAN,RAJASTHAN,,,0.0,0.0,0.0,0.0,,,,,,,,,1.0,,,,435.0,2138153.1920516477,2138153.1920516477,,,,,,2333333.333,0.0,0,533.5,0.0,,,,
12,agg_KERALA,12,2036,FeedstockAggregator,agg_KERALA,KERALA,,,0.0,0.0,0.0,0.0,,,,,,,,,1.0,,,,480.0,1000000.0,1000000.0,,,,,,1000000.0,0.0,0,577.5,0.0,,,,
12,agg_GUJARAT,12,2036,FeedstockAggregator,agg_GUJARAT,GUJARAT,,,0.0,0.0,0.0,0.0,,,,,,,,,1.0,,,,405.0,1483333.333,1583333.333,,,,,,1583333.333,83497.75306770296,0,495.00000000000006,83497.75306770296,,,,
13,agg_PUNJAB,13,2037,FeedstockAggregator,agg_PUNJAB,PUNJAB,,,0.0,0.0,0.0,0.0,,,,,,,,,1.0,,,,360.0,4687000.0,4787000.0,,,,,,4787000.0,81810.91494169708,0,440.00000000000006,81810.91494169708,,,,
13,agg_HARYANA,13,2037,FeedstockAggregator,agg_HARYANA,HARYANA,,,0.0,0.0,0.0,0.0,,,,,,,,,1.0,,,,360.0,3900000.0,4000000.0,,,,,,4000000.0,83569.51168729419,0,445.50000000000006,83569.51168729419,,,,
13,agg_UTTAR_PRADESH,13,2037,FeedstockAggregator,agg_UTTAR_PRADESH,UTTAR_PRADESH,,,0.0,0.0,0.0,0.0,,,,,,,,,1.0,,,,390.0,16272258.754881294,16272258.754881294,,,,,,16500000.0,0.0,0,473.00000000000006,0.0,,,,
13,agg_BIHAR,13,2037,FeedstockAggregator,agg_BIHAR,BIHAR,,,0.0,0.0,0.0,0.0,,,,,,,,,1.0,,,,390.0,2874803.5025914153,2874803.5025914153,,,,,,3333333.333,82617.78673337561,0,467.50000000000006,82617.78673337561,,,,
13,agg_ANDHRA_PRADESH,13,2037,FeedstockAggregator,agg_ANDHRA_PRADESH,ANDHRA_PRADESH,,,0.0,0.0,0.0,0.0,,,,,,,,,1.0,,,,405.0,3000000.0,3000000.0,,,,,,3000000.0,0.0,0,495.00000000000006,0.0,,,,
13,agg_TAMIL_NADU,13,2037,FeedstockAggregator,agg_TAMIL_NADU,TAMIL_NADU,,,0.0,0.0,0.0,0.0,,,,,,,,,1.0,,,,435.0,1197596.9315322677,1197596.9315322677,,,,,,1333333.333,0.0,0,522.5,0.0,,,,
13,agg_MAHARASHTRA,13,2037,FeedstockAggregator,agg_MAHARASHTRA,MAHARASHTRA,,,0.0,0.0,0.0,0.0,,,,,,,,,1.0,,,,435.0,10333333.333,10333333.333,,,,,,10333333.333,0.0,0,517.0,0.0,,,,
13,agg_KARNATAKA,13,2037,FeedstockAggregator,agg_KARNATAKA,KARNATAKA,,,0.0,0.0,0.0,0.0,,,,,,,,,1.0,,,,405.0,5464154.435726046,5464154.435726046,,,,,,5666666.667,0.0,0,489.50000000000006,0.0,,,,
13,agg_WEST_BENGAL,13,2037,FeedstockAggregator,agg_WEST_BENGAL,WEST_BENGAL,,,0.0,0.0,0.0,0.0,,,,,,,,,1.0,,,,405.0,5427937.146619369,5427937.146619369,,,,,,5497000.0,0.0,0,500.50000000000006,0.0,,,,
13,agg_CHHATTISGARH,13,2037,FeedstockAggregator,agg_CHHATTISGARH,CHHATTISGARH,,,0.0,0.0,0.0,0.0,,,,,,,,,1.0,,,,360.0,2356392.587941734,2456392.587941734,,,,,,2666666.667,77859.77793085486,0,440.00000000000006,77859.77793085486,,,,
13,agg_ODISHA,13,2037,FeedstockAggregator,agg_ODISHA,ODISHA,,,0.0,0.0,0.0,0.0,,,,,,,,,1.0,,,,360.0,3204666.667,3204666.667,,,,,,3204666.667,86881.50874886638,0,445.50000000000006,86881.50874886638,,,,
13,agg_MADHYA_PRADESH,13,2037,FeedstockAggregator,agg_MADHYA_PRADESH,MADHYA_PRADESH,,,0.0,0.0,0.0,0.0,,,,,,,,,1.0,,,,390.0,2890152.3049820997,2890152.3049820997,,,,,,3333333.333,0.0,0,473.00000000000006,0.0,,,,
13,agg_TELANGANA,13,2037,FeedstockAggregator,agg_TELANGANA,TELANGANA,,,0.0,0.0,0.0,0.0,,,,,,,,,1.0,,,,390.0,5698000.0,5698000.0,,,,,,5698000.0,0.0,0,478.50000000000006,0.0,,,,
13,agg_ASSAM,13,2037,FeedstockAggregator,agg_ASSAM,ASSAM,,,0.0,0.0,0.0,0.0,,,,,,,,,1.0,,,,480.0,1980865.4501082567,1980865.4501082567,,,,,,2000000.0,0.0,0,572.0,0.0,,,,
13,agg_JHARKHAND,13,2037,FeedstockAggregator,agg_JHARKHAND,JHARKHAND,,,0.0,0.0,0.0,0.0,,,,,,,,,1.0,,,,435.0,1519405.5452927172,1519405.5452927172,,,,,,1666666.667,0.0,0,528.0,0.0,,,,
13,agg_RAJASTHAN,13,2037,FeedstockAggregator,agg_RAJASTHAN,RAJASTHAN,,,0.0,0.0,0.0,0.0,,,,,,,,,1.0,,,,435.0,2333333.333,2333333.333,,,,,,2333333.333,0.0,0,533.5,0.0,,,,
13,agg_KERALA,13,2037,FeedstockAggregator,agg_KERALA,KERALA,,,0.0,0.0,0.0,0.0,,,,,,,,,1.0,,,,480.0,1000000.0,1000000.0,,,,,,1000000.0,0.0,0,577.5,0.0,,,,
13,agg_GUJARAT,13,2037,FeedstockAggregator,agg_GUJARAT,GUJARAT,,,0.0,0.0,0.0,0.0,,,,,,,,,1.0,,,,405.0,1474360.544677941,1574360.544677941,,,,,,1583333.333,83497.75306770296,0,495.00000000000006,83497.75306770296,,,,
14,agg_PUNJAB,14,2038,FeedstockAggregator,agg_PUNJAB,PUNJAB,,,0.0,0.0,0.0,0.0,,,,,,,,,1.0,,,,360.0,3769561.435623295,3869561.435623295,,,,,,4787000.0,81810.91494169708,0,440.00000000000006,81810.91494169708,,,,
14,agg_HARYANA,14,2038,FeedstockAggregator,agg_HARYANA,HARYANA,,,0.0,0.0,0.0,0.0,,,,,,,,,1.0,,,,360.0,3900000.0,4000000.0,,,,,,4000000.0,83569.51168729419,0,445.50000000000006,83569.51168729419,,,,
14,agg_UTTAR_PRADESH,14,2038,FeedstockAggregator,agg_UTTAR_PRADESH,UTTAR_PRADESH,,,0.0,0.0,0.0,0.0,,,,,,,,,1.0,,,,390.0,13449024.90793838,13449024.90793838,,,,,,16500000.0,0.0,0,473.00000000000006,0.0,,,,
14,agg_BIHAR,14,2038,FeedstockAggregator,agg_BIHAR,BIHAR,,,0.0,0.0,0.0,0.0,,,,,,,,,1.0,,,,390.0,3333333.333,3333333.333,,,,,,3333333.333,82617.78673337561,0,467.50000000000006,82617.78673337561,,,,
14,agg_ANDHRA_PRADESH,14,2038,FeedstockAggregator,agg_ANDHRA_PRADESH,ANDHRA_PRADESH,,,0.0,0.0,0.0,0.0,,,,,,,,,1.0,,,,405.0,3000000.0,3000000.0,,,,,,3000000.0,0.0,0,495.00000000000006,0.0,,,,
14,agg_TAMIL_NADU,14,2038,FeedstockAggregator,agg_TAMIL_NADU,TAMIL_NADU,,,0.0,0.0,0.0,0.0,,,,,,,,,1.0,,,,435.0,1114265.1062356918,1114265.1062356918,,,,,,1333333.333,0.0,0,522.5,0.0,,,,
14,agg_MAHARASHTRA,14,2038,FeedstockAggregator,agg_MAHARASHTRA,MAHARASHTRA,,,0.0,0.0,0.0,0.0,,,,,,,,,1.0,,,,435.0,10333333.333,10333333.333,,,,,,10333333.333,0.0,0,517.0,0.0,,,,
14,agg_KARNATAKA,14,2038,FeedstockAggregator,agg_KARNATAKA,KARNATAKA,,,0.0,0.0,0.0,0.0,,,,,,,,,1.0,,,,405.0,5147770.141728553,5147770.141728553,,,,,,5666666.667,0.0,0,489.50000000000006,0.0,,,,
14,agg_WEST_BENGAL,14,2038,FeedstockAggregator,agg_WEST_BENGAL,WEST_BENGAL,,,0.0,0.0,0.0,0.0,,,,,,,,,1.0,,,,405.0,5497000.0,5497000.0,,,,,,5497000.0,0.0,0,500.50000000000006,0.0,,,,
14,agg_CHHATTISGARH,14,2038,FeedstockAggregator,agg_CHHATTISGARH,CHHATTISGARH,,,0.0,0.0,0.0,0.0,,,,,,,,,1.0,,,,360.0,2566666.667,2666666.667,,,,,,2666666.667,77859.77793085486,0,440.00000000000006,77859.77793085486,,,,
14,agg_ODISHA,14,2038,FeedstockAggregator,agg_ODISHA,ODISHA,,,0.0,0.0,0.0,0.0,,,,,,,,,1.0,,,,360.0,3104666.667,3204666.667,,,,,,3204666.667,86881.50874886638,0,445.50000000000006,86881.50874886638,,,,
14,agg_MADHYA_PRADESH,14,2038,FeedstockAggregator,agg_MADHYA_PRADESH,MADHYA_PRADESH,,,0.0,0.0,0.0,0.0,,,,,,,,,1.0,,,,390.0,3333333.333,3333333.333,,,,,,3333333.333,0.0,0,473.00000000000006,0.0,,,,
14,agg_TELANGANA,14,2038,FeedstockAggregator,agg_TELANGANA,TELANGANA,,,0.0,0.0,0.0,0.0,,,,,,,,,1.0,,,,390.0,5698000.0,5698000.0,,,,,,5698000.0,0.0,0,478.50000000000006,0.0,,,,
14,agg_ASSAM,14,2038,FeedstockAggregator,agg_ASSAM,ASSAM,,,0.0,0.0,0.0,0.0,,,,,,,,,1.0,,,,480.0,1918413.969719423,1918413.969719423,,,,,,2000000.0,0.0,0,572.0,0.0,,,,
14,agg_JHARKHAND,14,2038,FeedstockAggregator,agg_JHARKHAND,JHARKHAND,,,0.0,0.0,0.0,0.0,,,,,,,,,1.0,,,,435.0,1615577.5437918499,1615577.5437918499,,,,,,1666666.667,0.0,0,528.0,0.0,,,,
14,agg_RAJASTHAN,14,2038,FeedstockAggregator,agg_RAJASTHAN,RAJASTHAN,,,0.0,0.0,0.0,0.0,,,,,,,,,1.0,,,,435.0,2333333.333,2333333.333,,,,,,2333333.333,0.0,0,533.5,0.0,,,,
14,agg_KERALA,14,2038,FeedstockAggregator,agg_KERALA,KERALA,,,0.0,0.0,0.0,0.0,,,,,,,,,1.0,,,,480.0,1000000.0,1000000.0,,,,,,1000000.0,0.0,0,577.5,0.0,,,,
14,agg_GUJARAT,14,2038,FeedstockAggregator,agg_GUJARAT,GUJARAT,,,0.0,0.0,0.0,0.0,,,,,,,,,1.0,,,,405.0,1483333.333,1583333.333,,,,,,1583333.333,83497.75306770296,0,495.00000000000006,83497.75306770296,,,,
15,agg_PUNJAB,15,2039,FeedstockAggregator,agg_PUNJAB,PUNJAB,,,0.0,0.0,0.0,0.0,,,,,,,,,1.0,,,,360.0,4687000.0,4787000.0,,,,,,4787000.0,81810.91494169708,0,440.00000000000006,81810.91494169708,,,,
15,agg_HARYANA,15,2039,FeedstockAggregator,agg_HARYANA,HARYANA,,,0.0,0.0,0.0,0.0,,,,,,,,,1.0,,,,360.0,3841100.2885325397,3941100.2885325397,,,,,,4000000.0,83569.51168729419,0,445.50000000000006,83569.51168729419,,,,
15,agg_UTTAR_PRADESH,15,2039,FeedstockAggregator,agg_UTTAR_PRADESH,UTTAR_PRADESH,,,0.0,0.0,0.0,0.0,,,,,,,,,1.0,,,,390.0,16500000.0,16500000.0,,,,,,16500000.0,0.0,0,473.00000000000006,0.0,,,,
15,agg_BIHAR,15,2039,FeedstockAggregator,agg_BIHAR,BIHAR,,,0.0,0.0,0.0,0.0,,,,,,,,,1.0,,,,390.0,3233333.333,3333333.333,,,,,,3333333.333,82617.78673337561,0,467.50000000000006,82617.78673337561,,,,
15,agg_ANDHRA_PRADESH,15,2039,FeedstockAggregator,agg_ANDHRA_PRADESH,ANDHRA_PRADESH,,,0.0,0.0,0.0,0.0,,,,,,,,,1.0,,,,405.0,3000000.0,3000000.0,,,,,,3000000.0,0.0,0,495.00000000000006,0.0,,,,
15,agg_TAMIL_NADU,15,2039,FeedstockAggregator,agg_TAMIL_NADU,TAMIL_NADU,,,0.0,0.0,0.0,0.0,,,,,,,,,1.0,,,,435.0,1073366.3302929595,1073366.3302929595,,,,,,1333333.333,0.0,0,522.5,0.0,,,,
15,agg_MAHARASHTRA,15,2039,FeedstockAggregator,agg_MAHARASHTRA,MAHARASHTRA,,,0.0,0.0,0.0,0.0,,,,,,,,,1.0,,,,435.0,9788686.714235617,9788686.714235617,,,,,,10333333.333,0.0,0,517.0,0.0,,,,
15,agg_KARNATAKA,15,2039,FeedstockAggregator,agg_KARNATAKA,KARNATAKA,,,0.0,0.0,0.0,0.0,,,,,,,,,1.0,,,,405.0,5666666.667,5666666.667,,,,,,5666666.667,0.0,0,489.50000000000006,0.0,,,,
15,agg_WEST_BENGAL,15,2039,FeedstockAggregator,agg_WEST_BENGAL,WEST_BENGAL,,,0.0,0.0,0.0,0.0,,,,,,,,,1.0,,,,405.0,5497000.0,5497000.0,,,,,,5497000.0,0.0,0,500.50000000000006,0.0,,,,
15,agg_CHHATTISGARH,15,2039,FeedstockAggregator,agg_CHHATTISGARH,CHHATTISGARH,,,0.0,0.0,0.0,0.0,,,,,,,,,1.0,,,,360.0,2120887.352370156,2220887.352370156,,,,,,2666666.667,77859.77793085486,0,440.00000000000006,77859.77793085486,,,,
15,agg_ODISHA,15,2039,FeedstockAggregator,agg_ODISHA,ODISHA,,,0.0,0.0,0.0,0.0,,,,,,,,,1.0,,,,360.0,3024185.50291058,3124185.50291058,,,,,,3204666.667,86881.50874886638,0,445.50000000000006,86881.50874886638,,,,
15,agg_MADHYA_PRADESH,15,2039,FeedstockAggregator,agg_MADHYA_PRADESH,MADHYA_PRADESH,,,0.0,0.0,0.0,0.0,,,,,,,,,1.0,,,,390.0,3333333.333,3333333.333,,,,,,3333333.333,0.0,0,473.00000000000006,0.0,,,,
15,agg_TELANGANA,15,2039,FeedstockAggregator,agg_TELANGANA,TELANGANA,,,0.0,0.0,0.0,0.0,,,,,,,,,1.0,,,,390.0,5698000.0,5698000.0,,,,,,5698000.0,0.0,0,478.50000000000006,0.0,,,,
15,agg_ASSAM,15,2039,FeedstockAggregator,agg_ASSAM,ASSAM,,,0.0,0.0,0.0,0.0,,,,,,,,,1.0,,,,480.0,1625469.7720863952,1625469.7720863952,,,,,,2000000.0,0.0,0,572.0,0.0,,,,
15,agg_JHARKHAND,15,2039,FeedstockAggregator,agg_JHARKHAND,JHARKHAND,,,0.0,0.0,0.0,0.0,,,,,,,,,1.0,,,,435.0,1365010.445423769,1365010.445423769,,,,,,1666666.667,0.0,0,528.0,0.0,,,,
15,agg_RAJASTHAN,15,2039,FeedstockAggregator,agg_RAJASTHAN,RAJASTHAN,,,0.0,0.0,0.0,0.0,,,,,,,,,1.0,,,,435.0,2333333.333,2333333.333,,,,,,2333333.333,0.0,0,533.5,0.0,,,,
15,agg_KERALA,15,2039,FeedstockAggregator,agg_KERALA,KERALA,,,0.0,0.0,0.0,0.0,,,,,,,,,1.0,,,,480.0,1000000.0,1000000.0,,,,,,1000000.0,0.0,0,577.5,0.0,,,,
15,agg_GUJARAT,15,2039,FeedstockAggregator,agg_GUJARAT,GUJARAT,,,0.0,0.0,0.0,0.0,,,,,,,,,1.0,,,,405.0,1483333.333,1583333.333,,,,,,1583333.333,83497.75306770296,0,495.00000000000006,83497.75306770296,,,,
16,agg_PUNJAB,16,2040,FeedstockAggregator,agg_PUNJAB,PUNJAB,,,0.0,0.0,0.0,0.0,,,,,,,,,1.0,,,,360.0,3892842.15980638,3992842.15980638,,,,,,4787000.0,81810.91494169708,0,440.00000000000006,81810.91494169708,,,,
16,agg_HARYANA,16,2040,FeedstockAggregator,agg_HARYANA,HARYANA,,,0.0,0.0,0.0,0.0,,,,,,,,,1.0,,,,360.0,3900000.0,4000000.0,,,,,,4000000.0,83569.51168729419,0,445.50000000000006,83569.51168729419,,,,
16,agg_UTTAR_PRADESH,16,2040,FeedstockAggregator,agg_UTTAR_PRADESH,UTTAR_PRADESH,,,0.0,0.0,0.0,0.0,,,,,,,,,1.0,,,,390.0,13833198.27431799,13833198.27431799,,,,,,16500000.0,0.0,0,473.00000000000006,0.0,,,,
16,agg_BIHAR,16,2040,FeedstockAggregator,agg_BIHAR,BIHAR,,,0.0,0.0,0.0,0.0,,,,,,,,,1.0,,,,390.0,3233333.333,3333333.333,,,,,,3333333.333,82617.78673337561,0,467.50000000000006,82617.78673337561,,,,
16,agg_ANDHRA_PRADESH,16,2040,FeedstockAggregator,agg_ANDHRA_PRADESH,ANDHRA_PRADESH,,,0.0,0.0,0.0,0.0,,,,,,,,,1.0,,,,405.0,2546279.690808497,2546279.690808497,,,,,,3000000.0,0.0,0,495.00000000000006,0.0,,,,
16,agg_TAMIL_NADU,16,2040,FeedstockAggregator,agg_TAMIL_NADU,TAMIL_NADU,,,0.0,0.0,0.0,0.0,,,,,,,,,1.0,,,,435.0,1228991.743563818,1228991.743563818,,,,,,1333333.333,0.0,0,522.5,0.0,,,,
16,agg_MAHARASHTRA,16,2040,FeedstockAggregator,agg_MAHARASHTRA,MAHARASHTRA,,,0.0,0.0,0.0,0.0,,,,,,,,,1.0,,,,435.0,9741680.516441992,9741680.516441992,,,,,,10333333.333,0.0,0,517.0,0.0,,,,
16,agg_KARNATAKA,16,2040,FeedstockAggregator,agg_KARNATAKA,KARNATAKA,,,0.0,0.0,0.0,0.0,,,,,,,,,1.0,,,,405.0,5666666.667,5666666.667,,,,,,5666666.667,0.0,0,489.50000000000006,0.0,,,,
16,agg_WEST_BENGAL,16,2040,FeedstockAggregator,agg_WEST_BENGAL,WEST_BENGAL,,,0.0,0.0,0.0,0.0,,,,,,,,,1.0,,,,405.0,5497000.0,5497000.0,,,,,,5497000.0,0.0,0,500.50000000000006,0.0,,,,
16,agg_CHHATTISGARH,16,2040,FeedstockAggregator,agg_CHHATTISGARH,CHHATTISGARH,,,0.0,0.0,0.0,0.0,,,,,,,,,1.0,,,,360.0,2260156.709198244,2360156.709198244,,,,,,2666666.667,77859.77793085486,0,440.00000000000006,77859.77793085486,,,,
16,agg_ODISHA,16,2040,FeedstockAggregator,agg_ODISHA,ODISHA,,,0.0,0.0,0.0,0.0,,,,,,,,,1.0,,,,360.0,2981699.9228239995,3081699.9228239995,,,,,,3204666.667,86881.50874886638,0,445.50000000000006,86881.50874886638,,,,
16,agg_MADHYA_PRADESH,16,2040,FeedstockAggregator,agg_MADHYA_PRADESH,MADHYA_PRADESH,,,0.0,0.0,0.0,0.0,,,,,,,,,1.0,,,,390.0,3333333.333,3333333.333,,,,,,3333333.333,0.0,0,473.00000000000006,0.0,,,,
16,agg_TELANGANA,16,2040,FeedstockAggregator,agg_TELANGANA,TELANGANA,,,0.0,0.0,0.0,0.0,,,,,,,,,1.0,,,,390.0,5698000.0,5698000.0,,,,,,5698000.0,0.0,0,478.50000000000006,0.0,,,,
16,agg_ASSAM,16,2040,FeedstockAggregator,agg_ASSAM,ASSAM,,,0.0,0.0,0.0,0.0,,,,,,,,,1.0,,,,480.0,1990808.7767590464,1990808.7767590464,,,,,,2000000.0,0.0,0,572.0,0.0,,,,
16,agg_JHARKHAND,16,2040,FeedstockAggregator,agg_JHARKHAND,JHARKHAND,,,0.0,0.0,0.0,0.0,,,,,,,,,1.0,,,,435.0,1666666.667,1666666.667,,,,,,1666666.667,0.0,0,528.0,0.0,,,,
16,agg_RAJASTHAN,16,2040,FeedstockAggregator,agg_RAJASTHAN,RAJASTHAN,,,0.0,0.0,0.0,0.0,,,,,,,,,1.0,,,,435.0,2025812.8146663005,2025812.8146663005,,,,,,2333333.333,0.0,0,533.5,0.0,,,,
16,agg_KERALA,16,2040,FeedstockAggregator,agg_KERALA,KERALA,,,0.0,0.0,0.0,0.0,,,,,,,,,1.0,,,,480.0,1000000.0,1000000.0,,,,,,1000000.0,0.0,0,577.5,0.0,,,,
16,agg_GUJARAT,16,2040,FeedstockAggregator,agg_GUJARAT,GUJARAT,,,0.0,0.0,0.0,0.0,,,,,,,,,1.0,,,,405.0,1198849.4850136596,1298849.4850136596,,,,,,1583333.333,83497.75306770296,0,495.00000000000006,83497.75306770296,,,,
17,agg_PUNJAB,17,2041,FeedstockAggregator,agg_PUNJAB,PUNJAB,,,0.0,0.0,0.0,0.0,,,,,,,,,1.0,,,,360.0,4463816.418852447,4563816.418852447,,,,,,4787000.0,81810.91494169708,0,440.00000000000006,81810.91494169708,,,,
17,agg_HARYANA,17,2041,FeedstockAggregator,agg_HARYANA,HARYANA,,,0.0,0.0,0.0,0.0,,,,,,,,,1.0,,,,360.0,3179203.240982379,3279203.240982379,,,,,,4000000.0,83569.51168729419,0,445.50000000000006,83569.51168729419,,,,
17,agg_UTTAR_PRADESH,17,2041,FeedstockAggregator,agg_UTTAR_PRADESH,UTTAR_PRADESH,,,0.0,0.0,0.0,0.0,,,,,,,,,1.0,,,,390.0,14139772.028557224,14139772.028557224,,,,,,16500000.0,0.0,0,473.00000000000006,0.0,,,,
17,agg_BIHAR,17,2041,FeedstockAggregator,agg_BIHAR,BIHAR,,,0.0,0.0,0.0,0.0,,,,,,,,,1.0,,,,390.0,2882248.9556367127,2982248.9556367127,,,,,,3333333.333,82617.78673337561,0,467.50000000000006,82617.78673337561,,,,
17,agg_ANDHRA_PRADESH,17,2041,FeedstockAggregator,agg_ANDHRA_PRADESH,ANDHRA_PRADESH,,,0.0,0.0,0.0,0.0,,,,,,,,,1.0,,,,405.0,3000000.0,3000000.0,,,,,,3000000.0,0.0,0,495.00000000000006,0.0,,,,
17,agg_TAMIL_NADU,17,2041,FeedstockAggregator,agg_TAMIL_NADU,TAMIL_NADU,,,0.0,0.0,0.0,0.0,,,,,,,,,1.0,,,,435.0,1333267.054156581,1333267.054156581,,,,,,1333333.333,0.0,0,522.5,0.0,,,,
17,agg_MAHARASHTRA,17,2041,FeedstockAggregator,agg_MAHARASHTRA,MAHARASHTRA,,,0.0,0.0,0.0,0.0,,,,,,,,,1.0,,,,435.0,9602768.644779678,9602768.644779678,,,,,,10333333.333,0.0,0,517.0,0.0,,,,
17,agg_KARNATAKA,17,2041,FeedstockAggregator,agg_KARNATAKA,KARNATAKA,,,0.0,0.0,0.0,0.0,,,,,,,,,1.0,,,,405.0,5299378.473545266,5299378.473545266,,,,,,5666666.667,0.0,0,489.50000000000006,0.0,,,,
17,agg_WEST_BENGAL,17,2041,FeedstockAggregator,agg_WEST_BENGAL,WEST_BENGAL,,,0.0,0.0,0.0,0.0,,,,,,,,,1.0,,,,405.0,5497000.0,5497000.0,,,,,,5497000.0,0.0,0,500.50000000000006,0.0,,,,
17,agg_CHHATTISGARH,17,2041,FeedstockAggregator,agg_CHHATTISGARH,CHHATTISGARH,,,0.0,0.0,0.0,0.0,,,,,,,,,1.0,,,,360.0,2242699.5358322724,2342699.5358322724,,,,,,2666666.667,77859.77793085486,0,440.00000000000006,77859.77793085486,,,,
17,agg_ODISHA,17,2041,FeedstockAggregator,agg_ODISHA,ODISHA,,,0.0,0.0,0.0,0.0,,,,,,,,,1.0,,,,360.0,2956966.2733212006,3056966.2733212006,,,,,,3204666.667,86881.50874886638,0,445.50000000000006,86881.50874886638,,,,
17,agg_MADHYA_PRADESH,17,2041,FeedstockAggregator,agg_MADHYA_PRADESH,MADHYA_PRADESH,,,0.0,0.0,0.0,0.0,,,,,,,,,1.0,,,,390.0,3333333.333,3333333.333,,,,,,3333333.333,0.0,0,473.00000000000006,0.0,,,,
17,agg_TELANGANA,17,2041,FeedstockAggregator,agg_TELANGANA,TELANGANA,,,0.0,0.0,0.0,0.0,,,,,,,,,1.0,,,,390.0,5698000.0,5698000.0,,,,,,5698000.0,0.0,0,478.50000000000006,0.0,,,,
17,agg_ASSAM,17,2041,FeedstockAggregator,agg_ASSAM,ASSAM,,,0.0,0.0,0.0,0.0,,,,,,,,,1.0,,,,480.0,1942564.011163668,1942564.011163668,,,,,,2000000.0,0.0,0,572.0,0.0,,,,
17,agg_JHARKHAND,17,2041,FeedstockAggregator,agg_JHARKHAND,JHARKHAND,,,0.0,0.0,0.0,0.0,,,,,,,,,1.0,,,,435.0,1666666.667,1666666.667,,,,,,1666666.667,0.0,0,528.0,0.0,,,,
17,agg_RAJASTHAN,17,2041,FeedstockAggregator,agg_RAJASTHAN,RAJASTHAN,,,0.0,0.0,0.0,0.0,,,,,,,,,1.0,,,,435.0,2333333.333,2333333.333,,,,,,2333333.333,0.0,0,533.5,0.0,,,,
17,agg_KERALA,17,2041,FeedstockAggregator,agg_KERALA,KERALA,,,0.0,0.0,0.0,0.0,,,,,,,,,1.0,,,,480.0,865709.4410040908,865709.4410040908,,,,,,1000000.0,0.0,0,577.5,0.0,,,,
17,agg_GUJARAT,17,2041,FeedstockAggregator,agg_GUJARAT,GUJARAT,,,0.0,0.0,0.0,0.0,,,,,,,,,1.0,,,,405.0,1483333.333,1583333.333,,,,,,1583333.333,83497.75306770296,0,495.00000000000006,83497.75306770296,,,,
18,agg_PUNJAB,18,2042,FeedstockAggregator,agg_PUNJAB,PUNJAB,,,0.0,0.0,0.0,0.0,,,,,,,,,1.0,,,,360.0,4596385.870655652,4696385.870655652,,,,,,4787000.0,81810.91494169708,0,440.00000000000006,81810.91494169708,,,,
18,agg_HARYANA,18,2042,FeedstockAggregator,agg_HARYANA,HARYANA,,,0.0,0.0,0.0,0.0,,,,,,,,,1.0,,,,360.0,3900000.0,4000000.0,,,,,,4000000.0,83569.51168729419,0,445.50000000000006,83569.51168729419,,,,
18,agg_UTTAR_PRADESH,18,2042,FeedstockAggregator,agg_UTTAR_PRADESH,UTTAR_PRADESH,,,0.0,0.0,0.0,0.0,,,,,,,,,1.0,,,,390.0,16500000.0,16500000.0,,,,,,16500000.0,0.0,0,473.00000000000006,0.0,,,,
18,agg_BIHAR,18,2042,FeedstockAggregator,agg_BIHAR,BIHAR,,,0.0,0.0,0.0,0.0,,,,,,,,,1.0,,,,390.0,2648503.238519185,2748503.238519185,,,,,,3333333.333,82617.78673337561,0,467.50000000000006,82617.78673337561,,,,
18,agg_ANDHRA_PRADESH,18,2042,FeedstockAggregator,agg_ANDHRA_PRADESH,ANDHRA_PRADESH,,,0.0,0.0,0.0,0.0,,,,,,,,,1.0,,,,405.0,2526788.761775892,2526788.761775892,,,,,,3000000.0,0.0,0,495.00000000000006,0.0,,,,
18,agg_TAMIL_NADU,18,2042,FeedstockAggregator,agg_TAMIL_NADU,TAMIL_NADU,,,0.0,0.0,0.0,0.0,,,,,,,,,1.0,,,,435.0,1322924.2080018958,1322924.2080018958,,,,,,1333333.333,0.0,0,522.5,0.0,,,,
18,agg_MAHARASHTRA,18,2042,FeedstockAggregator,agg_MAHARASHTRA,MAHARASHTRA,,,0.0,0.0,0.0,0.0,,,,,,,,,1.0,,,,435.0,10172673.482473217,10172673.482473217,,,,,,10333333.333,0.0,0,517.0,0.0,,,,
18,agg_KARNATAKA,18,2042,FeedstockAggregator,agg_KARNATAKA,KARNATAKA,,,0.0,0.0,0.0,0.0,,,,,,,,,1.0,,,,405.0,5666666.667,5666666.667,,,,,,5666666.667,0.0,0,489.50000000000006,0.0,,,,
18,agg_WEST_BENGAL,18,2042,FeedstockAggregator,agg_WEST_BENGAL,WEST_BENGAL,,,0.0,0.0,0.0,0.0,,,,,,,,,1.0,,,,405.0,5497000.0,5497000.0,,,,,,5497000.0,0.0,0,500.50000000000006,0.0,,,,
18,agg_CHHATTISGARH,18,2042,FeedstockAggregator,agg_CHHATTISGARH,CHHATTISGARH,,,0.0,0.0,0.0,0.0,,,,,,,,,1.0,,,,360.0,2566666.667,2666666.667,,,,,,2666666.667,77859.77793085486,0,440.00000000000006,77859.77793085486,,,,
18,agg_ODISHA,18,2042,FeedstockAggregator,agg_ODISHA,ODISHA,,,0.0,0.0,0.0,0.0,,,,,,,,,1.0,,,,360.0,3104666.667,3204666.667,,,,,,3204666.667,86881.50874886638,0,445.50000000000006,86881.50874886638,,,,
18,agg_MADHYA_PRADESH,18,2042,FeedstockAggregator,agg_MADHYA_PRADESH,MADHYA_PRADESH,,,0.0,0.0,0.0,0.0,,,,,,,,,1.0,,,,390.0,3131244.6312488415,3131244.6312488415,,,,,,3333333.333,80203.75392859853,0,473.00000000000006,80203.75392859853,,,,
18,agg_TELANGANA,18,2042,FeedstockAggregator,agg_TELANGANA,TELANGANA,,,0.0,0.0,0.0,0.0,,,,,,,,,1.0,,,,390.0,5698000.0,5698000.0,,,,,,5698000.0,0.0,0,478.50000000000006,0.0,,,,
18,agg_ASSAM,18,2042,FeedstockAggregator,agg_ASSAM,ASSAM,,,0.0,0.0,0.0,0.0,,,,,,,,,1.0,,,,480.0,1764248.1445574223,1764248.1445574223,,,,,,2000000.0,0.0,0,572.0,0.0,,,,
18,agg_JHARKHAND,18,2042,FeedstockAggregator,agg_JHARKHAND,JHARKHAND,,,0.0,0.0,0.0,0.0,,,,,,,,,1.0,,,,435.0,1398478.9598211413,1398478.9598211413,,,,,,1666666.667,0.0,0,528.0,0.0,,,,
18,agg_RAJASTHAN,18,2042,FeedstockAggregator,agg_RAJASTHAN,RAJASTHAN,,,0.0,0.0,0.0,0.0,,,,,,,,,1.0,,,,435.0,2333333.333,2333333.333,,,,,,2333333.333,0.0,0,533.5,0.0,,,,
18,agg_KERALA,18,2042,FeedstockAggregator,agg_KERALA,KERALA,,,0.0,0.0,0.0,0.0,,,,,,,,,1.0,,,,480.0,1000000.0,1000000.0,,,,,,1000000.0,0.0,0,577.5,0.0,,,,
18,agg_GUJARAT,18,2042,FeedstockAggregator,agg_GUJARAT,GUJARAT,,,0.0,0.0,0.0,0.0,,,,,,,,,1.0,,,,405.0,1483333.333,1583333.333,,,,,,1583333.333,83497.75306770296,0,495.00000000000006,83497.75306770296,,,,
19,agg_PUNJAB,19,2043,FeedstockAggregator,agg_PUNJAB,PUNJAB,,,0.0,0.0,0.0,0.0,,,,,,,,,1.0,,,,360.0,4687000.0,4787000.0,,,,,,4787000.0,81810.91494169708,0,440.00000000000006,81810.91494169708,,,,
19,agg_HARYANA,19,2043,FeedstockAggregator,agg_HARYANA,HARYANA,,,0.0,0.0,0.0,0.0,,,,,,,,,1.0,,,,360.0,3900000.0,4000000.0,,,,,,4000000.0,83569.51168729419,0,445.50000000000006,83569.51168729419,,,,
19,agg_UTTAR_PRADESH,19,2043,FeedstockAggregator,agg_UTTAR_PRADESH,UTTAR_PRADESH,,,0.0,0.0,0.0,0.0,,,,,,,,,1.0,,,,390.0,16500000.0,16500000.0,,,,,,16500000.0,0.0,0,473.00000000000006,0.0,,,,
19,agg_BIHAR,19,2043,FeedstockAggregator,agg_BIHAR,BIHAR,,,0.0,0.0,0.0,0.0,,,,,,,,,1.0,,,,390.0,3233333.333,3333333.333,,,,,,3333333.333,82617.78673337561,0,467.50000000000006,82617.78673337561,,,,
19,agg_ANDHRA_PRADESH,19,2043,FeedstockAggregator,agg_ANDHRA_PRADESH,ANDHRA_PRADESH,,,0.0,0.0,0.0,0.0,,,,,,,,,1.0,,,,405.0,3000000.0,3000000.0,,,,,,3000000.0,0.0,0,495.00000000000006,0.0,,,,
19,agg_TAMIL_NADU,19,2043,FeedstockAggregator,agg_TAMIL_NADU,TAMIL_NADU,,,0.0,0.0,0.0,0.0,,,,,,,,,1.0,,,,435.0,1333333.333,1333333.333,,,,,,1333333.333,0.0,0,522.5,0.0,,,,
19,agg_MAHARASHTRA,19,2043,FeedstockAggregator,agg_MAHARASHTRA,MAHARASHTRA,,,0.0,0.0,0.0,0.0,,,,,,,,,1.0,,,,435.0,9205455.854160376,9205455.854160376,,,,,,10333333.333,0.0,0,517.0,0.0,,,,
19,agg_KARNATAKA,19,2043,FeedstockAggregator,agg_KARNATAKA,KARNATAKA,,,0.0,0.0,0.0,0.0,,,,,,,,,1.0,,,,405.0,5265632.493462673,5265632.493462673,,,,,,5666666.667,0.0,0,489.50000000000006,0.0,,,,
19,agg_WEST_BENGAL,19,2043,FeedstockAggregator,agg_WEST_BENGAL,WEST_BENGAL,,,0.0,0.0,0.0,0.0,,,,,,,,,1.0,,,,405.0,5308271.351766084,5308271.351766084,,,,,,5497000.0,0.0,0,500.50000000000006,0.0,,,,
19,agg_CHHATTISGARH,19,2043,FeedstockAggregator,agg_CHHATTISGARH,CHHATTISGARH,,,0.0,0.0,0.0,0.0,,,,,,,,,1.0,,,,360.0,2566666.667,2666666.667,,,,,,2666666.667,77859.77793085486,0,440.00000000000006,77859.77793085486,,,,
19,agg_ODISHA,19,2043,FeedstockAggregator,agg_ODISHA,ODISHA,,,0.0,0.0,0.0,0.0,,,,,,,,,1.0,,,,360.0,3104666.667,3204666.667,,,,,,3204666.667,86881.50874886638,0,445.50000000000006,86881.50874886638,,,,
19,agg_MADHYA_PRADESH,19,2043,FeedstockAggregator,agg_MADHYA_PRADESH,MADHYA_PRADESH,,,0.0,0.0,0.0,0.0,,,,,,,,,1.0,,,,390.0,3161612.185239811,3161612.185239811,,,,,,3333333.333,80203.75392859853,0,473.00000000000006,80203.75392859853,,,,
19,agg_TELANGANA,19,2043,FeedstockAggregator,agg_TELANGANA,TELANGANA,,,0.0,0.0,0.0,0.0,,,,,,,,,1.0,,,,390.0,5218265.007783828,5218265.007783828,,,,,,5698000.0,0.0,0,478.50000000000006,0.0,,,,
19,agg_ASSAM,19,2043,FeedstockAggregator,agg_ASSAM,ASSAM,,,0.0,0.0,0.0,0.0,,,,,,,,,1.0,,,,480.0,2000000.0,2000000.0,,,,,,2000000.0,0.0,0,572.0,0.0,,,,
19,agg_JHARKHAND,19,2043,FeedstockAggregator,agg_JHARKHAND,JHARKHAND,,,0.0,0.0,0.0,0.0,,,,,,,,,1.0,,,,435.0,1614529.7788409067,1614529.7788409067,,,,,,1666666.667,0.0,0,528.0,0.0,,,,
19,agg_RAJASTHAN,19,2043,FeedstockAggregator,agg_RAJASTHAN,RAJASTHAN,,,0.0,0.0,0.0,0.0,,,,,,,,,1.0,,,,435.0,2333333.333,2333333.333,,,,,,2333333.333,0.0,0,533.5,0.0,,,,
19,agg_KERALA,19,2043,FeedstockAggregator,agg_KERALA,KERALA,,,0.0,0.0,0.0,0.0,,,,,,,,,1.0,,,,480.0,1000000.0,1000000.0,,,,,,1000000.0,0.0,0,577.5,0.0,,,,
19,agg_GUJARAT,19,2043,FeedstockAggregator,agg_GUJARAT,GUJARAT,,,0.0,0.0,0.0,0.0,,,,,,,,,1.0,,,,405.0,1374641.2329327276,1474641.2329327276,,,,,,1583333.333,83497.75306770296,0,495.00000000000006,83497.75306770296,,,,
20,agg_PUNJAB,20,2044,FeedstockAggregator,agg_PUNJAB,PUNJAB,,,0.0,0.0,0.0,0.0,,,,,,,,,1.0,,,,360.0,3937574.559636223,4037574.559636223,,,,,,4787000.0,81810.91494169708,0,440.00000000000006,81810.91494169708,,,,
20,agg_HARYANA,20,2044,FeedstockAggregator,agg_HARYANA,HARYANA,,,0.0,0.0,0.0,0.0,,,,,,,,,1.0,,,,360.0,3429446.1351568713,3529446.1351568713,,,,,,4000000.0,83569.51168729419,0,445.50000000000006,83569.51168729419,,,,
20,agg_UTTAR_PRADESH,20,2044,FeedstockAggregator,agg_UTTAR_PRADESH,UTTAR_PRADESH,,,0.0,0.0,0.0,0.0,,,,,,,,,1.0,,,,390.0,13709745.920327136,13709745.920327136,,,,,,16500000.0,0.0,0,473.00000000000006,0.0,,,,
20,agg_BIHAR,20,2044,FeedstockAggregator,agg_BIHAR,BIHAR,,,0.0,0.0,0.0,0.0,,,,,,,,,1.0,,,,390.0,3233333.333,3333333.333,,,,,,3333333.333,82617.78673337561,0,467.50000000000006,82617.78673337561,,,,
20,agg_ANDHRA_PRADESH,20,2044,FeedstockAggregator,agg_ANDHRA_PRADESH,ANDHRA_PRADESH,,,0.0,0.0,0.0,0.0,,,,,,,,,1.0,,,,405.0,2427784.3372405395,2427784.3372405395,,,,,,3000000.0,0.0,0,495.00000000000006,0.0,,,,
20,agg_TAMIL_NADU,20,2044,FeedstockAggregator,agg_TAMIL_NADU,TAMIL_NADU,,,0.0,0.0,0.0,0.0,,,,,,,,,1.0,,,,435.0,1219171.4683357752,1219171.4683357752,,,,,,1333333.333,0.0,0,522.5,0.0,,,,
20,agg_MAHARASHTRA,20,2044,FeedstockAggregator,agg_MAHARASHTRA,MAHARASHTRA,,,0.0,0.0,0.0,0.0,,,,,,,,,1.0,,,,435.0,10333333.333,10333333.333,,,,,,10333333.333,0.0,0,517.0,0.0,,,,
20,agg_KARNATAKA,20,2044,FeedstockAggregator,agg_KARNATAKA,KARNATAKA,,,0.0,0.0,0.0,0.0,,,,,,,,,1.0,,,,405.0,4890324.233548804,4890324.233548804,,,,,,5666666.667,0.0,0,489.50000000000006,0.0,,,,
20,agg_WEST_BENGAL,20,2044,FeedstockAggregator,agg_WEST_BENGAL,WEST_BENGAL,,,0.0,0.0,0.0,0.0,,,,,,,,,1.0,,,,405.0,4420740.381172728,4420740.381172728,,,,,,5497000.0,0.0,0,500.50000000000006,0.0,,,,
20,agg_CHHATTISGARH,20,2044,FeedstockAggregator,agg_CHHATTISGARH,CHHATTISGARH,,,0.0,0.0,0.0,0.0,,,,,,,,,1.0,,,,360.0,2535344.7632562583,2635344.7632562583,,,,,,2666666.667,77859.77793085486,0,440.00000000000006,77859.77793085486,,,,
20,agg_ODISHA,20,2044,FeedstockAggregator,agg_ODISHA,ODISHA,,,0.0,0.0,0.0,0.0,,,,,,,,,1.0,,,,360.0,3104666.667,3204666.667,,,,,,3204666.667,86881.50874886638,0,445.50000000000006,86881.50874886638,,,,
20,agg_MADHYA_PRADESH,20,2044,FeedstockAggregator,agg_MADHYA_PRADESH,MADHYA_PRADESH,,,0.0,0.0,0.0,0.0,,,,,,,,,1.0,,,,390.0,3333333.333,3333333.333,,,,,,3333333.333,80203.75392859853,0,473.00000000000006,80203.75392859853,,,,
20,agg_TELANGANA,20,2044,FeedstockAggregator,agg_TELANGANA,TELANGANA,,,0.0,0.0,0.0,0.0,,,,,,,,,1.0,,,,390.0,5667397.539494422,5667397.539494422,,,,,,5698000.0,0.0,0,478.50000000000006,0.0,,,,
20,agg_ASSAM,20,2044,FeedstockAggregator,agg_ASSAM,ASSAM,,,0.0,0.0,0.0,0.0,,,,,,,,,1.0,,,,480.0,2000000.0,2000000.0,,,,,,2000000.0,0.0,0,572.0,0.0,,,,
20,agg_JHARKHAND,20,2044,FeedstockAggregator,agg_JHARKHAND,JHARKHAND,,,0.0,0.0,0.0,0.0,,,,,,,,,1.0,,,,435.0,1666666.667,1666666.667,,,,,,1666666.667,0.0,0,528.0,0.0,,,,
20,agg_RAJASTHAN,20,2044,FeedstockAggregator,agg_RAJASTHAN,RAJASTHAN,,,0.0,0.0,0.0,0.0,,,,,,,,,1.0,,,,435.0,2333333.333,2333333.333,,,,,,2333333.333,0.0,0,533.5,0.0,,,,
20,agg_KERALA,20,2044,FeedstockAggregator,agg_KERALA,KERALA,,,0.0,0.0,0.0,0.0,,,,,,,,,1.0,,,,480.0,1000000.0,1000000.0,,,,,,1000000.0,0.0,0,577.5,0.0,,,,
20,agg_GUJARAT,20,2044,FeedstockAggregator,agg_GUJARAT,GUJARAT,,,0.0,0.0,0.0,0.0,,,,,,,,,1.0,,,,405.0,1190434.4927300278,1290434.4927300278,,,,,,1583333.333,83497.75306770296,0,495.00000000000006,83497.75306770296,,,,
21,agg_PUNJAB,21,2045,FeedstockAggregator,agg_PUNJAB,PUNJAB,,,0.0,0.0,0.0,0.0,,,,,,,,,1.0,,,,360.0,4071837.9580639964,4171837.9580639964,,,,,,4787000.0,81810.91494169708,0,440.00000000000006,0.0,,,,
21,agg_HARYANA,21,2045,FeedstockAggregator,agg_HARYANA,HARYANA,,,0.0,0.0,0.0,0.0,,,,,,,,,1.0,,,,360.0,3177586.677420506,3277586.677420506,,,,,,4000000.0,83569.51168729419,0,445.50000000000006,83569.51168729419,,,,
21,agg_UTTAR_PRADESH,21,2045,FeedstockAggregator,agg_UTTAR_PRADESH,UTTAR_PRADESH,,,0.0,0.0,0.0,0.0,,,,,,,,,1.0,,,,390.0,13521423.485749474,13521423.485749474,,,,,,16500000.0,0.0,0,473.00000000000006,0.0,,,,
21,agg_BIHAR,21,2045,FeedstockAggregator,agg_BIHAR,BIHAR,,,0.0,0.0,0.0,0.0,,,,,,,,,1.0,,,,390.0,3049812.681969742,3149812.681969742,,,,,,3333333.333,82617.78673337561,0,467.50000000000006,82617.78673337561,,,,
21,agg_ANDHRA_PRADESH,21,2045,FeedstockAggregator,agg_ANDHRA_PRADESH,ANDHRA_PRADESH,,,0.0,0.0,0.0,0.0,,,,,,,,,1.0,,,,405.0,3000000.0,3000000.0,,,,,,3000000.0,0.0,0,495.00000000000006,0.0,,,,
21,agg_TAMIL_NADU,21,2045,FeedstockAggregator,agg_TAMIL_NADU,TAMIL_NADU,,,0.0,0.0,0.0,0.0,,,,,,,,,1.0,,,,435.0,1217147.263428031,1217147.263428031,,,,,,1333333.333,0.0,0,522.5,0.0,,,,
21,agg_MAHARASHTRA,21,2045,FeedstockAggregator,agg_MAHARASHTRA,MAHARASHTRA,,,0.0,0.0,0.0,0.0,,,,,,,,,1.0,,,,435.0,10333333.333,10333333.333,,,,,,10333333.333,0.0,0,517.0,0.0,,,,
21,agg_KARNATAKA,21,2045,FeedstockAggregator,agg_KARNATAKA,KARNATAKA,,,0.0,0.0,0.0,0.0,,,,,,,,,1.0,,,,405.0,5666666.667,5666666.667,,,,,,5666666.667,0.0,0,489.50000000000006,0.0,,,,
21,agg_WEST_BENGAL,21,2045,FeedstockAggregator,agg_WEST_BENGAL,WEST_BENGAL,,,0.0,0.0,0.0,0.0,,,,,,,,,1.0,,,,405.0,5497000.0,5497000.0,,,,,,5497000.0,0.0,0,500.50000000000006,0.0,,,,
21,agg_CHHATTISGARH,21,2045,FeedstockAggregator,agg_CHHATTISGARH,CHHATTISGARH,,,0.0,0.0,0.0,0.0,,,,,,,,,1.0,,,,360.0,2490350.833125922,2590350.833125922,,,,,,2666666.667,77859.77793085486,0,440.00000000000006,77859.77793085486,,,,
21,agg_ODISHA,21,2045,FeedstockAggregator,agg_ODISHA,ODISHA,,,0.0,0.0,0.0,0.0,,,,,,,,,1.0,,,,360.0,3104666.667,3204666.667,,,,,,3204666.667,86881.50874886638,0,445.50000000000006,86881.50874886638,,,,
21,agg_MADHYA_PRADESH,21,2045,FeedstockAggregator,agg_MADHYA_PRADESH,MADHYA_PRADESH,,,0.0,0.0,0.0,0.0,,,,,,,,,1.0,,,,390.0,3009983.6825200985,3009983.6825200985,,,,,,3333333.333,80203.75392859853,0,473.00000000000006,80203.75392859853,,,,
21,agg_TELANGANA,21,2045,FeedstockAggregator,agg_TELANGANA,TELANGANA,,,0.0,0.0,0.0,0.0,,,,,,,,,1.0,,,,390.0,5181220.279391018,5181220.279391018,,,,,,5698000.0,0.0,0,478.50000000000006,0.0,,,,
21,agg_ASSAM,21,2045,FeedstockAggregator,agg_ASSAM,ASSAM,,,0.0,0.0,0.0,0.0,,,,,,,,,1.0,,,,480.0,1923319.1027634789,1923319.1027634789,,,,,,2000000.0,0.0,0,572.0,0.0,,,,
21,agg_JHARKHAND,21,2045,FeedstockAggregator,agg_JHARKHAND,JHARKHAND,,,0.0,0.0,0.0,0.0,,,,,,,,,1.0,,,,435.0,1666666.667,1666666.667,,,,,,1666666.667,0.0,0,528.0,0.0,,,,
21,agg_RAJASTHAN,21,2045,FeedstockAggregator,agg_RAJASTHAN,RAJASTHAN,,,0.0,0.0,0.0,0.0,,,,,,,,,1.0,,,,435.0,2333333.333,2333333.333,,,,,,2333333.333,0.0,0,533.5,0.0,,,,
21,agg_KERALA,21,2045,FeedstockAggregator,agg_KERALA,KERALA,,,0.0,0.0,0.0,0.0,,,,,,,,,1.0,,,,480.0,879458.0443838562,879458.0443838562,,,,,,1000000.0,0.0,0,577.5,0.0,,,,
21,agg_GUJARAT,21,2045,FeedstockAggregator,agg_GUJARAT,GUJARAT,,,0.0,0.0,0.0,0.0,,,,,,,,,1.0,,,,405.0,1419803.8228525806,1519803.8228525806,,,,,,1583333.333,83497.75306770296,0,495.00000000000006,0.0,,,,
22,agg_PUNJAB,22,2046,FeedstockAggregator,agg_PUNJAB,PUNJAB,,,0.0,0.0,0.0,0.0,,,,,,,,,1.0,,,,360.0,4581117.854064166,4681117.854064166,,,,,,4787000.0,81810.91494169708,0,440.00000000000006,81810.91494169708,,,,
22,agg_HARYANA,22,2046,FeedstockAggregator,agg_HARYANA,HARYANA,,,0.0,0.0,0.0,0.0,,,,,,,,,1.0,,,,360.0,3900000.0,4000000.0,,,,,,4000000.0,83569.51168729419,0,445.50000000000006,83569.51168729419,,,,
22,agg_UTTAR_PRADESH,22,2046,FeedstockAggregator,agg_UTTAR_PRADESH,UTTAR_PRADESH,,,0.0,0.0,0.0,0.0,,,,,,,,,1.0,,,,390.0,16500000.0,16500000.0,,,,,,16500000.0,85006.898783641,0,473.00000000000006,85006.898783641,,,,
22,agg_BIHAR,22,2046,FeedstockAggregator,agg_BIHAR,BIHAR,,,0.0,0.0,0.0,0.0,,,,,,,,,1.0,,,,390.0,2576625.290558222,2676625.290558222,,,,,,3333333.333,82617.78673337561,0,467.50000000000006,82617.78673337561,,,,
22,agg_ANDHRA_PRADESH,22,2046,FeedstockAggregator,agg_ANDHRA_PRADESH,ANDHRA_PRADESH,,,0.0,0.0,0.0,0.0,,,,,,,,,1.0,,,,405.0,3000000.0,3000000.0,,,,,,3000000.0,0.0,0,495.00000000000006,0.0,,,,
22,agg_TAMIL_NADU,22,2046,FeedstockAggregator,agg_TAMIL_NADU,TAMIL_NADU,,,0.0,0.0,0.0,0.0,,,,,,,,,1.0,,,,435.0,1333333.333,1333333.333,,,,,,1333333.333,0.0,0,522.5,0.0,,,,
22,agg_MAHARASHTRA,22,2046,FeedstockAggregator,agg_MAHARASHTRA,MAHARASHTRA,,,0.0,0.0,0.0,0.0,,,,,,,,,1.0,,,,435.0,10229296.74560644,10229296.74560644,,,,,,10333333.333,0.0,0,517.0,0.0,,,,
22,agg_KARNATAKA,22,2046,FeedstockAggregator,agg_KARNATAKA,KARNATAKA,,,0.0,0.0,0.0,0.0,,,,,,,,,1.0,,,,405.0,5324327.8395745065,5324327.8395745065,,,,,,5666666.667,0.0,0,489.50000000000006,0.0,,,,
22,agg_WEST_BENGAL,22,2046,FeedstockAggregator,agg_WEST_BENGAL,WEST_BENGAL,,,0.0,0.0,0.0,0.0,,,,,,,,,1.0,,,,405.0,4960689.235078601,4960689.235078601,,,,,,5497000.0,0.0,0,500.50000000000006,0.0,,,,
22,agg_CHHATTISGARH,22,2046,FeedstockAggregator,agg_CHHATTISGARH,CHHATTISGARH,,,0.0,0.0,0.0,0.0,,,,,,,,,1.0,,,,360.0,2566666.667,2666666.667,,,,,,2666666.667,77859.77793085486,0,440.00000000000006,77859.77793085486,,,,
22,agg_ODISHA,22,2046,FeedstockAggregator,agg_ODISHA,ODISHA,,,0.0,0.0,0.0,0.0,,,,,,,,,1.0,,,,360.0,2672318.117930522,2772318.117930522,,,,,,3204666.667,86881.50874886638,0,445.50000000000006,86881.50874886638,,,,
22,agg_MADHYA_PRADESH,22,2046,FeedstockAggregator,agg_MADHYA_PRADESH,MADHYA_PRADESH,,,0.0,0.0,0.0,0.0,,,,,,,,,1.0,,,,390.0,3105679.0312311104,3205679.0312311104,,,,,,3333333.333,80203.75392859853,0,473.00000000000006,80203.75392859853,,,,
22,agg_TELANGANA,22,2046,FeedstockAggregator,agg_TELANGANA,TELANGANA,,,0.0,0.0,0.0,0.0,,,,,,,,,1.0,,,,390.0,5698000.0,5698000.0,,,,,,5698000.0,0.0,0,478.50000000000006,0.0,,,,
22,agg_ASSAM,22,2046,FeedstockAggregator,agg_ASSAM,ASSAM,,,0.0,0.0,0.0,0.0,,,,,,,,,1.0,,,,480.0,2000000.0,2000000.0,,,,,,2000000.0,0.0,0,572.0,0.0,,,,
22,agg_JHARKHAND,22,2046,FeedstockAggregator,agg_JHARKHAND,JHARKHAND,,,0.0,0.0,0.0,0.0,,,,,,,,,1.0,,,,435.0,1666666.667,1666666.667,,,,,,1666666.667,0.0,0,528.0,0.0,,,,
22,agg_RAJASTHAN,22,2046,FeedstockAggregator,agg_RAJASTHAN,RAJASTHAN,,,0.0,0.0,0.0,0.0,,,,,,,,,1.0,,,,435.0,2333333.333,2333333.333,,,,,,2333333.333,0.0,0,533.5,0.0,,,,
22,agg_KERALA,22,2046,FeedstockAggregator,agg_KERALA,KERALA,,,0.0,0.0,0.0,0.0,,,,,,,,,1.0,,,,480.0,1000000.0,1000000.0,,,,,,1000000.0,0.0,0,577.5,0.0,,,,
22,agg_GUJARAT,22,2046,FeedstockAggregator,agg_GUJARAT,GUJARAT,,,0.0,0.0,0.0,0.0,,,,,,,,,1.0,,,,405.0,1483333.333,1583333.333,,,,,,1583333.333,83497.75306770296,0,495.00000000000006,83497.75306770296,,,,
23,agg_PUNJAB,23,2047,FeedstockAggregator,agg_PUNJAB,PUNJAB,,,0.0,0.0,0.0,0.0,,,,,,,,,1.0,,,,360.0,4687000.0,4787000.0,,,,,,4787000.0,81810.91494169708,0,440.00000000000006,81810.91494169708,,,,
23,agg_HARYANA,23,2047,FeedstockAggregator,agg_HARYANA,HARYANA,,,0.0,0.0,0.0,0.0,,,,,,,,,1.0,,,,360.0,3419974.2153863935,3519974.2153863935,,,,,,4000000.0,83569.51168729419,0,445.50000000000006,83569.51168729419,,,,
23,agg_UTTAR_PRADESH,23,2047,FeedstockAggregator,agg_UTTAR_PRADESH,UTTAR_PRADESH,,,0.0,0.0,0.0,0.0,,,,,,,,,1.0,,,,390.0,15229449.342129534,15229449.342129534,,,,,,16500000.0,85006.898783641,0,473.00000000000006,85006.898783641,,,,
23,agg_BIHAR,23,2047,FeedstockAggregator,agg_BIHAR,BIHAR,,,0.0,0.0,0.0,0.0,,,,,,,,,1.0,,,,390.0,3233333.333,3333333.333,,,,,,3333333.333,82617.78673337561,0,467.50000000000006,82617.78673337561,,,,
23,agg_ANDHRA_PRADESH,23,2047,FeedstockAggregator,agg_ANDHRA_PRADESH,ANDHRA_PRADESH,,,0.0,0.0,0.0,0.0,,,,,,,,,1.0,,,,405.0,2775761.4687283533,2775761.4687283533,,,,,,3000000.0,0.0,0,495.00000000000006,0.0,,,,
23,agg_TAMIL_NADU,23,2047,FeedstockAggregator,agg_TAMIL_NADU,TAMIL_NADU,,,0.0,0.0,0.0,0.0,,,,,,,,,1.0,,,,435.0,1161956.8246515254,1161956.8246515254,,,,,,1333333.333,0.0,0,522.5,0.0,,,,
23,agg_MAHARASHTRA,23,2047,FeedstockAggregator,agg_MAHARASHTRA,MAHARASHTRA,,,0.0,0.0,0.0,0.0,,,,,,,,,1.0,,,,435.0,10333333.333,10333333.333,,,,,,10333333.333,0.0,0,517.0,0.0,,,,
23,agg_KARNATAKA,23,2047,FeedstockAggregator,agg_KARNATAKA,KARNATAKA,,,0.0,0.0,0.0,0.0,,,,,,,,,1.0,,,,405.0,5348640.248067861,5348640.248067861,,,,,,5666666.667,0.0,0,489.50000000000006,0.0,,,,
23,agg_WEST_BENGAL,23,2047,FeedstockAggregator,agg_WEST_BENGAL,WEST_BENGAL,,,0.0,0.0,0.0,0.0,,,,,,,,,1.0,,,,405.0,5497000.0,5497000.0,,,,,,5497000.0,0.0,0,500.50000000000006,0.0,,,,
23,agg_CHHATTISGARH,23,2047,FeedstockAggregator,agg_CHHATTISGARH,CHHATTISGARH,,,0.0,0.0,0.0,0.0,,,,,,,,,1.0,,,,360.0,2397391.10371703,2497391.10371703,,,,,,2666666.667,77859.77793085486,0,440.00000000000006,77859.77793085486,,,,
23,agg_ODISHA,23,2047,FeedstockAggregator,agg_ODISHA,ODISHA,,,0.0,0.0,0.0,0.0,,,,,,,,,1.0,,,,360.0,2827616.6651827344,2927616.6651827344,,,,,,3204666.667,86881.50874886638,0,445.50000000000006,86881.50874886638,,,,
23,agg_MADHYA_PRADESH,23,2047,FeedstockAggregator,agg_MADHYA_PRADESH,MADHYA_PRADESH,,,0.0,0.0,0.0,0.0,,,,,,,,,1.0,,,,390.0,3233333.333,3333333.333,,,,,,3333333.333,80203.75392859853,0,473.00000000000006,80203.75392859853,,,,
23,agg_TELANGANA,23,2047,FeedstockAggregator,agg_TELANGANA,TELANGANA,,,0.0,0.0,0.0,0.0,,,,,,,,,1.0,,,,390.0,5161209.167943329,5161209.167943329,,,,,,5698000.0,0.0,0,478.50000000000006,0.0,,,,
23,agg_ASSAM,23,2047,FeedstockAggregator,agg_ASSAM,ASSAM,,,0.0,0.0,0.0,0.0,,,,,,,,,1.0,,,,480.0,1714983.9882857087,1714983.9882857087,,,,,,2000000.0,0.0,0,572.0,0.0,,,,
23,agg_JHARKHAND,23,2047,FeedstockAggregator,agg_JHARKHAND,JHARKHAND,,,0.0,0.0,0.0,0.0,,,,,,,,,1.0,,,,435.0,1620824.4511700806,1620824.4511700806,,,,,,1666666.667,0.0,0,528.0,0.0,,,,
23,agg_RAJASTHAN,23,2047,FeedstockAggregator,agg_RAJASTHAN,RAJASTHAN,,,0.0,0.0,0.0,0.0,,,,,,,,,1.0,,,,435.0,2040806.606231086,2040806.606231086,,,,,,2333333.333,0.0,0,533.5,0.0,,,,
23,agg_KERALA,23,2047,FeedstockAggregator,agg_KERALA,KERALA,,,0.0,0.0,0.0,0.0,,,,,,,,,1.0,,,,480.0,1000000.0,1000000.0,,,,,,1000000.0,0.0,0,577.5,0.0,,,,
23,agg_GUJARAT,23,2047,FeedstockAggregator,agg_GUJARAT,GUJARAT,,,0.0,0.0,0.0,0.0,,,,,,,,,1.0,,,,405.0,1174036.5504632574,1274036.5504632574,,,,,,1583333.333,83497.75306770296,0,495.00000000000006,83497.75306770296,,,,
24,agg_PUNJAB,24,2048,FeedstockAggregator,agg_PUNJAB,PUNJAB,,,0.0,0.0,0.0,0.0,,,,,,,,,1.0,,,,360.0,4509503.971104786,4609503.971104786,,,,,,4787000.0,81810.91494169708,0,440.00000000000006,81810.91494169708,,,,
24,agg_HARYANA,24,2048,FeedstockAggregator,agg_HARYANA,HARYANA,,,0.0,0.0,0.0,0.0,,,,,,,,,1.0,,,,360.0,3163793.3596401927,3263793.3596401927,,,,,,4000000.0,83569.51168729419,0,445.50000000000006,83569.51168729419,,,,
24,agg_UTTAR_PRADESH,24,2048,FeedstockAggregator,agg_UTTAR_PRADESH,UTTAR_PRADESH,,,0.0,0.0,0.0,0.0,,,,,,,,,1.0,,,,390.0,15159571.169776713,15159571.169776713,,,,,,16500000.0,85006.898783641,0,473.00000000000006,85006.898783641,,,,
24,agg_BIHAR,24,2048,FeedstockAggregator,agg_BIHAR,BIHAR,,,0.0,0.0,0.0,0.0,,,,,,,,,1.0,,,,390.0,3233333.333,3333333.333,,,,,,3333333.333,82617.78673337561,0,467.50000000000006,82617.78673337561,,,,
24,agg_ANDHRA_PRADESH,24,2048,FeedstockAggregator,agg_ANDHRA_PRADESH,ANDHRA_PRADESH,,,0.0,0.0,0.0,0.0,,,,,,,,,1.0,,,,405.0,2604495.30406253,2604495.30406253,,,,,,3000000.0,0.0,0,495.00000000000006,0.0,,,,
24,agg_TAMIL_NADU,24,2048,FeedstockAggregator,agg_TAMIL_NADU,TAMIL_NADU,,,0.0,0.0,0.0,0.0,,,,,,,,,1.0,,,,435.0,1092281.5596303984,1092281.5596303984,,,,,,1333333.333,0.0,0,522.5,0.0,,,,
24,agg_MAHARASHTRA,24,2048,FeedstockAggregator,agg_MAHARASHTRA,MAHARASHTRA,,,0.0,0.0,0.0,0.0,,,,,,,,,1.0,,,,435.0,8449928.864592062,8449928.864592062,,,,,,10333333.333,0.0,0,517.0,0.0,,,,
24,agg_KARNATAKA,24,2048,FeedstockAggregator,agg_KARNATAKA,KARNATAKA,,,0.0,0.0,0.0,0.0,,,,,,,,,1.0,,,,405.0,5666666.667,5666666.667,,,,,,5666666.667,0.0,0,489.50000000000006,0.0,,,,
24,agg_WEST_BENGAL,24,2048,FeedstockAggregator,agg_WEST_BENGAL,WEST_BENGAL,,,0.0,0.0,0.0,0.0,,,,,,,,,1.0,,,,405.0,4989472.730671376,4989472.730671376,,,,,,5497000.0,0.0,0,500.50000000000006,0.0,,,,
24,agg_CHHATTISGARH,24,2048,FeedstockAggregator,agg_CHHATTISGARH,CHHATTISGARH,,,0.0,0.0,0.0,0.0,,,,,,,,,1.0,,,,360.0,2148715.968962423,2248715.968962423,,,,,,2666666.667,77859.77793085486,0,440.00000000000006,77859.77793085486,,,,
24,agg_ODISHA,24,2048,FeedstockAggregator,agg_ODISHA,ODISHA,,,0.0,0.0,0.0,0.0,,,,,,,,,1.0,,,,360.0,3104666.667,3204666.667,,,,,,3204666.667,86881.50874886638,0,445.50000000000006,86881.50874886638,,,,
24,agg_MADHYA_PRADESH,24,2048,FeedstockAggregator,agg_MADHYA_PRADESH,MADHYA_PRADESH,,,0.0,0.0,0.0,0.0,,,,,,,,,1.0,,,,390.0,3029104.7656483194,3129104.7656483194,,,,,,3333333.333,80203.75392859853,0,473.00000000000006,80203.75392859853,,,,
24,agg_TELANGANA,24,2048,FeedstockAggregator,agg_TELANGANA,TELANGANA,,,0.0,0.0,0.0,0.0,,,,,,,,,1.0,,,,390.0,5385797.269402981,5385797.269402981,,,,,,5698000.0,87032.88755919023,0,478.50000000000006,87032.88755919023,,,,
24,agg_ASSAM,24,2048,FeedstockAggregator,agg_ASSAM,ASSAM,,,0.0,0.0,0.0,0.0,,,,,,,,,1.0,,,,480.0,1964149.7149825061,1964149.7149825061,,,,,,2000000.0,0.0,0,572.0,0.0,,,,
24,agg_JHARKHAND,24,2048,FeedstockAggregator,agg_JHARKHAND,JHARKHAND,,,0.0,0.0,0.0,0.0,,,,,,,,,1.0,,,,435.0,1666666.667,1666666.667,,,,,,1666666.667,0.0,0,528.0,0.0,,,,
24,agg_RAJASTHAN,24,2048,FeedstockAggregator,agg_RAJASTHAN,RAJASTHAN,,,0.0,0.0,0.0,0.0,,,,,,,,,1.0,,,,435.0,2098479.4015055783,2098479.4015055783,,,,,,2333333.333,0.0,0,533.5,0.0,,,,
24,agg_KERALA,24,2048,FeedstockAggregator,agg_KERALA,KERALA,,,0.0,0.0,0.0,0.0,,,,,,,,,1.0,,,,480.0,1000000.0,1000000.0,,,,,,1000000.0,0.0,0,577.5,0.0,,,,
24,agg_GUJARAT,24,2048,FeedstockAggregator,agg_GUJARAT,GUJARAT,,,0.0,0.0,0.0,0.0,,,,,,,,,1.0,,,,405.0,1182609.5055906782,1282609.5055906782,,,,,,1583333.333,83497.75306770296,0,495.00000000000006,83497.75306770296,,,,
25,agg_PUNJAB,25,2049,FeedstockAggregator,agg_PUNJAB,PUNJAB,,,0.0,0.0,0.0,0.0,,,,,,,,,1.0,,,,360.0,4422764.556452344,4522764.556452344,,,,,,4787000.0,81810.91494169708,0,440.00000000000006,81810.91494169708,,,,
25,agg_HARYANA,25,2049,FeedstockAggregator,agg_HARYANA,HARYANA,,,0.0,0.0,0.0,0.0,,,,,,,,,1.0,,,,360.0,3900000.0,4000000.0,,,,,,4000000.0,83569.51168729419,0,445.50000000000006,83569.51168729419,,,,
25,agg_UTTAR_PRADESH,25,2049,FeedstockAggregator,agg_UTTAR_PRADESH,UTTAR_PRADESH,,,0.0,0.0,0.0,0.0,,,,,,,,,1.0,,,,390.0,15152432.075403675,15152432.075403675,,,,,,16500000.0,85006.898783641,0,473.00000000000006,85006.898783641,,,,
25,agg_BIHAR,25,2049,FeedstockAggregator,agg_BIHAR,BIHAR,,,0.0,0.0,0.0,0.0,,,,,,,,,1.0,,,,390.0,3233333.333,3333333.333,,,,,,3333333.333,82617.78673337561,0,467.50000000000006,82617.78673337561,,,,
25,agg_ANDHRA_PRADESH,25,2049,FeedstockAggregator,agg_ANDHRA_PRADESH,ANDHRA_PRADESH,,,0.0,0.0,0.0,0.0,,,,,,,,,1.0,,,,405.0,2943747.0063304924,2943747.0063304924,,,,,,3000000.0,0.0,0,495.00000000000006,0.0,,,,
25,agg_TAMIL_NADU,25,2049,FeedstockAggregator,agg_TAMIL_NADU,TAMIL_NADU,,,0.0,0.0,0.0,0.0,,,,,,,,,1.0,,,,435.0,1333333.333,1333333.333,,,,,,1333333.333,0.0,0,522.5,0.0,,,,
25,agg_MAHARASHTRA,25,2049,FeedstockAggregator,agg_MAHARASHTRA,MAHARASHTRA,,,0.0,0.0,0.0,0.0,,,,,,,,,1.0,,,,435.0,10333333.333,10333333.333,,,,,,10333333.333,0.0,0,517.0,0.0,,,,
25,agg_KARNATAKA,25,2049,FeedstockAggregator,agg_KARNATAKA,KARNATAKA,,,0.0,0.0,0.0,0.0,,,,,,,,,1.0,,,,405.0,5666666.667,5666666.667,,,,,,5666666.667,0.0,0,489.50000000000006,0.0,,,,
25,agg_WEST_BENGAL,25,2049,FeedstockAggregator,agg_WEST_BENGAL,WEST_BENGAL,,,0.0,0.0,0.0,0.0,,,,,,,,,1.0,,,,405.0,5497000.0,5497000.0,,,,,,5497000.0,0.0,0,500.50000000000006,0.0,,,,
25,agg_CHHATTISGARH,25,2049,FeedstockAggregator,agg_CHHATTISGARH,CHHATTISGARH,,,0.0,0.0,0.0,0.0,,,,,,,,,1.0,,,,360.0,2142508.0370522165,2242508.0370522165,,,,,,2666666.667,77859.77793085486,0,440.00000000000006,0.0,,,,
25,agg_ODISHA,25,2049,FeedstockAggregator,agg_ODISHA,ODISHA,,,0.0,0.0,0.0,0.0,,,,,,,,,1.0,,,,360.0,3104666.667,3204666.667,,,,,,3204666.667,86881.50874886638,0,445.50000000000006,86881.50874886638,,,,
25,agg_MADHYA_PRADESH,25,2049,FeedstockAggregator,agg_MADHYA_PRADESH,MADHYA_PRADESH,,,0.0,0.0,0.0,0.0,,,,,,,,,1.0,,,,390.0,3233333.333,3333333.333,,,,,,3333333.333,80203.75392859853,0,473.00000000000006,80203.75392859853,,,,
25,agg_TELANGANA,25,2049,FeedstockAggregator,agg_TELANGANA,TELANGANA,,,0.0,0.0,0.0,0.0,,,,,,,,,1.0,,,,390.0,5698000.0,5698000.0,,,,,,5698000.0,87032.88755919023,0,478.50000000000006,87032.88755919023,,,,
25,agg_ASSAM,25,2049,FeedstockAggregator,agg_ASSAM,ASSAM,,,0.0,0.0,0.0,0.0,,,,,,,,,1.0,,,,480.0,2000000.0,2000000.0,,,,,,2000000.0,0.0,0,572.0,0.0,,,,
25,agg_JHARKHAND,25,2049,FeedstockAggregator,agg_JHARKHAND,JHARKHAND,,,0.0,0.0,0.0,0.0,,,,,,,,,1.0,,,,435.0,1666666.667,1666666.667,,,,,,1666666.667,0.0,0,528.0,0.0,,,,
25,agg_RAJASTHAN,25,2049,FeedstockAggregator,agg_RAJASTHAN,RAJASTHAN,,,0.0,0.0,0.0,0.0,,,,,,,,,1.0,,,,435.0,2333333.333,2333333.333,,,,,,2333333.333,0.0,0,533.5,0.0,,,,
25,agg_KERALA,25,2049,FeedstockAggregator,agg_KERALA,KERALA,,,0.0,0.0,0.0,0.0,,,,,,,,,1.0,,,,480.0,824554.9490022348,824554.9490022348,,,,,,1000000.0,0.0,0,577.5,0.0,,,,
25,agg_GUJARAT,25,2049,FeedstockAggregator,agg_GUJARAT,GUJARAT,,,0.0,0.0,0.0,0.0,,,,,,,,,1.0,,,,405.0,1443357.587824998,1543357.587824998,,,,,,1583333.333,83497.75306770296,0,495.00000000000006,83497.75306770296,,,,
26,agg_PUNJAB,26,2050,FeedstockAggregator,agg_PUNJAB,PUNJAB,,,0.0,0.0,0.0,0.0,,,,,,,,,1.0,,,,360.0,4687000.0,4787000.0,,,,,,4787000.0,81810.91494169708,0,440.00000000000006,81810.91494169708,,,,
26,agg_HARYANA,26,2050,FeedstockAggregator,agg_HARYANA,HARYANA,,,0.0,0.0,0.0,0.0,,,,,,,,,1.0,,,,360.0,3900000.0,4000000.0,,,,,,4000000.0,83569.51168729419,0,445.50000000000006,83569.51168729419,,,,
26,agg_UTTAR_PRADESH,26,2050,FeedstockAggregator,agg_UTTAR_PRADESH,UTTAR_PRADESH,,,0.0,0.0,0.0,0.0,,,,,,,,,1.0,,,,390.0,16400000.0,16500000.0,,,,,,16500000.0,85006.898783641,0,473.00000000000006,85006.898783641,,,,
26,agg_BIHAR,26,2050,FeedstockAggregator,agg_BIHAR,BIHAR,,,0.0,0.0,0.0,0.0,,,,,,,,,1.0,,,,390.0,3233333.333,3333333.333,,,,,,3333333.333,82617.78673337561,0,467.50000000000006,82617.78673337561,,,,
26,agg_ANDHRA_PRADESH,26,2050,FeedstockAggregator,agg_ANDHRA_PRADESH,ANDHRA_PRADESH,,,0.0,0.0,0.0,0.0,,,,,,,,,1.0,,,,405.0,2991122.4824755676,2991122.4824755676,,,,,,3000000.0,0.0,0,495.00000000000006,0.0,,,,
26,agg_TAMIL_NADU,26,2050,FeedstockAggregator,agg_TAMIL_NADU,TAMIL_NADU,,,0.0,0.0,0.0,0.0,,,,,,,,,1.0,,,,435.0,1333333.333,1333333.333,,,,,,1333333.333,0.0,0,522.5,0.0,,,,
26,agg_MAHARASHTRA,26,2050,FeedstockAggregator,agg_MAHARASHTRA,MAHARASHTRA,,,0.0,0.0,0.0,0.0,,,,,,,,,1.0,,,,435.0,10333333.333,10333333.333,,,,,,10333333.333,0.0,0,517.0,0.0,,,,
26,agg_KARNATAKA,26,2050,FeedstockAggregator,agg_KARNATAKA,KARNATAKA,,,0.0,0.0,0.0,0.0,,,,,,,,,1.0,,,,405.0,5217434.614351191,5217434.614351191,,,,,,5666666.667,0.0,0,489.50000000000006,0.0,,,,
26,agg_WEST_BENGAL,26,2050,FeedstockAggregator,agg_WEST_BENGAL,WEST_BENGAL,,,0.0,0.0,0.0,0.0,,,,,,,,,1.0,,,,405.0,5497000.0,5497000.0,,,,,,5497000.0,0.0,0,500.50000000000006,0.0,,,,
26,agg_CHHATTISGARH,26,2050,FeedstockAggregator,agg_CHHATTISGARH,CHHATTISGARH,,,0.0,0.0,0.0,0.0,,,,,,,,,1.0,,,,360.0,2286529.988531769,2386529.988531769,,,,,,2666666.667,77859.77793085486,0,440.00000000000006,77859.77793085486,,,,
26,agg_ODISHA,26,2050,FeedstockAggregator,agg_ODISHA,ODISHA,,,0.0,0.0,0.0,0.0,,,,,,,,,1.0,,,,360.0,3104666.667,3204666.667,,,,,,3204666.667,86881.50874886638,0,445.50000000000006,86881.50874886638,,,,
26,agg_MADHYA_PRADESH,26,2050,FeedstockAggregator,agg_MADHYA_PRADESH,MADHYA_PRADESH,,,0.0,0.0,0.0,0.0,,,,,,,,,1.0,,,,390.0,3233333.333,3333333.333,,,,,,3333333.333,80203.75392859853,0,473.00000000000006,80203.75392859853,,,,
26,agg_TELANGANA,26,2050,FeedstockAggregator,agg_TELANGANA,TELANGANA,,,0.0,0.0,0.0,0.0,,,,,,,,,1.0,,,,390.0,5000301.062783782,5000301.062783782,,,,,,5698000.0,87032.88755919023,0,478.50000000000006,87032.88755919023,,,,
26,agg_ASSAM,26,2050,FeedstockAggregator,agg_ASSAM,ASSAM,,,0.0,0.0,0.0,0.0,,,,,,,,,1.0,,,,480.0,1925478.7512454165,1925478.7512454165,,,,,,2000000.0,0.0,0,572.0,0.0,,,,
26,agg_JHARKHAND,26,2050,FeedstockAggregator,agg_JHARKHAND,JHARKHAND,,,0.0,0.0,0.0,0.0,,,,,,,,,1.0,,,,435.0,1666666.667,1666666.667,,,,,,1666666.667,0.0,0,528.0,0.0,,,,
26,agg_RAJASTHAN,26,2050,FeedstockAggregator,agg_RAJASTHAN,RAJASTHAN,,,0.0,0.0,0.0,0.0,,,,,,,,,1.0,,,,435.0,2333333.333,2333333.333,,,,,,2333333.333,0.0,0,533.5,0.0,,,,
26,agg_KERALA,26,2050,FeedstockAggregator,agg_KERALA,KERALA,,,0.0,0.0,0.0,0.0,,,,,,,,,1.0,,,,480.0,997323.5384233184,997323.5384233184,,,,,,1000000.0,0.0,0,577.5,0.0,,,,
26,agg_GUJARAT,26,2050,FeedstockAggregator,agg_GUJARAT,GUJARAT,,,0.0,0.0,0.0,0.0,,,,,,,,,1.0,,,,405.0,1379739.7150265556,1479739.7150265556,,,,,,1583333.333,83497.75306770296,0,495.00000000000006,83497.75306770296,,,,
27,agg_PUNJAB,27,2051,FeedstockAggregator,agg_PUNJAB,PUNJAB,,,0.0,0.0,0.0,0.0,,,,,,,,,1.0,,,,360.0,4628667.770969421,4728667.770969421,,,,,,4787000.0,81810.91494169708,0,440.00000000000006,81810.91494169708,,,,
27,agg_HARYANA,27,2051,FeedstockAggregator,agg_HARYANA,HARYANA,,,0.0,0.0,0.0,0.0,,,,,,,,,1.0,,,,360.0,3408529.357996018,3508529.357996018,,,,,,4000000.0,83569.51168729419,0,445.50000000000006,83569.51168729419,,,,
27,agg_UTTAR_PRADESH,27,2051,FeedstockAggregator,agg_UTTAR_PRADESH,UTTAR_PRADESH,,,0.0,0.0,0.0,0.0,,,,,,,,,1.0,,,,390.0,14681585.319864169,14781585.319864169,,,,,,16500000.0,85006.898783641,0,473.00000000000006,85006.898783641,,,,
27,agg_BIHAR,27,2051,FeedstockAggregator,agg_BIHAR,BIHAR,,,0.0,0.0,0.0,0.0,,,,,,,,,1.0,,,,390.0,3233333.333,3333333.333,,,,,,3333333.333,82617.78673337561,0,467.50000000000006,82617.78673337561,,,,
27,agg_ANDHRA_PRADESH,27,2051,FeedstockAggregator,agg_ANDHRA_PRADESH,ANDHRA_PRADESH,,,0.0,0.0,0.0,0.0,,,,,,,,,1.0,,,,405.0,3000000.0,3000000.0,,,,,,3000000.0,0.0,0,495.00000000000006,0.0,,,,
27,agg_TAMIL_NADU,27,2051,FeedstockAggregator,agg_TAMIL_NADU,TAMIL_NADU,,,0.0,0.0,0.0,0.0,,,,,,,,,1.0,,,,435.0,1216830.3198279012,1216830.3198279012,,,,,,1333333.333,0.0,0,522.5,0.0,,,,
27,agg_MAHARASHTRA,27,2051,FeedstockAggregator,agg_MAHARASHTRA,MAHARASHTRA,,,0.0,0.0,0.0,0.0,,,,,,,,,1.0,,,,435.0,9196096.994292026,9196096.994292026,,,,,,10333333.333,0.0,0,517.0,0.0,,,,
27,agg_KARNATAKA,27,2051,FeedstockAggregator,agg_KARNATAKA,KARNATAKA,,,0.0,0.0,0.0,0.0,,,,,,,,,1.0,,,,405.0,5289189.772324852,5289189.772324852,,,,,,5666666.667,87261.89538018988,0,489.50000000000006,87261.89538018988,,,,
27,agg_WEST_BENGAL,27,2051,FeedstockAggregator,agg_WEST_BENGAL,WEST_BENGAL,,,0.0,0.0,0.0,0.0,,,,,,,,,1.0,,,,405.0,5075644.05698011,5075644.05698011,,,,,,5497000.0,0.0,0,500.50000000000006,0.0,,,,
27,agg_CHHATTISGARH,27,2051,FeedstockAggregator,agg_CHHATTISGARH,CHHATTISGARH,,,0.0,0.0,0.0,0.0,,,,,,,,,1.0,,,,360.0,2566666.667,2666666.667,,,,,,2666666.667,77859.77793085486,0,440.00000000000006,77859.77793085486,,,,
27,agg_ODISHA,27,2051,FeedstockAggregator,agg_ODISHA,ODISHA,,,0.0,0.0,0.0,0.0,,,,,,,,,1.0,,,,360.0,2616162.6273467494,2716162.6273467494,,,,,,3204666.667,86881.50874886638,0,445.50000000000006,86881.50874886638,,,,
27,agg_MADHYA_PRADESH,27,2051,FeedstockAggregator,agg_MADHYA_PRADESH,MADHYA_PRADESH,,,0.0,0.0,0.0,0.0,,,,,,,,,1.0,,,,390.0,3233333.333,3333333.333,,,,,,3333333.333,80203.75392859853,0,473.00000000000006,80203.75392859853,,,,
27,agg_TELANGANA,27,2051,FeedstockAggregator,agg_TELANGANA,TELANGANA,,,0.0,0.0,0.0,0.0,,,,,,,,,1.0,,,,390.0,5698000.0,5698000.0,,,,,,5698000.0,87032.88755919023,0,478.50000000000006,87032.88755919023,,,,
27,agg_ASSAM,27,2051,FeedstockAggregator,agg_ASSAM,ASSAM,,,0.0,0.0,0.0,0.0,,,,,,,,,1.0,,,,480.0,2000000.0,2000000.0,,,,,,2000000.0,0.0,0,572.0,0.0,,,,
27,agg_JHARKHAND,27,2051,FeedstockAggregator,agg_JHARKHAND,JHARKHAND,,,0.0,0.0,0.0,0.0,,,,,,,,,1.0,,,,435.0,1666666.667,1666666.667,,,,,,1666666.667,0.0,0,528.0,0.0,,,,
27,agg_RAJASTHAN,27,2051,FeedstockAggregator,agg_RAJASTHAN,RAJASTHAN,,,0.0,0.0,0.0,0.0,,,,,,,,,1.0,,,,435.0,2333333.333,2333333.333,,,,,,2333333.333,0.0,0,533.5,0.0,,,,
27,agg_KERALA,27,2051,FeedstockAggregator,agg_KERALA,KERALA,,,0.0,0.0,0.0,0.0,,,,,,,,,1.0,,,,480.0,862786.7412783192,862786.7412783192,,,,,,1000000.0,0.0,0,577.5,0.0,,,,
27,agg_GUJARAT,27,2051,FeedstockAggregator,agg_GUJARAT,GUJARAT,,,0.0,0.0,0.0,0.0,,,,,,,,,1.0,,,,405.0,1483333.333,1583333.333,,,,,,1583333.333,83497.75306770296,0,495.00000000000006,83497.75306770296,,,,
28,agg_PUNJAB,28,2052,FeedstockAggregator,agg_PUNJAB,PUNJAB,,,0.0,0.0,0.0,0.0,,,,,,,,,1.0,,,,360.0,4591653.124751332,4691653.124751332,,,,,,4787000.0,81810.91494169708,0,440.00000000000006,81810.91494169708,,,,
28,agg_HARYANA,28,2052,FeedstockAggregator,agg_HARYANA,HARYANA,,,0.0,0.0,0.0,0.0,,,,,,,,,1.0,,,,360.0,3269758.831059284,3369758.831059284,,,,,,4000000.0,83569.51168729419,0,445.50000000000006,83569.51168729419,,,,
28,agg_UTTAR_PRADESH,28,2052,FeedstockAggregator,agg_UTTAR_PRADESH,UTTAR_PRADESH,,,0.0,0.0,0.0,0.0,,,,,,,,,1.0,,,,390.0,16400000.0,16500000.0,,,,,,16500000.0,85006.898783641,0,473.00000000000006,85006.898783641,,,,
28,agg_BIHAR,28,2052,FeedstockAggregator,agg_BIHAR,BIHAR,,,0.0,0.0,0.0,0.0,,,,,,,,,1.0,,,,390.0,3233333.333,3333333.333,,,,,,3333333.333,82617.78673337561,0,467.50000000000006,82617.78673337561,,,,
28,agg_ANDHRA_PRADESH,28,2052,FeedstockAggregator,agg_ANDHRA_PRADESH,ANDHRA_PRADESH,,,0.0,0.0,0.0,0.0,,,,,,,,,1.0,,,,405.0,2857193.080662803,2857193.080662803,,,,,,3000000.0,0.0,0,495.00000000000006,0.0,,,,
28,agg_TAMIL_NADU,28,2052,FeedstockAggregator,agg_TAMIL_NADU,TAMIL_NADU,,,0.0,0.0,0.0,0.0,,,,,,,,,1.0,,,,435.0,1302584.8636461888,1302584.8636461888,,,,,,1333333.333,0.0,0,522.5,0.0,,,,
28,agg_MAHARASHTRA,28,2052,FeedstockAggregator,agg_MAHARASHTRA,MAHARASHTRA,,,0.0,0.0,0.0,0.0,,,,,,,,,1.0,,,,435.0,9582050.942623658,9582050.942623658,,,,,,10333333.333,0.0,0,517.0,0.0,,,,
28,agg_KARNATAKA,28,2052,FeedstockAggregator,agg_KARNATAKA,KARNATAKA,,,0.0,0.0,0.0,0.0,,,,,,,,,1.0,,,,405.0,5666666.667,5666666.667,,,,,,5666666.667,87261.89538018988,0,489.50000000000006,87261.89538018988,,,,
28,agg_WEST_BENGAL,28,2052,FeedstockAggregator,agg_WEST_BENGAL,WEST_BENGAL,,,0.0,0.0,0.0,0.0,,,,,,,,,1.0,,,,405.0,5497000.0,5497000.0,,,,,,5497000.0,0.0,0,500.50000000000006,0.0,,,,
28,agg_CHHATTISGARH,28,2052,FeedstockAggregator,agg_CHHATTISGARH,CHHATTISGARH,,,0.0,0.0,0.0,0.0,,,,,,,,,1.0,,,,360.0,2233380.0339366244,2333380.0339366244,,,,,,2666666.667,77859.77793085486,0,440.00000000000006,77859.77793085486,,,,
28,agg_ODISHA,28,2052,FeedstockAggregator,agg_ODISHA,ODISHA,,,0.0,0.0,0.0,0.0,,,,,,,,,1.0,,,,360.0,3104666.667,3204666.667,,,,,,3204666.667,86881.50874886638,0,445.50000000000006,86881.50874886638,,,,
28,agg_MADHYA_PRADESH,28,2052,FeedstockAggregator,agg_MADHYA_PRADESH,MADHYA_PRADESH,,,0.0,0.0,0.0,0.0,,,,,,,,,1.0,,,,390.0,3233333.333,3333333.333,,,,,,3333333.333,80203.75392859853,0,473.00000000000006,80203.75392859853,,,,
28,agg_TELANGANA,28,2052,FeedstockAggregator,agg_TELANGANA,TELANGANA,,,0.0,0.0,0.0,0.0,,,,,,,,,1.0,,,,390.0,5598000.0,5698000.0,,,,,,5698000.0,87032.88755919023,0,478.50000000000006,87032.88755919023,,,,
28,agg_ASSAM,28,2052,FeedstockAggregator,agg_ASSAM,ASSAM,,,0.0,0.0,0.0,0.0,,,,,,,,,1.0,,,,480.0,1902826.936169177,1902826.936169177,,,,,,2000000.0,0.0,0,572.0,0.0,,,,
28,agg_JHARKHAND,28,2052,FeedstockAggregator,agg_JHARKHAND,JHARKHAND,,,0.0,0.0,0.0,0.0,,,,,,,,,1.0,,,,435.0,1378882.7073247489,1378882.7073247489,,,,,,1666666.667,0.0,0,528.0,0.0,,,,
28,agg_RAJASTHAN,28,2052,FeedstockAggregator,agg_RAJASTHAN,RAJASTHAN,,,0.0,0.0,0.0,0.0,,,,,,,,,1.0,,,,435.0,2333333.333,2333333.333,,,,,,2333333.333,0.0,0,533.5,0.0,,,,
28,agg_KERALA,28,2052,FeedstockAggregator,agg_KERALA,KERALA,,,0.0,0.0,0.0,0.0,,,,,,,,,1.0,,,,480.0,837531.4304371631,837531.4304371631,,,,,,1000000.0,0.0,0,577.5,0.0,,,,
28,agg_GUJARAT,28,2052,FeedstockAggregator,agg_GUJARAT,GUJARAT,,,0.0,0.0,0.0,0.0,,,,,,,,,1.0,,,,405.0,1483333.333,1583333.333,,,,,,1583333.333,83497.75306770296,0,495.00000000000006,83497.75306770296,,,,
29,agg_PUNJAB,29,2053,FeedstockAggregator,agg_PUNJAB,PUNJAB,,,0.0,0.0,0.0,0.0,,,,,,,,,1.0,,,,360.0,4687000.0,4787000.0,,,,,,4787000.0,81810.91494169708,0,440.00000000000006,81810.91494169708,,,,
29,agg_HARYANA,29,2053,FeedstockAggregator,agg_HARYANA,HARYANA,,,0.0,0.0,0.0,0.0,,,,,,,,,1.0,,,,360.0,3900000.0,4000000.0,,,,,,4000000.0,83569.51168729419,0,445.50000000000006,0.0,,,,
29,agg_UTTAR_PRADESH,29,2053,FeedstockAggregator,agg_UTTAR_PRADESH,UTTAR_PRADESH,,,0.0,0.0,0.0,0.0,,,,,,,,,1.0,,,,390.0,14225966.47644875,14325966.47644875,,,,,,16500000.0,85006.898783641,0,473.00000000000006,85006.898783641,,,,
29,agg_BIHAR,29,2053,FeedstockAggregator,agg_BIHAR,BIHAR,,,0.0,0.0,0.0,0.0,,,,,,,,,1.0,,,,390.0,3233333.333,3333333.333,,,,,,3333333.333,82617.78673337561,0,467.50000000000006,82617.78673337561,,,,
29,agg_ANDHRA_PRADESH,29,2053,FeedstockAggregator,agg_ANDHRA_PRADESH,ANDHRA_PRADESH,,,0.0,0.0,0.0,0.0,,,,,,,,,1.0,,,,405.0,2854161.3764962377,2854161.3764962377,,,,,,3000000.0,0.0,0,495.00000000000006,0.0,,,,
29,agg_TAMIL_NADU,29,2053,FeedstockAggregator,agg_TAMIL_NADU,TAMIL_NADU,,,0.0,0.0,0.0,0.0,,,,,,,,,1.0,,,,435.0,1153196.1452835987,1153196.1452835987,,,,,,1333333.333,0.0,0,522.5,0.0,,,,
29,agg_MAHARASHTRA,29,2053,FeedstockAggregator,agg_MAHARASHTRA,MAHARASHTRA,,,0.0,0.0,0.0,0.0,,,,,,,,,1.0,,,,435.0,9739939.662975818,9739939.662975818,,,,,,10333333.333,0.0,0,517.0,0.0,,,,
29,agg_KARNATAKA,29,2053,FeedstockAggregator,agg_KARNATAKA,KARNATAKA,,,0.0,0.0,0.0,0.0,,,,,,,,,1.0,,,,405.0,5666666.667,5666666.667,,,,,,5666666.667,87261.89538018988,0,489.50000000000006,87261.89538018988,,,,
29,agg_WEST_BENGAL,29,2053,FeedstockAggregator,agg_WEST_BENGAL,WEST_BENGAL,,,0.0,0.0,0.0,0.0,,,,,,,,,1.0,,,,405.0,5497000.0,5497000.0,,,,,,5497000.0,0.0,0,500.50000000000006,0.0,,,,
29,agg_CHHATTISGARH,29,2053,FeedstockAggregator,agg_CHHATTISGARH,CHHATTISGARH,,,0.0,0.0,0.0,0.0,,,,,,,,,1.0,,,,360.0,2504426.4059417667,2604426.4059417667,,,,,,2666666.667,77859.77793085486,0,440.00000000000006,77859.77793085486,,,,
29,agg_ODISHA,29,2053,FeedstockAggregator,agg_ODISHA,ODISHA,,,0.0,0.0,0.0,0.0,,,,,,,,,1.0,,,,360.0,3104666.667,3204666.667,,,,,,3204666.667,86881.50874886638,0,445.50000000000006,86881.50874886638,,,,
29,agg_MADHYA_PRADESH,29,2053,FeedstockAggregator,agg_MADHYA_PRADESH,MADHYA_PRADESH,,,0.0,0.0,0.0,0.0,,,,,,,,,1.0,,,,390.0,2656022.167032115,2756022.167032115,,,,,,3333333.333,80203.75392859853,0,473.00000000000006,80203.75392859853,,,,
29,agg_TELANGANA,29,2053,FeedstockAggregator,agg_TELANGANA,TELANGANA,,,0.0,0.0,0.0,0.0,,,,,,,,,1.0,,,,390.0,4657868.841145386,4757868.841145386,,,,,,5698000.0,87032.88755919023,0,478.50000000000006,87032.88755919023,,,,
29,agg_ASSAM,29,2053,FeedstockAggregator,agg_ASSAM,ASSAM,,,0.0,0.0,0.0,0.0,,,,,,,,,1.0,,,,480.0,2000000.0,2000000.0,,,,,,2000000.0,0.0,0,572.0,0.0,,,,
29,agg_JHARKHAND,29,2053,FeedstockAggregator,agg_JHARKHAND,JHARKHAND,,,0.0,0.0,0.0,0.0,,,,,,,,,1.0,,,,435.0,1666666.667,1666666.667,,,,,,1666666.667,0.0,0,528.0,0.0,,,,
29,agg_RAJASTHAN,29,2053,FeedstockAggregator,agg_RAJASTHAN,RAJASTHAN,,,0.0,0.0,0.0,0.0,,,,,,,,,1.0,,,,435.0,2333333.333,2333333.333,,,,,,2333333.333,0.0,0,533.5,0.0,,,,
29,agg_KERALA,29,2053,FeedstockAggregator,agg_KERALA,KERALA,,,0.0,0.0,0.0,0.0,,,,,,,,,1.0,,,,480.0,1000000.0,1000000.0,,,,,,1000000.0,0.0,0,577.5,0.0,,,,
29,agg_GUJARAT,29,2053,FeedstockAggregator,agg_GUJARAT,GUJARAT,,,0.0,0.0,0.0,0.0,,,,,,,,,1.0,,,,405.0,1283826.205710899,1383826.205710899,,,,,,1583333.333,83497.75306770296,0,495.00000000000006,83497.75306770296,,,,
30,agg_PUNJAB,30,2054,FeedstockAggregator,agg_PUNJAB,PUNJAB,,,0.0,0.0,0.0,0.0,,,,,,,,,1.0,,,,360.0,4186557.086859283,4286557.086859283,,,,,,4787000.0,81810.91494169708,0,440.00000000000006,81810.91494169708,,,,
30,agg_HARYANA,30,2054,FeedstockAggregator,agg_HARYANA,HARYANA,,,0.0,0.0,0.0,0.0,,,,,,,,,1.0,,,,360.0,3900000.0,4000000.0,,,,,,4000000.0,83569.51168729419,0,445.50000000000006,83569.51168729419,,,,
30,agg_UTTAR_PRADESH,30,2054,FeedstockAggregator,agg_UTTAR_PRADESH,UTTAR_PRADESH,,,0.0,0.0,0.0,0.0,,,,,,,,,1.0,,,,390.0,16400000.0,16500000.0,,,,,,16500000.0,85006.898783641,0,473.00000000000006,85006.898783641,,,,
30,agg_BIHAR,30,2054,FeedstockAggregator,agg_BIHAR,BIHAR,,,0.0,0.0,0.0,0.0,,,,,,,,,1.0,,,,390.0,3103888.7573792716,3203888.7573792716,,,,,,3333333.333,82617.78673337561,0,467.50000000000006,82617.78673337561,,,,
30,agg_ANDHRA_PRADESH,30,2054,FeedstockAggregator,agg_ANDHRA_PRADESH,ANDHRA_PRADESH,,,0.0,0.0,0.0,0.0,,,,,,,,,1.0,,,,405.0,3000000.0,3000000.0,,,,,,3000000.0,0.0,0,495.00000000000006,0.0,,,,
30,agg_TAMIL_NADU,30,2054,FeedstockAggregator,agg_TAMIL_NADU,TAMIL_NADU,,,0.0,0.0,0.0,0.0,,,,,,,,,1.0,,,,435.0,1333333.333,1333333.333,,,,,,1333333.333,0.0,0,522.5,0.0,,,,
30,agg_MAHARASHTRA,30,2054,FeedstockAggregator,agg_MAHARASHTRA,MAHARASHTRA,,,0.0,0.0,0.0,0.0,,,,,,,,,1.0,,,,435.0,10333333.333,10333333.333,,,,,,10333333.333,0.0,0,517.0,0.0,,,,
30,agg_KARNATAKA,30,2054,FeedstockAggregator,agg_KARNATAKA,KARNATAKA,,,0.0,0.0,0.0,0.0,,,,,,,,,1.0,,,,405.0,5248116.460569137,5248116.460569137,,,,,,5666666.667,87261.89538018988,0,489.50000000000006,87261.89538018988,,,,
30,agg_WEST_BENGAL,30,2054,FeedstockAggregator,agg_WEST_BENGAL,WEST_BENGAL,,,0.0,0.0,0.0,0.0,,,,,,,,,1.0,,,,405.0,4927452.829994261,4927452.829994261,,,,,,5497000.0,0.0,0,500.50000000000006,0.0,,,,
30,agg_CHHATTISGARH,30,2054,FeedstockAggregator,agg_CHHATTISGARH,CHHATTISGARH,,,0.0,0.0,0.0,0.0,,,,,,,,,1.0,,,,360.0,2566666.667,2666666.667,,,,,,2666666.667,77859.77793085486,0,440.00000000000006,77859.77793085486,,,,
30,agg_ODISHA,30,2054,FeedstockAggregator,agg_ODISHA,ODISHA,,,0.0,0.0,0.0,0.0,,,,,,,,,1.0,,,,360.0,2721569.9594227895,2821569.9594227895,,,,,,3204666.667,86881.50874886638,0,445.50000000000006,0.0,,,,
30,agg_MADHYA_PRADESH,30,2054,FeedstockAggregator,agg_MADHYA_PRADESH,MADHYA_PRADESH,,,0.0,0.0,0.0,0.0,,,,,,,,,1.0,,,,390.0,2807193.0683125798,2907193.0683125798,,,,,,3333333.333,80203.75392859853,0,473.00000000000006,80203.75392859853,,,,
30,agg_TELANGANA,30,2054,FeedstockAggregator,agg_TELANGANA,TELANGANA,,,0.0,0.0,0.0,0.0,,,,,,,,,1.0,,,,390.0,5102337.337696501,5202337.337696501,,,,,,5698000.0,87032.88755919023,0,478.50000000000006,87032.88755919023,,,,
30,agg_ASSAM,30,2054,FeedstockAggregator,agg_ASSAM,ASSAM,,,0.0,0.0,0.0,0.0,,,,,,,,,1.0,,,,480.0,2000000.0,2000000.0,,,,,,2000000.0,0.0,0,572.0,0.0,,,,
30,agg_JHARKHAND,30,2054,FeedstockAggregator,agg_JHARKHAND,JHARKHAND,,,0.0,0.0,0.0,0.0,,,,,,,,,1.0,,,,435.0,1377673.3217995402,1377673.3217995402,,,,,,1666666.667,0.0,0,528.0,0.0,,,,
30,agg_RAJASTHAN,30,2054,FeedstockAggregator,agg_RAJASTHAN,RAJASTHAN,,,0.0,0.0,0.0,0.0,,,,,,,,,1.0,,,,435.0,2333333.333,2333333.333,,,,,,2333333.333,0.0,0,533.5,0.0,,,,
30,agg_KERALA,30,2054,FeedstockAggregator,agg_KERALA,KERALA,,,0.0,0.0,0.0,0.0,,,,,,,,,1.0,,,,480.0,995395.568973841,995395.568973841,,,,,,1000000.0,0.0,0,577.5,0.0,,,,
30,agg_GUJARAT,30,2054,FeedstockAggregator,agg_GUJARAT,GUJARAT,,,0.0,0.0,0.0,0.0,,,,,,,,,1.0,,,,405.0,1483333.333,1583333.333,,,,,,1583333.333,83497.75306770296,0,495.00000000000006,83497.75306770296,,,,
31,agg_PUNJAB,31,2055,FeedstockAggregator,agg_PUNJAB,PUNJAB,,,0.0,0.0,0.0,0.0,,,,,,,,,1.0,,,,360.0,4687000.0,4787000.0,,,,,,4787000.0,81810.91494169708,0,440.00000000000006,81810.91494169708,,,,
31,agg_HARYANA,31,2055,FeedstockAggregator,agg_HARYANA,HARYANA,,,0.0,0.0,0.0,0.0,,,,,,,,,1.0,,,,360.0,3346340.5625565513,3446340.5625565513,,,,,,4000000.0,83569.51168729419,0,445.50000000000006,83569.51168729419,,,,
31,agg_UTTAR_PRADESH,31,2055,FeedstockAggregator,agg_UTTAR_PRADESH,UTTAR_PRADESH,,,0.0,0.0,0.0,0.0,,,,,,,,,1.0,,,,390.0,15945117.943795862,16045117.943795862,,,,,,16500000.0,85006.898783641,0,473.00000000000006,85006.898783641,,,,
31,agg_BIHAR,31,2055,FeedstockAggregator,agg_BIHAR,BIHAR,,,0.0,0.0,0.0,0.0,,,,,,,,,1.0,,,,390.0,3233333.333,3333333.333,,,,,,3333333.333,82617.78673337561,0,467.50000000000006,0.0,,,,
31,agg_ANDHRA_PRADESH,31,2055,FeedstockAggregator,agg_ANDHRA_PRADESH,ANDHRA_PRADESH,,,0.0,0.0,0.0,0.0,,,,,,,,,1.0,,,,405.0,3000000.0,3000000.0,,,,,,3000000.0,0.0,0,495.00000000000006,0.0,,,,
31,agg_TAMIL_NADU,31,2055,FeedstockAggregator,agg_TAMIL_NADU,TAMIL_NADU,,,0.0,0.0,0.0,0.0,,,,,,,,,1.0,,,,435.0,1333333.333,1333333.333,,,,,,1333333.333,0.0,0,522.5,0.0,,,,
31,agg_MAHARASHTRA,31,2055,FeedstockAggregator,agg_MAHARASHTRA,MAHARASHTRA,,,0.0,0.0,0.0,0.0,,,,,,,,,1.0,,,,435.0,10267906.064297276,10267906.064297276,,,,,,10333333.333,0.0,0,517.0,0.0,,,,
31,agg_KARNATAKA,31,2055,FeedstockAggregator,agg_KARNATAKA,KARNATAKA,,,0.0,0.0,0.0,0.0,,,,,,,,,1.0,,,,405.0,5566666.667,5666666.667,,,,,,5666666.667,87261.89538018988,0,489.50000000000006,87261.89538018988,,,,
31,agg_WEST_BENGAL,31,2055,FeedstockAggregator,agg_WEST_BENGAL,WEST_BENGAL,,,0.0,0.0,0.0,0.0,,,,,,,,,1.0,,,,405.0,4895864.989747899,4895864.989747899,,,,,,5497000.0,0.0,0,500.50000000000006,0.0,,,,
31,agg_CHHATTISGARH,31,2055,FeedstockAggregator,agg_CHHATTISGARH,CHHATTISGARH,,,0.0,0.0,0.0,0.0,,,,,,,,,1.0,,,,360.0,2230767.9775305125,2330767.9775305125,,,,,,2666666.667,77859.77793085486,0,440.00000000000006,77859.77793085486,,,,
31,agg_ODISHA,31,2055,FeedstockAggregator,agg_ODISHA,ODISHA,,,0.0,0.0,0.0,0.0,,,,,,,,,1.0,,,,360.0,3104666.667,3204666.667,,,,,,3204666.667,86881.50874886638,0,445.50000000000006,86881.50874886638,,,,
31,agg_MADHYA_PRADESH,31,2055,FeedstockAggregator,agg_MADHYA_PRADESH,MADHYA_PRADESH,,,0.0,0.0,0.0,0.0,,,,,,,,,1.0,,,,390.0,3233333.333,3333333.333,,,,,,3333333.333,80203.75392859853,0,473.00000000000006,80203.75392859853,,,,
31,agg_TELANGANA,31,2055,FeedstockAggregator,agg_TELANGANA,TELANGANA,,,0.0,0.0,0.0,0.0,,,,,,,,,1.0,,,,390.0,4972821.675897953,5072821.675897953,,,,,,5698000.0,87032.88755919023,0,478.50000000000006,87032.88755919023,,,,
31,agg_ASSAM,31,2055,FeedstockAggregator,agg_ASSAM,ASSAM,,,0.0,0.0,0.0,0.0,,,,,,,,,1.0,,,,480.0,1823453.1958383527,1823453.1958383527,,,,,,2000000.0,0.0,0,572.0,0.0,,,,
31,agg_JHARKHAND,31,2055,FeedstockAggregator,agg_JHARKHAND,JHARKHAND,,,0.0,0.0,0.0,0.0,,,,,,,,,1.0,,,,435.0,1666666.667,1666666.667,,,,,,1666666.667,0.0,0,528.0,0.0,,,,
31,agg_RAJASTHAN,31,2055,FeedstockAggregator,agg_RAJASTHAN,RAJASTHAN,,,0.0,0.0,0.0,0.0,,,,,,,,,1.0,,,,435.0,2333333.333,2333333.333,,,,,,2333333.333,0.0,0,533.5,0.0,,,,
31,agg_KERALA,31,2055,FeedstockAggregator,agg_KERALA,KERALA,,,0.0,0.0,0.0,0.0,,,,,,,,,1.0,,,,480.0,824784.5012644306,824784.5012644306,,,,,,1000000.0,0.0,0,577.5,0.0,,,,
31,agg_GUJARAT,31,2055,FeedstockAggregator,agg_GUJARAT,GUJARAT,,,0.0,0.0,0.0,0.0,,,,,,,,,1.0,,,,405.0,1483333.333,1583333.333,,,,,,1583333.333,83497.75306770296,0,495.00000000000006,83497.75306770296,,,,
32,agg_PUNJAB,32,2056,FeedstockAggregator,agg_PUNJAB,PUNJAB,,,0.0,0.0,0.0,0.0,,,,,,,,,1.0,,,,360.0,4687000.0,4787000.0,,,,,,4787000.0,81810.91494169708,0,440.00000000000006,81810.91494169708,,,,
32,agg_HARYANA,32,2056,FeedstockAggregator,agg_HARYANA,HARYANA,,,0.0,0.0,0.0,0.0,,,,,,,,,1.0,,,,360.0,3900000.0,4000000.0,,,,,,4000000.0,83569.51168729419,0,445.50000000000006,83569.51168729419,,,,
32,agg_UTTAR_PRADESH,32,2056,FeedstockAggregator,agg_UTTAR_PRADESH,UTTAR_PRADESH,,,0.0,0.0,0.0,0.0,,,,,,,,,1.0,,,,390.0,15509661.497363143,15609661.497363143,,,,,,16500000.0,85006.898783641,0,473.00000000000006,85006.898783641,,,,
32,agg_BIHAR,32,2056,FeedstockAggregator,agg_BIHAR,BIHAR,,,0.0,0.0,0.0,0.0,,,,,,,,,1.0,,,,390.0,3233333.333,3333333.333,,,,,,3333333.333,82617.78673337561,0,467.50000000000006,82617.78673337561,,,,
32,agg_ANDHRA_PRADESH,32,2056,FeedstockAggregator,agg_ANDHRA_PRADESH,ANDHRA_PRADESH,,,0.0,0.0,0.0,0.0,,,,,,,,,1.0,,,,405.0,3000000.0,3000000.0,,,,,,3000000.0,80232.05194201981,0,495.00000000000006,80232.05194201981,,,,
32,agg_TAMIL_NADU,32,2056,FeedstockAggregator,agg_TAMIL_NADU,TAMIL_NADU,,,0.0,0.0,0.0,0.0,,,,,,,,,1.0,,,,435.0,1258624.3469956126,1258624.3469956126,,,,,,1333333.333,0.0,0,522.5,0.0,,,,
32,agg_MAHARASHTRA,32,2056,FeedstockAggregator,agg_MAHARASHTRA,MAHARASHTRA,,,0.0,0.0,0.0,0.0,,,,,,,,,1.0,,,,435.0,9138716.235368965,9138716.235368965,,,,,,10333333.333,0.0,0,517.0,0.0,,,,
32,agg_KARNATAKA,32,2056,FeedstockAggregator,agg_KARNATAKA,KARNATAKA,,,0.0,0.0,0.0,0.0,,,,,,,,,1.0,,,,405.0,5540623.326156702,5640623.326156702,,,,,,5666666.667,87261.89538018988,0,489.50000000000006,87261.89538018988,,,,
32,agg_WEST_BENGAL,32,2056,FeedstockAggregator,agg_WEST_BENGAL,WEST_BENGAL,,,0.0,0.0,0.0,0.0,,,,,,,,,1.0,,,,405.0,5497000.0,5497000.0,,,,,,5497000.0,0.0,0,500.50000000000006,0.0,,,,
32,agg_CHHATTISGARH,32,2056,FeedstockAggregator,agg_CHHATTISGARH,CHHATTISGARH,,,0.0,0.0,0.0,0.0,,,,,,,,,1.0,,,,360.0,2273583.262486336,2373583.262486336,,,,,,2666666.667,77859.77793085486,0,440.00000000000006,77859.77793085486,,,,
32,agg_ODISHA,32,2056,FeedstockAggregator,agg_ODISHA,ODISHA,,,0.0,0.0,0.0,0.0,,,,,,,,,1.0,,,,360.0,3104666.667,3204666.667,,,,,,3204666.667,86881.50874886638,0,445.50000000000006,86881.50874886638,,,,
32,agg_MADHYA_PRADESH,32,2056,FeedstockAggregator,agg_MADHYA_PRADESH,MADHYA_PRADESH,,,0.0,0.0,0.0,0.0,,,,,,,,,1.0,,,,390.0,3233333.333,3333333.333,,,,,,3333333.333,80203.75392859853,0,473.00000000000006,80203.75392859853,,,,
32,agg_TELANGANA,32,2056,FeedstockAggregator,agg_TELANGANA,TELANGANA,,,0.0,0.0,0.0,0.0,,,,,,,,,1.0,,,,390.0,5598000.0,5698000.0,,,,,,5698000.0,87032.88755919023,0,478.50000000000006,87032.88755919023,,,,
32,agg_ASSAM,32,2056,FeedstockAggregator,agg_ASSAM,ASSAM,,,0.0,0.0,0.0,0.0,,,,,,,,,1.0,,,,480.0,2000000.0,2000000.0,,,,,,2000000.0,0.0,0,572.0,0.0,,,,
32,agg_JHARKHAND,32,2056,FeedstockAggregator,agg_JHARKHAND,JHARKHAND,,,0.0,0.0,0.0,0.0,,,,,,,,,1.0,,,,435.0,1666666.667,1666666.667,,,,,,1666666.667,0.0,0,528.0,0.0,,,,
32,agg_RAJASTHAN,32,2056,FeedstockAggregator,agg_RAJASTHAN,RAJASTHAN,,,0.0,0.0,0.0,0.0,,,,,,,,,1.0,,,,435.0,2333333.333,2333333.333,,,,,,2333333.333,0.0,0,533.5,0.0,,,,
32,agg_KERALA,32,2056,FeedstockAggregator,agg_KERALA,KERALA,,,0.0,0.0,0.0,0.0,,,,,,,,,1.0,,,,480.0,1000000.0,1000000.0,,,,,,1000000.0,0.0,0,577.5,0.0,,,,
32,agg_GUJARAT,32,2056,FeedstockAggregator,agg_GUJARAT,GUJARAT,,,0.0,0.0,0.0,0.0,,,,,,,,,1.0,,,,405.0,1483333.333,1583333.333,,,,,,1583333.333,83497.75306770296,0,495.00000000000006,83497.75306770296,,,,
33,agg_PUNJAB,33,2057,FeedstockAggregator,agg_PUNJAB,PUNJAB,,,0.0,0.0,0.0,0.0,,,,,,,,,1.0,,,,360.0,3920161.423049292,4020161.423049292,,,,,,4787000.0,81810.91494169708,0,440.00000000000006,81810.91494169708,,,,
33,agg_HARYANA,33,2057,FeedstockAggregator,agg_HARYANA,HARYANA,,,0.0,0.0,0.0,0.0,,,,,,,,,1.0,,,,360.0,3634607.4542966657,3734607.4542966657,,,,,,4000000.0,83569.51168729419,0,445.50000000000006,83569.51168729419,,,,
33,agg_UTTAR_PRADESH,33,2057,FeedstockAggregator,agg_UTTAR_PRADESH,UTTAR_PRADESH,,,0.0,0.0,0.0,0.0,,,,,,,,,1.0,,,,390.0,13297832.203876352,13397832.203876352,,,,,,16500000.0,85006.898783641,0,473.00000000000006,85006.898783641,,,,
33,agg_BIHAR,33,2057,FeedstockAggregator,agg_BIHAR,BIHAR,,,0.0,0.0,0.0,0.0,,,,,,,,,1.0,,,,390.0,3233333.333,3333333.333,,,,,,3333333.333,82617.78673337561,0,467.50000000000006,82617.78673337561,,,,
33,agg_ANDHRA_PRADESH,33,2057,FeedstockAggregator,agg_ANDHRA_PRADESH,ANDHRA_PRADESH,,,0.0,0.0,0.0,0.0,,,,,,,,,1.0,,,,405.0,3000000.0,3000000.0,,,,,,3000000.0,80232.05194201981,0,495.00000000000006,80232.05194201981,,,,
33,agg_TAMIL_NADU,33,2057,FeedstockAggregator,agg_TAMIL_NADU,TAMIL_NADU,,,0.0,0.0,0.0,0.0,,,,,,,,,1.0,,,,435.0,1306367.0538561316,1306367.0538561316,,,,,,1333333.333,0.0,0,522.5,0.0,,,,
33,agg_MAHARASHTRA,33,2057,FeedstockAggregator,agg_MAHARASHTRA,MAHARASHTRA,,,0.0,0.0,0.0,0.0,,,,,,,,,1.0,,,,435.0,10333333.333,10333333.333,,,,,,10333333.333,0.0,0,517.0,0.0,,,,
33,agg_KARNATAKA,33,2057,FeedstockAggregator,agg_KARNATAKA,KARNATAKA,,,0.0,0.0,0.0,0.0,,,,,,,,,1.0,,,,405.0,5566666.667,5666666.667,,,,,,5666666.667,87261.89538018988,0,489.50000000000006,87261.89538018988,,,,
33,agg_WEST_BENGAL,33,2057,FeedstockAggregator,agg_WEST_BENGAL,WEST_BENGAL,,,0.0,0.0,0.0,0.0,,,,,,,,,1.0,,,,405.0,5497000.0,5497000.0,,,,,,5497000.0,0.0,0,500.50000000000006,0.0,,,,
33,agg_CHHATTISGARH,33,2057,FeedstockAggregator,agg_CHHATTISGARH,CHHATTISGARH,,,0.0,0.0,0.0,0.0,,,,,,,,,1.0,,,,360.0,2566666.667,2666666.667,,,,,,2666666.667,77859.77793085486,0,440.00000000000006,77859.77793085486,,,,
33,agg_ODISHA,33,2057,FeedstockAggregator,agg_ODISHA,ODISHA,,,0.0,0.0,0.0,0.0,,,,,,,,,1.0,,,,360.0,2623643.7062821854,2723643.7062821854,,,,,,3204666.667,86881.50874886638,0,445.50000000000006,86881.50874886638,,,,
33,agg_MADHYA_PRADESH,33,2057,FeedstockAggregator,agg_MADHYA_PRADESH,MADHYA_PRADESH,,,0.0,0.0,0.0,0.0,,,,,,,,,1.0,,,,390.0,3185911.7701158267,3285911.7701158267,,,,,,3333333.333,80203.75392859853,0,473.00000000000006,80203.75392859853,,,,
33,agg_TELANGANA,33,2057,FeedstockAggregator,agg_TELANGANA,TELANGANA,,,0.0,0.0,0.0,0.0,,,,,,,,,1.0,,,,390.0,4785035.760433209,4885035.760433209,,,,,,5698000.0,87032.88755919023,0,478.50000000000006,87032.88755919023,,,,
33,agg_ASSAM,33,2057,FeedstockAggregator,agg_ASSAM,ASSAM,,,0.0,0.0,0.0,0.0,,,,,,,,,1.0,,,,480.0,2000000.0,2000000.0,,,,,,2000000.0,0.0,0,572.0,0.0,,,,
33,agg_JHARKHAND,33,2057,FeedstockAggregator,agg_JHARKHAND,JHARKHAND,,,0.0,0.0,0.0,0.0,,,,,,,,,1.0,,,,435.0,1666666.667,1666666.667,,,,,,1666666.667,0.0,0,528.0,0.0,,,,
33,agg_RAJASTHAN,33,2057,FeedstockAggregator,agg_RAJASTHAN,RAJASTHAN,,,0.0,0.0,0.0,0.0,,,,,,,,,1.0,,,,435.0,2333333.333,2333333.333,,,,,,2333333.333,0.0,0,533.5,0.0,,,,
33,agg_KERALA,33,2057,FeedstockAggregator,agg_KERALA,KERALA,,,0.0,0.0,0.0,0.0,,,,,,,,,1.0,,,,480.0,1000000.0,1000000.0,,,,,,1000000.0,0.0,0,577.5,0.0,,,,
33,agg_GUJARAT,33,2057,FeedstockAggregator,agg_GUJARAT,GUJARAT,,,0.0,0.0,0.0,0.0,,,,,,,,,1.0,,,,405.0,1374968.2199333862,1474968.2199333862,,,,,,1583333.333,83497.75306770296,0,495.00000000000006,83497.75306770296,,,,
34,agg_PUNJAB,34,2058,FeedstockAggregator,agg_PUNJAB,PUNJAB,,,0.0,0.0,0.0,0.0,,,,,,,,,1.0,,,,360.0,4687000.0,4787000.0,,,,,,4787000.0,81810.91494169708,0,440.00000000000006,81810.91494169708,,,,
34,agg_HARYANA,34,2058,FeedstockAggregator,agg_HARYANA,HARYANA,,,0.0,0.0,0.0,0.0,,,,,,,,,1.0,,,,360.0,3243647.894308992,3343647.894308992,,,,,,4000000.0,83569.51168729419,0,445.50000000000006,83569.51168729419,,,,
34,agg_UTTAR_PRADESH,34,2058,FeedstockAggregator,agg_UTTAR_PRADESH,UTTAR_PRADESH,,,0.0,0.0,0.0,0.0,,,,,,,,,1.0,,,,390.0,16400000.0,16500000.0,,,,,,16500000.0,85006.898783641,0,473.00000000000006,85006.898783641,,,,
34,agg_BIHAR,34,2058,FeedstockAggregator,agg_BIHAR,BIHAR,,,0.0,0.0,0.0,0.0,,,,,,,,,1.0,,,,390.0,3233333.333,3333333.333,,,,,,3333333.333,82617.78673337561,0,467.50000000000006,82617.78673337561,,,,
34,agg_ANDHRA_PRADESH,34,2058,FeedstockAggregator,agg_ANDHRA_PRADESH,ANDHRA_PRADESH,,,0.0,0.0,0.0,0.0,,,,,,,,,1.0,,,,405.0,3000000.0,3000000.0,,,,,,3000000.0,80232.05194201981,0,495.00000000000006,80232.05194201981,,,,
34,agg_TAMIL_NADU,34,2058,FeedstockAggregator,agg_TAMIL_NADU,TAMIL_NADU,,,0.0,0.0,0.0,0.0,,,,,,,,,1.0,,,,435.0,1139348.9532268962,1139348.9532268962,,,,,,1333333.333,79310.53949689885,0,522.5,79310.53949689885,,,,
34,agg_MAHARASHTRA,34,2058,FeedstockAggregator,agg_MAHARASHTRA,MAHARASHTRA,,,0.0,0.0,0.0,0.0,,,,,,,,,1.0,,,,435.0,9031422.739936162,9031422.739936162,,,,,,10333333.333,79979.79577012209,0,517.0,79979.79577012209,,,,
34,agg_KARNATAKA,34,2058,FeedstockAggregator,agg_KARNATAKA,KARNATAKA,,,0.0,0.0,0.0,0.0,,,,,,,,,1.0,,,,405.0,5566666.667,5666666.667,,,,,,5666666.667,87261.89538018988,0,489.50000000000006,87261.89538018988,,,,
34,agg_WEST_BENGAL,34,2058,FeedstockAggregator,agg_WEST_BENGAL,WEST_BENGAL,,,0.0,0.0,0.0,0.0,,,,,,,,,1.0,,,,405.0,5497000.0,5497000.0,,,,,,5497000.0,85223.35378913119,0,500.50000000000006,85223.35378913119,,,,
34,agg_CHHATTISGARH,34,2058,FeedstockAggregator,agg_CHHATTISGARH,CHHATTISGARH,,,0.0,0.0,0.0,0.0,,,,,,,,,1.0,,,,360.0,2545023.2787133614,2645023.2787133614,,,,,,2666666.667,77859.77793085486,0,440.00000000000006,77859.77793085486,,,,
34,agg_ODISHA,34,2058,FeedstockAggregator,agg_ODISHA,ODISHA,,,0.0,0.0,0.0,0.0,,,,,,,,,1.0,,,,360.0,2830925.900472203,2930925.900472203,,,,,,3204666.667,86881.50874886638,0,445.50000000000006,86881.50874886638,,,,
34,agg_MADHYA_PRADESH,34,2058,FeedstockAggregator,agg_MADHYA_PRADESH,MADHYA_PRADESH,,,0.0,0.0,0.0,0.0,,,,,,,,,1.0,,,,390.0,3233333.333,3333333.333,,,,,,3333333.333,80203.75392859853,0,473.00000000000006,80203.75392859853,,,,
34,agg_TELANGANA,34,2058,FeedstockAggregator,agg_TELANGANA,TELANGANA,,,0.0,0.0,0.0,0.0,,,,,,,,,1.0,,,,390.0,5079627.1595060695,5179627.1595060695,,,,,,5698000.0,87032.88755919023,0,478.50000000000006,87032.88755919023,,,,
34,agg_ASSAM,34,2058,FeedstockAggregator,agg_ASSAM,ASSAM,,,0.0,0.0,0.0,0.0,,,,,,,,,1.0,,,,480.0,1798713.9987858557,1798713.9987858557,,,,,,2000000.0,0.0,0,572.0,0.0,,,,
34,agg_JHARKHAND,34,2058,FeedstockAggregator,agg_JHARKHAND,JHARKHAND,,,0.0,0.0,0.0,0.0,,,,,,,,,1.0,,,,435.0,1649529.392226142,1649529.392226142,,,,,,1666666.667,0.0,0,528.0,0.0,,,,
34,agg_RAJASTHAN,34,2058,FeedstockAggregator,agg_RAJASTHAN,RAJASTHAN,,,0.0,0.0,0.0,0.0,,,,,,,,,1.0,,,,435.0,2333333.333,2333333.333,,,,,,2333333.333,0.0,0,533.5,0.0,,,,
34,agg_KERALA,34,2058,FeedstockAggregator,agg_KERALA,KERALA,,,0.0,0.0,0.0,0.0,,,,,,,,,1.0,,,,480.0,865944.4452979484,865944.4452979484,,,,,,1000000.0,0.0,0,577.5,0.0,,,,
34,agg_GUJARAT,34,2058,FeedstockAggregator,agg_GUJARAT,GUJARAT,,,0.0,0.0,0.0,0.0,,,,,,,,,1.0,,,,405.0,1483333.333,1583333.333,,,,,,1583333.333,83497.75306770296,0,495.00000000000006,83497.75306770296,,,,
35,agg_PUNJAB,35,2059,FeedstockAggregator,agg_PUNJAB,PUNJAB,,,0.0,0.0,0.0,0.0,,,,,,,,,1.0,,,,360.0,4687000.0,4787000.0,,,,,,4787000.0,81810.91494169708,0,440.00000000000006,81810.91494169708,,,,
35,agg_HARYANA,35,2059,FeedstockAggregator,agg_HARYANA,HARYANA,,,0.0,0.0,0.0,0.0,,,,,,,,,1.0,,,,360.0,3407943.0574387168,3507943.0574387168,,,,,,4000000.0,83569.51168729419,0,445.50000000000006,83569.51168729419,,,,
35,agg_UTTAR_PRADESH,35,2059,FeedstockAggregator,agg_UTTAR_PRADESH,UTTAR_PRADESH,,,0.0,0.0,0.0,0.0,,,,,,,,,1.0,,,,390.0,16400000.0,16500000.0,,,,,,16500000.0,85006.898783641,0,473.00000000000006,85006.898783641,,,,
35,agg_BIHAR,35,2059,FeedstockAggregator,agg_BIHAR,BIHAR,,,0.0,0.0,0.0,0.0,,,,,,,,,1.0,,,,390.0,3233333.333,3333333.333,,,,,,3333333.333,82617.78673337561,0,467.50000000000006,82617.78673337561,,,,
35,agg_ANDHRA_PRADESH,35,2059,FeedstockAggregator,agg_ANDHRA_PRADESH,ANDHRA_PRADESH,,,0.0,0.0,0.0,0.0,,,,,,,,,1.0,,,,405.0,3000000.0,3000000.0,,,,,,3000000.0,80232.05194201981,0,495.00000000000006,80232.05194201981,,,,
35,agg_TAMIL_NADU,35,2059,FeedstockAggregator,agg_TAMIL_NADU,TAMIL_NADU,,,0.0,0.0,0.0,0.0,,,,,,,,,1.0,,,,435.0,1333333.333,1333333.333,,,,,,1333333.333,79310.53949689885,0,522.5,79310.53949689885,,,,
35,agg_MAHARASHTRA,35,2059,FeedstockAggregator,agg_MAHARASHTRA,MAHARASHTRA,,,0.0,0.0,0.0,0.0,,,,,,,,,1.0,,,,435.0,10333333.333,10333333.333,,,,,,10333333.333,79979.79577012209,0,517.0,79979.79577012209,,,,
35,agg_KARNATAKA,35,2059,FeedstockAggregator,agg_KARNATAKA,KARNATAKA,,,0.0,0.0,0.0,0.0,,,,,,,,,1.0,,,,405.0,5566666.667,5666666.667,,,,,,5666666.667,87261.89538018988,0,489.50000000000006,87261.89538018988,,,,
35,agg_WEST_BENGAL,35,2059,FeedstockAggregator,agg_WEST_BENGAL,WEST_BENGAL,,,0.0,0.0,0.0,0.0,,,,,,,,,1.0,,,,405.0,5346216.761803742,5346216.761803742,,,,,,5497000.0,85223.35378913119,0,500.50000000000006,85223.35378913119,,,,
35,agg_CHHATTISGARH,35,2059,FeedstockAggregator,agg_CHHATTISGARH,CHHATTISGARH,,,0.0,0.0,0.0,0.0,,,,,,,,,1.0,,,,360.0,2155887.7341560973,2255887.7341560973,,,,,,2666666.667,77859.77793085486,0,440.00000000000006,77859.77793085486,,,,
35,agg_ODISHA,35,2059,FeedstockAggregator,agg_ODISHA,ODISHA,,,0.0,0.0,0.0,0.0,,,,,,,,,1.0,,,,360.0,3104666.667,3204666.667,,,,,,3204666.667,86881.50874886638,0,445.50000000000006,86881.50874886638,,,,
35,agg_MADHYA_PRADESH,35,2059,FeedstockAggregator,agg_MADHYA_PRADESH,MADHYA_PRADESH,,,0.0,0.0,0.0,0.0,,,,,,,,,1.0,,,,390.0,3233333.333,3333333.333,,,,,,3333333.333,80203.75392859853,0,473.00000000000006,80203.75392859853,,,,
35,agg_TELANGANA,35,2059,FeedstockAggregator,agg_TELANGANA,TELANGANA,,,0.0,0.0,0.0,0.0,,,,,,,,,1.0,,,,390.0,4682947.2970291255,4782947.2970291255,,,,,,5698000.0,87032.88755919023,0,478.50000000000006,87032.88755919023,,,,
35,agg_ASSAM,35,2059,FeedstockAggregator,agg_ASSAM,ASSAM,,,0.0,0.0,0.0,0.0,,,,,,,,,1.0,,,,480.0,2000000.0,2000000.0,,,,,,2000000.0,0.0,0,572.0,0.0,,,,
35,agg_JHARKHAND,35,2059,FeedstockAggregator,agg_JHARKHAND,JHARKHAND,,,0.0,0.0,0.0,0.0,,,,,,,,,1.0,,,,435.0,1547367.6798364152,1547367.6798364152,,,,,,1666666.667,0.0,0,528.0,0.0,,,,
35,agg_RAJASTHAN,35,2059,FeedstockAggregator,agg_RAJASTHAN,RAJASTHAN,,,0.0,0.0,0.0,0.0,,,,,,,,,1.0,,,,435.0,2297807.4006030536,2297807.4006030536,,,,,,2333333.333,0.0,0,533.5,0.0,,,,
35,agg_KERALA,35,2059,FeedstockAggregator,agg_KERALA,KERALA,,,0.0,0.0,0.0,0.0,,,,,,,,,1.0,,,,480.0,1000000.0,1000000.0,,,,,,1000000.0,0.0,0,577.5,0.0,,,,
35,agg_GUJARAT,35,2059,FeedstockAggregator,agg_GUJARAT,GUJARAT,,,0.0,0.0,0.0,0.0,,,,,,,,,1.0,,,,405.0,1483333.333,1583333.333,,,,,,1583333.333,83497.75306770296,0,495.00000000000006,83497.75306770296,,,,
36,agg_PUNJAB,36,2060,FeedstockAggregator,agg_PUNJAB,PUNJAB,,,0.0,0.0,0.0,0.0,,,,,,,,,1.0,,,,360.0,4687000.0,4787000.0,,,,,,4787000.0,81810.91494169708,0,440.00000000000006,81810.91494169708,,,,
36,agg_HARYANA,36,2060,FeedstockAggregator,agg_HARYANA,HARYANA,,,0.0,0.0,0.0,0.0,,,,,,,,,1.0,,,,360.0,3900000.0,4000000.0,,,,,,4000000.0,83569.51168729419,0,445.50000000000006,83569.51168729419,,,,
36,agg_UTTAR_PRADESH,36,2060,FeedstockAggregator,agg_UTTAR_PRADESH,UTTAR_PRADESH,,,0.0,0.0,0.0,0.0,,,,,,,,,1.0,,,,390.0,16400000.0,16500000.0,,,,,,16500000.0,85006.898783641,0,473.00000000000006,85006.898783641,,,,
36,agg_BIHAR,36,2060,FeedstockAggregator,agg_BIHAR,BIHAR,,,0.0,0.0,0.0,0.0,,,,,,,,,1.0,,,,390.0,3233333.333,3333333.333,,,,,,3333333.333,82617.78673337561,0,467.50000000000006,82617.78673337561,,,,
36,agg_ANDHRA_PRADESH,36,2060,FeedstockAggregator,agg_ANDHRA_PRADESH,ANDHRA_PRADESH,,,0.0,0.0,0.0,0.0,,,,,,,,,1.0,,,,405.0,2900000.0,3000000.0,,,,,,3000000.0,80232.05194201981,0,495.00000000000006,80232.05194201981,,,,
36,agg_TAMIL_NADU,36,2060,FeedstockAggregator,agg_TAMIL_NADU,TAMIL_NADU,,,0.0,0.0,0.0,0.0,,,,,,,,,1.0,,,,435.0,1209596.5786430468,1209596.5786430468,,,,,,1333333.333,79310.53949689885,0,522.5,79310.53949689885,,,,
36,agg_MAHARASHTRA,36,2060,FeedstockAggregator,agg_MAHARASHTRA,MAHARASHTRA,,,0.0,0.0,0.0,0.0,,,,,,,,,1.0,,,,435.0,10333333.333,10333333.333,,,,,,10333333.333,79979.79577012209,0,517.0,79979.79577012209,,,,
36,agg_KARNATAKA,36,2060,FeedstockAggregator,agg_KARNATAKA,KARNATAKA,,,0.0,0.0,0.0,0.0,,,,,,,,,1.0,,,,405.0,5367499.786569554,5467499.786569554,,,,,,5666666.667,87261.89538018988,0,489.50000000000006,87261.89538018988,,,,
36,agg_WEST_BENGAL,36,2060,FeedstockAggregator,agg_WEST_BENGAL,WEST_BENGAL,,,0.0,0.0,0.0,0.0,,,,,,,,,1.0,,,,405.0,5497000.0,5497000.0,,,,,,5497000.0,85223.35378913119,0,500.50000000000006,85223.35378913119,,,,
36,agg_CHHATTISGARH,36,2060,FeedstockAggregator,agg_CHHATTISGARH,CHHATTISGARH,,,0.0,0.0,0.0,0.0,,,,,,,,,1.0,,,,360.0,2566666.667,2666666.667,,,,,,2666666.667,77859.77793085486,0,440.00000000000006,77859.77793085486,,,,
36,agg_ODISHA,36,2060,FeedstockAggregator,agg_ODISHA,ODISHA,,,0.0,0.0,0.0,0.0,,,,,,,,,1.0,,,,360.0,2748425.8231617096,2848425.8231617096,,,,,,3204666.667,86881.50874886638,0,445.50000000000006,86881.50874886638,,,,
36,agg_MADHYA_PRADESH,36,2060,FeedstockAggregator,agg_MADHYA_PRADESH,MADHYA_PRADESH,,,0.0,0.0,0.0,0.0,,,,,,,,,1.0,,,,390.0,3233333.333,3333333.333,,,,,,3333333.333,80203.75392859853,0,473.00000000000006,80203.75392859853,,,,
36,agg_TELANGANA,36,2060,FeedstockAggregator,agg_TELANGANA,TELANGANA,,,0.0,0.0,0.0,0.0,,,,,,,,,1.0,,,,390.0,5025714.521363288,5125714.521363288,,,,,,5698000.0,87032.88755919023,0,478.50000000000006,87032.88755919023,,,,
36,agg_ASSAM,36,2060,FeedstockAggregator,agg_ASSAM,ASSAM,,,0.0,0.0,0.0,0.0,,,,,,,,,1.0,,,,480.0,1752405.0079810696,1752405.0079810696,,,,,,2000000.0,0.0,0,572.0,0.0,,,,
36,agg_JHARKHAND,36,2060,FeedstockAggregator,agg_JHARKHAND,JHARKHAND,,,0.0,0.0,0.0,0.0,,,,,,,,,1.0,,,,435.0,1666666.667,1666666.667,,,,,,1666666.667,79610.82632654661,0,528.0,79610.82632654661,,,,
36,agg_RAJASTHAN,36,2060,FeedstockAggregator,agg_RAJASTHAN,RAJASTHAN,,,0.0,0.0,0.0,0.0,,,,,,,,,1.0,,,,435.0,1914848.0060594631,1914848.0060594631,,,,,,2333333.333,0.0,0,533.5,0.0,,,,
36,agg_KERALA,36,2060,FeedstockAggregator,agg_KERALA,KERALA,,,0.0,0.0,0.0,0.0,,,,,,,,,1.0,,,,480.0,1000000.0,1000000.0,,,,,,1000000.0,0.0,0,577.5,0.0,,,,
36,agg_GUJARAT,36,2060,FeedstockAggregator,agg_GUJARAT,GUJARAT,,,0.0,0.0,0.0,0.0,,,,,,,,,1.0,,,,405.0,1483333.333,1583333.333,,,,,,1583333.333,83497.75306770296,0,495.00000000000006,83497.75306770296,,,,
37,agg_PUNJAB,37,2061,FeedstockAggregator,agg_PUNJAB,PUNJAB,,,0.0,0.0,0.0,0.0,,,,,,,,,1.0,,,,360.0,4687000.0,4787000.0,,,,,,4787000.0,81810.91494169708,0,440.00000000000006,81810.91494169708,,,,
37,agg_HARYANA,37,2061,FeedstockAggregator,agg_HARYANA,HARYANA,,,0.0,0.0,0.0,0.0,,,,,,,,,1.0,,,,360.0,3900000.0,4000000.0,,,,,,4000000.0,83569.51168729419,0,445.50000000000006,83569.51168729419,,,,
37,agg_UTTAR_PRADESH,37,2061,FeedstockAggregator,agg_UTTAR_PRADESH,UTTAR_PRADESH,,,0.0,0.0,0.0,0.0,,,,,,,,,1.0,,,,390.0,13661324.769603651,13761324.769603651,,,,,,16500000.0,85006.898783641,0,473.00000000000006,85006.898783641,,,,
37,agg_BIHAR,37,2061,FeedstockAggregator,agg_BIHAR,BIHAR,,,0.0,0.0,0.0,0.0,,,,,,,,,1.0,,,,390.0,2597353.6745051728,2697353.6745051728,,,,,,3333333.333,82617.78673337561,0,467.50000000000006,82617.78673337561,,,,
37,agg_ANDHRA_PRADESH,37,2061,FeedstockAggregator,agg_ANDHRA_PRADESH,ANDHRA_PRADESH,,,0.0,0.0,0.0,0.0,,,,,,,,,1.0,,,,405.0,2900000.0,3000000.0,,,,,,3000000.0,80232.05194201981,0,495.00000000000006,80232.05194201981,,,,
37,agg_TAMIL_NADU,37,2061,FeedstockAggregator,agg_TAMIL_NADU,TAMIL_NADU,,,0.0,0.0,0.0,0.0,,,,,,,,,1.0,,,,435.0,1333333.333,1333333.333,,,,,,1333333.333,79310.53949689885,0,522.5,79310.53949689885,,,,
37,agg_MAHARASHTRA,37,2061,FeedstockAggregator,agg_MAHARASHTRA,MAHARASHTRA,,,0.0,0.0,0.0,0.0,,,,,,,,,1.0,,,,435.0,10333333.333,10333333.333,,,,,,10333333.333,79979.79577012209,0,517.0,79979.79577012209,,,,
37,agg_KARNATAKA,37,2061,FeedstockAggregator,agg_KARNATAKA,KARNATAKA,,,0.0,0.0,0.0,0.0,,,,,,,,,1.0,,,,405.0,5047028.062895568,5147028.062895568,,,,,,5666666.667,87261.89538018988,0,489.50000000000006,87261.89538018988,,,,
37,agg_WEST_BENGAL,37,2061,FeedstockAggregator,agg_WEST_BENGAL,WEST_BENGAL,,,0.0,0.0,0.0,0.0,,,,,,,,,1.0,,,,405.0,5497000.0,5497000.0,,,,,,5497000.0,85223.35378913119,0,500.50000000000006,85223.35378913119,,,,
37,agg_CHHATTISGARH,37,2061,FeedstockAggregator,agg_CHHATTISGARH,CHHATTISGARH,,,0.0,0.0,0.0,0.0,,,,,,,,,1.0,,,,360.0,2237366.908287901,2337366.908287901,,,,,,2666666.667,77859.77793085486,0,440.00000000000006,77859.77793085486,,,,
37,agg_ODISHA,37,2061,FeedstockAggregator,agg_ODISHA,ODISHA,,,0.0,0.0,0.0,0.0,,,,,,,,,1.0,,,,360.0,3104666.667,3204666.667,,,,,,3204666.667,86881.50874886638,0,445.50000000000006,86881.50874886638,,,,
37,agg_MADHYA_PRADESH,37,2061,FeedstockAggregator,agg_MADHYA_PRADESH,MADHYA_PRADESH,,,0.0,0.0,0.0,0.0,,,,,,,,,1.0,,,,390.0,3233333.333,3333333.333,,,,,,3333333.333,80203.75392859853,0,473.00000000000006,80203.75392859853,,,,
37,agg_TELANGANA,37,2061,FeedstockAggregator,agg_TELANGANA,TELANGANA,,,0.0,0.0,0.0,0.0,,,,,,,,,1.0,,,,390.0,5598000.0,5698000.0,,,,,,5698000.0,87032.88755919023,0,478.50000000000006,87032.88755919023,,,,
37,agg_ASSAM,37,2061,FeedstockAggregator,agg_ASSAM,ASSAM,,,0.0,0.0,0.0,0.0,,,,,,,,,1.0,,,,480.0,2000000.0,2000000.0,,,,,,2000000.0,0.0,0,572.0,0.0,,,,
37,agg_JHARKHAND,37,2061,FeedstockAggregator,agg_JHARKHAND,JHARKHAND,,,0.0,0.0,0.0,0.0,,,,,,,,,1.0,,,,435.0,1596116.1907114792,1596116.1907114792,,,,,,1666666.667,79610.82632654661,0,528.0,79610.82632654661,,,,
37,agg_RAJASTHAN,37,2061,FeedstockAggregator,agg_RAJASTHAN,RAJASTHAN,,,0.0,0.0,0.0,0.0,,,,,,,,,1.0,,,,435.0,2333333.333,2333333.333,,,,,,2333333.333,0.0,0,533.5,0.0,,,,
37,agg_KERALA,37,2061,FeedstockAggregator,agg_KERALA,KERALA,,,0.0,0.0,0.0,0.0,,,,,,,,,1.0,,,,480.0,1000000.0,1000000.0,,,,,,1000000.0,0.0,0,577.5,0.0,,,,
37,agg_GUJARAT,37,2061,FeedstockAggregator,agg_GUJARAT,GUJARAT,,,0.0,0.0,0.0,0.0,,,,,,,,,1.0,,,,405.0,1268122.2116654515,1368122.2116654515,,,,,,1583333.333,83497.75306770296,0,495.00000000000006,83497.75306770296,,,,
38,agg_PUNJAB,38,2062,FeedstockAggregator,agg_PUNJAB,PUNJAB,,,0.0,0.0,0.0,0.0,,,,,,,,,1.0,,,,360.0,4687000.0,4787000.0,,,,,,4787000.0,81810.91494169708,0,440.00000000000006,81810.91494169708,,,,
38,agg_HARYANA,38,2062,FeedstockAggregator,agg_HARYANA,HARYANA,,,0.0,0.0,0.0,0.0,,,,,,,,,1.0,,,,360.0,3503572.442552434,3603572.442552434,,,,,,4000000.0,83569.51168729419,0,445.50000000000006,83569.51168729419,,,,
38,agg_UTTAR_PRADESH,38,2062,FeedstockAggregator,agg_UTTAR_PRADESH,UTTAR_PRADESH,,,0.0,0.0,0.0,0.0,,,,,,,,,1.0,,,,390.0,14484404.89438831,14584404.89438831,,,,,,16500000.0,85006.898783641,0,473.00000000000006,85006.898783641,,,,
38,agg_BIHAR,38,2062,FeedstockAggregator,agg_BIHAR,BIHAR,,,0.0,0.0,0.0,0.0,,,,,,,,,1.0,,,,390.0,3233333.333,3333333.333,,,,,,3333333.333,82617.78673337561,0,467.50000000000006,82617.78673337561,,,,
38,agg_ANDHRA_PRADESH,38,2062,FeedstockAggregator,agg_ANDHRA_PRADESH,ANDHRA_PRADESH,,,0.0,0.0,0.0,0.0,,,,,,,,,1.0,,,,405.0,2835286.5252701044,2935286.5252701044,,,,,,3000000.0,80232.05194201981,0,495.00000000000006,80232.05194201981,,,,
38,agg_TAMIL_NADU,38,2062,FeedstockAggregator,agg_TAMIL_NADU,TAMIL_NADU,,,0.0,0.0,0.0,0.0,,,,,,,,,1.0,,,,435.0,1233333.333,1333333.333,,,,,,1333333.333,79310.53949689885,0,522.5,79310.53949689885,,,,
38,agg_MAHARASHTRA,38,2062,FeedstockAggregator,agg_MAHARASHTRA,MAHARASHTRA,,,0.0,0.0,0.0,0.0,,,,,,,,,1.0,,,,435.0,10233333.333,10333333.333,,,,,,10333333.333,79979.79577012209,0,517.0,79979.79577012209,,,,
38,agg_KARNATAKA,38,2062,FeedstockAggregator,agg_KARNATAKA,KARNATAKA,,,0.0,0.0,0.0,0.0,,,,,,,,,1.0,,,,405.0,5566666.667,5666666.667,,,,,,5666666.667,87261.89538018988,0,489.50000000000006,87261.89538018988,,,,
38,agg_WEST_BENGAL,38,2062,FeedstockAggregator,agg_WEST_BENGAL,WEST_BENGAL,,,0.0,0.0,0.0,0.0,,,,,,,,,1.0,,,,405.0,5397000.0,5497000.0,,,,,,5497000.0,85223.35378913119,0,500.50000000000006,85223.35378913119,,,,
38,agg_CHHATTISGARH,38,2062,FeedstockAggregator,agg_CHHATTISGARH,CHHATTISGARH,,,0.0,0.0,0.0,0.0,,,,,,,,,1.0,,,,360.0,2566666.667,2666666.667,,,,,,2666666.667,77859.77793085486,0,440.00000000000006,77859.77793085486,,,,
38,agg_ODISHA,38,2062,FeedstockAggregator,agg_ODISHA,ODISHA,,,0.0,0.0,0.0,0.0,,,,,,,,,1.0,,,,360.0,3073087.2825188967,3173087.2825188967,,,,,,3204666.667,86881.50874886638,0,445.50000000000006,86881.50874886638,,,,
38,agg_MADHYA_PRADESH,38,2062,FeedstockAggregator,agg_MADHYA_PRADESH,MADHYA_PRADESH,,,0.0,0.0,0.0,0.0,,,,,,,,,1.0,,,,390.0,3233333.333,3333333.333,,,,,,3333333.333,80203.75392859853,0,473.00000000000006,0.0,,,,
38,agg_TELANGANA,38,2062,FeedstockAggregator,agg_TELANGANA,TELANGANA,,,0.0,0.0,0.0,0.0,,,,,,,,,1.0,,,,390.0,5598000.0,5698000.0,,,,,,5698000.0,87032.88755919023,0,478.50000000000006,87032.88755919023,,,,
38,agg_ASSAM,38,2062,FeedstockAggregator,agg_ASSAM,ASSAM,,,0.0,0.0,0.0,0.0,,,,,,,,,1.0,,,,480.0,2000000.0,2000000.0,,,,,,2000000.0,0.0,0,572.0,0.0,,,,
38,agg_JHARKHAND,38,2062,FeedstockAggregator,agg_JHARKHAND,JHARKHAND,,,0.0,0.0,0.0,0.0,,,,,,,,,1.0,,,,435.0,1666666.667,1666666.667,,,,,,1666666.667,79610.82632654661,0,528.0,79610.82632654661,,,,
38,agg_RAJASTHAN,38,2062,FeedstockAggregator,agg_RAJASTHAN,RAJASTHAN,,,0.0,0.0,0.0,0.0,,,,,,,,,1.0,,,,435.0,2062637.467152774,2062637.467152774,,,,,,2333333.333,0.0,0,533.5,0.0,,,,
38,agg_KERALA,38,2062,FeedstockAggregator,agg_KERALA,KERALA,,,0.0,0.0,0.0,0.0,,,,,,,,,1.0,,,,480.0,858375.5823757391,858375.5823757391,,,,,,1000000.0,0.0,0,577.5,0.0,,,,
38,agg_GUJARAT,38,2062,FeedstockAggregator,agg_GUJARAT,GUJARAT,,,0.0,0.0,0.0,0.0,,,,,,,,,1.0,,,,405.0,1483333.333,1583333.333,,,,,,1583333.333,83497.75306770296,0,495.00000000000006,83497.75306770296,,,,
39,agg_PUNJAB,39,2063,FeedstockAggregator,agg_PUNJAB,PUNJAB,,,0.0,0.0,0.0,0.0,,,,,,,,,1.0,,,,360.0,4687000.0,4787000.0,,,,,,4787000.0,81810.91494169708,0,440.00000000000006,81810.91494169708,,,,
39,agg_HARYANA,39,2063,FeedstockAggregator,agg_HARYANA,HARYANA,,,0.0,0.0,0.0,0.0,,,,,,,,,1.0,,,,360.0,3573580.0211736686,3673580.0211736686,,,,,,4000000.0,83569.51168729419,0,445.50000000000006,83569.51168729419,,,,
39,agg_UTTAR_PRADESH,39,2063,FeedstockAggregator,agg_UTTAR_PRADESH,UTTAR_PRADESH,,,0.0,0.0,0.0,0.0,,,,,,,,,1.0,,,,390.0,16400000.0,16500000.0,,,,,,16500000.0,85006.898783641,0,473.00000000000006,85006.898783641,,,,
39,agg_BIHAR,39,2063,FeedstockAggregator,agg_BIHAR,BIHAR,,,0.0,0.0,0.0,0.0,,,,,,,,,1.0,,,,390.0,3233333.333,3333333.333,,,,,,3333333.333,82617.78673337561,0,467.50000000000006,82617.78673337561,,,,
39,agg_ANDHRA_PRADESH,39,2063,FeedstockAggregator,agg_ANDHRA_PRADESH,ANDHRA_PRADESH,,,0.0,0.0,0.0,0.0,,,,,,,,,1.0,,,,405.0,2527263.730268347,2627263.730268347,,,,,,3000000.0,80232.05194201981,0,495.00000000000006,80232.05194201981,,,,
39,agg_TAMIL_NADU,39,2063,FeedstockAggregator,agg_TAMIL_NADU,TAMIL_NADU,,,0.0,0.0,0.0,0.0,,,,,,,,,1.0,,,,435.0,1199415.4285308914,1299415.4285308914,,,,,,1333333.333,79310.53949689885,0,522.5,79310.53949689885,,,,
39,agg_MAHARASHTRA,39,2063,FeedstockAggregator,agg_MAHARASHTRA,MAHARASHTRA,,,0.0,0.0,0.0,0.0,,,,,,,,,1.0,,,,435.0,8871627.436836034,8971627.436836034,,,,,,10333333.333,79979.79577012209,0,517.0,79979.79577012209,,,,
39,agg_KARNATAKA,39,2063,FeedstockAggregator,agg_KARNATAKA,KARNATAKA,,,0.0,0.0,0.0,0.0,,,,,,,,,1.0,,,,405.0,5187818.771849965,5287818.771849965,,,,,,5666666.667,87261.89538018988,0,489.50000000000006,87261.89538018988,,,,
39,agg_WEST_BENGAL,39,2063,FeedstockAggregator,agg_WEST_BENGAL,WEST_BENGAL,,,0.0,0.0,0.0,0.0,,,,,,,,,1.0,,,,405.0,5292883.188945531,5392883.188945531,,,,,,5497000.0,85223.35378913119,0,500.50000000000006,85223.35378913119,,,,
39,agg_CHHATTISGARH,39,2063,FeedstockAggregator,agg_CHHATTISGARH,CHHATTISGARH,,,0.0,0.0,0.0,0.0,,,,,,,,,1.0,,,,360.0,2566666.667,2666666.667,,,,,,2666666.667,77859.77793085486,0,440.00000000000006,77859.77793085486,,,,
39,agg_ODISHA,39,2063,FeedstockAggregator,agg_ODISHA,ODISHA,,,0.0,0.0,0.0,0.0,,,,,,,,,1.0,,,,360.0,2995579.0796338785,3095579.0796338785,,,,,,3204666.667,86881.50874886638,0,445.50000000000006,86881.50874886638,,,,
39,agg_MADHYA_PRADESH,39,2063,FeedstockAggregator,agg_MADHYA_PRADESH,MADHYA_PRADESH,,,0.0,0.0,0.0,0.0,,,,,,,,,1.0,,,,390.0,2683178.50150393,2783178.50150393,,,,,,3333333.333,80203.75392859853,0,473.00000000000006,80203.75392859853,,,,
39,agg_TELANGANA,39,2063,FeedstockAggregator,agg_TELANGANA,TELANGANA,,,0.0,0.0,0.0,0.0,,,,,,,,,1.0,,,,390.0,5598000.0,5698000.0,,,,,,5698000.0,87032.88755919023,0,478.50000000000006,87032.88755919023,,,,
39,agg_ASSAM,39,2063,FeedstockAggregator,agg_ASSAM,ASSAM,,,0.0,0.0,0.0,0.0,,,,,,,,,1.0,,,,480.0,1779528.1933821614,1779528.1933821614,,,,,,2000000.0,0.0,0,572.0,0.0,,,,
39,agg_JHARKHAND,39,2063,FeedstockAggregator,agg_JHARKHAND,JHARKHAND,,,0.0,0.0,0.0,0.0,,,,,,,,,1.0,,,,435.0,1380319.2081416028,1380319.2081416028,,,,,,1666666.667,79610.82632654661,0,528.0,79610.82632654661,,,,
39,agg_RAJASTHAN,39,2063,FeedstockAggregator,agg_RAJASTHAN,RAJASTHAN,,,0.0,0.0,0.0,0.0,,,,,,,,,1.0,,,,435.0,2333333.333,2333333.333,,,,,,2333333.333,0.0,0,533.5,0.0,,,,
39,agg_KERALA,39,2063,FeedstockAggregator,agg_KERALA,KERALA,,,0.0,0.0,0.0,0.0,,,,,,,,,1.0,,,,480.0,1000000.0,1000000.0,,,,,,1000000.0,0.0,0,577.5,0.0,,,,
39,agg_GUJARAT,39,2063,FeedstockAggregator,agg_GUJARAT,GUJARAT,,,0.0,0.0,0.0,0.0,,,,,,,,,1.0,,,,405.0,1483333.333,1583333.333,,,,,,1583333.333,83497.75306770296,0,495.00000000000006,83497.75306770296,,,,
40,agg_PUNJAB,40,2064,FeedstockAggregator,agg_PUNJAB,PUNJAB,,,0.0,0.0,0.0,0.0,,,,,,,,,1.0,,,,360.0,4687000.0,4787000.0,,,,,,4787000.0,81810.91494169708,0,440.00000000000006,81810.91494169708,,,,
40,agg_HARYANA,40,2064,FeedstockAggregator,agg_HARYANA,HARYANA,,,0.0,0.0,0.0,0.0,,,,,,,,,1.0,,,,360.0,3900000.0,4000000.0,,,,,,4000000.0,83569.51168729419,0,445.50000000000006,83569.51168729419,,,,
40,agg_UTTAR_PRADESH,40,2064,FeedstockAggregator,agg_UTTAR_PRADESH,UTTAR_PRADESH,,,0.0,0.0,0.0,0.0,,,,,,,,,1.0,,,,390.0,16400000.0,16500000.0,,,,,,16500000.0,85006.898783641,0,473.00000000000006,85006.898783641,,,,
40,agg_BIHAR,40,2064,FeedstockAggregator,agg_BIHAR,BIHAR,,,0.0,0.0,0.0,0.0,,,,,,,,,1.0,,,,390.0,3233333.333,3333333.333,,,,,,3333333.333,82617.78673337561,0,467.50000000000006,82617.78673337561,,,,
40,agg_ANDHRA_PRADESH,40,2064,FeedstockAggregator,agg_ANDHRA_PRADESH,ANDHRA_PRADESH,,,0.0,0.0,0.0,0.0,,,,,,,,,1.0,,,,405.0,2900000.0,3000000.0,,,,,,3000000.0,80232.05194201981,0,495.00000000000006,80232.05194201981,,,,
40,agg_TAMIL_NADU,40,2064,FeedstockAggregator,agg_TAMIL_NADU,TAMIL_NADU,,,0.0,0.0,0.0,0.0,,,,,,,,,1.0,,,,435.0,1233333.333,1333333.333,,,,,,1333333.333,79310.53949689885,0,522.5,79310.53949689885,,,,
40,agg_MAHARASHTRA,40,2064,FeedstockAggregator,agg_MAHARASHTRA,MAHARASHTRA,,,0.0,0.0,0.0,0.0,,,,,,,,,1.0,,,,435.0,10233333.333,10333333.333,,,,,,10333333.333,79979.79577012209,0,517.0,79979.79577012209,,,,
40,agg_KARNATAKA,40,2064,FeedstockAggregator,agg_KARNATAKA,KARNATAKA,,,0.0,0.0,0.0,0.0,,,,,,,,,1.0,,,,405.0,5566666.667,5666666.667,,,,,,5666666.667,87261.89538018988,0,489.50000000000006,87261.89538018988,,,,
40,agg_WEST_BENGAL,40,2064,FeedstockAggregator,agg_WEST_BENGAL,WEST_BENGAL,,,0.0,0.0,0.0,0.0,,,,,,,,,1.0,,,,405.0,5397000.0,5497000.0,,,,,,5497000.0,85223.35378913119,0,500.50000000000006,85223.35378913119,,,,
40,agg_CHHATTISGARH,40,2064,FeedstockAggregator,agg_CHHATTISGARH,CHHATTISGARH,,,0.0,0.0,0.0,0.0,,,,,,,,,1.0,,,,360.0,2566666.667,2666666.667,,,,,,2666666.667,77859.77793085486,0,440.00000000000006,77859.77793085486,,,,
40,agg_ODISHA,40,2064,FeedstockAggregator,agg_ODISHA,ODISHA,,,0.0,0.0,0.0,0.0,,,,,,,,,1.0,,,,360.0,2630591.9350055987,2730591.9350055987,,,,,,3204666.667,86881.50874886638,0,445.50000000000006,86881.50874886638,,,,
40,agg_MADHYA_PRADESH,40,2064,FeedstockAggregator,agg_MADHYA_PRADESH,MADHYA_PRADESH,,,0.0,0.0,0.0,0.0,,,,,,,,,1.0,,,,390.0,2865695.877618199,2965695.877618199,,,,,,3333333.333,80203.75392859853,0,473.00000000000006,80203.75392859853,,,,
40,agg_TELANGANA,40,2064,FeedstockAggregator,agg_TELANGANA,TELANGANA,,,0.0,0.0,0.0,0.0,,,,,,,,,1.0,,,,390.0,5598000.0,5698000.0,,,,,,5698000.0,87032.88755919023,0,478.50000000000006,87032.88755919023,,,,
40,agg_ASSAM,40,2064,FeedstockAggregator,agg_ASSAM,ASSAM,,,0.0,0.0,0.0,0.0,,,,,,,,,1.0,,,,480.0,2000000.0,2000000.0,,,,,,2000000.0,0.0,0,572.0,0.0,,,,
40,agg_JHARKHAND,40,2064,FeedstockAggregator,agg_JHARKHAND,JHARKHAND,,,0.0,0.0,0.0,0.0,,,,,,,,,1.0,,,,435.0,1471755.6068751256,1571755.6068751256,,,,,,1666666.667,79610.82632654661,0,528.0,79610.82632654661,,,,
40,agg_RAJASTHAN,40,2064,FeedstockAggregator,agg_RAJASTHAN,RAJASTHAN,,,0.0,0.0,0.0,0.0,,,,,,,,,1.0,,,,435.0,2333333.333,2333333.333,,,,,,2333333.333,85441.39643131696,0,533.5,85441.39643131696,,,,
40,agg_KERALA,40,2064,FeedstockAggregator,agg_KERALA,KERALA,,,0.0,0.0,0.0,0.0,,,,,,,,,1.0,,,,480.0,836708.0822965471,836708.0822965471,,,,,,1000000.0,0.0,0,577.5,0.0,,,,
40,agg_GUJARAT,40,2064,FeedstockAggregator,agg_GUJARAT,GUJARAT,,,0.0,0.0,0.0,0.0,,,,,,,,,1.0,,,,405.0,1289214.239743962,1389214.239743962,,,,,,1583333.333,83497.75306770296,0,495.00000000000006,83497.75306770296,,,,
41,agg_PUNJAB,41,2065,FeedstockAggregator,agg_PUNJAB,PUNJAB,,,0.0,0.0,0.0,0.0,,,,,,,,,1.0,,,,360.0,4687000.0,4787000.0,,,,,,4787000.0,81810.91494169708,0,440.00000000000006,81810.91494169708,,,,
41,agg_HARYANA,41,2065,FeedstockAggregator,agg_HARYANA,HARYANA,,,0.0,0.0,0.0,0.0,,,,,,,,,1.0,,,,360.0,3632592.547221568,3732592.547221568,,,,,,4000000.0,83569.51168729419,0,445.50000000000006,83569.51168729419,,,,
41,agg_UTTAR_PRADESH,41,2065,FeedstockAggregator,agg_UTTAR_PRADESH,UTTAR_PRADESH,,,0.0,0.0,0.0,0.0,,,,,,,,,1.0,,,,390.0,16313064.195271,16413064.195271,,,,,,16500000.0,85006.898783641,0,473.00000000000006,85006.898783641,,,,
41,agg_BIHAR,41,2065,FeedstockAggregator,agg_BIHAR,BIHAR,,,0.0,0.0,0.0,0.0,,,,,,,,,1.0,,,,390.0,3233333.333,3333333.333,,,,,,3333333.333,82617.78673337561,0,467.50000000000006,82617.78673337561,,,,
41,agg_ANDHRA_PRADESH,41,2065,FeedstockAggregator,agg_ANDHRA_PRADESH,ANDHRA_PRADESH,,,0.0,0.0,0.0,0.0,,,,,,,,,1.0,,,,405.0,2369851.1263923463,2469851.1263923463,,,,,,3000000.0,80232.05194201981,0,495.00000000000006,80232.05194201981,,,,
41,agg_TAMIL_NADU,41,2065,FeedstockAggregator,agg_TAMIL_NADU,TAMIL_NADU,,,0.0,0.0,0.0,0.0,,,,,,,,,1.0,,,,435.0,1181536.2812336155,1281536.2812336155,,,,,,1333333.333,79310.53949689885,0,522.5,79310.53949689885,,,,
41,agg_MAHARASHTRA,41,2065,FeedstockAggregator,agg_MAHARASHTRA,MAHARASHTRA,,,0.0,0.0,0.0,0.0,,,,,,,,,1.0,,,,435.0,8715668.124832066,8815668.124832066,,,,,,10333333.333,79979.79577012209,0,517.0,79979.79577012209,,,,
41,agg_KARNATAKA,41,2065,FeedstockAggregator,agg_KARNATAKA,KARNATAKA,,,0.0,0.0,0.0,0.0,,,,,,,,,1.0,,,,405.0,5241011.750371008,5341011.750371008,,,,,,5666666.667,87261.89538018988,0,489.50000000000006,87261.89538018988,,,,
41,agg_WEST_BENGAL,41,2065,FeedstockAggregator,agg_WEST_BENGAL,WEST_BENGAL,,,0.0,0.0,0.0,0.0,,,,,,,,,1.0,,,,405.0,5397000.0,5497000.0,,,,,,5497000.0,85223.35378913119,0,500.50000000000006,85223.35378913119,,,,
41,agg_CHHATTISGARH,41,2065,FeedstockAggregator,agg_CHHATTISGARH,CHHATTISGARH,,,0.0,0.0,0.0,0.0,,,,,,,,,1.0,,,,360.0,2528663.853208335,2628663.853208335,,,,,,2666666.667,77859.77793085486,0,440.00000000000006,77859.77793085486,,,,
41,agg_ODISHA,41,2065,FeedstockAggregator,agg_ODISHA,ODISHA,,,0.0,0.0,0.0,0.0,,,,,,,,,1.0,,,,360.0,3104666.667,3204666.667,,,,,,3204666.667,86881.50874886638,0,445.50000000000006,86881.50874886638,,,,
41,agg_MADHYA_PRADESH,41,2065,FeedstockAggregator,agg_MADHYA_PRADESH,MADHYA_PRADESH,,,0.0,0.0,0.0,0.0,,,,,,,,,1.0,,,,390.0,3233333.333,3333333.333,,,,,,3333333.333,80203.75392859853,0,473.00000000000006,80203.75392859853,,,,
41,agg_TELANGANA,41,2065,FeedstockAggregator,agg_TELANGANA,TELANGANA,,,0.0,0.0,0.0,0.0,,,,,,,,,1.0,,,,390.0,4488233.290904494,4588233.290904494,,,,,,5698000.0,87032.88755919023,0,478.50000000000006,87032.88755919023,,,,
41,agg_ASSAM,41,2065,FeedstockAggregator,agg_ASSAM,ASSAM,,,0.0,0.0,0.0,0.0,,,,,,,,,1.0,,,,480.0,1731614.9283829986,1731614.9283829986,,,,,,2000000.0,0.0,0,572.0,0.0,,,,
41,agg_JHARKHAND,41,2065,FeedstockAggregator,agg_JHARKHAND,JHARKHAND,,,0.0,0.0,0.0,0.0,,,,,,,,,1.0,,,,435.0,1566666.667,1666666.667,,,,,,1666666.667,79610.82632654661,0,528.0,79610.82632654661,,,,
41,agg_RAJASTHAN,41,2065,FeedstockAggregator,agg_RAJASTHAN,RAJASTHAN,,,0.0,0.0,0.0,0.0,,,,,,,,,1.0,,,,435.0,1993883.5941967499,1993883.5941967499,,,,,,2333333.333,85441.39643131696,0,533.5,85441.39643131696,,,,
41,agg_KERALA,41,2065,FeedstockAggregator,agg_KERALA,KERALA,,,0.0,0.0,0.0,0.0,,,,,,,,,1.0,,,,480.0,976899.8420245722,976899.8420245722,,,,,,1000000.0,0.0,0,577.5,0.0,,,,
41,agg_GUJARAT,41,2065,FeedstockAggregator,agg_GUJARAT,GUJARAT,,,0.0,0.0,0.0,0.0,,,,,,,,,1.0,,,,405.0,1185089.8248598636,1285089.8248598636,,,,,,1583333.333,83497.75306770296,0,495.00000000000006,83497.75306770296,,,,
42,agg_PUNJAB,42,2066,FeedstockAggregator,agg_PUNJAB,PUNJAB,,,0.0,0.0,0.0,0.0,,,,,,,,,1.0,,,,360.0,4687000.0,4787000.0,,,,,,4787000.0,81810.91494169708,0,440.00000000000006,0.0,,,,
42,agg_HARYANA,42,2066,FeedstockAggregator,agg_HARYANA,HARYANA,,,0.0,0.0,0.0,0.0,,,,,,,,,1.0,,,,360.0,3900000.0,4000000.0,,,,,,4000000.0,83569.51168729419,0,445.50000000000006,83569.51168729419,,,,
42,agg_UTTAR_PRADESH,42,2066,FeedstockAggregator,agg_UTTAR_PRADESH,UTTAR_PRADESH,,,0.0,0.0,0.0,0.0,,,,,,,,,1.0,,,,390.0,16400000.0,16500000.0,,,,,,16500000.0,85006.898783641,0,473.00000000000006,0.0,,,,
42,agg_BIHAR,42,2066,FeedstockAggregator,agg_BIHAR,BIHAR,,,0.0,0.0,0.0,0.0,,,,,,,,,1.0,,,,390.0,3233333.333,3333333.333,,,,,,3333333.333,82617.78673337561,0,467.50000000000006,82617.78673337561,,,,
42,agg_ANDHRA_PRADESH,42,2066,FeedstockAggregator,agg_ANDHRA_PRADESH,ANDHRA_PRADESH,,,0.0,0.0,0.0,0.0,,,,,,,,,1.0,,,,405.0,2900000.0,3000000.0,,,,,,3000000.0,80232.05194201981,0,495.00000000000006,80232.05194201981,,,,
42,agg_TAMIL_NADU,42,2066,FeedstockAggregator,agg_TAMIL_NADU,TAMIL_NADU,,,0.0,0.0,0.0,0.0,,,,,,,,,1.0,,,,435.0,989832.855399562,1089832.855399562,,,,,,1333333.333,79310.53949689885,0,522.5,79310.53949689885,,,,
42,agg_MAHARASHTRA,42,2066,FeedstockAggregator,agg_MAHARASHTRA,MAHARASHTRA,,,0.0,0.0,0.0,0.0,,,,,,,,,1.0,,,,435.0,10233333.333,10333333.333,,,,,,10333333.333,79979.79577012209,0,517.0,79979.79577012209,,,,
42,agg_KARNATAKA,42,2066,FeedstockAggregator,agg_KARNATAKA,KARNATAKA,,,0.0,0.0,0.0,0.0,,,,,,,,,1.0,,,,405.0,5566666.667,5666666.667,,,,,,5666666.667,87261.89538018988,0,489.50000000000006,87261.89538018988,,,,
42,agg_WEST_BENGAL,42,2066,FeedstockAggregator,agg_WEST_BENGAL,WEST_BENGAL,,,0.0,0.0,0.0,0.0,,,,,,,,,1.0,,,,405.0,5397000.0,5497000.0,,,,,,5497000.0,85223.35378913119,0,500.50000000000006,85223.35378913119,,,,
42,agg_CHHATTISGARH,42,2066,FeedstockAggregator,agg_CHHATTISGARH,CHHATTISGARH,,,0.0,0.0,0.0,0.0,,,,,,,,,1.0,,,,360.0,2566666.667,2666666.667,,,,,,2666666.667,156312.66694571043,0,440.00000000000006,156312.66694571043,,,,
42,agg_ODISHA,42,2066,FeedstockAggregator,agg_ODISHA,ODISHA,,,0.0,0.0,0.0,0.0,,,,,,,,,1.0,,,,360.0,3104666.667,3204666.667,,,,,,3204666.667,86881.50874886638,0,445.50000000000006,86881.50874886638,,,,
42,agg_MADHYA_PRADESH,42,2066,FeedstockAggregator,agg_MADHYA_PRADESH,MADHYA_PRADESH,,,0.0,0.0,0.0,0.0,,,,,,,,,1.0,,,,390.0,3233333.333,3333333.333,,,,,,3333333.333,80203.75392859853,0,473.00000000000006,80203.75392859853,,,,
42,agg_TELANGANA,42,2066,FeedstockAggregator,agg_TELANGANA,TELANGANA,,,0.0,0.0,0.0,0.0,,,,,,,,,1.0,,,,390.0,5598000.0,5698000.0,,,,,,5698000.0,87032.88755919023,0,478.50000000000006,87032.88755919023,,,,
42,agg_ASSAM,42,2066,FeedstockAggregator,agg_ASSAM,ASSAM,,,0.0,0.0,0.0,0.0,,,,,,,,,1.0,,,,480.0,1884371.2230690548,1884371.2230690548,,,,,,2000000.0,0.0,0,572.0,0.0,,,,
42,agg_JHARKHAND,42,2066,FeedstockAggregator,agg_JHARKHAND,JHARKHAND,,,0.0,0.0,0.0,0.0,,,,,,,,,1.0,,,,435.0,1348628.684586177,1448628.684586177,,,,,,1666666.667,79610.82632654661,0,528.0,79610.82632654661,,,,
42,agg_RAJASTHAN,42,2066,FeedstockAggregator,agg_RAJASTHAN,RAJASTHAN,,,0.0,0.0,0.0,0.0,,,,,,,,,1.0,,,,435.0,2333333.333,2333333.333,,,,,,2333333.333,85441.39643131696,0,533.5,85441.39643131696,,,,
42,agg_KERALA,42,2066,FeedstockAggregator,agg_KERALA,KERALA,,,0.0,0.0,0.0,0.0,,,,,,,,,1.0,,,,480.0,1000000.0,1000000.0,,,,,,1000000.0,0.0,0,577.5,0.0,,,,
42,agg_GUJARAT,42,2066,FeedstockAggregator,agg_GUJARAT,GUJARAT,,,0.0,0.0,0.0,0.0,,,,,,,,,1.0,,,,405.0,1223069.9320224356,1323069.9320224356,,,,,,1583333.333,83497.75306770296,0,495.00000000000006,0.0,,,,
43,agg_PUNJAB,43,2067,FeedstockAggregator,agg_PUNJAB,PUNJAB,,,0.0,0.0,0.0,0.0,,,,,,,,,1.0,,,,360.0,4687000.0,4787000.0,,,,,,4787000.0,81810.91494169708,0,440.00000000000006,81810.91494169708,,,,
43,agg_HARYANA,43,2067,FeedstockAggregator,agg_HARYANA,HARYANA,,,0.0,0.0,0.0,0.0,,,,,,,,,1.0,,,,360.0,3414595.6237217784,3514595.6237217784,,,,,,4000000.0,83569.51168729419,0,445.50000000000006,83569.51168729419,,,,
43,agg_UTTAR_PRADESH,43,2067,FeedstockAggregator,agg_UTTAR_PRADESH,UTTAR_PRADESH,,,0.0,0.0,0.0,0.0,,,,,,,,,1.0,,,,390.0,16400000.0,16500000.0,,,,,,16500000.0,85006.898783641,0,473.00000000000006,85006.898783641,,,,
43,agg_BIHAR,43,2067,FeedstockAggregator,agg_BIHAR,BIHAR,,,0.0,0.0,0.0,0.0,,,,,,,,,1.0,,,,390.0,3233333.333,3333333.333,,,,,,3333333.333,82617.78673337561,0,467.50000000000006,82617.78673337561,,,,
43,agg_ANDHRA_PRADESH,43,2067,FeedstockAggregator,agg_ANDHRA_PRADESH,ANDHRA_PRADESH,,,0.0,0.0,0.0,0.0,,,,,,,,,1.0,,,,405.0,2403036.791739637,2503036.791739637,,,,,,3000000.0,80232.05194201981,0,495.00000000000006,80232.05194201981,,,,
43,agg_TAMIL_NADU,43,2067,FeedstockAggregator,agg_TAMIL_NADU,TAMIL_NADU,,,0.0,0.0,0.0,0.0,,,,,,,,,1.0,,,,435.0,1233333.333,1333333.333,,,,,,1333333.333,79310.53949689885,0,522.5,79310.53949689885,,,,
43,agg_MAHARASHTRA,43,2067,FeedstockAggregator,agg_MAHARASHTRA,MAHARASHTRA,,,0.0,0.0,0.0,0.0,,,,,,,,,1.0,,,,435.0,9773193.754849821,9873193.754849821,,,,,,10333333.333,79979.79577012209,0,517.0,79979.79577012209,,,,
43,agg_KARNATAKA,43,2067,FeedstockAggregator,agg_KARNATAKA,KARNATAKA,,,0.0,0.0,0.0,0.0,,,,,,,,,1.0,,,,405.0,5062968.798698912,5162968.798698912,,,,,,5666666.667,87261.89538018988,0,489.50000000000006,87261.89538018988,,,,
43,agg_WEST_BENGAL,43,2067,FeedstockAggregator,agg_WEST_BENGAL,WEST_BENGAL,,,0.0,0.0,0.0,0.0,,,,,,,,,1.0,,,,405.0,4834053.606141167,4934053.606141167,,,,,,5497000.0,85223.35378913119,0,500.50000000000006,85223.35378913119,,,,
43,agg_CHHATTISGARH,43,2067,FeedstockAggregator,agg_CHHATTISGARH,CHHATTISGARH,,,0.0,0.0,0.0,0.0,,,,,,,,,1.0,,,,360.0,2384751.3719255542,2484751.3719255542,,,,,,2666666.667,156312.66694571043,0,660.0,156312.66694571043,,,,
43,agg_ODISHA,43,2067,FeedstockAggregator,agg_ODISHA,ODISHA,,,0.0,0.0,0.0,0.0,,,,,,,,,1.0,,,,360.0,2483625.8411090137,2583625.8411090137,,,,,,3204666.667,86881.50874886638,0,445.50000000000006,86881.50874886638,,,,
43,agg_MADHYA_PRADESH,43,2067,FeedstockAggregator,agg_MADHYA_PRADESH,MADHYA_PRADESH,,,0.0,0.0,0.0,0.0,,,,,,,,,1.0,,,,390.0,3064358.1222160254,3164358.1222160254,,,,,,3333333.333,80203.75392859853,0,473.00000000000006,80203.75392859853,,,,
43,agg_TELANGANA,43,2067,FeedstockAggregator,agg_TELANGANA,TELANGANA,,,0.0,0.0,0.0,0.0,,,,,,,,,1.0,,,,390.0,5598000.0,5698000.0,,,,,,5698000.0,87032.88755919023,0,478.50000000000006,87032.88755919023,,,,
43,agg_ASSAM,43,2067,FeedstockAggregator,agg_ASSAM,ASSAM,,,0.0,0.0,0.0,0.0,,,,,,,,,1.0,,,,480.0,2000000.0,2000000.0,,,,,,2000000.0,0.0,0,572.0,0.0,,,,
43,agg_JHARKHAND,43,2067,FeedstockAggregator,agg_JHARKHAND,JHARKHAND,,,0.0,0.0,0.0,0.0,,,,,,,,,1.0,,,,435.0,1566666.667,1666666.667,,,,,,1666666.667,79610.82632654661,0,528.0,79610.82632654661,,,,
43,agg_RAJASTHAN,43,2067,FeedstockAggregator,agg_RAJASTHAN,RAJASTHAN,,,0.0,0.0,0.0,0.0,,,,,,,,,1.0,,,,435.0,2333333.333,2333333.333,,,,,,2333333.333,85441.39643131696,0,533.5,85441.39643131696,,,,
43,agg_KERALA,43,2067,FeedstockAggregator,agg_KERALA,KERALA,,,0.0,0.0,0.0,0.0,,,,,,,,,1.0,,,,480.0,1000000.0,1000000.0,,,,,,1000000.0,0.0,0,577.5,0.0,,,,
43,agg_GUJARAT,43,2067,FeedstockAggregator,agg_GUJARAT,GUJARAT,,,0.0,0.0,0.0,0.0,,,,,,,,,1.0,,,,405.0,1483333.333,1583333.333,,,,,,1583333.333,83497.75306770296,0,495.00000000000006,83497.75306770296,,,,
44,agg_PUNJAB,44,2068,FeedstockAggregator,agg_PUNJAB,PUNJAB,,,0.0,0.0,0.0,0.0,,,,,,,,,1.0,,,,360.0,3931405.4511249126,4031405.4511249126,,,,,,4787000.0,81810.91494169708,0,440.00000000000006,81810.91494169708,,,,
44,agg_HARYANA,44,2068,FeedstockAggregator,agg_HARYANA,HARYANA,,,0.0,0.0,0.0,0.0,,,,,,,,,1.0,,,,360.0,3633738.2242361377,3733738.2242361377,,,,,,4000000.0,83569.51168729419,0,445.50000000000006,83569.51168729419,,,,
44,agg_UTTAR_PRADESH,44,2068,FeedstockAggregator,agg_UTTAR_PRADESH,UTTAR_PRADESH,,,0.0,0.0,0.0,0.0,,,,,,,,,1.0,,,,390.0,14999174.969261184,15099174.969261184,,,,,,16500000.0,85006.898783641,0,473.00000000000006,85006.898783641,,,,
44,agg_BIHAR,44,2068,FeedstockAggregator,agg_BIHAR,BIHAR,,,0.0,0.0,0.0,0.0,,,,,,,,,1.0,,,,390.0,2801559.7317876434,2901559.7317876434,,,,,,3333333.333,82617.78673337561,0,467.50000000000006,82617.78673337561,,,,
44,agg_ANDHRA_PRADESH,44,2068,FeedstockAggregator,agg_ANDHRA_PRADESH,ANDHRA_PRADESH,,,0.0,0.0,0.0,0.0,,,,,,,,,1.0,,,,405.0,2900000.0,3000000.0,,,,,,3000000.0,80232.05194201981,0,495.00000000000006,80232.05194201981,,,,
44,agg_TAMIL_NADU,44,2068,FeedstockAggregator,agg_TAMIL_NADU,TAMIL_NADU,,,0.0,0.0,0.0,0.0,,,,,,,,,1.0,,,,435.0,1233333.333,1333333.333,,,,,,1333333.333,79310.53949689885,0,522.5,79310.53949689885,,,,
44,agg_MAHARASHTRA,44,2068,FeedstockAggregator,agg_MAHARASHTRA,MAHARASHTRA,,,0.0,0.0,0.0,0.0,,,,,,,,,1.0,,,,435.0,9859053.095049543,9959053.095049543,,,,,,10333333.333,79979.79577012209,0,517.0,79979.79577012209,,,,
44,agg_KARNATAKA,44,2068,FeedstockAggregator,agg_KARNATAKA,KARNATAKA,,,0.0,0.0,0.0,0.0,,,,,,,,,1.0,,,,405.0,4969174.346104998,5069174.346104998,,,,,,5666666.667,87261.89538018988,0,489.50000000000006,87261.89538018988,,,,
44,agg_WEST_BENGAL,44,2068,FeedstockAggregator,agg_WEST_BENGAL,WEST_BENGAL,,,0.0,0.0,0.0,0.0,,,,,,,,,1.0,,,,405.0,4832205.526175519,4932205.526175519,,,,,,5497000.0,85223.35378913119,0,500.50000000000006,85223.35378913119,,,,
44,agg_CHHATTISGARH,44,2068,FeedstockAggregator,agg_CHHATTISGARH,CHHATTISGARH,,,0.0,0.0,0.0,0.0,,,,,,,,,1.0,,,,360.0,2566666.667,2666666.667,,,,,,2666666.667,156312.66694571043,0,660.0,156312.66694571043,,,,
44,agg_ODISHA,44,2068,FeedstockAggregator,agg_ODISHA,ODISHA,,,0.0,0.0,0.0,0.0,,,,,,,,,1.0,,,,360.0,3104666.667,3204666.667,,,,,,3204666.667,86881.50874886638,0,445.50000000000006,86881.50874886638,,,,
44,agg_MADHYA_PRADESH,44,2068,FeedstockAggregator,agg_MADHYA_PRADESH,MADHYA_PRADESH,,,0.0,0.0,0.0,0.0,,,,,,,,,1.0,,,,390.0,3233333.333,3333333.333,,,,,,3333333.333,80203.75392859853,0,473.00000000000006,80203.75392859853,,,,
44,agg_TELANGANA,44,2068,FeedstockAggregator,agg_TELANGANA,TELANGANA,,,0.0,0.0,0.0,0.0,,,,,,,,,1.0,,,,390.0,5598000.0,5698000.0,,,,,,5698000.0,87032.88755919023,0,478.50000000000006,0.0,,,,
44,agg_ASSAM,44,2068,FeedstockAggregator,agg_ASSAM,ASSAM,,,0.0,0.0,0.0,0.0,,,,,,,,,1.0,,,,480.0,2000000.0,2000000.0,,,,,,2000000.0,0.0,0,572.0,0.0,,,,
44,agg_JHARKHAND,44,2068,FeedstockAggregator,agg_JHARKHAND,JHARKHAND,,,0.0,0.0,0.0,0.0,,,,,,,,,1.0,,,,435.0,1270000.6780316588,1370000.6780316588,,,,,,1666666.667,79610.82632654661,0,528.0,79610.82632654661,,,,
44,agg_RAJASTHAN,44,2068,FeedstockAggregator,agg_RAJASTHAN,RAJASTHAN,,,0.0,0.0,0.0,0.0,,,,,,,,,1.0,,,,435.0,2233333.333,2333333.333,,,,,,2333333.333,85441.39643131696,0,533.5,85441.39643131696,,,,
44,agg_KERALA,44,2068,FeedstockAggregator,agg_KERALA,KERALA,,,0.0,0.0,0.0,0.0,,,,,,,,,1.0,,,,480.0,977091.7656637098,977091.7656637098,,,,,,1000000.0,0.0,0,577.5,0.0,,,,
44,agg_GUJARAT,44,2068,FeedstockAggregator,agg_GUJARAT,GUJARAT,,,0.0,0.0,0.0,0.0,,,,,,,,,1.0,,,,405.0,1272939.1317832347,1372939.1317832347,,,,,,1583333.333,83497.75306770296,0,495.00000000000006,83497.75306770296,,,,
45,agg_PUNJAB,45,2069,FeedstockAggregator,agg_PUNJAB,PUNJAB,,,0.0,0.0,0.0,0.0,,,,,,,,,1.0,,,,360.0,4687000.0,4787000.0,,,,,,4787000.0,159110.7071530886,0,440.00000000000006,159110.7071530886,,,,
45,agg_HARYANA,45,2069,FeedstockAggregator,agg_HARYANA,HARYANA,,,0.0,0.0,0.0,0.0,,,,,,,,,1.0,,,,360.0,3647977.95272016,3747977.95272016,,,,,,4000000.0,83569.51168729419,0,445.50000000000006,83569.51168729419,,,,
45,agg_UTTAR_PRADESH,45,2069,FeedstockAggregator,agg_UTTAR_PRADESH,UTTAR_PRADESH,,,0.0,0.0,0.0,0.0,,,,,,,,,1.0,,,,390.0,14410806.636492666,14510806.636492666,,,,,,16500000.0,85006.898783641,0,473.00000000000006,85006.898783641,,,,
45,agg_BIHAR,45,2069,FeedstockAggregator,agg_BIHAR,BIHAR,,,0.0,0.0,0.0,0.0,,,,,,,,,1.0,,,,390.0,3183728.730715836,3283728.730715836,,,,,,3333333.333,82617.78673337561,0,467.50000000000006,82617.78673337561,,,,
45,agg_ANDHRA_PRADESH,45,2069,FeedstockAggregator,agg_ANDHRA_PRADESH,ANDHRA_PRADESH,,,0.0,0.0,0.0,0.0,,,,,,,,,1.0,,,,405.0,2842913.3088981635,2942913.3088981635,,,,,,3000000.0,80232.05194201981,0,495.00000000000006,80232.05194201981,,,,
45,agg_TAMIL_NADU,45,2069,FeedstockAggregator,agg_TAMIL_NADU,TAMIL_NADU,,,0.0,0.0,0.0,0.0,,,,,,,,,1.0,,,,435.0,1233333.333,1333333.333,,,,,,1333333.333,79310.53949689885,0,522.5,79310.53949689885,,,,
45,agg_MAHARASHTRA,45,2069,FeedstockAggregator,agg_MAHARASHTRA,MAHARASHTRA,,,0.0,0.0,0.0,0.0,,,,,,,,,1.0,,,,435.0,8398828.656641427,8498828.656641427,,,,,,10333333.333,79979.79577012209,0,517.0,79979.79577012209,,,,
45,agg_KARNATAKA,45,2069,FeedstockAggregator,agg_KARNATAKA,KARNATAKA,,,0.0,0.0,0.0,0.0,,,,,,,,,1.0,,,,405.0,5537974.475652311,5637974.475652311,,,,,,5666666.667,87261.89538018988,0,489.50000000000006,87261.89538018988,,,,
45,agg_WEST_BENGAL,45,2069,FeedstockAggregator,agg_WEST_BENGAL,WEST_BENGAL,,,0.0,0.0,0.0,0.0,,,,,,,,,1.0,,,,405.0,5397000.0,5497000.0,,,,,,5497000.0,85223.35378913119,0,500.50000000000006,85223.35378913119,,,,
45,agg_CHHATTISGARH,45,2069,FeedstockAggregator,agg_CHHATTISGARH,CHHATTISGARH,,,0.0,0.0,0.0,0.0,,,,,,,,,1.0,,,,360.0,2566666.667,2666666.667,,,,,,2666666.667,156312.66694571043,0,660.0,156312.66694571043,,,,
45,agg_ODISHA,45,2069,FeedstockAggregator,agg_ODISHA,ODISHA,,,0.0,0.0,0.0,0.0,,,,,,,,,1.0,,,,360.0,2585097.494656218,2685097.494656218,,,,,,3204666.667,86881.50874886638,0,445.50000000000006,86881.50874886638,,,,
45,agg_MADHYA_PRADESH,45,2069,FeedstockAggregator,agg_MADHYA_PRADESH,MADHYA_PRADESH,,,0.0,0.0,0.0,0.0,,,,,,,,,1.0,,,,390.0,3233333.333,3333333.333,,,,,,3333333.333,80203.75392859853,0,473.00000000000006,80203.75392859853,,,,
45,agg_TELANGANA,45,2069,FeedstockAggregator,agg_TELANGANA,TELANGANA,,,0.0,0.0,0.0,0.0,,,,,,,,,1.0,,,,390.0,5598000.0,5698000.0,,,,,,5698000.0,87032.88755919023,0,478.50000000000006,87032.88755919023,,,,
45,agg_ASSAM,45,2069,FeedstockAggregator,agg_ASSAM,ASSAM,,,0.0,0.0,0.0,0.0,,,,,,,,,1.0,,,,480.0,2000000.0,2000000.0,,,,,,2000000.0,0.0,0,572.0,0.0,,,,
45,agg_JHARKHAND,45,2069,FeedstockAggregator,agg_JHARKHAND,JHARKHAND,,,0.0,0.0,0.0,0.0,,,,,,,,,1.0,,,,435.0,1435439.3988607218,1535439.3988607218,,,,,,1666666.667,79610.82632654661,0,528.0,79610.82632654661,,,,
45,agg_RAJASTHAN,45,2069,FeedstockAggregator,agg_RAJASTHAN,RAJASTHAN,,,0.0,0.0,0.0,0.0,,,,,,,,,1.0,,,,435.0,2233333.333,2333333.333,,,,,,2333333.333,85441.39643131696,0,533.5,85441.39643131696,,,,
45,agg_KERALA,45,2069,FeedstockAggregator,agg_KERALA,KERALA,,,0.0,0.0,0.0,0.0,,,,,,,,,1.0,,,,480.0,1000000.0,1000000.0,,,,,,1000000.0,0.0,0,577.5,0.0,,,,
45,agg_GUJARAT,45,2069,FeedstockAggregator,agg_GUJARAT,GUJARAT,,,0.0,0.0,0.0,0.0,,,,,,,,,1.0,,,,405.0,1432354.019076728,1532354.019076728,,,,,,1583333.333,83497.75306770296,0,495.00000000000006,83497.75306770296,,,,
46,agg_PUNJAB,46,2070,FeedstockAggregator,agg_PUNJAB,PUNJAB,,,0.0,0.0,0.0,0.0,,,,,,,,,1.0,,,,360.0,3893086.7032749495,3993086.7032749495,,,,,,4787000.0,159110.7071530886,0,660.0,159110.7071530886,,,,
46,agg_HARYANA,46,2070,FeedstockAggregator,agg_HARYANA,HARYANA,,,0.0,0.0,0.0,0.0,,,,,,,,,1.0,,,,360.0,3900000.0,4000000.0,,,,,,4000000.0,83569.51168729419,0,445.50000000000006,83569.51168729419,,,,
46,agg_UTTAR_PRADESH,46,2070,FeedstockAggregator,agg_UTTAR_PRADESH,UTTAR_PRADESH,,,0.0,0.0,0.0,0.0,,,,,,,,,1.0,,,,390.0,15394530.74426426,15494530.74426426,,,,,,16500000.0,85006.898783641,0,473.00000000000006,85006.898783641,,,,
46,agg_BIHAR,46,2070,FeedstockAggregator,agg_BIHAR,BIHAR,,,0.0,0.0,0.0,0.0,,,,,,,,,1.0,,,,390.0,3123602.678015076,3223602.678015076,,,,,,3333333.333,82617.78673337561,0,467.50000000000006,82617.78673337561,,,,
46,agg_ANDHRA_PRADESH,46,2070,FeedstockAggregator,agg_ANDHRA_PRADESH,ANDHRA_PRADESH,,,0.0,0.0,0.0,0.0,,,,,,,,,1.0,,,,405.0,2900000.0,3000000.0,,,,,,3000000.0,80232.05194201981,0,495.00000000000006,80232.05194201981,,,,
46,agg_TAMIL_NADU,46,2070,FeedstockAggregator,agg_TAMIL_NADU,TAMIL_NADU,,,0.0,0.0,0.0,0.0,,,,,,,,,1.0,,,,435.0,1011249.1372905208,1111249.1372905208,,,,,,1333333.333,79310.53949689885,0,522.5,79310.53949689885,,,,
46,agg_MAHARASHTRA,46,2070,FeedstockAggregator,agg_MAHARASHTRA,MAHARASHTRA,,,0.0,0.0,0.0,0.0,,,,,,,,,1.0,,,,435.0,8667203.695807206,8767203.695807206,,,,,,10333333.333,79979.79577012209,0,517.0,79979.79577012209,,,,
46,agg_KARNATAKA,46,2070,FeedstockAggregator,agg_KARNATAKA,KARNATAKA,,,0.0,0.0,0.0,0.0,,,,,,,,,1.0,,,,405.0,4823872.929884483,4923872.929884483,,,,,,5666666.667,87261.89538018988,0,489.50000000000006,87261.89538018988,,,,
46,agg_WEST_BENGAL,46,2070,FeedstockAggregator,agg_WEST_BENGAL,WEST_BENGAL,,,0.0,0.0,0.0,0.0,,,,,,,,,1.0,,,,405.0,5331303.145667781,5431303.145667781,,,,,,5497000.0,85223.35378913119,0,500.50000000000006,85223.35378913119,,,,
46,agg_CHHATTISGARH,46,2070,FeedstockAggregator,agg_CHHATTISGARH,CHHATTISGARH,,,0.0,0.0,0.0,0.0,,,,,,,,,1.0,,,,360.0,2466666.667,2666666.667,,,,,,2666666.667,156312.66694571043,0,660.0,78452.88901485557,,,,
46,agg_ODISHA,46,2070,FeedstockAggregator,agg_ODISHA,ODISHA,,,0.0,0.0,0.0,0.0,,,,,,,,,1.0,,,,360.0,3104666.667,3204666.667,,,,,,3204666.667,86881.50874886638,0,445.50000000000006,86881.50874886638,,,,
46,agg_MADHYA_PRADESH,46,2070,FeedstockAggregator,agg_MADHYA_PRADESH,MADHYA_PRADESH,,,0.0,0.0,0.0,0.0,,,,,,,,,1.0,,,,390.0,3233333.333,3333333.333,,,,,,3333333.333,80203.75392859853,0,473.00000000000006,80203.75392859853,,,,
46,agg_TELANGANA,46,2070,FeedstockAggregator,agg_TELANGANA,TELANGANA,,,0.0,0.0,0.0,0.0,,,,,,,,,1.0,,,,390.0,5396233.080245408,5496233.080245408,,,,,,5698000.0,87032.88755919023,0,478.50000000000006,87032.88755919023,,,,
46,agg_ASSAM,46,2070,FeedstockAggregator,agg_ASSAM,ASSAM,,,0.0,0.0,0.0,0.0,,,,,,,,,1.0,,,,480.0,2000000.0,2000000.0,,,,,,2000000.0,0.0,0,572.0,0.0,,,,
46,agg_JHARKHAND,46,2070,FeedstockAggregator,agg_JHARKHAND,JHARKHAND,,,0.0,0.0,0.0,0.0,,,,,,,,,1.0,,,,435.0,1566666.667,1666666.667,,,,,,1666666.667,79610.82632654661,0,528.0,79610.82632654661,,,,
46,agg_RAJASTHAN,46,2070,FeedstockAggregator,agg_RAJASTHAN,RAJASTHAN,,,0.0,0.0,0.0,0.0,,,,,,,,,1.0,,,,435.0,1789384.5870555153,1889384.5870555153,,,,,,2333333.333,85441.39643131696,0,533.5,85441.39643131696,,,,
46,agg_KERALA,46,2070,FeedstockAggregator,agg_KERALA,KERALA,,,0.0,0.0,0.0,0.0,,,,,,,,,1.0,,,,480.0,1000000.0,1000000.0,,,,,,1000000.0,0.0,0,577.5,0.0,,,,
46,agg_GUJARAT,46,2070,FeedstockAggregator,agg_GUJARAT,GUJARAT,,,0.0,0.0,0.0,0.0,,,,,,,,,1.0,,,,405.0,1426252.5698121248,1526252.5698121248,,,,,,1583333.333,83497.75306770296,0,495.00000000000006,83497.75306770296,,,,
47,agg_PUNJAB,47,2071,FeedstockAggregator,agg_PUNJAB,PUNJAB,,,0.0,0.0,0.0,0.0,,,,,,,,,1.0,,,,360.0,4687000.0,4787000.0,,,,,,4787000.0,159110.7071530886,0,660.0,159110.7071530886,,,,
47,agg_HARYANA,47,2071,FeedstockAggregator,agg_HARYANA,HARYANA,,,0.0,0.0,0.0,0.0,,,,,,,,,1.0,,,,360.0,3900000.0,4000000.0,,,,,,4000000.0,83569.51168729419,0,445.50000000000006,83569.51168729419,,,,
47,agg_UTTAR_PRADESH,47,2071,FeedstockAggregator,agg_UTTAR_PRADESH,UTTAR_PRADESH,,,0.0,0.0,0.0,0.0,,,,,,,,,1.0,,,,390.0,13353490.121258928,13453490.121258928,,,,,,16500000.0,85006.898783641,0,473.00000000000006,85006.898783641,,,,
47,agg_BIHAR,47,2071,FeedstockAggregator,agg_BIHAR,BIHAR,,,0.0,0.0,0.0,0.0,,,,,,,,,1.0,,,,390.0,3233333.333,3333333.333,,,,,,3333333.333,82617.78673337561,0,467.50000000000006,82617.78673337561,,,,
47,agg_ANDHRA_PRADESH,47,2071,FeedstockAggregator,agg_ANDHRA_PRADESH,ANDHRA_PRADESH,,,0.0,0.0,0.0,0.0,,,,,,,,,1.0,,,,405.0,2568663.2316396986,2668663.2316396986,,,,,,3000000.0,80232.05194201981,0,495.00000000000006,80232.05194201981,,,,
47,agg_TAMIL_NADU,47,2071,FeedstockAggregator,agg_TAMIL_NADU,TAMIL_NADU,,,0.0,0.0,0.0,0.0,,,,,,,,,1.0,,,,435.0,1145952.2281291254,1245952.2281291254,,,,,,1333333.333,79310.53949689885,0,522.5,79310.53949689885,,,,
47,agg_MAHARASHTRA,47,2071,FeedstockAggregator,agg_MAHARASHTRA,MAHARASHTRA,,,0.0,0.0,0.0,0.0,,,,,,,,,1.0,,,,435.0,9379767.707160095,9479767.707160095,,,,,,10333333.333,79979.79577012209,0,517.0,79979.79577012209,,,,
47,agg_KARNATAKA,47,2071,FeedstockAggregator,agg_KARNATAKA,KARNATAKA,,,0.0,0.0,0.0,0.0,,,,,,,,,1.0,,,,405.0,4720897.925809402,4820897.925809402,,,,,,5666666.667,87261.89538018988,0,489.50000000000006,0.0,,,,
47,agg_WEST_BENGAL,47,2071,FeedstockAggregator,agg_WEST_BENGAL,WEST_BENGAL,,,0.0,0.0,0.0,0.0,,,,,,,,,1.0,,,,405.0,4521404.238210201,4621404.238210201,,,,,,5497000.0,85223.35378913119,0,500.50000000000006,85223.35378913119,,,,
47,agg_CHHATTISGARH,47,2071,FeedstockAggregator,agg_CHHATTISGARH,CHHATTISGARH,,,0.0,0.0,0.0,0.0,,,,,,,,,1.0,,,,360.0,2165523.2459396734,2365523.2459396734,,,,,,2666666.667,156312.66694571043,0,660.0,156312.66694571043,,,,
47,agg_ODISHA,47,2071,FeedstockAggregator,agg_ODISHA,ODISHA,,,0.0,0.0,0.0,0.0,,,,,,,,,1.0,,,,360.0,2830771.3010375528,2930771.3010375528,,,,,,3204666.667,86881.50874886638,0,445.50000000000006,86881.50874886638,,,,
47,agg_MADHYA_PRADESH,47,2071,FeedstockAggregator,agg_MADHYA_PRADESH,MADHYA_PRADESH,,,0.0,0.0,0.0,0.0,,,,,,,,,1.0,,,,390.0,3201426.1763409493,3301426.1763409493,,,,,,3333333.333,80203.75392859853,0,473.00000000000006,80203.75392859853,,,,
47,agg_TELANGANA,47,2071,FeedstockAggregator,agg_TELANGANA,TELANGANA,,,0.0,0.0,0.0,0.0,,,,,,,,,1.0,,,,390.0,4697034.010684808,4797034.010684808,,,,,,5698000.0,87032.88755919023,0,478.50000000000006,87032.88755919023,,,,
47,agg_ASSAM,47,2071,FeedstockAggregator,agg_ASSAM,ASSAM,,,0.0,0.0,0.0,0.0,,,,,,,,,1.0,,,,480.0,2000000.0,2000000.0,,,,,,2000000.0,0.0,0,572.0,0.0,,,,
47,agg_JHARKHAND,47,2071,FeedstockAggregator,agg_JHARKHAND,JHARKHAND,,,0.0,0.0,0.0,0.0,,,,,,,,,1.0,,,,435.0,1242080.7024944134,1342080.7024944134,,,,,,1666666.667,79610.82632654661,0,528.0,79610.82632654661,,,,
47,agg_RAJASTHAN,47,2071,FeedstockAggregator,agg_RAJASTHAN,RAJASTHAN,,,0.0,0.0,0.0,0.0,,,,,,,,,1.0,,,,435.0,1905899.4901954483,2005899.4901954483,,,,,,2333333.333,85441.39643131696,0,533.5,85441.39643131696,,,,
47,agg_KERALA,47,2071,FeedstockAggregator,agg_KERALA,KERALA,,,0.0,0.0,0.0,0.0,,,,,,,,,1.0,,,,480.0,976870.5654056976,976870.5654056976,,,,,,1000000.0,0.0,0,577.5,0.0,,,,
47,agg_GUJARAT,47,2071,FeedstockAggregator,agg_GUJARAT,GUJARAT,,,0.0,0.0,0.0,0.0,,,,,,,,,1.0,,,,405.0,1483333.333,1583333.333,,,,,,1583333.333,83497.75306770296,0,495.00000000000006,83497.75306770296,,,,
48,agg_PUNJAB,48,2072,FeedstockAggregator,agg_PUNJAB,PUNJAB,,,0.0,0.0,0.0,0.0,,,,,,,,,1.0,,,,360.0,4687000.0,4787000.0,,,,,,4787000.0,159110.7071530886,0,660.0,159110.7071530886,,,,
48,agg_HARYANA,48,2072,FeedstockAggregator,agg_HARYANA,HARYANA,,,0.0,0.0,0.0,0.0,,,,,,,,,1.0,,,,360.0,3900000.0,4000000.0,,,,,,4000000.0,83569.51168729419,0,445.50000000000006,83569.51168729419,,,,
48,agg_UTTAR_PRADESH,48,2072,FeedstockAggregator,agg_UTTAR_PRADESH,UTTAR_PRADESH,,,0.0,0.0,0.0,0.0,,,,,,,,,1.0,,,,390.0,15406405.241701849,15506405.241701849,,,,,,16500000.0,85006.898783641,0,473.00000000000006,85006.898783641,,,,
48,agg_BIHAR,48,2072,FeedstockAggregator,agg_BIHAR,BIHAR,,,0.0,0.0,0.0,0.0,,,,,,,,,1.0,,,,390.0,3183137.292199997,3283137.292199997,,,,,,3333333.333,82617.78673337561,0,467.50000000000006,82617.78673337561,,,,
48,agg_ANDHRA_PRADESH,48,2072,FeedstockAggregator,agg_ANDHRA_PRADESH,ANDHRA_PRADESH,,,0.0,0.0,0.0,0.0,,,,,,,,,1.0,,,,405.0,2900000.0,3000000.0,,,,,,3000000.0,80232.05194201981,0,495.00000000000006,80232.05194201981,,,,
48,agg_TAMIL_NADU,48,2072,FeedstockAggregator,agg_TAMIL_NADU,TAMIL_NADU,,,0.0,0.0,0.0,0.0,,,,,,,,,1.0,,,,435.0,1074468.348932385,1174468.348932385,,,,,,1333333.333,79310.53949689885,0,522.5,79310.53949689885,,,,
48,agg_MAHARASHTRA,48,2072,FeedstockAggregator,agg_MAHARASHTRA,MAHARASHTRA,,,0.0,0.0,0.0,0.0,,,,,,,,,1.0,,,,435.0,8978302.711561112,9078302.711561112,,,,,,10333333.333,79979.79577012209,0,517.0,79979.79577012209,,,,
48,agg_KARNATAKA,48,2072,FeedstockAggregator,agg_KARNATAKA,KARNATAKA,,,0.0,0.0,0.0,0.0,,,,,,,,,1.0,,,,405.0,5566666.667,5666666.667,,,,,,5666666.667,87261.89538018988,0,489.50000000000006,87261.89538018988,,,,
48,agg_WEST_BENGAL,48,2072,FeedstockAggregator,agg_WEST_BENGAL,WEST_BENGAL,,,0.0,0.0,0.0,0.0,,,,,,,,,1.0,,,,405.0,5397000.0,5497000.0,,,,,,5497000.0,85223.35378913119,0,500.50000000000006,85223.35378913119,,,,
48,agg_CHHATTISGARH,48,2072,FeedstockAggregator,agg_CHHATTISGARH,CHHATTISGARH,,,0.0,0.0,0.0,0.0,,,,,,,,,1.0,,,,360.0,2356113.3090109867,2556113.3090109867,,,,,,2666666.667,156312.66694571043,0,660.0,156312.66694571043,,,,
48,agg_ODISHA,48,2072,FeedstockAggregator,agg_ODISHA,ODISHA,,,0.0,0.0,0.0,0.0,,,,,,,,,1.0,,,,360.0,3104666.667,3204666.667,,,,,,3204666.667,86881.50874886638,0,445.50000000000006,86881.50874886638,,,,
48,agg_MADHYA_PRADESH,48,2072,FeedstockAggregator,agg_MADHYA_PRADESH,MADHYA_PRADESH,,,0.0,0.0,0.0,0.0,,,,,,,,,1.0,,,,390.0,2830815.66173381,2930815.66173381,,,,,,3333333.333,80203.75392859853,0,473.00000000000006,80203.75392859853,,,,
48,agg_TELANGANA,48,2072,FeedstockAggregator,agg_TELANGANA,TELANGANA,,,0.0,0.0,0.0,0.0,,,,,,,,,1.0,,,,390.0,4825493.395320035,4925493.395320035,,,,,,5698000.0,87032.88755919023,0,478.50000000000006,87032.88755919023,,,,
48,agg_ASSAM,48,2072,FeedstockAggregator,agg_ASSAM,ASSAM,,,0.0,0.0,0.0,0.0,,,,,,,,,1.0,,,,480.0,1838125.5302040572,1838125.5302040572,,,,,,2000000.0,0.0,0,572.0,0.0,,,,
48,agg_JHARKHAND,48,2072,FeedstockAggregator,agg_JHARKHAND,JHARKHAND,,,0.0,0.0,0.0,0.0,,,,,,,,,1.0,,,,435.0,1431149.4716537744,1531149.4716537744,,,,,,1666666.667,79610.82632654661,0,528.0,79610.82632654661,,,,
48,agg_RAJASTHAN,48,2072,FeedstockAggregator,agg_RAJASTHAN,RAJASTHAN,,,0.0,0.0,0.0,0.0,,,,,,,,,1.0,,,,435.0,2233333.333,2333333.333,,,,,,2333333.333,85441.39643131696,0,533.5,85441.39643131696,,,,
48,agg_KERALA,48,2072,FeedstockAggregator,agg_KERALA,KERALA,,,0.0,0.0,0.0,0.0,,,,,,,,,1.0,,,,480.0,1000000.0,1000000.0,,,,,,1000000.0,0.0,0,577.5,0.0,,,,
48,agg_GUJARAT,48,2072,FeedstockAggregator,agg_GUJARAT,GUJARAT,,,0.0,0.0,0.0,0.0,,,,,,,,,1.0,,,,405.0,1483333.333,1583333.333,,,,,,1583333.333,83497.75306770296,0,495.00000000000006,83497.75306770296,,,,
49,agg_PUNJAB,49,2073,FeedstockAggregator,agg_PUNJAB,PUNJAB,,,0.0,0.0,0.0,0.0,,,,,,,,,1.0,,,,360.0,4587000.0,4787000.0,,,,,,4787000.0,159110.7071530886,0,660.0,159110.7071530886,,,,
49,agg_HARYANA,49,2073,FeedstockAggregator,agg_HARYANA,HARYANA,,,0.0,0.0,0.0,0.0,,,,,,,,,1.0,,,,360.0,3120744.134334878,3220744.134334878,,,,,,4000000.0,83569.51168729419,0,445.50000000000006,83569.51168729419,,,,
49,agg_UTTAR_PRADESH,49,2073,FeedstockAggregator,agg_UTTAR_PRADESH,UTTAR_PRADESH,,,0.0,0.0,0.0,0.0,,,,,,,,,1.0,,,,390.0,13682515.538932351,13782515.538932351,,,,,,16500000.0,85006.898783641,0,473.00000000000006,85006.898783641,,,,
49,agg_BIHAR,49,2073,FeedstockAggregator,agg_BIHAR,BIHAR,,,0.0,0.0,0.0,0.0,,,,,,,,,1.0,,,,390.0,3233333.333,3333333.333,,,,,,3333333.333,82617.78673337561,0,467.50000000000006,82617.78673337561,,,,
49,agg_ANDHRA_PRADESH,49,2073,FeedstockAggregator,agg_ANDHRA_PRADESH,ANDHRA_PRADESH,,,0.0,0.0,0.0,0.0,,,,,,,,,1.0,,,,405.0,2900000.0,3000000.0,,,,,,3000000.0,80232.05194201981,0,495.00000000000006,80232.05194201981,,,,
49,agg_TAMIL_NADU,49,2073,FeedstockAggregator,agg_TAMIL_NADU,TAMIL_NADU,,,0.0,0.0,0.0,0.0,,,,,,,,,1.0,,,,435.0,1092018.9233968882,1192018.9233968882,,,,,,1333333.333,79310.53949689885,0,522.5,79310.53949689885,,,,
49,agg_MAHARASHTRA,49,2073,FeedstockAggregator,agg_MAHARASHTRA,MAHARASHTRA,,,0.0,0.0,0.0,0.0,,,,,,,,,1.0,,,,435.0,9222091.334458912,9322091.334458912,,,,,,10333333.333,79979.79577012209,0,517.0,79979.79577012209,,,,
49,agg_KARNATAKA,49,2073,FeedstockAggregator,agg_KARNATAKA,KARNATAKA,,,0.0,0.0,0.0,0.0,,,,,,,,,1.0,,,,405.0,4466358.741361633,4566358.741361633,,,,,,5666666.667,87261.89538018988,0,489.50000000000006,87261.89538018988,,,,
49,agg_WEST_BENGAL,49,2073,FeedstockAggregator,agg_WEST_BENGAL,WEST_BENGAL,,,0.0,0.0,0.0,0.0,,,,,,,,,1.0,,,,405.0,4361623.156534322,4461623.156534322,,,,,,5497000.0,85223.35378913119,0,500.50000000000006,85223.35378913119,,,,
49,agg_CHHATTISGARH,49,2073,FeedstockAggregator,agg_CHHATTISGARH,CHHATTISGARH,,,0.0,0.0,0.0,0.0,,,,,,,,,1.0,,,,360.0,2466666.667,2666666.667,,,,,,2666666.667,156312.66694571043,0,660.0,156312.66694571043,,,,
49,agg_ODISHA,49,2073,FeedstockAggregator,agg_ODISHA,ODISHA,,,0.0,0.0,0.0,0.0,,,,,,,,,1.0,,,,360.0,3056363.1583988764,3156363.1583988764,,,,,,3204666.667,86881.50874886638,0,445.50000000000006,86881.50874886638,,,,
49,agg_MADHYA_PRADESH,49,2073,FeedstockAggregator,agg_MADHYA_PRADESH,MADHYA_PRADESH,,,0.0,0.0,0.0,0.0,,,,,,,,,1.0,,,,390.0,2568978.368791182,2668978.368791182,,,,,,3333333.333,80203.75392859853,0,473.00000000000006,80203.75392859853,,,,
49,agg_TELANGANA,49,2073,FeedstockAggregator,agg_TELANGANA,TELANGANA,,,0.0,0.0,0.0,0.0,,,,,,,,,1.0,,,,390.0,4526401.557506345,4626401.557506345,,,,,,5698000.0,87032.88755919023,0,478.50000000000006,87032.88755919023,,,,
49,agg_ASSAM,49,2073,FeedstockAggregator,agg_ASSAM,ASSAM,,,0.0,0.0,0.0,0.0,,,,,,,,,1.0,,,,480.0,1694820.8024656994,1694820.8024656994,,,,,,2000000.0,0.0,0,572.0,0.0,,,,
49,agg_JHARKHAND,49,2073,FeedstockAggregator,agg_JHARKHAND,JHARKHAND,,,0.0,0.0,0.0,0.0,,,,,,,,,1.0,,,,435.0,1566666.667,1666666.667,,,,,,1666666.667,79610.82632654661,0,528.0,79610.82632654661,,,,
49,agg_RAJASTHAN,49,2073,FeedstockAggregator,agg_RAJASTHAN,RAJASTHAN,,,0.0,0.0,0.0,0.0,,,,,,,,,1.0,,,,435.0,2199321.1254220298,2299321.1254220298,,,,,,2333333.333,85441.39643131696,0,533.5,85441.39643131696,,,,
49,agg_KERALA,49,2073,FeedstockAggregator,agg_KERALA,KERALA,,,0.0,0.0,0.0,0.0,,,,,,,,,1.0,,,,480.0,1000000.0,1000000.0,,,,,,1000000.0,0.0,0,577.5,0.0,,,,
49,agg_GUJARAT,49,2073,FeedstockAggregator,agg_GUJARAT,GUJARAT,,,0.0,0.0,0.0,0.0,,,,,,,,,1.0,,,,405.0,1483333.333,1583333.333,,,,,,1583333.333,83497.75306770296,0,495.00000000000006,83497.75306770296,,,,
50,agg_PUNJAB,50,2074,FeedstockAggregator,agg_PUNJAB,PUNJAB,,,0.0,0.0,0.0,0.0,,,,,,,,,1.0,,,,360.0,4088982.728071983,4288982.728071983,,,,,,4787000.0,159110.7071530886,0,660.0,159110.7071530886,,,,
50,agg_HARYANA,50,2074,FeedstockAggregator,agg_HARYANA,HARYANA,,,0.0,0.0,0.0,0.0,,,,,,,,,1.0,,,,360.0,3715945.014807032,3815945.014807032,,,,,,4000000.0,83569.51168729419,0,445.50000000000006,0.0,,,,
50,agg_UTTAR_PRADESH,50,2074,FeedstockAggregator,agg_UTTAR_PRADESH,UTTAR_PRADESH,,,0.0,0.0,0.0,0.0,,,,,,,,,1.0,,,,390.0,15584280.475726012,15684280.475726012,,,,,,16500000.0,85006.898783641,0,473.00000000000006,85006.898783641,,,,
50,agg_BIHAR,50,2074,FeedstockAggregator,agg_BIHAR,BIHAR,,,0.0,0.0,0.0,0.0,,,,,,,,,1.0,,,,390.0,2819352.4610496345,2919352.4610496345,,,,,,3333333.333,82617.78673337561,0,467.50000000000006,82617.78673337561,,,,
50,agg_ANDHRA_PRADESH,50,2074,FeedstockAggregator,agg_ANDHRA_PRADESH,ANDHRA_PRADESH,,,0.0,0.0,0.0,0.0,,,,,,,,,1.0,,,,405.0,2900000.0,3000000.0,,,,,,3000000.0,80232.05194201981,0,495.00000000000006,80232.05194201981,,,,
50,agg_TAMIL_NADU,50,2074,FeedstockAggregator,agg_TAMIL_NADU,TAMIL_NADU,,,0.0,0.0,0.0,0.0,,,,,,,,,1.0,,,,435.0,1208114.4940851785,1308114.4940851785,,,,,,1333333.333,79310.53949689885,0,522.5,79310.53949689885,,,,
50,agg_MAHARASHTRA,50,2074,FeedstockAggregator,agg_MAHARASHTRA,MAHARASHTRA,,,0.0,0.0,0.0,0.0,,,,,,,,,1.0,,,,435.0,9399212.651608719,9499212.651608719,,,,,,10333333.333,79979.79577012209,0,517.0,79979.79577012209,,,,
50,agg_KARNATAKA,50,2074,FeedstockAggregator,agg_KARNATAKA,KARNATAKA,,,0.0,0.0,0.0,0.0,,,,,,,,,1.0,,,,405.0,4603591.954200854,4703591.954200854,,,,,,5666666.667,87261.89538018988,0,489.50000000000006,87261.89538018988,,,,
50,agg_WEST_BENGAL,50,2074,FeedstockAggregator,agg_WEST_BENGAL,WEST_BENGAL,,,0.0,0.0,0.0,0.0,,,,,,,,,1.0,,,,405.0,5397000.0,5497000.0,,,,,,5497000.0,85223.35378913119,0,500.50000000000006,85223.35378913119,,,,
50,agg_CHHATTISGARH,50,2074,FeedstockAggregator,agg_CHHATTISGARH,CHHATTISGARH,,,0.0,0.0,0.0,0.0,,,,,,,,,1.0,,,,360.0,2466666.667,2666666.667,,,,,,2666666.667,156312.66694571043,0,660.0,156312.66694571043,,,,
50,agg_ODISHA,50,2074,FeedstockAggregator,agg_ODISHA,ODISHA,,,0.0,0.0,0.0,0.0,,,,,,,,,1.0,,,,360.0,3020170.090403953,3120170.090403953,,,,,,3204666.667,86881.50874886638,0,445.50000000000006,86881.50874886638,,,,
50,agg_MADHYA_PRADESH,50,2074,FeedstockAggregator,agg_MADHYA_PRADESH,MADHYA_PRADESH,,,0.0,0.0,0.0,0.0,,,,,,,,,1.0,,,,390.0,2738080.4272115934,2838080.4272115934,,,,,,3333333.333,80203.75392859853,0,473.00000000000006,80203.75392859853,,,,
50,agg_TELANGANA,50,2074,FeedstockAggregator,agg_TELANGANA,TELANGANA,,,0.0,0.0,0.0,0.0,,,,,,,,,1.0,,,,390.0,5078981.327779559,5178981.327779559,,,,,,5698000.0,87032.88755919023,0,478.50000000000006,87032.88755919023,,,,
50,agg_ASSAM,50,2074,FeedstockAggregator,agg_ASSAM,ASSAM,,,0.0,0.0,0.0,0.0,,,,,,,,,1.0,,,,480.0,1818713.9351823023,1818713.9351823023,,,,,,2000000.0,0.0,0,572.0,0.0,,,,
50,agg_JHARKHAND,50,2074,FeedstockAggregator,agg_JHARKHAND,JHARKHAND,,,0.0,0.0,0.0,0.0,,,,,,,,,1.0,,,,435.0,1566666.667,1666666.667,,,,,,1666666.667,79610.82632654661,0,528.0,79610.82632654661,,,,
50,agg_RAJASTHAN,50,2074,FeedstockAggregator,agg_RAJASTHAN,RAJASTHAN,,,0.0,0.0,0.0,0.0,,,,,,,,,1.0,,,,435.0,2233333.333,2333333.333,,,,,,2333333.333,85441.39643131696,0,533.5,85441.39643131696,,,,
50,agg_KERALA,50,2074,FeedstockAggregator,agg_KERALA,KERALA,,,0.0,0.0,0.0,0.0,,,,,,,,,1.0,,,,480.0,999739.0833712778,999739.0833712778,,,,,,1000000.0,0.0,0,577.5,0.0,,,,
50,agg_GUJARAT,50,2074,FeedstockAggregator,agg_GUJARAT,GUJARAT,,,0.0,0.0,0.0,0.0,,,,,,,,,1.0,,,,405.0,1483333.333,1583333.333,,,,,,1583333.333,83497.75306770296,0,495.00000000000006,83497.75306770296,,,,
51,agg_PUNJAB,51,2075,FeedstockAggregator,agg_PUNJAB,PUNJAB,,,0.0,0.0,0.0,0.0,,,,,,,,,1.0,,,,360.0,4503704.810939291,4703704.810939291,,,,,,4787000.0,159110.7071530886,0,660.0,159110.7071530886,,,,
51,agg_HARYANA,51,2075,FeedstockAggregator,agg_HARYANA,HARYANA,,,0.0,0.0,0.0,0.0,,,,,,,,,1.0,,,,360.0,3155131.8131317617,3255131.8131317617,,,,,,4000000.0,161740.64090900955,0,445.50000000000006,161740.64090900955,,,,
51,agg_UTTAR_PRADESH,51,2075,FeedstockAggregator,agg_UTTAR_PRADESH,UTTAR_PRADESH,,,0.0,0.0,0.0,0.0,,,,,,,,,1.0,,,,390.0,15560629.737487486,15660629.737487486,,,,,,16500000.0,85006.898783641,0,473.00000000000006,85006.898783641,,,,
51,agg_BIHAR,51,2075,FeedstockAggregator,agg_BIHAR,BIHAR,,,0.0,0.0,0.0,0.0,,,,,,,,,1.0,,,,390.0,3233333.333,3333333.333,,,,,,3333333.333,82617.78673337561,0,467.50000000000006,82617.78673337561,,,,
51,agg_ANDHRA_PRADESH,51,2075,FeedstockAggregator,agg_ANDHRA_PRADESH,ANDHRA_PRADESH,,,0.0,0.0,0.0,0.0,,,,,,,,,1.0,,,,405.0,2900000.0,3000000.0,,,,,,3000000.0,80232.05194201981,0,495.00000000000006,80232.05194201981,,,,
51,agg_TAMIL_NADU,51,2075,FeedstockAggregator,agg_TAMIL_NADU,TAMIL_NADU,,,0.0,0.0,0.0,0.0,,,,,,,,,1.0,,,,435.0,1194773.777948581,1294773.777948581,,,,,,1333333.333,79310.53949689885,0,522.5,79310.53949689885,,,,
51,agg_MAHARASHTRA,51,2075,FeedstockAggregator,agg_MAHARASHTRA,MAHARASHTRA,,,0.0,0.0,0.0,0.0,,,,,,,,,1.0,,,,435.0,10233333.333,10333333.333,,,,,,10333333.333,79979.79577012209,0,517.0,79979.79577012209,,,,
51,agg_KARNATAKA,51,2075,FeedstockAggregator,agg_KARNATAKA,KARNATAKA,,,0.0,0.0,0.0,0.0,,,,,,,,,1.0,,,,405.0,5566666.667,5666666.667,,,,,,5666666.667,87261.89538018988,0,489.50000000000006,87261.89538018988,,,,
51,agg_WEST_BENGAL,51,2075,FeedstockAggregator,agg_WEST_BENGAL,WEST_BENGAL,,,0.0,0.0,0.0,0.0,,,,,,,,,1.0,,,,405.0,5397000.0,5497000.0,,,,,,5497000.0,85223.35378913119,0,500.50000000000006,85223.35378913119,,,,
51,agg_CHHATTISGARH,51,2075,FeedstockAggregator,agg_CHHATTISGARH,CHHATTISGARH,,,0.0,0.0,0.0,0.0,,,,,,,,,1.0,,,,360.0,2331308.067014044,2531308.067014044,,,,,,2666666.667,156312.66694571043,0,660.0,156312.66694571043,,,,
51,agg_ODISHA,51,2075,FeedstockAggregator,agg_ODISHA,ODISHA,,,0.0,0.0,0.0,0.0,,,,,,,,,1.0,,,,360.0,2932194.413035231,3032194.413035231,,,,,,3204666.667,86881.50874886638,0,445.50000000000006,0.0,,,,
51,agg_MADHYA_PRADESH,51,2075,FeedstockAggregator,agg_MADHYA_PRADESH,MADHYA_PRADESH,,,0.0,0.0,0.0,0.0,,,,,,,,,1.0,,,,390.0,3125206.8725799522,3225206.8725799522,,,,,,3333333.333,80203.75392859853,0,473.00000000000006,80203.75392859853,,,,
51,agg_TELANGANA,51,2075,FeedstockAggregator,agg_TELANGANA,TELANGANA,,,0.0,0.0,0.0,0.0,,,,,,,,,1.0,,,,390.0,5464565.920254351,5564565.920254351,,,,,,5698000.0,87032.88755919023,0,478.50000000000006,87032.88755919023,,,,
51,agg_ASSAM,51,2075,FeedstockAggregator,agg_ASSAM,ASSAM,,,0.0,0.0,0.0,0.0,,,,,,,,,1.0,,,,480.0,1692097.2059305538,1692097.2059305538,,,,,,2000000.0,0.0,0,572.0,0.0,,,,
51,agg_JHARKHAND,51,2075,FeedstockAggregator,agg_JHARKHAND,JHARKHAND,,,0.0,0.0,0.0,0.0,,,,,,,,,1.0,,,,435.0,1459425.6955557761,1559425.6955557761,,,,,,1666666.667,79610.82632654661,0,528.0,79610.82632654661,,,,
51,agg_RAJASTHAN,51,2075,FeedstockAggregator,agg_RAJASTHAN,RAJASTHAN,,,0.0,0.0,0.0,0.0,,,,,,,,,1.0,,,,435.0,2019085.2918887422,2119085.2918887422,,,,,,2333333.333,85441.39643131696,0,533.5,85441.39643131696,,,,
51,agg_KERALA,51,2075,FeedstockAggregator,agg_KERALA,KERALA,,,0.0,0.0,0.0,0.0,,,,,,,,,1.0,,,,480.0,1000000.0,1000000.0,,,,,,1000000.0,0.0,0,577.5,0.0,,,,
51,agg_GUJARAT,51,2075,FeedstockAggregator,agg_GUJARAT,GUJARAT,,,0.0,0.0,0.0,0.0,,,,,,,,,1.0,,,,405.0,1196518.0308453902,1296518.0308453902,,,,,,1583333.333,83497.75306770296,0,495.00000000000006,83497.75306770296,,,,
52,agg_PUNJAB,52,2076,FeedstockAggregator,agg_PUNJAB,PUNJAB,,,0.0,0.0,0.0,0.0,,,,,,,,,1.0,,,,360.0,4517490.4940472245,4717490.4940472245,,,,,,4787000.0,159110.7071530886,0,660.0,159110.7071530886,,,,
52,agg_HARYANA,52,2076,FeedstockAggregator,agg_HARYANA,HARYANA,,,0.0,0.0,0.0,0.0,,,,,,,,,1.0,,,,360.0,3726869.0544836745,3826869.0544836745,,,,,,4000000.0,161740.64090900955,0,665.5,161740.64090900955,,,,
52,agg_UTTAR_PRADESH,52,2076,FeedstockAggregator,agg_UTTAR_PRADESH,UTTAR_PRADESH,,,0.0,0.0,0.0,0.0,,,,,,,,,1.0,,,,390.0,15711162.778007453,15811162.778007453,,,,,,16500000.0,85006.898783641,0,473.00000000000006,85006.898783641,,,,
52,agg_BIHAR,52,2076,FeedstockAggregator,agg_BIHAR,BIHAR,,,0.0,0.0,0.0,0.0,,,,,,,,,1.0,,,,390.0,2704296.919835973,2804296.919835973,,,,,,3333333.333,82617.78673337561,0,467.50000000000006,0.0,,,,
52,agg_ANDHRA_PRADESH,52,2076,FeedstockAggregator,agg_ANDHRA_PRADESH,ANDHRA_PRADESH,,,0.0,0.0,0.0,0.0,,,,,,,,,1.0,,,,405.0,2900000.0,3000000.0,,,,,,3000000.0,80232.05194201981,0,495.00000000000006,0.0,,,,
52,agg_TAMIL_NADU,52,2076,FeedstockAggregator,agg_TAMIL_NADU,TAMIL_NADU,,,0.0,0.0,0.0,0.0,,,,,,,,,1.0,,,,435.0,1006039.8700222475,1106039.8700222475,,,,,,1333333.333,79310.53949689885,0,522.5,79310.53949689885,,,,
52,agg_MAHARASHTRA,52,2076,FeedstockAggregator,agg_MAHARASHTRA,MAHARASHTRA,,,0.0,0.0,0.0,0.0,,,,,,,,,1.0,,,,435.0,10233333.333,10333333.333,,,,,,10333333.333,79979.79577012209,0,517.0,79979.79577012209,,,,
52,agg_KARNATAKA,52,2076,FeedstockAggregator,agg_KARNATAKA,KARNATAKA,,,0.0,0.0,0.0,0.0,,,,,,,,,1.0,,,,405.0,4548436.4869466005,4648436.4869466005,,,,,,5666666.667,87261.89538018988,0,489.50000000000006,87261.89538018988,,,,
52,agg_WEST_BENGAL,52,2076,FeedstockAggregator,agg_WEST_BENGAL,WEST_BENGAL,,,0.0,0.0,0.0,0.0,,,,,,,,,1.0,,,,405.0,4385665.8909022,4485665.8909022,,,,,,5497000.0,85223.35378913119,0,500.50000000000006,85223.35378913119,,,,
52,agg_CHHATTISGARH,52,2076,FeedstockAggregator,agg_CHHATTISGARH,CHHATTISGARH,,,0.0,0.0,0.0,0.0,,,,,,,,,1.0,,,,360.0,2466666.667,2666666.667,,,,,,2666666.667,156312.66694571043,0,660.0,156312.66694571043,,,,
52,agg_ODISHA,52,2076,FeedstockAggregator,agg_ODISHA,ODISHA,,,0.0,0.0,0.0,0.0,,,,,,,,,1.0,,,,360.0,2626812.589534984,2726812.589534984,,,,,,3204666.667,86881.50874886638,0,445.50000000000006,86881.50874886638,,,,
52,agg_MADHYA_PRADESH,52,2076,FeedstockAggregator,agg_MADHYA_PRADESH,MADHYA_PRADESH,,,0.0,0.0,0.0,0.0,,,,,,,,,1.0,,,,390.0,3233333.333,3333333.333,,,,,,3333333.333,80203.75392859853,0,473.00000000000006,80203.75392859853,,,,
52,agg_TELANGANA,52,2076,FeedstockAggregator,agg_TELANGANA,TELANGANA,,,0.0,0.0,0.0,0.0,,,,,,,,,1.0,,,,390.0,5598000.0,5698000.0,,,,,,5698000.0,87032.88755919023,0,478.50000000000006,87032.88755919023,,,,
52,agg_ASSAM,52,2076,FeedstockAggregator,agg_ASSAM,ASSAM,,,0.0,0.0,0.0,0.0,,,,,,,,,1.0,,,,480.0,1940622.842823747,1940622.842823747,,,,,,2000000.0,80023.09621949421,0,572.0,80023.09621949421,,,,
52,agg_JHARKHAND,52,2076,FeedstockAggregator,agg_JHARKHAND,JHARKHAND,,,0.0,0.0,0.0,0.0,,,,,,,,,1.0,,,,435.0,1447814.8394656824,1547814.8394656824,,,,,,1666666.667,79610.82632654661,0,528.0,79610.82632654661,,,,
52,agg_RAJASTHAN,52,2076,FeedstockAggregator,agg_RAJASTHAN,RAJASTHAN,,,0.0,0.0,0.0,0.0,,,,,,,,,1.0,,,,435.0,2233333.333,2333333.333,,,,,,2333333.333,85441.39643131696,0,533.5,85441.39643131696,,,,
52,agg_KERALA,52,2076,FeedstockAggregator,agg_KERALA,KERALA,,,0.0,0.0,0.0,0.0,,,,,,,,,1.0,,,,480.0,1000000.0,1000000.0,,,,,,1000000.0,0.0,0,577.5,0.0,,,,
52,agg_GUJARAT,52,2076,FeedstockAggregator,agg_GUJARAT,GUJARAT,,,0.0,0.0,0.0,0.0,,,,,,,,,1.0,,,,405.0,1483333.333,1583333.333,,,,,,1583333.333,83497.75306770296,0,495.00000000000006,83497.75306770296,,,,
53,agg_PUNJAB,53,2077,FeedstockAggregator,agg_PUNJAB,PUNJAB,,,0.0,0.0,0.0,0.0,,,,,,,,,1.0,,,,360.0,4587000.0,4787000.0,,,,,,4787000.0,159110.7071530886,0,660.0,159110.7071530886,,,,
53,agg_HARYANA,53,2077,FeedstockAggregator,agg_HARYANA,HARYANA,,,0.0,0.0,0.0,0.0,,,,,,,,,1.0,,,,360.0,3900000.0,4000000.0,,,,,,4000000.0,161740.64090900955,0,665.5,161740.64090900955,,,,
53,agg_UTTAR_PRADESH,53,2077,FeedstockAggregator,agg_UTTAR_PRADESH,UTTAR_PRADESH,,,0.0,0.0,0.0,0.0,,,,,,,,,1.0,,,,390.0,16400000.0,16500000.0,,,,,,16500000.0,85006.898783641,0,473.00000000000006,85006.898783641,,,,
53,agg_BIHAR,53,2077,FeedstockAggregator,agg_BIHAR,BIHAR,,,0.0,0.0,0.0,0.0,,,,,,,,,1.0,,,,390.0,3233333.333,3333333.333,,,,,,3333333.333,82617.78673337561,0,467.50000000000006,82617.78673337561,,,,
53,agg_ANDHRA_PRADESH,53,2077,FeedstockAggregator,agg_ANDHRA_PRADESH,ANDHRA_PRADESH,,,0.0,0.0,0.0,0.0,,,,,,,,,1.0,,,,405.0,2461046.1834129477,2561046.1834129477,,,,,,3000000.0,80232.05194201981,0,495.00000000000006,80232.05194201981,,,,
53,agg_TAMIL_NADU,53,2077,FeedstockAggregator,agg_TAMIL_NADU,TAMIL_NADU,,,0.0,0.0,0.0,0.0,,,,,,,,,1.0,,,,435.0,1233333.333,1333333.333,,,,,,1333333.333,79310.53949689885,0,522.5,79310.53949689885,,,,
53,agg_MAHARASHTRA,53,2077,FeedstockAggregator,agg_MAHARASHTRA,MAHARASHTRA,,,0.0,0.0,0.0,0.0,,,,,,,,,1.0,,,,435.0,10233333.333,10333333.333,,,,,,10333333.333,79979.79577012209,0,517.0,79979.79577012209,,,,
53,agg_KARNATAKA,53,2077,FeedstockAggregator,agg_KARNATAKA,KARNATAKA,,,0.0,0.0,0.0,0.0,,,,,,,,,1.0,,,,405.0,5566666.667,5666666.667,,,,,,5666666.667,87261.89538018988,0,489.50000000000006,87261.89538018988,,,,
53,agg_WEST_BENGAL,53,2077,FeedstockAggregator,agg_WEST_BENGAL,WEST_BENGAL,,,0.0,0.0,0.0,0.0,,,,,,,,,1.0,,,,405.0,5397000.0,5497000.0,,,,,,5497000.0,85223.35378913119,0,500.50000000000006,85223.35378913119,,,,
53,agg_CHHATTISGARH,53,2077,FeedstockAggregator,agg_CHHATTISGARH,CHHATTISGARH,,,0.0,0.0,0.0,0.0,,,,,,,,,1.0,,,,360.0,2466666.667,2666666.667,,,,,,2666666.667,156312.66694571043,0,660.0,156312.66694571043,,,,
53,agg_ODISHA,53,2077,FeedstockAggregator,agg_ODISHA,ODISHA,,,0.0,0.0,0.0,0.0,,,,,,,,,1.0,,,,360.0,3104666.667,3204666.667,,,,,,3204666.667,86881.50874886638,0,445.50000000000006,86881.50874886638,,,,
53,agg_MADHYA_PRADESH,53,2077,FeedstockAggregator,agg_MADHYA_PRADESH,MADHYA_PRADESH,,,0.0,0.0,0.0,0.0,,,,,,,,,1.0,,,,390.0,3233333.333,3333333.333,,,,,,3333333.333,80203.75392859853,0,473.00000000000006,80203.75392859853,,,,
53,agg_TELANGANA,53,2077,FeedstockAggregator,agg_TELANGANA,TELANGANA,,,0.0,0.0,0.0,0.0,,,,,,,,,1.0,,,,390.0,5309334.96221544,5409334.96221544,,,,,,5698000.0,87032.88755919023,0,478.50000000000006,87032.88755919023,,,,
53,agg_ASSAM,53,2077,FeedstockAggregator,agg_ASSAM,ASSAM,,,0.0,0.0,0.0,0.0,,,,,,,,,1.0,,,,480.0,2000000.0,2000000.0,,,,,,2000000.0,80023.09621949421,0,572.0,80023.09621949421,,,,
53,agg_JHARKHAND,53,2077,FeedstockAggregator,agg_JHARKHAND,JHARKHAND,,,0.0,0.0,0.0,0.0,,,,,,,,,1.0,,,,435.0,1382047.3245250562,1482047.3245250562,,,,,,1666666.667,79610.82632654661,0,528.0,79610.82632654661,,,,
53,agg_RAJASTHAN,53,2077,FeedstockAggregator,agg_RAJASTHAN,RAJASTHAN,,,0.0,0.0,0.0,0.0,,,,,,,,,1.0,,,,435.0,2233333.333,2333333.333,,,,,,2333333.333,85441.39643131696,0,533.5,85441.39643131696,,,,
53,agg_KERALA,53,2077,FeedstockAggregator,agg_KERALA,KERALA,,,0.0,0.0,0.0,0.0,,,,,,,,,1.0,,,,480.0,1000000.0,1000000.0,,,,,,1000000.0,0.0,0,577.5,0.0,,,,
53,agg_GUJARAT,53,2077,FeedstockAggregator,agg_GUJARAT,GUJARAT,,,0.0,0.0,0.0,0.0,,,,,,,,,1.0,,,,405.0,1483333.333,1583333.333,,,,,,1583333.333,83497.75306770296,0,495.00000000000006,83497.75306770296,,,,
54,agg_PUNJAB,54,2078,FeedstockAggregator,agg_PUNJAB,PUNJAB,,,0.0,0.0,0.0,0.0,,,,,,,,,1.0,,,,360.0,4448842.50803183,4648842.50803183,,,,,,4787000.0,159110.7071530886,0,660.0,159110.7071530886,,,,
54,agg_HARYANA,54,2078,FeedstockAggregator,agg_HARYANA,HARYANA,,,0.0,0.0,0.0,0.0,,,,,,,,,1.0,,,,360.0,3440788.070578931,3540788.070578931,,,,,,4000000.0,161740.64090900955,0,665.5,161740.64090900955,,,,
54,agg_UTTAR_PRADESH,54,2078,FeedstockAggregator,agg_UTTAR_PRADESH,UTTAR_PRADESH,,,0.0,0.0,0.0,0.0,,,,,,,,,1.0,,,,390.0,16400000.0,16500000.0,,,,,,16500000.0,85006.898783641,0,473.00000000000006,85006.898783641,,,,
54,agg_BIHAR,54,2078,FeedstockAggregator,agg_BIHAR,BIHAR,,,0.0,0.0,0.0,0.0,,,,,,,,,1.0,,,,390.0,3188250.4932233747,3288250.4932233747,,,,,,3333333.333,82617.78673337561,0,467.50000000000006,82617.78673337561,,,,
54,agg_ANDHRA_PRADESH,54,2078,FeedstockAggregator,agg_ANDHRA_PRADESH,ANDHRA_PRADESH,,,0.0,0.0,0.0,0.0,,,,,,,,,1.0,,,,405.0,2900000.0,3000000.0,,,,,,3000000.0,80232.05194201981,0,495.00000000000006,80232.05194201981,,,,
54,agg_TAMIL_NADU,54,2078,FeedstockAggregator,agg_TAMIL_NADU,TAMIL_NADU,,,0.0,0.0,0.0,0.0,,,,,,,,,1.0,,,,435.0,1233333.333,1333333.333,,,,,,1333333.333,79310.53949689885,0,522.5,0.0,,,,
54,agg_MAHARASHTRA,54,2078,FeedstockAggregator,agg_MAHARASHTRA,MAHARASHTRA,,,0.0,0.0,0.0,0.0,,,,,,,,,1.0,,,,435.0,10233333.333,10333333.333,,,,,,10333333.333,79979.79577012209,0,517.0,0.0,,,,
54,agg_KARNATAKA,54,2078,FeedstockAggregator,agg_KARNATAKA,KARNATAKA,,,0.0,0.0,0.0,0.0,,,,,,,,,1.0,,,,405.0,5566666.667,5666666.667,,,,,,5666666.667,87261.89538018988,0,489.50000000000006,87261.89538018988,,,,
54,agg_WEST_BENGAL,54,2078,FeedstockAggregator,agg_WEST_BENGAL,WEST_BENGAL,,,0.0,0.0,0.0,0.0,,,,,,,,,1.0,,,,405.0,5204330.301792108,5304330.301792108,,,,,,5497000.0,85223.35378913119,0,500.50000000000006,0.0,,,,
54,agg_CHHATTISGARH,54,2078,FeedstockAggregator,agg_CHHATTISGARH,CHHATTISGARH,,,0.0,0.0,0.0,0.0,,,,,,,,,1.0,,,,360.0,2466666.667,2666666.667,,,,,,2666666.667,156312.66694571043,0,660.0,156312.66694571043,,,,
54,agg_ODISHA,54,2078,FeedstockAggregator,agg_ODISHA,ODISHA,,,0.0,0.0,0.0,0.0,,,,,,,,,1.0,,,,360.0,2522113.584695656,2622113.584695656,,,,,,3204666.667,86881.50874886638,0,445.50000000000006,86881.50874886638,,,,
54,agg_MADHYA_PRADESH,54,2078,FeedstockAggregator,agg_MADHYA_PRADESH,MADHYA_PRADESH,,,0.0,0.0,0.0,0.0,,,,,,,,,1.0,,,,390.0,2616126.015055918,2716126.015055918,,,,,,3333333.333,80203.75392859853,0,473.00000000000006,80203.75392859853,,,,
54,agg_TELANGANA,54,2078,FeedstockAggregator,agg_TELANGANA,TELANGANA,,,0.0,0.0,0.0,0.0,,,,,,,,,1.0,,,,390.0,4716711.017763037,4816711.017763037,,,,,,5698000.0,87032.88755919023,0,478.50000000000006,87032.88755919023,,,,
54,agg_ASSAM,54,2078,FeedstockAggregator,agg_ASSAM,ASSAM,,,0.0,0.0,0.0,0.0,,,,,,,,,1.0,,,,480.0,2000000.0,2000000.0,,,,,,2000000.0,80023.09621949421,0,572.0,80023.09621949421,,,,
54,agg_JHARKHAND,54,2078,FeedstockAggregator,agg_JHARKHAND,JHARKHAND,,,0.0,0.0,0.0,0.0,,,,,,,,,1.0,,,,435.0,1364772.441765599,1464772.441765599,,,,,,1666666.667,79610.82632654661,0,528.0,79610.82632654661,,,,
54,agg_RAJASTHAN,54,2078,FeedstockAggregator,agg_RAJASTHAN,RAJASTHAN,,,0.0,0.0,0.0,0.0,,,,,,,,,1.0,,,,435.0,2233333.333,2333333.333,,,,,,2333333.333,85441.39643131696,0,533.5,85441.39643131696,,,,
54,agg_KERALA,54,2078,FeedstockAggregator,agg_KERALA,KERALA,,,0.0,0.0,0.0,0.0,,,,,,,,,1.0,,,,480.0,1000000.0,1000000.0,,,,,,1000000.0,81877.73696716245,0,577.5,81877.73696716245,,,,
54,agg_GUJARAT,54,2078,FeedstockAggregator,agg_GUJARAT,GUJARAT,,,0.0,0.0,0.0,0.0,,,,,,,,,1.0,,,,405.0,1396636.1393575198,1496636.1393575198,,,,,,1583333.333,83497.75306770296,0,495.00000000000006,83497.75306770296,,,,
55,agg_PUNJAB,55,2079,FeedstockAggregator,agg_PUNJAB,PUNJAB,,,0.0,0.0,0.0,0.0,,,,,,,,,1.0,,,,360.0,4113306.5635382496,4313306.56353825,,,,,,4787000.0,159110.7071530886,0,660.0,159110.7071530886,,,,
55,agg_HARYANA,55,2079,FeedstockAggregator,agg_HARYANA,HARYANA,,,0.0,0.0,0.0,0.0,,,,,,,,,1.0,,,,360.0,3722062.582014782,3922062.582014782,,,,,,4000000.0,161740.64090900955,0,665.5,161740.64090900955,,,,
55,agg_UTTAR_PRADESH,55,2079,FeedstockAggregator,agg_UTTAR_PRADESH,UTTAR_PRADESH,,,0.0,0.0,0.0,0.0,,,,,,,,,1.0,,,,390.0,13344791.130006263,13444791.130006263,,,,,,16500000.0,85006.898783641,0,473.00000000000006,85006.898783641,,,,
55,agg_BIHAR,55,2079,FeedstockAggregator,agg_BIHAR,BIHAR,,,0.0,0.0,0.0,0.0,,,,,,,,,1.0,,,,390.0,3233333.333,3333333.333,,,,,,3333333.333,82617.78673337561,0,467.50000000000006,82617.78673337561,,,,
55,agg_ANDHRA_PRADESH,55,2079,FeedstockAggregator,agg_ANDHRA_PRADESH,ANDHRA_PRADESH,,,0.0,0.0,0.0,0.0,,,,,,,,,1.0,,,,405.0,2900000.0,3000000.0,,,,,,3000000.0,80232.05194201981,0,495.00000000000006,80232.05194201981,,,,
55,agg_TAMIL_NADU,55,2079,FeedstockAggregator,agg_TAMIL_NADU,TAMIL_NADU,,,0.0,0.0,0.0,0.0,,,,,,,,,1.0,,,,435.0,1233333.333,1333333.333,,,,,,1333333.333,79310.53949689885,0,522.5,79310.53949689885,,,,
55,agg_MAHARASHTRA,55,2079,FeedstockAggregator,agg_MAHARASHTRA,MAHARASHTRA,,,0.0,0.0,0.0,0.0,,,,,,,,,1.0,,,,435.0,9617500.002214689,9717500.002214689,,,,,,10333333.333,79979.79577012209,0,517.0,79979.79577012209,,,,
55,agg_KARNATAKA,55,2079,FeedstockAggregator,agg_KARNATAKA,KARNATAKA,,,0.0,0.0,0.0,0.0,,,,,,,,,1.0,,,,405.0,5293732.467581159,5393732.467581159,,,,,,5666666.667,87261.89538018988,0,489.50000000000006,87261.89538018988,,,,
55,agg_WEST_BENGAL,55,2079,FeedstockAggregator,agg_WEST_BENGAL,WEST_BENGAL,,,0.0,0.0,0.0,0.0,,,,,,,,,1.0,,,,405.0,4638060.359766733,4738060.359766733,,,,,,5497000.0,85223.35378913119,0,500.50000000000006,85223.35378913119,,,,
55,agg_CHHATTISGARH,55,2079,FeedstockAggregator,agg_CHHATTISGARH,CHHATTISGARH,,,0.0,0.0,0.0,0.0,,,,,,,,,1.0,,,,360.0,2348547.7829666785,2548547.7829666785,,,,,,2666666.667,156312.66694571043,0,660.0,156312.66694571043,,,,
55,agg_ODISHA,55,2079,FeedstockAggregator,agg_ODISHA,ODISHA,,,0.0,0.0,0.0,0.0,,,,,,,,,1.0,,,,360.0,2960053.4726892924,3060053.4726892924,,,,,,3204666.667,86881.50874886638,0,445.50000000000006,86881.50874886638,,,,
55,agg_MADHYA_PRADESH,55,2079,FeedstockAggregator,agg_MADHYA_PRADESH,MADHYA_PRADESH,,,0.0,0.0,0.0,0.0,,,,,,,,,1.0,,,,390.0,2974758.9492314467,3074758.9492314467,,,,,,3333333.333,80203.75392859853,0,473.00000000000006,80203.75392859853,,,,
55,agg_TELANGANA,55,2079,FeedstockAggregator,agg_TELANGANA,TELANGANA,,,0.0,0.0,0.0,0.0,,,,,,,,,1.0,,,,390.0,5364619.229442588,5464619.229442588,,,,,,5698000.0,87032.88755919023,0,478.50000000000006,87032.88755919023,,,,
55,agg_ASSAM,55,2079,FeedstockAggregator,agg_ASSAM,ASSAM,,,0.0,0.0,0.0,0.0,,,,,,,,,1.0,,,,480.0,2000000.0,2000000.0,,,,,,2000000.0,80023.09621949421,0,572.0,80023.09621949421,,,,
55,agg_JHARKHAND,55,2079,FeedstockAggregator,agg_JHARKHAND,JHARKHAND,,,0.0,0.0,0.0,0.0,,,,,,,,,1.0,,,,435.0,1347320.4245123272,1447320.4245123272,,,,,,1666666.667,79610.82632654661,0,528.0,79610.82632654661,,,,
55,agg_RAJASTHAN,55,2079,FeedstockAggregator,agg_RAJASTHAN,RAJASTHAN,,,0.0,0.0,0.0,0.0,,,,,,,,,1.0,,,,435.0,1929952.673290074,2029952.673290074,,,,,,2333333.333,85441.39643131696,0,533.5,85441.39643131696,,,,
55,agg_KERALA,55,2079,FeedstockAggregator,agg_KERALA,KERALA,,,0.0,0.0,0.0,0.0,,,,,,,,,1.0,,,,480.0,1000000.0,1000000.0,,,,,,1000000.0,81877.73696716245,0,577.5,81877.73696716245,,,,
55,agg_GUJARAT,55,2079,FeedstockAggregator,agg_GUJARAT,GUJARAT,,,0.0,0.0,0.0,0.0,,,,,,,,,1.0,,,,405.0,1422229.325028912,1522229.325028912,,,,,,1583333.333,83497.75306770296,0,495.00000000000006,83497.75306770296,,,,
56,agg_PUNJAB,56,2080,FeedstockAggregator,agg_PUNJAB,PUNJAB,,,0.0,0.0,0.0,0.0,,,,,,,,,1.0,,,,360.0,4160653.2610154143,4360653.261015414,,,,,,4787000.0,159110.7071530886,0,660.0,159110.7071530886,,,,
56,agg_HARYANA,56,2080,FeedstockAggregator,agg_HARYANA,HARYANA,,,0.0,0.0,0.0,0.0,,,,,,,,,1.0,,,,360.0,3800000.0,4000000.0,,,,,,4000000.0,161740.64090900955,0,665.5,161740.64090900955,,,,
56,agg_UTTAR_PRADESH,56,2080,FeedstockAggregator,agg_UTTAR_PRADESH,UTTAR_PRADESH,,,0.0,0.0,0.0,0.0,,,,,,,,,1.0,,,,390.0,16400000.0,16500000.0,,,,,,16500000.0,85006.898783641,0,473.00000000000006,85006.898783641,,,,
56,agg_BIHAR,56,2080,FeedstockAggregator,agg_BIHAR,BIHAR,,,0.0,0.0,0.0,0.0,,,,,,,,,1.0,,,,390.0,3132348.450139734,3232348.450139734,,,,,,3333333.333,82617.78673337561,0,467.50000000000006,82617.78673337561,,,,
56,agg_ANDHRA_PRADESH,56,2080,FeedstockAggregator,agg_ANDHRA_PRADESH,ANDHRA_PRADESH,,,0.0,0.0,0.0,0.0,,,,,,,,,1.0,,,,405.0,2748885.426136564,2848885.426136564,,,,,,3000000.0,80232.05194201981,0,495.00000000000006,80232.05194201981,,,,
56,agg_TAMIL_NADU,56,2080,FeedstockAggregator,agg_TAMIL_NADU,TAMIL_NADU,,,0.0,0.0,0.0,0.0,,,,,,,,,1.0,,,,435.0,1233333.333,1333333.333,,,,,,1333333.333,79310.53949689885,0,522.5,79310.53949689885,,,,
56,agg_MAHARASHTRA,56,2080,FeedstockAggregator,agg_MAHARASHTRA,MAHARASHTRA,,,0.0,0.0,0.0,0.0,,,,,,,,,1.0,,,,435.0,8515275.38677555,8615275.38677555,,,,,,10333333.333,79979.79577012209,0,517.0,79979.79577012209,,,,
56,agg_KARNATAKA,56,2080,FeedstockAggregator,agg_KARNATAKA,KARNATAKA,,,0.0,0.0,0.0,0.0,,,,,,,,,1.0,,,,405.0,5566666.667,5666666.667,,,,,,5666666.667,87261.89538018988,0,489.50000000000006,87261.89538018988,,,,
56,agg_WEST_BENGAL,56,2080,FeedstockAggregator,agg_WEST_BENGAL,WEST_BENGAL,,,0.0,0.0,0.0,0.0,,,,,,,,,1.0,,,,405.0,4875065.110386626,4975065.110386626,,,,,,5497000.0,85223.35378913119,0,500.50000000000006,85223.35378913119,,,,
56,agg_CHHATTISGARH,56,2080,FeedstockAggregator,agg_CHHATTISGARH,CHHATTISGARH,,,0.0,0.0,0.0,0.0,,,,,,,,,1.0,,,,360.0,2139488.9634853736,2339488.9634853736,,,,,,2666666.667,156312.66694571043,0,660.0,156312.66694571043,,,,
56,agg_ODISHA,56,2080,FeedstockAggregator,agg_ODISHA,ODISHA,,,0.0,0.0,0.0,0.0,,,,,,,,,1.0,,,,360.0,3104666.667,3204666.667,,,,,,3204666.667,167119.85811745469,0,445.50000000000006,167119.85811745469,,,,
56,agg_MADHYA_PRADESH,56,2080,FeedstockAggregator,agg_MADHYA_PRADESH,MADHYA_PRADESH,,,0.0,0.0,0.0,0.0,,,,,,,,,1.0,,,,390.0,3001813.6326028146,3101813.6326028146,,,,,,3333333.333,160361.29175876494,0,473.00000000000006,160361.29175876494,,,,
56,agg_TELANGANA,56,2080,FeedstockAggregator,agg_TELANGANA,TELANGANA,,,0.0,0.0,0.0,0.0,,,,,,,,,1.0,,,,390.0,5451051.6409476185,5551051.6409476185,,,,,,5698000.0,87032.88755919023,0,478.50000000000006,87032.88755919023,,,,
56,agg_ASSAM,56,2080,FeedstockAggregator,agg_ASSAM,ASSAM,,,0.0,0.0,0.0,0.0,,,,,,,,,1.0,,,,480.0,1652263.957604832,1752263.957604832,,,,,,2000000.0,80023.09621949421,0,572.0,80023.09621949421,,,,
56,agg_JHARKHAND,56,2080,FeedstockAggregator,agg_JHARKHAND,JHARKHAND,,,0.0,0.0,0.0,0.0,,,,,,,,,1.0,,,,435.0,1556982.6940504496,1656982.6940504496,,,,,,1666666.667,79610.82632654661,0,528.0,0.0,,,,
56,agg_RAJASTHAN,56,2080,FeedstockAggregator,agg_RAJASTHAN,RAJASTHAN,,,0.0,0.0,0.0,0.0,,,,,,,,,1.0,,,,435.0,2233333.333,2333333.333,,,,,,2333333.333,85441.39643131696,0,533.5,85441.39643131696,,,,
56,agg_KERALA,56,2080,FeedstockAggregator,agg_KERALA,KERALA,,,0.0,0.0,0.0,0.0,,,,,,,,,1.0,,,,480.0,1000000.0,1000000.0,,,,,,1000000.0,81877.73696716245,0,577.5,81877.73696716245,,,,
56,agg_GUJARAT,56,2080,FeedstockAggregator,agg_GUJARAT,GUJARAT,,,0.0,0.0,0.0,0.0,,,,,,,,,1.0,,,,405.0,1456940.2437497615,1556940.2437497615,,,,,,1583333.333,83497.75306770296,0,495.00000000000006,83497.75306770296,,,,
57,agg_PUNJAB,57,2081,FeedstockAggregator,agg_PUNJAB,PUNJAB,,,0.0,0.0,0.0,0.0,,,,,,,,,1.0,,,,360.0,4587000.0,4787000.0,,,,,,4787000.0,159110.7071530886,0,660.0,159110.7071530886,,,,
57,agg_HARYANA,57,2081,FeedstockAggregator,agg_HARYANA,HARYANA,,,0.0,0.0,0.0,0.0,,,,,,,,,1.0,,,,360.0,3800000.0,4000000.0,,,,,,4000000.0,161740.64090900955,0,665.5,161740.64090900955,,,,
57,agg_UTTAR_PRADESH,57,2081,FeedstockAggregator,agg_UTTAR_PRADESH,UTTAR_PRADESH,,,0.0,0.0,0.0,0.0,,,,,,,,,1.0,,,,390.0,13316793.16050633,13416793.16050633,,,,,,16500000.0,85006.898783641,0,473.00000000000006,85006.898783641,,,,
57,agg_BIHAR,57,2081,FeedstockAggregator,agg_BIHAR,BIHAR,,,0.0,0.0,0.0,0.0,,,,,,,,,1.0,,,,390.0,2834188.663036276,2934188.663036276,,,,,,3333333.333,82617.78673337561,0,467.50000000000006,82617.78673337561,,,,
57,agg_ANDHRA_PRADESH,57,2081,FeedstockAggregator,agg_ANDHRA_PRADESH,ANDHRA_PRADESH,,,0.0,0.0,0.0,0.0,,,,,,,,,1.0,,,,405.0,2706802.683858562,2806802.683858562,,,,,,3000000.0,80232.05194201981,0,495.00000000000006,80232.05194201981,,,,
57,agg_TAMIL_NADU,57,2081,FeedstockAggregator,agg_TAMIL_NADU,TAMIL_NADU,,,0.0,0.0,0.0,0.0,,,,,,,,,1.0,,,,435.0,1233333.333,1333333.333,,,,,,1333333.333,79310.53949689885,0,522.5,79310.53949689885,,,,
57,agg_MAHARASHTRA,57,2081,FeedstockAggregator,agg_MAHARASHTRA,MAHARASHTRA,,,0.0,0.0,0.0,0.0,,,,,,,,,1.0,,,,435.0,10233333.333,10333333.333,,,,,,10333333.333,79979.79577012209,0,517.0,79979.79577012209,,,,
57,agg_KARNATAKA,57,2081,FeedstockAggregator,agg_KARNATAKA,KARNATAKA,,,0.0,0.0,0.0,0.0,,,,,,,,,1.0,,,,405.0,4565721.974793044,4665721.974793044,,,,,,5666666.667,87261.89538018988,0,489.50000000000006,87261.89538018988,,,,
57,agg_WEST_BENGAL,57,2081,FeedstockAggregator,agg_WEST_BENGAL,WEST_BENGAL,,,0.0,0.0,0.0,0.0,,,,,,,,,1.0,,,,405.0,5219401.3058798965,5319401.3058798965,,,,,,5497000.0,85223.35378913119,0,500.50000000000006,85223.35378913119,,,,
57,agg_CHHATTISGARH,57,2081,FeedstockAggregator,agg_CHHATTISGARH,CHHATTISGARH,,,0.0,0.0,0.0,0.0,,,,,,,,,1.0,,,,360.0,2269222.6242725393,2469222.6242725393,,,,,,2666666.667,156312.66694571043,0,660.0,156312.66694571043,,,,
57,agg_ODISHA,57,2081,FeedstockAggregator,agg_ODISHA,ODISHA,,,0.0,0.0,0.0,0.0,,,,,,,,,1.0,,,,360.0,2997536.0702577694,3097536.0702577694,,,,,,3204666.667,167119.85811745469,0,665.5,167119.85811745469,,,,
57,agg_MADHYA_PRADESH,57,2081,FeedstockAggregator,agg_MADHYA_PRADESH,MADHYA_PRADESH,,,0.0,0.0,0.0,0.0,,,,,,,,,1.0,,,,390.0,2760128.8340479936,2860128.8340479936,,,,,,3333333.333,160361.29175876494,0,693.0,160361.29175876494,,,,
57,agg_TELANGANA,57,2081,FeedstockAggregator,agg_TELANGANA,TELANGANA,,,0.0,0.0,0.0,0.0,,,,,,,,,1.0,,,,390.0,5598000.0,5698000.0,,,,,,5698000.0,87032.88755919023,0,478.50000000000006,87032.88755919023,,,,
57,agg_ASSAM,57,2081,FeedstockAggregator,agg_ASSAM,ASSAM,,,0.0,0.0,0.0,0.0,,,,,,,,,1.0,,,,480.0,1812951.5439389192,1912951.5439389192,,,,,,2000000.0,80023.09621949421,0,572.0,80023.09621949421,,,,
57,agg_JHARKHAND,57,2081,FeedstockAggregator,agg_JHARKHAND,JHARKHAND,,,0.0,0.0,0.0,0.0,,,,,,,,,1.0,,,,435.0,1405852.5730050139,1505852.5730050139,,,,,,1666666.667,79610.82632654661,0,528.0,79610.82632654661,,,,
57,agg_RAJASTHAN,57,2081,FeedstockAggregator,agg_RAJASTHAN,RAJASTHAN,,,0.0,0.0,0.0,0.0,,,,,,,,,1.0,,,,435.0,2233333.333,2333333.333,,,,,,2333333.333,85441.39643131696,0,533.5,85441.39643131696,,,,
57,agg_KERALA,57,2081,FeedstockAggregator,agg_KERALA,KERALA,,,0.0,0.0,0.0,0.0,,,,,,,,,1.0,,,,480.0,851308.1480006513,851308.1480006513,,,,,,1000000.0,81877.73696716245,0,577.5,81877.73696716245,,,,
57,agg_GUJARAT,57,2081,FeedstockAggregator,agg_GUJARAT,GUJARAT,,,0.0,0.0,0.0,0.0,,,,,,,,,1.0,,,,405.0,1483333.333,1583333.333,,,,,,1583333.333,83497.75306770296,0,495.00000000000006,83497.75306770296,,,,
58,agg_PUNJAB,58,2082,FeedstockAggregator,agg_PUNJAB,PUNJAB,,,0.0,0.0,0.0,0.0,,,,,,,,,1.0,,,,360.0,4549863.659476697,4749863.659476697,,,,,,4787000.0,159110.7071530886,0,660.0,159110.7071530886,,,,
58,agg_HARYANA,58,2082,FeedstockAggregator,agg_HARYANA,HARYANA,,,0.0,0.0,0.0,0.0,,,,,,,,,1.0,,,,360.0,3800000.0,4000000.0,,,,,,4000000.0,161740.64090900955,0,665.5,161740.64090900955,,,,
58,agg_UTTAR_PRADESH,58,2082,FeedstockAggregator,agg_UTTAR_PRADESH,UTTAR_PRADESH,,,0.0,0.0,0.0,0.0,,,,,,,,,1.0,,,,390.0,13768331.92304696,13868331.92304696,,,,,,16500000.0,85006.898783641,0,473.00000000000006,85006.898783641,,,,
58,agg_BIHAR,58,2082,FeedstockAggregator,agg_BIHAR,BIHAR,,,0.0,0.0,0.0,0.0,,,,,,,,,1.0,,,,390.0,2979585.816388056,3079585.816388056,,,,,,3333333.333,82617.78673337561,0,467.50000000000006,82617.78673337561,,,,
58,agg_ANDHRA_PRADESH,58,2082,FeedstockAggregator,agg_ANDHRA_PRADESH,ANDHRA_PRADESH,,,0.0,0.0,0.0,0.0,,,,,,,,,1.0,,,,405.0,2409565.4883727734,2509565.4883727734,,,,,,3000000.0,80232.05194201981,0,495.00000000000006,80232.05194201981,,,,
58,agg_TAMIL_NADU,58,2082,FeedstockAggregator,agg_TAMIL_NADU,TAMIL_NADU,,,0.0,0.0,0.0,0.0,,,,,,,,,1.0,,,,435.0,1046668.7440174716,1146668.7440174716,,,,,,1333333.333,79310.53949689885,0,522.5,79310.53949689885,,,,
58,agg_MAHARASHTRA,58,2082,FeedstockAggregator,agg_MAHARASHTRA,MAHARASHTRA,,,0.0,0.0,0.0,0.0,,,,,,,,,1.0,,,,435.0,9818114.058393966,9918114.058393966,,,,,,10333333.333,79979.79577012209,0,517.0,79979.79577012209,,,,
58,agg_KARNATAKA,58,2082,FeedstockAggregator,agg_KARNATAKA,KARNATAKA,,,0.0,0.0,0.0,0.0,,,,,,,,,1.0,,,,405.0,5566666.667,5666666.667,,,,,,5666666.667,87261.89538018988,0,489.50000000000006,87261.89538018988,,,,
58,agg_WEST_BENGAL,58,2082,FeedstockAggregator,agg_WEST_BENGAL,WEST_BENGAL,,,0.0,0.0,0.0,0.0,,,,,,,,,1.0,,,,405.0,5397000.0,5497000.0,,,,,,5497000.0,85223.35378913119,0,500.50000000000006,85223.35378913119,,,,
58,agg_CHHATTISGARH,58,2082,FeedstockAggregator,agg_CHHATTISGARH,CHHATTISGARH,,,0.0,0.0,0.0,0.0,,,,,,,,,1.0,,,,360.0,2466666.667,2666666.667,,,,,,2666666.667,156312.66694571043,0,660.0,156312.66694571043,,,,
58,agg_ODISHA,58,2082,FeedstockAggregator,agg_ODISHA,ODISHA,,,0.0,0.0,0.0,0.0,,,,,,,,,1.0,,,,360.0,3104666.667,3204666.667,,,,,,3204666.667,167119.85811745469,0,665.5,167119.85811745469,,,,
58,agg_MADHYA_PRADESH,58,2082,FeedstockAggregator,agg_MADHYA_PRADESH,MADHYA_PRADESH,,,0.0,0.0,0.0,0.0,,,,,,,,,1.0,,,,390.0,2582117.3455020296,2682117.3455020296,,,,,,3333333.333,160361.29175876494,0,693.0,160361.29175876494,,,,
58,agg_TELANGANA,58,2082,FeedstockAggregator,agg_TELANGANA,TELANGANA,,,0.0,0.0,0.0,0.0,,,,,,,,,1.0,,,,390.0,5008321.910094544,5108321.910094544,,,,,,5698000.0,87032.88755919023,0,478.50000000000006,87032.88755919023,,,,
58,agg_ASSAM,58,2082,FeedstockAggregator,agg_ASSAM,ASSAM,,,0.0,0.0,0.0,0.0,,,,,,,,,1.0,,,,480.0,1629010.5307768355,1729010.5307768355,,,,,,2000000.0,80023.09621949421,0,572.0,80023.09621949421,,,,
58,agg_JHARKHAND,58,2082,FeedstockAggregator,agg_JHARKHAND,JHARKHAND,,,0.0,0.0,0.0,0.0,,,,,,,,,1.0,,,,435.0,1323846.498748895,1423846.498748895,,,,,,1666666.667,79610.82632654661,0,528.0,79610.82632654661,,,,
58,agg_RAJASTHAN,58,2082,FeedstockAggregator,agg_RAJASTHAN,RAJASTHAN,,,0.0,0.0,0.0,0.0,,,,,,,,,1.0,,,,435.0,2233333.333,2333333.333,,,,,,2333333.333,85441.39643131696,0,533.5,85441.39643131696,,,,
58,agg_KERALA,58,2082,FeedstockAggregator,agg_KERALA,KERALA,,,0.0,0.0,0.0,0.0,,,,,,,,,1.0,,,,480.0,758756.9798796466,858756.9798796466,,,,,,1000000.0,81877.73696716245,0,577.5,81877.73696716245,,,,
58,agg_GUJARAT,58,2082,FeedstockAggregator,agg_GUJARAT,GUJARAT,,,0.0,0.0,0.0,0.0,,,,,,,,,1.0,,,,405.0,1316011.147532806,1416011.147532806,,,,,,1583333.333,83497.75306770296,0,495.00000000000006,83497.75306770296,,,,
59,agg_PUNJAB,59,2083,FeedstockAggregator,agg_PUNJAB,PUNJAB,,,0.0,0.0,0.0,0.0,,,,,,,,,1.0,,,,360.0,4256719.31598174,4456719.31598174,,,,,,4787000.0,159110.7071530886,0,660.0,159110.7071530886,,,,
59,agg_HARYANA,59,2083,FeedstockAggregator,agg_HARYANA,HARYANA,,,0.0,0.0,0.0,0.0,,,,,,,,,1.0,,,,360.0,3466083.6040466893,3666083.6040466893,,,,,,4000000.0,161740.64090900955,0,665.5,161740.64090900955,,,,
59,agg_UTTAR_PRADESH,59,2083,FeedstockAggregator,agg_UTTAR_PRADESH,UTTAR_PRADESH,,,0.0,0.0,0.0,0.0,,,,,,,,,1.0,,,,390.0,16400000.0,16500000.0,,,,,,16500000.0,85006.898783641,0,473.00000000000006,85006.898783641,,,,
59,agg_BIHAR,59,2083,FeedstockAggregator,agg_BIHAR,BIHAR,,,0.0,0.0,0.0,0.0,,,,,,,,,1.0,,,,390.0,3233333.333,3333333.333,,,,,,3333333.333,82617.78673337561,0,467.50000000000006,82617.78673337561,,,,
59,agg_ANDHRA_PRADESH,59,2083,FeedstockAggregator,agg_ANDHRA_PRADESH,ANDHRA_PRADESH,,,0.0,0.0,0.0,0.0,,,,,,,,,1.0,,,,405.0,2635996.832001474,2735996.832001474,,,,,,3000000.0,80232.05194201981,0,495.00000000000006,80232.05194201981,,,,
59,agg_TAMIL_NADU,59,2083,FeedstockAggregator,agg_TAMIL_NADU,TAMIL_NADU,,,0.0,0.0,0.0,0.0,,,,,,,,,1.0,,,,435.0,994811.9747298737,1094811.9747298737,,,,,,1333333.333,79310.53949689885,0,522.5,79310.53949689885,,,,
59,agg_MAHARASHTRA,59,2083,FeedstockAggregator,agg_MAHARASHTRA,MAHARASHTRA,,,0.0,0.0,0.0,0.0,,,,,,,,,1.0,,,,435.0,10233333.333,10333333.333,,,,,,10333333.333,79979.79577012209,0,517.0,79979.79577012209,,,,
59,agg_KARNATAKA,59,2083,FeedstockAggregator,agg_KARNATAKA,KARNATAKA,,,0.0,0.0,0.0,0.0,,,,,,,,,1.0,,,,405.0,5566666.667,5666666.667,,,,,,5666666.667,87261.89538018988,0,489.50000000000006,87261.89538018988,,,,
59,agg_WEST_BENGAL,59,2083,FeedstockAggregator,agg_WEST_BENGAL,WEST_BENGAL,,,0.0,0.0,0.0,0.0,,,,,,,,,1.0,,,,405.0,4908168.248467929,5008168.248467929,,,,,,5497000.0,85223.35378913119,0,500.50000000000006,85223.35378913119,,,,
59,agg_CHHATTISGARH,59,2083,FeedstockAggregator,agg_CHHATTISGARH,CHHATTISGARH,,,0.0,0.0,0.0,0.0,,,,,,,,,1.0,,,,360.0,2466666.667,2666666.667,,,,,,2666666.667,156312.66694571043,0,660.0,156312.66694571043,,,,
59,agg_ODISHA,59,2083,FeedstockAggregator,agg_ODISHA,ODISHA,,,0.0,0.0,0.0,0.0,,,,,,,,,1.0,,,,360.0,2555370.0978310565,2655370.0978310565,,,,,,3204666.667,167119.85811745469,0,665.5,167119.85811745469,,,,
59,agg_MADHYA_PRADESH,59,2083,FeedstockAggregator,agg_MADHYA_PRADESH,MADHYA_PRADESH,,,0.0,0.0,0.0,0.0,,,,,,,,,1.0,,,,390.0,3233333.333,3333333.333,,,,,,3333333.333,160361.29175876494,0,693.0,80157.53783016643,,,,
59,agg_TELANGANA,59,2083,FeedstockAggregator,agg_TELANGANA,TELANGANA,,,0.0,0.0,0.0,0.0,,,,,,,,,1.0,,,,390.0,4518399.931951455,4618399.931951455,,,,,,5698000.0,87032.88755919023,0,478.50000000000006,87032.88755919023,,,,
59,agg_ASSAM,59,2083,FeedstockAggregator,agg_ASSAM,ASSAM,,,0.0,0.0,0.0,0.0,,,,,,,,,1.0,,,,480.0,1640671.47362669,1740671.47362669,,,,,,2000000.0,80023.09621949421,0,572.0,80023.09621949421,,,,
59,agg_JHARKHAND,59,2083,FeedstockAggregator,agg_JHARKHAND,JHARKHAND,,,0.0,0.0,0.0,0.0,,,,,,,,,1.0,,,,435.0,1566666.667,1666666.667,,,,,,1666666.667,79610.82632654661,0,528.0,79610.82632654661,,,,
59,agg_RAJASTHAN,59,2083,FeedstockAggregator,agg_RAJASTHAN,RAJASTHAN,,,0.0,0.0,0.0,0.0,,,,,,,,,1.0,,,,435.0,2233333.333,2333333.333,,,,,,2333333.333,85441.39643131696,0,533.5,85441.39643131696,,,,
59,agg_KERALA,59,2083,FeedstockAggregator,agg_KERALA,KERALA,,,0.0,0.0,0.0,0.0,,,,,,,,,1.0,,,,480.0,882166.6562971782,982166.6562971782,,,,,,1000000.0,81877.73696716245,0,577.5,81877.73696716245,,,,
59,agg_GUJARAT,59,2083,FeedstockAggregator,agg_GUJARAT,GUJARAT,,,0.0,0.0,0.0,0.0,,,,,,,,,1.0,,,,405.0,1483333.333,1583333.333,,,,,,1583333.333,83497.75306770296,0,495.00000000000006,83497.75306770296,,,,
60,agg_PUNJAB,60,2084,FeedstockAggregator,agg_PUNJAB,PUNJAB,,,0.0,0.0,0.0,0.0,,,,,,,,,1.0,,,,360.0,4334761.485008368,4534761.485008368,,,,,,4787000.0,159110.7071530886,0,660.0,159110.7071530886,,,,
60,agg_HARYANA,60,2084,FeedstockAggregator,agg_HARYANA,HARYANA,,,0.0,0.0,0.0,0.0,,,,,,,,,1.0,,,,360.0,3151856.399095731,3351856.399095731,,,,,,4000000.0,161740.64090900955,0,665.5,161740.64090900955,,,,
60,agg_UTTAR_PRADESH,60,2084,FeedstockAggregator,agg_UTTAR_PRADESH,UTTAR_PRADESH,,,0.0,0.0,0.0,0.0,,,,,,,,,1.0,,,,390.0,15428281.802175874,15528281.802175874,,,,,,16500000.0,85006.898783641,0,473.00000000000006,85006.898783641,,,,
60,agg_BIHAR,60,2084,FeedstockAggregator,agg_BIHAR,BIHAR,,,0.0,0.0,0.0,0.0,,,,,,,,,1.0,,,,390.0,3233333.333,3333333.333,,,,,,3333333.333,82617.78673337561,0,467.50000000000006,82617.78673337561,,,,
60,agg_ANDHRA_PRADESH,60,2084,FeedstockAggregator,agg_ANDHRA_PRADESH,ANDHRA_PRADESH,,,0.0,0.0,0.0,0.0,,,,,,,,,1.0,,,,405.0,2900000.0,3000000.0,,,,,,3000000.0,80232.05194201981,0,495.00000000000006,80232.05194201981,,,,
60,agg_TAMIL_NADU,60,2084,FeedstockAggregator,agg_TAMIL_NADU,TAMIL_NADU,,,0.0,0.0,0.0,0.0,,,,,,,,,1.0,,,,435.0,1233333.333,1333333.333,,,,,,1333333.333,79310.53949689885,0,522.5,79310.53949689885,,,,
60,agg_MAHARASHTRA,60,2084,FeedstockAggregator,agg_MAHARASHTRA,MAHARASHTRA,,,0.0,0.0,0.0,0.0,,,,,,,,,1.0,,,,435.0,9730528.382499939,9830528.382499939,,,,,,10333333.333,79979.79577012209,0,517.0,79979.79577012209,,,,
60,agg_KARNATAKA,60,2084,FeedstockAggregator,agg_KARNATAKA,KARNATAKA,,,0.0,0.0,0.0,0.0,,,,,,,,,1.0,,,,405.0,4577589.882637248,4677589.882637248,,,,,,5666666.667,87261.89538018988,0,489.50000000000006,87261.89538018988,,,,
60,agg_WEST_BENGAL,60,2084,FeedstockAggregator,agg_WEST_BENGAL,WEST_BENGAL,,,0.0,0.0,0.0,0.0,,,,,,,,,1.0,,,,405.0,4680970.155035874,4780970.155035874,,,,,,5497000.0,85223.35378913119,0,500.50000000000006,85223.35378913119,,,,
60,agg_CHHATTISGARH,60,2084,FeedstockAggregator,agg_CHHATTISGARH,CHHATTISGARH,,,0.0,0.0,0.0,0.0,,,,,,,,,1.0,,,,360.0,2296251.2672786885,2496251.2672786885,,,,,,2666666.667,156312.66694571043,0,660.0,156312.66694571043,,,,
60,agg_ODISHA,60,2084,FeedstockAggregator,agg_ODISHA,ODISHA,,,0.0,0.0,0.0,0.0,,,,,,,,,1.0,,,,360.0,2371685.84722821,2571685.84722821,,,,,,3204666.667,167119.85811745469,0,665.5,167119.85811745469,,,,
60,agg_MADHYA_PRADESH,60,2084,FeedstockAggregator,agg_MADHYA_PRADESH,MADHYA_PRADESH,,,0.0,0.0,0.0,0.0,,,,,,,,,1.0,,,,390.0,2499104.957655979,2699104.957655979,,,,,,3333333.333,160361.29175876494,0,693.0,160361.29175876494,,,,
60,agg_TELANGANA,60,2084,FeedstockAggregator,agg_TELANGANA,TELANGANA,,,0.0,0.0,0.0,0.0,,,,,,,,,1.0,,,,390.0,5598000.0,5698000.0,,,,,,5698000.0,87032.88755919023,0,478.50000000000006,87032.88755919023,,,,
60,agg_ASSAM,60,2084,FeedstockAggregator,agg_ASSAM,ASSAM,,,0.0,0.0,0.0,0.0,,,,,,,,,1.0,,,,480.0,1521114.0515725906,1621114.0515725906,,,,,,2000000.0,80023.09621949421,0,572.0,80023.09621949421,,,,
60,agg_JHARKHAND,60,2084,FeedstockAggregator,agg_JHARKHAND,JHARKHAND,,,0.0,0.0,0.0,0.0,,,,,,,,,1.0,,,,435.0,1566666.667,1666666.667,,,,,,1666666.667,79610.82632654661,0,528.0,79610.82632654661,,,,
60,agg_RAJASTHAN,60,2084,FeedstockAggregator,agg_RAJASTHAN,RAJASTHAN,,,0.0,0.0,0.0,0.0,,,,,,,,,1.0,,,,435.0,2233333.333,2333333.333,,,,,,2333333.333,85441.39643131696,0,533.5,0.0,,,,
60,agg_KERALA,60,2084,FeedstockAggregator,agg_KERALA,KERALA,,,0.0,0.0,0.0,0.0,,,,,,,,,1.0,,,,480.0,900000.0,1000000.0,,,,,,1000000.0,81877.73696716245,0,577.5,81877.73696716245,,,,
60,agg_GUJARAT,60,2084,FeedstockAggregator,agg_GUJARAT,GUJARAT,,,0.0,0.0,0.0,0.0,,,,,,,,,1.0,,,,405.0,1483333.333,1583333.333,,,,,,1583333.333,83497.75306770296,0,495.00000000000006,83497.75306770296,,,,
61,agg_PUNJAB,61,2085,FeedstockAggregator,agg_PUNJAB,PUNJAB,,,0.0,0.0,0.0,0.0,,,,,,,,,1.0,,,,360.0,4587000.0,4787000.0,,,,,,4787000.0,159110.7071530886,0,660.0,159110.7071530886,,,,
61,agg_HARYANA,61,2085,FeedstockAggregator,agg_HARYANA,HARYANA,,,0.0,0.0,0.0,0.0,,,,,,,,,1.0,,,,360.0,3144790.612763705,3344790.612763705,,,,,,4000000.0,161740.64090900955,0,665.5,161740.64090900955,,,,
61,agg_UTTAR_PRADESH,61,2085,FeedstockAggregator,agg_UTTAR_PRADESH,UTTAR_PRADESH,,,0.0,0.0,0.0,0.0,,,,,,,,,1.0,,,,390.0,16400000.0,16500000.0,,,,,,16500000.0,85006.898783641,0,473.00000000000006,85006.898783641,,,,
61,agg_BIHAR,61,2085,FeedstockAggregator,agg_BIHAR,BIHAR,,,0.0,0.0,0.0,0.0,,,,,,,,,1.0,,,,390.0,3000996.741868307,3100996.741868307,,,,,,3333333.333,82617.78673337561,0,467.50000000000006,82617.78673337561,,,,
61,agg_ANDHRA_PRADESH,61,2085,FeedstockAggregator,agg_ANDHRA_PRADESH,ANDHRA_PRADESH,,,0.0,0.0,0.0,0.0,,,,,,,,,1.0,,,,405.0,2312944.275897621,2412944.275897621,,,,,,3000000.0,80232.05194201981,0,495.00000000000006,80232.05194201981,,,,
61,agg_TAMIL_NADU,61,2085,FeedstockAggregator,agg_TAMIL_NADU,TAMIL_NADU,,,0.0,0.0,0.0,0.0,,,,,,,,,1.0,,,,435.0,1233333.333,1333333.333,,,,,,1333333.333,79310.53949689885,0,522.5,79310.53949689885,,,,
61,agg_MAHARASHTRA,61,2085,FeedstockAggregator,agg_MAHARASHTRA,MAHARASHTRA,,,0.0,0.0,0.0,0.0,,,,,,,,,1.0,,,,435.0,10233333.333,10333333.333,,,,,,10333333.333,79979.79577012209,0,517.0,79979.79577012209,,,,
61,agg_KARNATAKA,61,2085,FeedstockAggregator,agg_KARNATAKA,KARNATAKA,,,0.0,0.0,0.0,0.0,,,,,,,,,1.0,,,,405.0,5523446.0609781295,5623446.0609781295,,,,,,5666666.667,87261.89538018988,0,489.50000000000006,87261.89538018988,,,,
61,agg_WEST_BENGAL,61,2085,FeedstockAggregator,agg_WEST_BENGAL,WEST_BENGAL,,,0.0,0.0,0.0,0.0,,,,,,,,,1.0,,,,405.0,4649426.49673623,4749426.49673623,,,,,,5497000.0,85223.35378913119,0,500.50000000000006,85223.35378913119,,,,
61,agg_CHHATTISGARH,61,2085,FeedstockAggregator,agg_CHHATTISGARH,CHHATTISGARH,,,0.0,0.0,0.0,0.0,,,,,,,,,1.0,,,,360.0,2265582.7424732693,2465582.7424732693,,,,,,2666666.667,156312.66694571043,0,660.0,156312.66694571043,,,,
61,agg_ODISHA,61,2085,FeedstockAggregator,agg_ODISHA,ODISHA,,,0.0,0.0,0.0,0.0,,,,,,,,,1.0,,,,360.0,2695828.5070141526,2895828.5070141526,,,,,,3204666.667,167119.85811745469,0,665.5,167119.85811745469,,,,
61,agg_MADHYA_PRADESH,61,2085,FeedstockAggregator,agg_MADHYA_PRADESH,MADHYA_PRADESH,,,0.0,0.0,0.0,0.0,,,,,,,,,1.0,,,,390.0,3093005.2118397793,3293005.2118397793,,,,,,3333333.333,160361.29175876494,0,693.0,160361.29175876494,,,,
61,agg_TELANGANA,61,2085,FeedstockAggregator,agg_TELANGANA,TELANGANA,,,0.0,0.0,0.0,0.0,,,,,,,,,1.0,,,,390.0,5223707.7546962425,5323707.7546962425,,,,,,5698000.0,87032.88755919023,0,478.50000000000006,87032.88755919023,,,,
61,agg_ASSAM,61,2085,FeedstockAggregator,agg_ASSAM,ASSAM,,,0.0,0.0,0.0,0.0,,,,,,,,,1.0,,,,480.0,1880306.3208492766,1980306.3208492766,,,,,,2000000.0,80023.09621949421,0,572.0,80023.09621949421,,,,
61,agg_JHARKHAND,61,2085,FeedstockAggregator,agg_JHARKHAND,JHARKHAND,,,0.0,0.0,0.0,0.0,,,,,,,,,1.0,,,,435.0,1566666.667,1666666.667,,,,,,1666666.667,79610.82632654661,0,528.0,79610.82632654661,,,,
61,agg_RAJASTHAN,61,2085,FeedstockAggregator,agg_RAJASTHAN,RAJASTHAN,,,0.0,0.0,0.0,0.0,,,,,,,,,1.0,,,,435.0,1878266.389830141,1978266.389830141,,,,,,2333333.333,85441.39643131696,0,533.5,85441.39643131696,,,,
61,agg_KERALA,61,2085,FeedstockAggregator,agg_KERALA,KERALA,,,0.0,0.0,0.0,0.0,,,,,,,,,1.0,,,,480.0,900000.0,1000000.0,,,,,,1000000.0,81877.73696716245,0,577.5,81877.73696716245,,,,
61,agg_GUJARAT,61,2085,FeedstockAggregator,agg_GUJARAT,GUJARAT,,,0.0,0.0,0.0,0.0,,,,,,,,,1.0,,,,405.0,1311317.4728334984,1411317.4728334984,,,,,,1583333.333,83497.75306770296,0,495.00000000000006,83497.75306770296,,,,
62,agg_PUNJAB,62,2086,FeedstockAggregator,agg_PUNJAB,PUNJAB,,,0.0,0.0,0.0,0.0,,,,,,,,,1.0,,,,360.0,4587000.0,4787000.0,,,,,,4787000.0,159110.7071530886,0,660.0,159110.7071530886,,,,
62,agg_HARYANA,62,2086,FeedstockAggregator,agg_HARYANA,HARYANA,,,0.0,0.0,0.0,0.0,,,,,,,,,1.0,,,,360.0,3321826.566867205,3521826.566867205,,,,,,4000000.0,161740.64090900955,0,665.5,161740.64090900955,,,,
62,agg_UTTAR_PRADESH,62,2086,FeedstockAggregator,agg_UTTAR_PRADESH,UTTAR_PRADESH,,,0.0,0.0,0.0,0.0,,,,,,,,,1.0,,,,390.0,14454867.212854438,14554867.212854438,,,,,,16500000.0,85006.898783641,0,473.00000000000006,85006.898783641,,,,
62,agg_BIHAR,62,2086,FeedstockAggregator,agg_BIHAR,BIHAR,,,0.0,0.0,0.0,0.0,,,,,,,,,1.0,,,,390.0,3233333.333,3333333.333,,,,,,3333333.333,82617.78673337561,0,467.50000000000006,82617.78673337561,,,,
62,agg_ANDHRA_PRADESH,62,2086,FeedstockAggregator,agg_ANDHRA_PRADESH,ANDHRA_PRADESH,,,0.0,0.0,0.0,0.0,,,,,,,,,1.0,,,,405.0,2413927.845337384,2513927.845337384,,,,,,3000000.0,80232.05194201981,0,495.00000000000006,80232.05194201981,,,,
62,agg_TAMIL_NADU,62,2086,FeedstockAggregator,agg_TAMIL_NADU,TAMIL_NADU,,,0.0,0.0,0.0,0.0,,,,,,,,,1.0,,,,435.0,1233333.333,1333333.333,,,,,,1333333.333,79310.53949689885,0,522.5,79310.53949689885,,,,
62,agg_MAHARASHTRA,62,2086,FeedstockAggregator,agg_MAHARASHTRA,MAHARASHTRA,,,0.0,0.0,0.0,0.0,,,,,,,,,1.0,,,,435.0,10233333.333,10333333.333,,,,,,10333333.333,79979.79577012209,0,517.0,79979.79577012209,,,,
62,agg_KARNATAKA,62,2086,FeedstockAggregator,agg_KARNATAKA,KARNATAKA,,,0.0,0.0,0.0,0.0,,,,,,,,,1.0,,,,405.0,5566666.667,5666666.667,,,,,,5666666.667,87261.89538018988,0,489.50000000000006,87261.89538018988,,,,
62,agg_WEST_BENGAL,62,2086,FeedstockAggregator,agg_WEST_BENGAL,WEST_BENGAL,,,0.0,0.0,0.0,0.0,,,,,,,,,1.0,,,,405.0,4499569.529248372,4599569.529248372,,,,,,5497000.0,85223.35378913119,0,500.50000000000006,85223.35378913119,,,,
62,agg_CHHATTISGARH,62,2086,FeedstockAggregator,agg_CHHATTISGARH,CHHATTISGARH,,,0.0,0.0,0.0,0.0,,,,,,,,,1.0,,,,360.0,2466666.667,2666666.667,,,,,,2666666.667,156312.66694571043,0,660.0,77859.77793085486,,,,
62,agg_ODISHA,62,2086,FeedstockAggregator,agg_ODISHA,ODISHA,,,0.0,0.0,0.0,0.0,,,,,,,,,1.0,,,,360.0,3004666.667,3204666.667,,,,,,3204666.667,167119.85811745469,0,665.5,167119.85811745469,,,,
62,agg_MADHYA_PRADESH,62,2086,FeedstockAggregator,agg_MADHYA_PRADESH,MADHYA_PRADESH,,,0.0,0.0,0.0,0.0,,,,,,,,,1.0,,,,390.0,3028276.7201904813,3228276.7201904813,,,,,,3333333.333,160361.29175876494,0,693.0,160361.29175876494,,,,
62,agg_TELANGANA,62,2086,FeedstockAggregator,agg_TELANGANA,TELANGANA,,,0.0,0.0,0.0,0.0,,,,,,,,,1.0,,,,390.0,5598000.0,5698000.0,,,,,,5698000.0,87032.88755919023,0,478.50000000000006,87032.88755919023,,,,
62,agg_ASSAM,62,2086,FeedstockAggregator,agg_ASSAM,ASSAM,,,0.0,0.0,0.0,0.0,,,,,,,,,1.0,,,,480.0,1502807.666809679,1602807.666809679,,,,,,2000000.0,80023.09621949421,0,572.0,80023.09621949421,,,,
62,agg_JHARKHAND,62,2086,FeedstockAggregator,agg_JHARKHAND,JHARKHAND,,,0.0,0.0,0.0,0.0,,,,,,,,,1.0,,,,435.0,1259395.269424727,1359395.269424727,,,,,,1666666.667,79610.82632654661,0,528.0,79610.82632654661,,,,
62,agg_RAJASTHAN,62,2086,FeedstockAggregator,agg_RAJASTHAN,RAJASTHAN,,,0.0,0.0,0.0,0.0,,,,,,,,,1.0,,,,435.0,2168323.3053524373,2268323.3053524373,,,,,,2333333.333,85441.39643131696,0,533.5,85441.39643131696,,,,
62,agg_KERALA,62,2086,FeedstockAggregator,agg_KERALA,KERALA,,,0.0,0.0,0.0,0.0,,,,,,,,,1.0,,,,480.0,786758.4774045201,886758.4774045201,,,,,,1000000.0,81877.73696716245,0,577.5,81877.73696716245,,,,
62,agg_GUJARAT,62,2086,FeedstockAggregator,agg_GUJARAT,GUJARAT,,,0.0,0.0,0.0,0.0,,,,,,,,,1.0,,,,405.0,1217191.009118033,1317191.009118033,,,,,,1583333.333,83497.75306770296,0,495.00000000000006,83497.75306770296,,,,
63,agg_PUNJAB,63,2087,FeedstockAggregator,agg_PUNJAB,PUNJAB,,,0.0,0.0,0.0,0.0,,,,,,,,,1.0,,,,360.0,3640857.559624048,3840857.559624048,,,,,,4787000.0,159110.7071530886,0,660.0,77299.79221139153,,,,
63,agg_HARYANA,63,2087,FeedstockAggregator,agg_HARYANA,HARYANA,,,0.0,0.0,0.0,0.0,,,,,,,,,1.0,,,,360.0,3426250.746122725,3626250.746122725,,,,,,4000000.0,161740.64090900955,0,665.5,161740.64090900955,,,,
63,agg_UTTAR_PRADESH,63,2087,FeedstockAggregator,agg_UTTAR_PRADESH,UTTAR_PRADESH,,,0.0,0.0,0.0,0.0,,,,,,,,,1.0,,,,390.0,16400000.0,16500000.0,,,,,,16500000.0,85006.898783641,0,473.00000000000006,0.0,,,,
63,agg_BIHAR,63,2087,FeedstockAggregator,agg_BIHAR,BIHAR,,,0.0,0.0,0.0,0.0,,,,,,,,,1.0,,,,390.0,2889680.314833586,2989680.314833586,,,,,,3333333.333,82617.78673337561,0,467.50000000000006,82617.78673337561,,,,
63,agg_ANDHRA_PRADESH,63,2087,FeedstockAggregator,agg_ANDHRA_PRADESH,ANDHRA_PRADESH,,,0.0,0.0,0.0,0.0,,,,,,,,,1.0,,,,405.0,2509892.243745014,2609892.243745014,,,,,,3000000.0,80232.05194201981,0,495.00000000000006,80232.05194201981,,,,
63,agg_TAMIL_NADU,63,2087,FeedstockAggregator,agg_TAMIL_NADU,TAMIL_NADU,,,0.0,0.0,0.0,0.0,,,,,,,,,1.0,,,,435.0,1233333.333,1333333.333,,,,,,1333333.333,79310.53949689885,0,522.5,79310.53949689885,,,,
63,agg_MAHARASHTRA,63,2087,FeedstockAggregator,agg_MAHARASHTRA,MAHARASHTRA,,,0.0,0.0,0.0,0.0,,,,,,,,,1.0,,,,435.0,10233333.333,10333333.333,,,,,,10333333.333,79979.79577012209,0,517.0,79979.79577012209,,,,
63,agg_KARNATAKA,63,2087,FeedstockAggregator,agg_KARNATAKA,KARNATAKA,,,0.0,0.0,0.0,0.0,,,,,,,,,1.0,,,,405.0,4462029.553923407,4562029.553923407,,,,,,5666666.667,87261.89538018988,0,489.50000000000006,87261.89538018988,,,,
63,agg_WEST_BENGAL,63,2087,FeedstockAggregator,agg_WEST_BENGAL,WEST_BENGAL,,,0.0,0.0,0.0,0.0,,,,,,,,,1.0,,,,405.0,5397000.0,5497000.0,,,,,,5497000.0,85223.35378913119,0,500.50000000000006,85223.35378913119,,,,
63,agg_CHHATTISGARH,63,2087,FeedstockAggregator,agg_CHHATTISGARH,CHHATTISGARH,,,0.0,0.0,0.0,0.0,,,,,,,,,1.0,,,,360.0,2441383.4633329893,2641383.4633329893,,,,,,2666666.667,156312.66694571043,0,660.0,156312.66694571043,,,,
63,agg_ODISHA,63,2087,FeedstockAggregator,agg_ODISHA,ODISHA,,,0.0,0.0,0.0,0.0,,,,,,,,,1.0,,,,360.0,2790041.9235390043,2990041.9235390043,,,,,,3204666.667,167119.85811745469,0,665.5,167119.85811745469,,,,
63,agg_MADHYA_PRADESH,63,2087,FeedstockAggregator,agg_MADHYA_PRADESH,MADHYA_PRADESH,,,0.0,0.0,0.0,0.0,,,,,,,,,1.0,,,,390.0,3133333.333,3333333.333,,,,,,3333333.333,160361.29175876494,0,693.0,160361.29175876494,,,,
63,agg_TELANGANA,63,2087,FeedstockAggregator,agg_TELANGANA,TELANGANA,,,0.0,0.0,0.0,0.0,,,,,,,,,1.0,,,,390.0,5598000.0,5698000.0,,,,,,5698000.0,87032.88755919023,0,478.50000000000006,87032.88755919023,,,,
63,agg_ASSAM,63,2087,FeedstockAggregator,agg_ASSAM,ASSAM,,,0.0,0.0,0.0,0.0,,,,,,,,,1.0,,,,480.0,1718455.134469236,1818455.134469236,,,,,,2000000.0,80023.09621949421,0,572.0,80023.09621949421,,,,
63,agg_JHARKHAND,63,2087,FeedstockAggregator,agg_JHARKHAND,JHARKHAND,,,0.0,0.0,0.0,0.0,,,,,,,,,1.0,,,,435.0,1340367.4920316315,1440367.4920316315,,,,,,1666666.667,79610.82632654661,0,528.0,79610.82632654661,,,,
63,agg_RAJASTHAN,63,2087,FeedstockAggregator,agg_RAJASTHAN,RAJASTHAN,,,0.0,0.0,0.0,0.0,,,,,,,,,1.0,,,,435.0,1985296.8569786104,2085296.8569786104,,,,,,2333333.333,85441.39643131696,0,533.5,85441.39643131696,,,,
63,agg_KERALA,63,2087,FeedstockAggregator,agg_KERALA,KERALA,,,0.0,0.0,0.0,0.0,,,,,,,,,1.0,,,,480.0,900000.0,1000000.0,,,,,,1000000.0,81877.73696716245,0,577.5,81877.73696716245,,,,
63,agg_GUJARAT,63,2087,FeedstockAggregator,agg_GUJARAT,GUJARAT,,,0.0,0.0,0.0,0.0,,,,,,,,,1.0,,,,405.0,1483333.333,1583333.333,,,,,,1583333.333,83497.75306770296,0,495.00000000000006,0.0,,,,
64,agg_PUNJAB,64,2088,FeedstockAggregator,agg_PUNJAB,PUNJAB,,,0.0,0.0,0.0,0.0,,,,,,,,,1.0,,,,360.0,4587000.0,4787000.0,,,,,,4787000.0,159110.7071530886,0,660.0,159110.7071530886,,,,
64,agg_HARYANA,64,2088,FeedstockAggregator,agg_HARYANA,HARYANA,,,0.0,0.0,0.0,0.0,,,,,,,,,1.0,,,,360.0,3800000.0,4000000.0,,,,,,4000000.0,161740.64090900955,0,665.5,161740.64090900955,,,,
64,agg_UTTAR_PRADESH,64,2088,FeedstockAggregator,agg_UTTAR_PRADESH,UTTAR_PRADESH,,,0.0,0.0,0.0,0.0,,,,,,,,,1.0,,,,390.0,16065009.782024888,16165009.782024888,,,,,,16500000.0,85006.898783641,0,473.00000000000006,85006.898783641,,,,
64,agg_BIHAR,64,2088,FeedstockAggregator,agg_BIHAR,BIHAR,,,0.0,0.0,0.0,0.0,,,,,,,,,1.0,,,,390.0,2647284.503652798,2747284.503652798,,,,,,3333333.333,82617.78673337561,0,467.50000000000006,82617.78673337561,,,,
64,agg_ANDHRA_PRADESH,64,2088,FeedstockAggregator,agg_ANDHRA_PRADESH,ANDHRA_PRADESH,,,0.0,0.0,0.0,0.0,,,,,,,,,1.0,,,,405.0,2900000.0,3000000.0,,,,,,3000000.0,80232.05194201981,0,495.00000000000006,80232.05194201981,,,,
64,agg_TAMIL_NADU,64,2088,FeedstockAggregator,agg_TAMIL_NADU,TAMIL_NADU,,,0.0,0.0,0.0,0.0,,,,,,,,,1.0,,,,435.0,1233333.333,1333333.333,,,,,,1333333.333,79310.53949689885,0,522.5,79310.53949689885,,,,
64,agg_MAHARASHTRA,64,2088,FeedstockAggregator,agg_MAHARASHTRA,MAHARASHTRA,,,0.0,0.0,0.0,0.0,,,,,,,,,1.0,,,,435.0,10233333.333,10333333.333,,,,,,10333333.333,79979.79577012209,0,517.0,79979.79577012209,,,,
64,agg_KARNATAKA,64,2088,FeedstockAggregator,agg_KARNATAKA,KARNATAKA,,,0.0,0.0,0.0,0.0,,,,,,,,,1.0,,,,405.0,5465390.562039963,5565390.562039963,,,,,,5666666.667,87261.89538018988,0,489.50000000000006,87261.89538018988,,,,
64,agg_WEST_BENGAL,64,2088,FeedstockAggregator,agg_WEST_BENGAL,WEST_BENGAL,,,0.0,0.0,0.0,0.0,,,,,,,,,1.0,,,,405.0,5397000.0,5497000.0,,,,,,5497000.0,85223.35378913119,0,500.50000000000006,85223.35378913119,,,,
64,agg_CHHATTISGARH,64,2088,FeedstockAggregator,agg_CHHATTISGARH,CHHATTISGARH,,,0.0,0.0,0.0,0.0,,,,,,,,,1.0,,,,360.0,2372182.006583497,2572182.006583497,,,,,,2666666.667,156312.66694571043,0,660.0,156312.66694571043,,,,
64,agg_ODISHA,64,2088,FeedstockAggregator,agg_ODISHA,ODISHA,,,0.0,0.0,0.0,0.0,,,,,,,,,1.0,,,,360.0,2922168.387021388,3122168.387021388,,,,,,3204666.667,167119.85811745469,0,665.5,167119.85811745469,,,,
64,agg_MADHYA_PRADESH,64,2088,FeedstockAggregator,agg_MADHYA_PRADESH,MADHYA_PRADESH,,,0.0,0.0,0.0,0.0,,,,,,,,,1.0,,,,390.0,3133333.333,3333333.333,,,,,,3333333.333,160361.29175876494,0,693.0,160361.29175876494,,,,
64,agg_TELANGANA,64,2088,FeedstockAggregator,agg_TELANGANA,TELANGANA,,,0.0,0.0,0.0,0.0,,,,,,,,,1.0,,,,390.0,5598000.0,5698000.0,,,,,,5698000.0,87032.88755919023,0,478.50000000000006,87032.88755919023,,,,
64,agg_ASSAM,64,2088,FeedstockAggregator,agg_ASSAM,ASSAM,,,0.0,0.0,0.0,0.0,,,,,,,,,1.0,,,,480.0,1536479.5839675537,1636479.5839675537,,,,,,2000000.0,80023.09621949421,0,572.0,80023.09621949421,,,,
64,agg_JHARKHAND,64,2088,FeedstockAggregator,agg_JHARKHAND,JHARKHAND,,,0.0,0.0,0.0,0.0,,,,,,,,,1.0,,,,435.0,1566666.667,1666666.667,,,,,,1666666.667,79610.82632654661,0,528.0,79610.82632654661,,,,
64,agg_RAJASTHAN,64,2088,FeedstockAggregator,agg_RAJASTHAN,RAJASTHAN,,,0.0,0.0,0.0,0.0,,,,,,,,,1.0,,,,435.0,2233333.333,2333333.333,,,,,,2333333.333,85441.39643131696,0,533.5,85441.39643131696,,,,
64,agg_KERALA,64,2088,FeedstockAggregator,agg_KERALA,KERALA,,,0.0,0.0,0.0,0.0,,,,,,,,,1.0,,,,480.0,764669.1733356544,864669.1733356544,,,,,,1000000.0,81877.73696716245,0,577.5,81877.73696716245,,,,
64,agg_GUJARAT,64,2088,FeedstockAggregator,agg_GUJARAT,GUJARAT,,,0.0,0.0,0.0,0.0,,,,,,,,,1.0,,,,405.0,1457334.8514230538,1557334.8514230538,,,,,,1583333.333,83497.75306770296,0,495.00000000000006,83497.75306770296,,,,
65,agg_PUNJAB,65,2089,FeedstockAggregator,agg_PUNJAB,PUNJAB,,,0.0,0.0,0.0,0.0,,,,,,,,,1.0,,,,360.0,4587000.0,4787000.0,,,,,,4787000.0,159110.7071530886,0,660.0,81810.91494169708,,,,
65,agg_HARYANA,65,2089,FeedstockAggregator,agg_HARYANA,HARYANA,,,0.0,0.0,0.0,0.0,,,,,,,,,1.0,,,,360.0,3800000.0,4000000.0,,,,,,4000000.0,161740.64090900955,0,665.5,161740.64090900955,,,,
65,agg_UTTAR_PRADESH,65,2089,FeedstockAggregator,agg_UTTAR_PRADESH,UTTAR_PRADESH,,,0.0,0.0,0.0,0.0,,,,,,,,,1.0,,,,390.0,16400000.0,16500000.0,,,,,,16500000.0,85006.898783641,0,473.00000000000006,85006.898783641,,,,
65,agg_BIHAR,65,2089,FeedstockAggregator,agg_BIHAR,BIHAR,,,0.0,0.0,0.0,0.0,,,,,,,,,1.0,,,,390.0,2905172.352191319,3005172.352191319,,,,,,3333333.333,82617.78673337561,0,467.50000000000006,82617.78673337561,,,,
65,agg_ANDHRA_PRADESH,65,2089,FeedstockAggregator,agg_ANDHRA_PRADESH,ANDHRA_PRADESH,,,0.0,0.0,0.0,0.0,,,,,,,,,1.0,,,,405.0,2729276.681968397,2829276.681968397,,,,,,3000000.0,80232.05194201981,0,495.00000000000006,80232.05194201981,,,,
65,agg_TAMIL_NADU,65,2089,FeedstockAggregator,agg_TAMIL_NADU,TAMIL_NADU,,,0.0,0.0,0.0,0.0,,,,,,,,,1.0,,,,435.0,1233333.333,1333333.333,,,,,,1333333.333,79310.53949689885,0,522.5,79310.53949689885,,,,
65,agg_MAHARASHTRA,65,2089,FeedstockAggregator,agg_MAHARASHTRA,MAHARASHTRA,,,0.0,0.0,0.0,0.0,,,,,,,,,1.0,,,,435.0,9449513.907611577,9549513.907611577,,,,,,10333333.333,79979.79577012209,0,517.0,79979.79577012209,,,,
65,agg_KARNATAKA,65,2089,FeedstockAggregator,agg_KARNATAKA,KARNATAKA,,,0.0,0.0,0.0,0.0,,,,,,,,,1.0,,,,405.0,4459528.325722309,4559528.325722309,,,,,,5666666.667,87261.89538018988,0,489.50000000000006,87261.89538018988,,,,
65,agg_WEST_BENGAL,65,2089,FeedstockAggregator,agg_WEST_BENGAL,WEST_BENGAL,,,0.0,0.0,0.0,0.0,,,,,,,,,1.0,,,,405.0,5397000.0,5497000.0,,,,,,5497000.0,85223.35378913119,0,500.50000000000006,85223.35378913119,,,,
65,agg_CHHATTISGARH,65,2089,FeedstockAggregator,agg_CHHATTISGARH,CHHATTISGARH,,,0.0,0.0,0.0,0.0,,,,,,,,,1.0,,,,360.0,2466666.667,2666666.667,,,,,,2666666.667,156312.66694571043,0,660.0,156312.66694571043,,,,
65,agg_ODISHA,65,2089,FeedstockAggregator,agg_ODISHA,ODISHA,,,0.0,0.0,0.0,0.0,,,,,,,,,1.0,,,,360.0,3004666.667,3204666.667,,,,,,3204666.667,167119.85811745469,0,665.5,167119.85811745469,,,,
65,agg_MADHYA_PRADESH,65,2089,FeedstockAggregator,agg_MADHYA_PRADESH,MADHYA_PRADESH,,,0.0,0.0,0.0,0.0,,,,,,,,,1.0,,,,390.0,2897505.565916888,3097505.565916888,,,,,,3333333.333,160361.29175876494,0,693.0,160361.29175876494,,,,
65,agg_TELANGANA,65,2089,FeedstockAggregator,agg_TELANGANA,TELANGANA,,,0.0,0.0,0.0,0.0,,,,,,,,,1.0,,,,390.0,5519525.5138688525,5619525.5138688525,,,,,,5698000.0,87032.88755919023,0,478.50000000000006,0.0,,,,
65,agg_ASSAM,65,2089,FeedstockAggregator,agg_ASSAM,ASSAM,,,0.0,0.0,0.0,0.0,,,,,,,,,1.0,,,,480.0,1668712.7019756308,1768712.7019756308,,,,,,2000000.0,80023.09621949421,0,572.0,80023.09621949421,,,,
65,agg_JHARKHAND,65,2089,FeedstockAggregator,agg_JHARKHAND,JHARKHAND,,,0.0,0.0,0.0,0.0,,,,,,,,,1.0,,,,435.0,1566666.667,1666666.667,,,,,,1666666.667,79610.82632654661,0,528.0,79610.82632654661,,,,
65,agg_RAJASTHAN,65,2089,FeedstockAggregator,agg_RAJASTHAN,RAJASTHAN,,,0.0,0.0,0.0,0.0,,,,,,,,,1.0,,,,435.0,1875797.607493982,1975797.607493982,,,,,,2333333.333,85441.39643131696,0,533.5,85441.39643131696,,,,
65,agg_KERALA,65,2089,FeedstockAggregator,agg_KERALA,KERALA,,,0.0,0.0,0.0,0.0,,,,,,,,,1.0,,,,480.0,900000.0,1000000.0,,,,,,1000000.0,81877.73696716245,0,577.5,81877.73696716245,,,,
65,agg_GUJARAT,65,2089,FeedstockAggregator,agg_GUJARAT,GUJARAT,,,0.0,0.0,0.0,0.0,,,,,,,,,1.0,,,,405.0,1483333.333,1583333.333,,,,,,1583333.333,83497.75306770296,0,495.00000000000006,83497.75306770296,,,,
66,agg_PUNJAB,66,2090,FeedstockAggregator,agg_PUNJAB,PUNJAB,,,0.0,0.0,0.0,0.0,,,,,,,,,1.0,,,,360.0,4045563.806591262,4245563.806591262,,,,,,4787000.0,159110.7071530886,0,660.0,159110.7071530886,,,,
66,agg_HARYANA,66,2090,FeedstockAggregator,agg_HARYANA,HARYANA,,,0.0,0.0,0.0,0.0,,,,,,,,,1.0,,,,360.0,3343060.762600239,3543060.762600239,,,,,,4000000.0,161740.64090900955,0,665.5,161740.64090900955,,,,
66,agg_UTTAR_PRADESH,66,2090,FeedstockAggregator,agg_UTTAR_PRADESH,UTTAR_PRADESH,,,0.0,0.0,0.0,0.0,,,,,,,,,1.0,,,,390.0,16391370.591242915,16491370.591242915,,,,,,16500000.0,85006.898783641,0,473.00000000000006,85006.898783641,,,,
66,agg_BIHAR,66,2090,FeedstockAggregator,agg_BIHAR,BIHAR,,,0.0,0.0,0.0,0.0,,,,,,,,,1.0,,,,390.0,2837789.2590236207,2937789.2590236207,,,,,,3333333.333,82617.78673337561,0,467.50000000000006,82617.78673337561,,,,
66,agg_ANDHRA_PRADESH,66,2090,FeedstockAggregator,agg_ANDHRA_PRADESH,ANDHRA_PRADESH,,,0.0,0.0,0.0,0.0,,,,,,,,,1.0,,,,405.0,2900000.0,3000000.0,,,,,,3000000.0,80232.05194201981,0,495.00000000000006,80232.05194201981,,,,
66,agg_TAMIL_NADU,66,2090,FeedstockAggregator,agg_TAMIL_NADU,TAMIL_NADU,,,0.0,0.0,0.0,0.0,,,,,,,,,1.0,,,,435.0,1233333.333,1333333.333,,,,,,1333333.333,79310.53949689885,0,522.5,79310.53949689885,,,,
66,agg_MAHARASHTRA,66,2090,FeedstockAggregator,agg_MAHARASHTRA,MAHARASHTRA,,,0.0,0.0,0.0,0.0,,,,,,,,,1.0,,,,435.0,8927946.3565385,9027946.3565385,,,,,,10333333.333,79979.79577012209,0,517.0,79979.79577012209,,,,
66,agg_KARNATAKA,66,2090,FeedstockAggregator,agg_KARNATAKA,KARNATAKA,,,0.0,0.0,0.0,0.0,,,,,,,,,1.0,,,,405.0,5566666.667,5666666.667,,,,,,5666666.667,87261.89538018988,0,489.50000000000006,87261.89538018988,,,,
66,agg_WEST_BENGAL,66,2090,FeedstockAggregator,agg_WEST_BENGAL,WEST_BENGAL,,,0.0,0.0,0.0,0.0,,,,,,,,,1.0,,,,405.0,5140731.000378065,5240731.000378065,,,,,,5497000.0,85223.35378913119,0,500.50000000000006,85223.35378913119,,,,
66,agg_CHHATTISGARH,66,2090,FeedstockAggregator,agg_CHHATTISGARH,CHHATTISGARH,,,0.0,0.0,0.0,0.0,,,,,,,,,1.0,,,,360.0,2466666.667,2666666.667,,,,,,2666666.667,156312.66694571043,0,660.0,156312.66694571043,,,,
66,agg_ODISHA,66,2090,FeedstockAggregator,agg_ODISHA,ODISHA,,,0.0,0.0,0.0,0.0,,,,,,,,,1.0,,,,360.0,2477364.1277392064,2677364.1277392064,,,,,,3204666.667,167119.85811745469,0,665.5,167119.85811745469,,,,
66,agg_MADHYA_PRADESH,66,2090,FeedstockAggregator,agg_MADHYA_PRADESH,MADHYA_PRADESH,,,0.0,0.0,0.0,0.0,,,,,,,,,1.0,,,,390.0,3133333.333,3333333.333,,,,,,3333333.333,160361.29175876494,0,693.0,160361.29175876494,,,,
66,agg_TELANGANA,66,2090,FeedstockAggregator,agg_TELANGANA,TELANGANA,,,0.0,0.0,0.0,0.0,,,,,,,,,1.0,,,,390.0,5598000.0,5698000.0,,,,,,5698000.0,87032.88755919023,0,478.50000000000006,87032.88755919023,,,,
66,agg_ASSAM,66,2090,FeedstockAggregator,agg_ASSAM,ASSAM,,,0.0,0.0,0.0,0.0,,,,,,,,,1.0,,,,480.0,1782656.749166948,1882656.749166948,,,,,,2000000.0,80023.09621949421,0,572.0,80023.09621949421,,,,
66,agg_JHARKHAND,66,2090,FeedstockAggregator,agg_JHARKHAND,JHARKHAND,,,0.0,0.0,0.0,0.0,,,,,,,,,1.0,,,,435.0,1234205.5693403138,1334205.5693403138,,,,,,1666666.667,79610.82632654661,0,528.0,79610.82632654661,,,,
66,agg_RAJASTHAN,66,2090,FeedstockAggregator,agg_RAJASTHAN,RAJASTHAN,,,0.0,0.0,0.0,0.0,,,,,,,,,1.0,,,,435.0,2070441.2170003508,2170441.217000351,,,,,,2333333.333,85441.39643131696,0,533.5,85441.39643131696,,,,
66,agg_KERALA,66,2090,FeedstockAggregator,agg_KERALA,KERALA,,,0.0,0.0,0.0,0.0,,,,,,,,,1.0,,,,480.0,701399.7409002942,801399.7409002942,,,,,,1000000.0,81877.73696716245,0,577.5,81877.73696716245,,,,
66,agg_GUJARAT,66,2090,FeedstockAggregator,agg_GUJARAT,GUJARAT,,,0.0,0.0,0.0,0.0,,,,,,,,,1.0,,,,405.0,1483333.333,1583333.333,,,,,,1583333.333,83497.75306770296,0,495.00000000000006,83497.75306770296,,,,
67,agg_PUNJAB,67,2091,FeedstockAggregator,agg_PUNJAB,PUNJAB,,,0.0,0.0,0.0,0.0,,,,,,,,,1.0,,,,360.0,4587000.0,4787000.0,,,,,,4787000.0,159110.7071530886,0,660.0,159110.7071530886,,,,
67,agg_HARYANA,67,2091,FeedstockAggregator,agg_HARYANA,HARYANA,,,0.0,0.0,0.0,0.0,,,,,,,,,1.0,,,,360.0,3602323.5764969457,3802323.5764969457,,,,,,4000000.0,161740.64090900955,0,665.5,161740.64090900955,,,,
67,agg_UTTAR_PRADESH,67,2091,FeedstockAggregator,agg_UTTAR_PRADESH,UTTAR_PRADESH,,,0.0,0.0,0.0,0.0,,,,,,,,,1.0,,,,390.0,16400000.0,16500000.0,,,,,,16500000.0,85006.898783641,0,473.00000000000006,85006.898783641,,,,
67,agg_BIHAR,67,2091,FeedstockAggregator,agg_BIHAR,BIHAR,,,0.0,0.0,0.0,0.0,,,,,,,,,1.0,,,,390.0,2675425.239315497,2775425.239315497,,,,,,3333333.333,82617.78673337561,0,467.50000000000006,82617.78673337561,,,,
67,agg_ANDHRA_PRADESH,67,2091,FeedstockAggregator,agg_ANDHRA_PRADESH,ANDHRA_PRADESH,,,0.0,0.0,0.0,0.0,,,,,,,,,1.0,,,,405.0,2900000.0,3000000.0,,,,,,3000000.0,80232.05194201981,0,495.00000000000006,80232.05194201981,,,,
67,agg_TAMIL_NADU,67,2091,FeedstockAggregator,agg_TAMIL_NADU,TAMIL_NADU,,,0.0,0.0,0.0,0.0,,,,,,,,,1.0,,,,435.0,1233333.333,1333333.333,,,,,,1333333.333,79310.53949689885,0,522.5,79310.53949689885,,,,
67,agg_MAHARASHTRA,67,2091,FeedstockAggregator,agg_MAHARASHTRA,MAHARASHTRA,,,0.0,0.0,0.0,0.0,,,,,,,,,1.0,,,,435.0,8870418.424621923,8970418.424621923,,,,,,10333333.333,79979.79577012209,0,517.0,79979.79577012209,,,,
67,agg_KARNATAKA,67,2091,FeedstockAggregator,agg_KARNATAKA,KARNATAKA,,,0.0,0.0,0.0,0.0,,,,,,,,,1.0,,,,405.0,4612135.417483586,4712135.417483586,,,,,,5666666.667,87261.89538018988,0,489.50000000000006,87261.89538018988,,,,
67,agg_WEST_BENGAL,67,2091,FeedstockAggregator,agg_WEST_BENGAL,WEST_BENGAL,,,0.0,0.0,0.0,0.0,,,,,,,,,1.0,,,,405.0,5397000.0,5497000.0,,,,,,5497000.0,85223.35378913119,0,500.50000000000006,85223.35378913119,,,,
67,agg_CHHATTISGARH,67,2091,FeedstockAggregator,agg_CHHATTISGARH,CHHATTISGARH,,,0.0,0.0,0.0,0.0,,,,,,,,,1.0,,,,360.0,2466666.667,2666666.667,,,,,,2666666.667,156312.66694571043,0,660.0,78452.88901485557,,,,
67,agg_ODISHA,67,2091,FeedstockAggregator,agg_ODISHA,ODISHA,,,0.0,0.0,0.0,0.0,,,,,,,,,1.0,,,,360.0,3004666.667,3204666.667,,,,,,3204666.667,167119.85811745469,0,665.5,167119.85811745469,,,,
67,agg_MADHYA_PRADESH,67,2091,FeedstockAggregator,agg_MADHYA_PRADESH,MADHYA_PRADESH,,,0.0,0.0,0.0,0.0,,,,,,,,,1.0,,,,390.0,3133333.333,3333333.333,,,,,,3333333.333,160361.29175876494,0,693.0,160361.29175876494,,,,
67,agg_TELANGANA,67,2091,FeedstockAggregator,agg_TELANGANA,TELANGANA,,,0.0,0.0,0.0,0.0,,,,,,,,,1.0,,,,390.0,5598000.0,5698000.0,,,,,,5698000.0,87032.88755919023,0,478.50000000000006,87032.88755919023,,,,
67,agg_ASSAM,67,2091,FeedstockAggregator,agg_ASSAM,ASSAM,,,0.0,0.0,0.0,0.0,,,,,,,,,1.0,,,,480.0,1900000.0,2000000.0,,,,,,2000000.0,80023.09621949421,0,572.0,80023.09621949421,,,,
67,agg_JHARKHAND,67,2091,FeedstockAggregator,agg_JHARKHAND,JHARKHAND,,,0.0,0.0,0.0,0.0,,,,,,,,,1.0,,,,435.0,1487849.0262074848,1587849.0262074848,,,,,,1666666.667,79610.82632654661,0,528.0,79610.82632654661,,,,
67,agg_RAJASTHAN,67,2091,FeedstockAggregator,agg_RAJASTHAN,RAJASTHAN,,,0.0,0.0,0.0,0.0,,,,,,,,,1.0,,,,435.0,1830428.480794992,1930428.480794992,,,,,,2333333.333,85441.39643131696,0,533.5,85441.39643131696,,,,
67,agg_KERALA,67,2091,FeedstockAggregator,agg_KERALA,KERALA,,,0.0,0.0,0.0,0.0,,,,,,,,,1.0,,,,480.0,736464.5484837685,836464.5484837685,,,,,,1000000.0,81877.73696716245,0,577.5,81877.73696716245,,,,
67,agg_GUJARAT,67,2091,FeedstockAggregator,agg_GUJARAT,GUJARAT,,,0.0,0.0,0.0,0.0,,,,,,,,,1.0,,,,405.0,1483333.333,1583333.333,,,,,,1583333.333,83497.75306770296,0,495.00000000000006,83497.75306770296,,,,
68,agg_PUNJAB,68,2092,FeedstockAggregator,agg_PUNJAB,PUNJAB,,,0.0,0.0,0.0,0.0,,,,,,,,,1.0,,,,360.0,4271369.247112732,4471369.247112732,,,,,,4787000.0,159110.7071530886,0,660.0,159110.7071530886,,,,
68,agg_HARYANA,68,2092,FeedstockAggregator,agg_HARYANA,HARYANA,,,0.0,0.0,0.0,0.0,,,,,,,,,1.0,,,,360.0,3420625.784591001,3620625.784591001,,,,,,4000000.0,161740.64090900955,0,665.5,161740.64090900955,,,,
68,agg_UTTAR_PRADESH,68,2092,FeedstockAggregator,agg_UTTAR_PRADESH,UTTAR_PRADESH,,,0.0,0.0,0.0,0.0,,,,,,,,,1.0,,,,390.0,16400000.0,16500000.0,,,,,,16500000.0,85006.898783641,0,473.00000000000006,85006.898783641,,,,
68,agg_BIHAR,68,2092,FeedstockAggregator,agg_BIHAR,BIHAR,,,0.0,0.0,0.0,0.0,,,,,,,,,1.0,,,,390.0,3233333.333,3333333.333,,,,,,3333333.333,82617.78673337561,0,467.50000000000006,82617.78673337561,,,,
68,agg_ANDHRA_PRADESH,68,2092,FeedstockAggregator,agg_ANDHRA_PRADESH,ANDHRA_PRADESH,,,0.0,0.0,0.0,0.0,,,,,,,,,1.0,,,,405.0,2539214.812512573,2639214.812512573,,,,,,3000000.0,80232.05194201981,0,495.00000000000006,80232.05194201981,,,,
68,agg_TAMIL_NADU,68,2092,FeedstockAggregator,agg_TAMIL_NADU,TAMIL_NADU,,,0.0,0.0,0.0,0.0,,,,,,,,,1.0,,,,435.0,1029261.0615293717,1129261.0615293717,,,,,,1333333.333,79310.53949689885,0,522.5,79310.53949689885,,,,
68,agg_MAHARASHTRA,68,2092,FeedstockAggregator,agg_MAHARASHTRA,MAHARASHTRA,,,0.0,0.0,0.0,0.0,,,,,,,,,1.0,,,,435.0,8280921.61847605,8380921.61847605,,,,,,10333333.333,79979.79577012209,0,517.0,79979.79577012209,,,,
68,agg_KARNATAKA,68,2092,FeedstockAggregator,agg_KARNATAKA,KARNATAKA,,,0.0,0.0,0.0,0.0,,,,,,,,,1.0,,,,405.0,5566666.667,5666666.667,,,,,,5666666.667,87261.89538018988,0,489.50000000000006,0.0,,,,
68,agg_WEST_BENGAL,68,2092,FeedstockAggregator,agg_WEST_BENGAL,WEST_BENGAL,,,0.0,0.0,0.0,0.0,,,,,,,,,1.0,,,,405.0,4495235.705311364,4595235.705311364,,,,,,5497000.0,85223.35378913119,0,500.50000000000006,85223.35378913119,,,,
68,agg_CHHATTISGARH,68,2092,FeedstockAggregator,agg_CHHATTISGARH,CHHATTISGARH,,,0.0,0.0,0.0,0.0,,,,,,,,,1.0,,,,360.0,2466666.667,2666666.667,,,,,,2666666.667,156312.66694571043,0,660.0,156312.66694571043,,,,
68,agg_ODISHA,68,2092,FeedstockAggregator,agg_ODISHA,ODISHA,,,0.0,0.0,0.0,0.0,,,,,,,,,1.0,,,,360.0,2613210.280531123,2813210.280531123,,,,,,3204666.667,167119.85811745469,0,665.5,167119.85811745469,,,,
68,agg_MADHYA_PRADESH,68,2092,FeedstockAggregator,agg_MADHYA_PRADESH,MADHYA_PRADESH,,,0.0,0.0,0.0,0.0,,,,,,,,,1.0,,,,390.0,2810697.7054752847,3010697.7054752847,,,,,,3333333.333,160361.29175876494,0,693.0,160361.29175876494,,,,
68,agg_TELANGANA,68,2092,FeedstockAggregator,agg_TELANGANA,TELANGANA,,,0.0,0.0,0.0,0.0,,,,,,,,,1.0,,,,390.0,5598000.0,5698000.0,,,,,,5698000.0,87032.88755919023,0,478.50000000000006,87032.88755919023,,,,
68,agg_ASSAM,68,2092,FeedstockAggregator,agg_ASSAM,ASSAM,,,0.0,0.0,0.0,0.0,,,,,,,,,1.0,,,,480.0,1893583.637745584,1993583.637745584,,,,,,2000000.0,80023.09621949421,0,572.0,80023.09621949421,,,,
68,agg_JHARKHAND,68,2092,FeedstockAggregator,agg_JHARKHAND,JHARKHAND,,,0.0,0.0,0.0,0.0,,,,,,,,,1.0,,,,435.0,1465353.0796258487,1565353.0796258487,,,,,,1666666.667,79610.82632654661,0,528.0,79610.82632654661,,,,
68,agg_RAJASTHAN,68,2092,FeedstockAggregator,agg_RAJASTHAN,RAJASTHAN,,,0.0,0.0,0.0,0.0,,,,,,,,,1.0,,,,435.0,2233333.333,2333333.333,,,,,,2333333.333,85441.39643131696,0,533.5,85441.39643131696,,,,
68,agg_KERALA,68,2092,FeedstockAggregator,agg_KERALA,KERALA,,,0.0,0.0,0.0,0.0,,,,,,,,,1.0,,,,480.0,888102.051637524,988102.051637524,,,,,,1000000.0,81877.73696716245,0,577.5,81877.73696716245,,,,
68,agg_GUJARAT,68,2092,FeedstockAggregator,agg_GUJARAT,GUJARAT,,,0.0,0.0,0.0,0.0,,,,,,,,,1.0,,,,405.0,1205618.5174016885,1305618.5174016885,,,,,,1583333.333,83497.75306770296,0,495.00000000000006,83497.75306770296,,,,
69,agg_PUNJAB,69,2093,FeedstockAggregator,agg_PUNJAB,PUNJAB,,,0.0,0.0,0.0,0.0,,,,,,,,,1.0,,,,360.0,4587000.0,4787000.0,,,,,,4787000.0,159110.7071530886,0,660.0,159110.7071530886,,,,
69,agg_HARYANA,69,2093,FeedstockAggregator,agg_HARYANA,HARYANA,,,0.0,0.0,0.0,0.0,,,,,,,,,1.0,,,,360.0,3800000.0,4000000.0,,,,,,4000000.0,161740.64090900955,0,665.5,161740.64090900955,,,,
69,agg_UTTAR_PRADESH,69,2093,FeedstockAggregator,agg_UTTAR_PRADESH,UTTAR_PRADESH,,,0.0,0.0,0.0,0.0,,,,,,,,,1.0,,,,390.0,13643936.997513972,13743936.997513972,,,,,,16500000.0,85006.898783641,0,473.00000000000006,85006.898783641,,,,
69,agg_BIHAR,69,2093,FeedstockAggregator,agg_BIHAR,BIHAR,,,0.0,0.0,0.0,0.0,,,,,,,,,1.0,,,,390.0,2814302.1536295153,2914302.1536295153,,,,,,3333333.333,82617.78673337561,0,467.50000000000006,82617.78673337561,,,,
69,agg_ANDHRA_PRADESH,69,2093,FeedstockAggregator,agg_ANDHRA_PRADESH,ANDHRA_PRADESH,,,0.0,0.0,0.0,0.0,,,,,,,,,1.0,,,,405.0,2456327.075686119,2556327.075686119,,,,,,3000000.0,80232.05194201981,0,495.00000000000006,80232.05194201981,,,,
69,agg_TAMIL_NADU,69,2093,FeedstockAggregator,agg_TAMIL_NADU,TAMIL_NADU,,,0.0,0.0,0.0,0.0,,,,,,,,,1.0,,,,435.0,999746.8196626448,1099746.8196626448,,,,,,1333333.333,79310.53949689885,0,522.5,79310.53949689885,,,,
69,agg_MAHARASHTRA,69,2093,FeedstockAggregator,agg_MAHARASHTRA,MAHARASHTRA,,,0.0,0.0,0.0,0.0,,,,,,,,,1.0,,,,435.0,10233333.333,10333333.333,,,,,,10333333.333,79979.79577012209,0,517.0,79979.79577012209,,,,
69,agg_KARNATAKA,69,2093,FeedstockAggregator,agg_KARNATAKA,KARNATAKA,,,0.0,0.0,0.0,0.0,,,,,,,,,1.0,,,,405.0,5296780.647084002,5396780.647084002,,,,,,5666666.667,87261.89538018988,0,489.50000000000006,87261.89538018988,,,,
69,agg_WEST_BENGAL,69,2093,FeedstockAggregator,agg_WEST_BENGAL,WEST_BENGAL,,,0.0,0.0,0.0,0.0,,,,,,,,,1.0,,,,405.0,5397000.0,5497000.0,,,,,,5497000.0,85223.35378913119,0,500.50000000000006,85223.35378913119,,,,
69,agg_CHHATTISGARH,69,2093,FeedstockAggregator,agg_CHHATTISGARH,CHHATTISGARH,,,0.0,0.0,0.0,0.0,,,,,,,,,1.0,,,,360.0,2466666.667,2666666.667,,,,,,2666666.667,156312.66694571043,0,660.0,156312.66694571043,,,,
69,agg_ODISHA,69,2093,FeedstockAggregator,agg_ODISHA,ODISHA,,,0.0,0.0,0.0,0.0,,,,,,,,,1.0,,,,360.0,3004666.667,3204666.667,,,,,,3204666.667,167119.85811745469,0,665.5,167119.85811745469,,,,
69,agg_MADHYA_PRADESH,69,2093,FeedstockAggregator,agg_MADHYA_PRADESH,MADHYA_PRADESH,,,0.0,0.0,0.0,0.0,,,,,,,,,1.0,,,,390.0,2491094.0742402105,2691094.0742402105,,,,,,3333333.333,160361.29175876494,0,693.0,160361.29175876494,,,,
69,agg_TELANGANA,69,2093,FeedstockAggregator,agg_TELANGANA,TELANGANA,,,0.0,0.0,0.0,0.0,,,,,,,,,1.0,,,,390.0,5075905.811977367,5175905.811977367,,,,,,5698000.0,87032.88755919023,0,478.50000000000006,87032.88755919023,,,,
69,agg_ASSAM,69,2093,FeedstockAggregator,agg_ASSAM,ASSAM,,,0.0,0.0,0.0,0.0,,,,,,,,,1.0,,,,480.0,1832693.6380778353,1932693.6380778353,,,,,,2000000.0,80023.09621949421,0,572.0,80023.09621949421,,,,
69,agg_JHARKHAND,69,2093,FeedstockAggregator,agg_JHARKHAND,JHARKHAND,,,0.0,0.0,0.0,0.0,,,,,,,,,1.0,,,,435.0,1363922.8014016275,1463922.8014016275,,,,,,1666666.667,79610.82632654661,0,528.0,79610.82632654661,,,,
69,agg_RAJASTHAN,69,2093,FeedstockAggregator,agg_RAJASTHAN,RAJASTHAN,,,0.0,0.0,0.0,0.0,,,,,,,,,1.0,,,,435.0,2095453.196629479,2195453.196629479,,,,,,2333333.333,85441.39643131696,0,533.5,85441.39643131696,,,,
69,agg_KERALA,69,2093,FeedstockAggregator,agg_KERALA,KERALA,,,0.0,0.0,0.0,0.0,,,,,,,,,1.0,,,,480.0,900000.0,1000000.0,,,,,,1000000.0,81877.73696716245,0,577.5,81877.73696716245,,,,
69,agg_GUJARAT,69,2093,FeedstockAggregator,agg_GUJARAT,GUJARAT,,,0.0,0.0,0.0,0.0,,,,,,,,,1.0,,,,405.0,1483333.333,1583333.333,,,,,,1583333.333,83497.75306770296,0,495.00000000000006,83497.75306770296,,,,
70,agg_PUNJAB,70,2094,FeedstockAggregator,agg_PUNJAB,PUNJAB,,,0.0,0.0,0.0,0.0,,,,,,,,,1.0,,,,360.0,4209259.232847824,4409259.232847824,,,,,,4787000.0,159110.7071530886,0,660.0,159110.7071530886,,,,
70,agg_HARYANA,70,2094,FeedstockAggregator,agg_HARYANA,HARYANA,,,0.0,0.0,0.0,0.0,,,,,,,,,1.0,,,,360.0,3673165.0427594623,3873165.0427594623,,,,,,4000000.0,161740.64090900955,0,665.5,161740.64090900955,,,,
70,agg_UTTAR_PRADESH,70,2094,FeedstockAggregator,agg_UTTAR_PRADESH,UTTAR_PRADESH,,,0.0,0.0,0.0,0.0,,,,,,,,,1.0,,,,390.0,14674315.428881237,14774315.428881237,,,,,,16500000.0,85006.898783641,0,473.00000000000006,85006.898783641,,,,
70,agg_BIHAR,70,2094,FeedstockAggregator,agg_BIHAR,BIHAR,,,0.0,0.0,0.0,0.0,,,,,,,,,1.0,,,,390.0,3093474.0790209803,3193474.0790209803,,,,,,3333333.333,82617.78673337561,0,467.50000000000006,82617.78673337561,,,,
70,agg_ANDHRA_PRADESH,70,2094,FeedstockAggregator,agg_ANDHRA_PRADESH,ANDHRA_PRADESH,,,0.0,0.0,0.0,0.0,,,,,,,,,1.0,,,,405.0,2900000.0,3000000.0,,,,,,3000000.0,80232.05194201981,0,495.00000000000006,80232.05194201981,,,,
70,agg_TAMIL_NADU,70,2094,FeedstockAggregator,agg_TAMIL_NADU,TAMIL_NADU,,,0.0,0.0,0.0,0.0,,,,,,,,,1.0,,,,435.0,1195812.5609319315,1295812.5609319315,,,,,,1333333.333,79310.53949689885,0,522.5,79310.53949689885,,,,
70,agg_MAHARASHTRA,70,2094,FeedstockAggregator,agg_MAHARASHTRA,MAHARASHTRA,,,0.0,0.0,0.0,0.0,,,,,,,,,1.0,,,,435.0,10006130.648032458,10106130.648032458,,,,,,10333333.333,79979.79577012209,0,517.0,79979.79577012209,,,,
70,agg_KARNATAKA,70,2094,FeedstockAggregator,agg_KARNATAKA,KARNATAKA,,,0.0,0.0,0.0,0.0,,,,,,,,,1.0,,,,405.0,5166291.189439063,5266291.189439063,,,,,,5666666.667,87261.89538018988,0,489.50000000000006,87261.89538018988,,,,
70,agg_WEST_BENGAL,70,2094,FeedstockAggregator,agg_WEST_BENGAL,WEST_BENGAL,,,0.0,0.0,0.0,0.0,,,,,,,,,1.0,,,,405.0,5079396.859861235,5179396.859861235,,,,,,5497000.0,85223.35378913119,0,500.50000000000006,85223.35378913119,,,,
70,agg_CHHATTISGARH,70,2094,FeedstockAggregator,agg_CHHATTISGARH,CHHATTISGARH,,,0.0,0.0,0.0,0.0,,,,,,,,,1.0,,,,360.0,2038146.872091116,2238146.872091116,,,,,,2666666.667,156312.66694571043,0,660.0,156312.66694571043,,,,
70,agg_ODISHA,70,2094,FeedstockAggregator,agg_ODISHA,ODISHA,,,0.0,0.0,0.0,0.0,,,,,,,,,1.0,,,,360.0,3004666.667,3204666.667,,,,,,3204666.667,167119.85811745469,0,665.5,167119.85811745469,,,,
70,agg_MADHYA_PRADESH,70,2094,FeedstockAggregator,agg_MADHYA_PRADESH,MADHYA_PRADESH,,,0.0,0.0,0.0,0.0,,,,,,,,,1.0,,,,390.0,2684704.8745593275,2884704.8745593275,,,,,,3333333.333,160361.29175876494,0,693.0,160361.29175876494,,,,
70,agg_TELANGANA,70,2094,FeedstockAggregator,agg_TELANGANA,TELANGANA,,,0.0,0.0,0.0,0.0,,,,,,,,,1.0,,,,390.0,4506298.105255818,4606298.105255818,,,,,,5698000.0,87032.88755919023,0,478.50000000000006,87032.88755919023,,,,
70,agg_ASSAM,70,2094,FeedstockAggregator,agg_ASSAM,ASSAM,,,0.0,0.0,0.0,0.0,,,,,,,,,1.0,,,,480.0,1900000.0,2000000.0,,,,,,2000000.0,80023.09621949421,0,572.0,80023.09621949421,,,,
70,agg_JHARKHAND,70,2094,FeedstockAggregator,agg_JHARKHAND,JHARKHAND,,,0.0,0.0,0.0,0.0,,,,,,,,,1.0,,,,435.0,1566666.667,1666666.667,,,,,,1666666.667,79610.82632654661,0,528.0,79610.82632654661,,,,
70,agg_RAJASTHAN,70,2094,FeedstockAggregator,agg_RAJASTHAN,RAJASTHAN,,,0.0,0.0,0.0,0.0,,,,,,,,,1.0,,,,435.0,1887558.5591787715,1987558.5591787715,,,,,,2333333.333,85441.39643131696,0,533.5,85441.39643131696,,,,
70,agg_KERALA,70,2094,FeedstockAggregator,agg_KERALA,KERALA,,,0.0,0.0,0.0,0.0,,,,,,,,,1.0,,,,480.0,900000.0,1000000.0,,,,,,1000000.0,81877.73696716245,0,577.5,81877.73696716245,,,,
70,agg_GUJARAT,70,2094,FeedstockAggregator,agg_GUJARAT,GUJARAT,,,0.0,0.0,0.0,0.0,,,,,,,,,1.0,,,,405.0,1187638.8260232906,1287638.8260232906,,,,,,1583333.333,83497.75306770296,0,495.00000000000006,83497.75306770296,,,,
71,agg_PUNJAB,71,2095,FeedstockAggregator,agg_PUNJAB,PUNJAB,,,0.0,0.0,0.0,0.0,,,,,,,,,1.0,,,,360.0,4270823.540669022,4470823.540669022,,,,,,4787000.0,159110.7071530886,0,660.0,159110.7071530886,,,,
71,agg_HARYANA,71,2095,FeedstockAggregator,agg_HARYANA,HARYANA,,,0.0,0.0,0.0,0.0,,,,,,,,,1.0,,,,360.0,3549844.7976657692,3749844.7976657692,,,,,,4000000.0,161740.64090900955,0,665.5,0.0,,,,
71,agg_UTTAR_PRADESH,71,2095,FeedstockAggregator,agg_UTTAR_PRADESH,UTTAR_PRADESH,,,0.0,0.0,0.0,0.0,,,,,,,,,1.0,,,,390.0,16400000.0,16500000.0,,,,,,16500000.0,85006.898783641,0,473.00000000000006,85006.898783641,,,,
71,agg_BIHAR,71,2095,FeedstockAggregator,agg_BIHAR,BIHAR,,,0.0,0.0,0.0,0.0,,,,,,,,,1.0,,,,390.0,3233333.333,3333333.333,,,,,,3333333.333,82617.78673337561,0,467.50000000000006,82617.78673337561,,,,
71,agg_ANDHRA_PRADESH,71,2095,FeedstockAggregator,agg_ANDHRA_PRADESH,ANDHRA_PRADESH,,,0.0,0.0,0.0,0.0,,,,,,,,,1.0,,,,405.0,2575886.993330872,2675886.993330872,,,,,,3000000.0,80232.05194201981,0,495.00000000000006,80232.05194201981,,,,
71,agg_TAMIL_NADU,71,2095,FeedstockAggregator,agg_TAMIL_NADU,TAMIL_NADU,,,0.0,0.0,0.0,0.0,,,,,,,,,1.0,,,,435.0,1149682.569736159,1249682.569736159,,,,,,1333333.333,79310.53949689885,0,522.5,79310.53949689885,,,,
71,agg_MAHARASHTRA,71,2095,FeedstockAggregator,agg_MAHARASHTRA,MAHARASHTRA,,,0.0,0.0,0.0,0.0,,,,,,,,,1.0,,,,435.0,10233333.333,10333333.333,,,,,,10333333.333,79979.79577012209,0,517.0,79979.79577012209,,,,
71,agg_KARNATAKA,71,2095,FeedstockAggregator,agg_KARNATAKA,KARNATAKA,,,0.0,0.0,0.0,0.0,,,,,,,,,1.0,,,,405.0,4845649.629033364,4945649.629033364,,,,,,5666666.667,87261.89538018988,0,489.50000000000006,87261.89538018988,,,,
71,agg_WEST_BENGAL,71,2095,FeedstockAggregator,agg_WEST_BENGAL,WEST_BENGAL,,,0.0,0.0,0.0,0.0,,,,,,,,,1.0,,,,405.0,5363654.538981199,5463654.538981199,,,,,,5497000.0,85223.35378913119,0,500.50000000000006,85223.35378913119,,,,
71,agg_CHHATTISGARH,71,2095,FeedstockAggregator,agg_CHHATTISGARH,CHHATTISGARH,,,0.0,0.0,0.0,0.0,,,,,,,,,1.0,,,,360.0,2459453.357689851,2659453.357689851,,,,,,2666666.667,156312.66694571043,0,660.0,156312.66694571043,,,,
71,agg_ODISHA,71,2095,FeedstockAggregator,agg_ODISHA,ODISHA,,,0.0,0.0,0.0,0.0,,,,,,,,,1.0,,,,360.0,3004666.667,3204666.667,,,,,,3204666.667,167119.85811745469,0,665.5,167119.85811745469,,,,
71,agg_MADHYA_PRADESH,71,2095,FeedstockAggregator,agg_MADHYA_PRADESH,MADHYA_PRADESH,,,0.0,0.0,0.0,0.0,,,,,,,,,1.0,,,,390.0,3133333.333,3333333.333,,,,,,3333333.333,160361.29175876494,0,693.0,160361.29175876494,,,,
71,agg_TELANGANA,71,2095,FeedstockAggregator,agg_TELANGANA,TELANGANA,,,0.0,0.0,0.0,0.0,,,,,,,,,1.0,,,,390.0,5598000.0,5698000.0,,,,,,5698000.0,87032.88755919023,0,478.50000000000006,87032.88755919023,,,,
71,agg_ASSAM,71,2095,FeedstockAggregator,agg_ASSAM,ASSAM,,,0.0,0.0,0.0,0.0,,,,,,,,,1.0,,,,480.0,1825445.0098477246,1925445.0098477246,,,,,,2000000.0,80023.09621949421,0,572.0,80023.09621949421,,,,
71,agg_JHARKHAND,71,2095,FeedstockAggregator,agg_JHARKHAND,JHARKHAND,,,0.0,0.0,0.0,0.0,,,,,,,,,1.0,,,,435.0,1476079.7961563133,1576079.7961563133,,,,,,1666666.667,79610.82632654661,0,528.0,79610.82632654661,,,,
71,agg_RAJASTHAN,71,2095,FeedstockAggregator,agg_RAJASTHAN,RAJASTHAN,,,0.0,0.0,0.0,0.0,,,,,,,,,1.0,,,,435.0,2233333.333,2333333.333,,,,,,2333333.333,85441.39643131696,0,533.5,85441.39643131696,,,,
71,agg_KERALA,71,2095,FeedstockAggregator,agg_KERALA,KERALA,,,0.0,0.0,0.0,0.0,,,,,,,,,1.0,,,,480.0,900000.0,1000000.0,,,,,,1000000.0,81877.73696716245,0,577.5,81877.73696716245,,,,
71,agg_GUJARAT,71,2095,FeedstockAggregator,agg_GUJARAT,GUJARAT,,,0.0,0.0,0.0,0.0,,,,,,,,,1.0,,,,405.0,1483333.333,1583333.333,,,,,,1583333.333,83497.75306770296,0,495.00000000000006,83497.75306770296,,,,
72,agg_PUNJAB,72,2096,FeedstockAggregator,agg_PUNJAB,PUNJAB,,,0.0,0.0,0.0,0.0,,,,,,,,,1.0,,,,360.0,4587000.0,4787000.0,,,,,,4787000.0,159110.7071530886,0,660.0,159110.7071530886,,,,
72,agg_HARYANA,72,2096,FeedstockAggregator,agg_HARYANA,HARYANA,,,0.0,0.0,0.0,0.0,,,,,,,,,1.0,,,,360.0,3800000.0,4000000.0,,,,,,4000000.0,161740.64090900955,0,665.5,161740.64090900955,,,,
72,agg_UTTAR_PRADESH,72,2096,FeedstockAggregator,agg_UTTAR_PRADESH,UTTAR_PRADESH,,,0.0,0.0,0.0,0.0,,,,,,,,,1.0,,,,390.0,15414718.827446405,15514718.827446405,,,,,,16500000.0,85006.898783641,0,473.00000000000006,85006.898783641,,,,
72,agg_BIHAR,72,2096,FeedstockAggregator,agg_BIHAR,BIHAR,,,0.0,0.0,0.0,0.0,,,,,,,,,1.0,,,,390.0,3233333.333,3333333.333,,,,,,3333333.333,82617.78673337561,0,467.50000000000006,82617.78673337561,,,,
72,agg_ANDHRA_PRADESH,72,2096,FeedstockAggregator,agg_ANDHRA_PRADESH,ANDHRA_PRADESH,,,0.0,0.0,0.0,0.0,,,,,,,,,1.0,,,,405.0,2739664.0429082755,2839664.0429082755,,,,,,3000000.0,80232.05194201981,0,495.00000000000006,80232.05194201981,,,,
72,agg_TAMIL_NADU,72,2096,FeedstockAggregator,agg_TAMIL_NADU,TAMIL_NADU,,,0.0,0.0,0.0,0.0,,,,,,,,,1.0,,,,435.0,1182755.3721267607,1282755.3721267607,,,,,,1333333.333,79310.53949689885,0,522.5,79310.53949689885,,,,
72,agg_MAHARASHTRA,72,2096,FeedstockAggregator,agg_MAHARASHTRA,MAHARASHTRA,,,0.0,0.0,0.0,0.0,,,,,,,,,1.0,,,,435.0,8751491.407284718,8851491.407284718,,,,,,10333333.333,79979.79577012209,0,517.0,79979.79577012209,,,,
72,agg_KARNATAKA,72,2096,FeedstockAggregator,agg_KARNATAKA,KARNATAKA,,,0.0,0.0,0.0,0.0,,,,,,,,,1.0,,,,405.0,4745089.086312246,4845089.086312246,,,,,,5666666.667,87261.89538018988,0,489.50000000000006,87261.89538018988,,,,
72,agg_WEST_BENGAL,72,2096,FeedstockAggregator,agg_WEST_BENGAL,WEST_BENGAL,,,0.0,0.0,0.0,0.0,,,,,,,,,1.0,,,,405.0,5397000.0,5497000.0,,,,,,5497000.0,85223.35378913119,0,500.50000000000006,85223.35378913119,,,,
72,agg_CHHATTISGARH,72,2096,FeedstockAggregator,agg_CHHATTISGARH,CHHATTISGARH,,,0.0,0.0,0.0,0.0,,,,,,,,,1.0,,,,360.0,2466666.667,2666666.667,,,,,,2666666.667,156312.66694571043,0,660.0,156312.66694571043,,,,
72,agg_ODISHA,72,2096,FeedstockAggregator,agg_ODISHA,ODISHA,,,0.0,0.0,0.0,0.0,,,,,,,,,1.0,,,,360.0,3004666.667,3204666.667,,,,,,3204666.667,167119.85811745469,0,665.5,80238.34936858831,,,,
72,agg_MADHYA_PRADESH,72,2096,FeedstockAggregator,agg_MADHYA_PRADESH,MADHYA_PRADESH,,,0.0,0.0,0.0,0.0,,,,,,,,,1.0,,,,390.0,2609460.490295359,2809460.490295359,,,,,,3333333.333,160361.29175876494,0,693.0,160361.29175876494,,,,
72,agg_TELANGANA,72,2096,FeedstockAggregator,agg_TELANGANA,TELANGANA,,,0.0,0.0,0.0,0.0,,,,,,,,,1.0,,,,390.0,5598000.0,5698000.0,,,,,,5698000.0,87032.88755919023,0,478.50000000000006,87032.88755919023,,,,
72,agg_ASSAM,72,2096,FeedstockAggregator,agg_ASSAM,ASSAM,,,0.0,0.0,0.0,0.0,,,,,,,,,1.0,,,,480.0,1835461.865524989,1935461.865524989,,,,,,2000000.0,80023.09621949421,0,572.0,0.0,,,,
72,agg_JHARKHAND,72,2096,FeedstockAggregator,agg_JHARKHAND,JHARKHAND,,,0.0,0.0,0.0,0.0,,,,,,,,,1.0,,,,435.0,1566666.667,1666666.667,,,,,,1666666.667,79610.82632654661,0,528.0,79610.82632654661,,,,
72,agg_RAJASTHAN,72,2096,FeedstockAggregator,agg_RAJASTHAN,RAJASTHAN,,,0.0,0.0,0.0,0.0,,,,,,,,,1.0,,,,435.0,2233333.333,2333333.333,,,,,,2333333.333,85441.39643131696,0,533.5,85441.39643131696,,,,
72,agg_KERALA,72,2096,FeedstockAggregator,agg_KERALA,KERALA,,,0.0,0.0,0.0,0.0,,,,,,,,,1.0,,,,480.0,797646.3341007486,897646.3341007486,,,,,,1000000.0,81877.73696716245,0,577.5,81877.73696716245,,,,
72,agg_GUJARAT,72,2096,FeedstockAggregator,agg_GUJARAT,GUJARAT,,,0.0,0.0,0.0,0.0,,,,,,,,,1.0,,,,405.0,1483333.333,1583333.333,,,,,,1583333.333,83497.75306770296,0,495.00000000000006,83497.75306770296,,,,
73,agg_PUNJAB,73,2097,FeedstockAggregator,agg_PUNJAB,PUNJAB,,,0.0,0.0,0.0,0.0,,,,,,,,,1.0,,,,360.0,4387649.636672675,4587649.636672675,,,,,,4787000.0,159110.7071530886,0,660.0,159110.7071530886,,,,
73,agg_HARYANA,73,2097,FeedstockAggregator,agg_HARYANA,HARYANA,,,0.0,0.0,0.0,0.0,,,,,,,,,1.0,,,,360.0,3800000.0,4000000.0,,,,,,4000000.0,161740.64090900955,0,665.5,161740.64090900955,,,,
73,agg_UTTAR_PRADESH,73,2097,FeedstockAggregator,agg_UTTAR_PRADESH,UTTAR_PRADESH,,,0.0,0.0,0.0,0.0,,,,,,,,,1.0,,,,390.0,13779545.847467583,13879545.847467583,,,,,,16500000.0,85006.898783641,0,473.00000000000006,85006.898783641,,,,
73,agg_BIHAR,73,2097,FeedstockAggregator,agg_BIHAR,BIHAR,,,0.0,0.0,0.0,0.0,,,,,,,,,1.0,,,,390.0,2675474.3066671,2775474.3066671,,,,,,3333333.333,82617.78673337561,0,467.50000000000006,0.0,,,,
73,agg_ANDHRA_PRADESH,73,2097,FeedstockAggregator,agg_ANDHRA_PRADESH,ANDHRA_PRADESH,,,0.0,0.0,0.0,0.0,,,,,,,,,1.0,,,,405.0,2551815.0749987243,2651815.0749987243,,,,,,3000000.0,80232.05194201981,0,495.00000000000006,0.0,,,,
73,agg_TAMIL_NADU,73,2097,FeedstockAggregator,agg_TAMIL_NADU,TAMIL_NADU,,,0.0,0.0,0.0,0.0,,,,,,,,,1.0,,,,435.0,1233333.333,1333333.333,,,,,,1333333.333,79310.53949689885,0,522.5,79310.53949689885,,,,
73,agg_MAHARASHTRA,73,2097,FeedstockAggregator,agg_MAHARASHTRA,MAHARASHTRA,,,0.0,0.0,0.0,0.0,,,,,,,,,1.0,,,,435.0,10233333.333,10333333.333,,,,,,10333333.333,79979.79577012209,0,517.0,79979.79577012209,,,,
73,agg_KARNATAKA,73,2097,FeedstockAggregator,agg_KARNATAKA,KARNATAKA,,,0.0,0.0,0.0,0.0,,,,,,,,,1.0,,,,405.0,5414169.870226436,5514169.870226436,,,,,,5666666.667,87261.89538018988,0,489.50000000000006,87261.89538018988,,,,
73,agg_WEST_BENGAL,73,2097,FeedstockAggregator,agg_WEST_BENGAL,WEST_BENGAL,,,0.0,0.0,0.0,0.0,,,,,,,,,1.0,,,,405.0,5069428.327083846,5169428.327083846,,,,,,5497000.0,85223.35378913119,0,500.50000000000006,85223.35378913119,,,,
73,agg_CHHATTISGARH,73,2097,FeedstockAggregator,agg_CHHATTISGARH,CHHATTISGARH,,,0.0,0.0,0.0,0.0,,,,,,,,,1.0,,,,360.0,2466666.667,2666666.667,,,,,,2666666.667,156312.66694571043,0,660.0,156312.66694571043,,,,
73,agg_ODISHA,73,2097,FeedstockAggregator,agg_ODISHA,ODISHA,,,0.0,0.0,0.0,0.0,,,,,,,,,1.0,,,,360.0,3004666.667,3204666.667,,,,,,3204666.667,167119.85811745469,0,665.5,167119.85811745469,,,,
73,agg_MADHYA_PRADESH,73,2097,FeedstockAggregator,agg_MADHYA_PRADESH,MADHYA_PRADESH,,,0.0,0.0,0.0,0.0,,,,,,,,,1.0,,,,390.0,2953265.1098360107,3153265.1098360107,,,,,,3333333.333,160361.29175876494,0,693.0,160361.29175876494,,,,
73,agg_TELANGANA,73,2097,FeedstockAggregator,agg_TELANGANA,TELANGANA,,,0.0,0.0,0.0,0.0,,,,,,,,,1.0,,,,390.0,5598000.0,5698000.0,,,,,,5698000.0,87032.88755919023,0,478.50000000000006,87032.88755919023,,,,
73,agg_ASSAM,73,2097,FeedstockAggregator,agg_ASSAM,ASSAM,,,0.0,0.0,0.0,0.0,,,,,,,,,1.0,,,,480.0,1628699.7375375268,1728699.7375375268,,,,,,2000000.0,80023.09621949421,0,572.0,80023.09621949421,,,,
73,agg_JHARKHAND,73,2097,FeedstockAggregator,agg_JHARKHAND,JHARKHAND,,,0.0,0.0,0.0,0.0,,,,,,,,,1.0,,,,435.0,1566666.667,1666666.667,,,,,,1666666.667,79610.82632654661,0,528.0,79610.82632654661,,,,
73,agg_RAJASTHAN,73,2097,FeedstockAggregator,agg_RAJASTHAN,RAJASTHAN,,,0.0,0.0,0.0,0.0,,,,,,,,,1.0,,,,435.0,2233333.333,2333333.333,,,,,,2333333.333,85441.39643131696,0,533.5,85441.39643131696,,,,
73,agg_KERALA,73,2097,FeedstockAggregator,agg_KERALA,KERALA,,,0.0,0.0,0.0,0.0,,,,,,,,,1.0,,,,480.0,900000.0,1000000.0,,,,,,1000000.0,81877.73696716245,0,577.5,81877.73696716245,,,,
73,agg_GUJARAT,73,2097,FeedstockAggregator,agg_GUJARAT,GUJARAT,,,0.0,0.0,0.0,0.0,,,,,,,,,1.0,,,,405.0,1353018.844242284,1453018.844242284,,,,,,1583333.333,83497.75306770296,0,495.00000000000006,83497.75306770296,,,,
74,agg_PUNJAB,74,2098,FeedstockAggregator,agg_PUNJAB,PUNJAB,,,0.0,0.0,0.0,0.0,,,,,,,,,1.0,,,,360.0,4587000.0,4787000.0,,,,,,4787000.0,159110.7071530886,0,660.0,159110.7071530886,,,,
74,agg_HARYANA,74,2098,FeedstockAggregator,agg_HARYANA,HARYANA,,,0.0,0.0,0.0,0.0,,,,,,,,,1.0,,,,360.0,3800000.0,4000000.0,,,,,,4000000.0,161740.64090900955,0,665.5,161740.64090900955,,,,
74,agg_UTTAR_PRADESH,74,2098,FeedstockAggregator,agg_UTTAR_PRADESH,UTTAR_PRADESH,,,0.0,0.0,0.0,0.0,,,,,,,,,1.0,,,,390.0,16400000.0,16500000.0,,,,,,16500000.0,85006.898783641,0,473.00000000000006,85006.898783641,,,,
74,agg_BIHAR,74,2098,FeedstockAggregator,agg_BIHAR,BIHAR,,,0.0,0.0,0.0,0.0,,,,,,,,,1.0,,,,390.0,2778162.082685279,2878162.082685279,,,,,,3333333.333,82617.78673337561,0,467.50000000000006,82617.78673337561,,,,
74,agg_ANDHRA_PRADESH,74,2098,FeedstockAggregator,agg_ANDHRA_PRADESH,ANDHRA_PRADESH,,,0.0,0.0,0.0,0.0,,,,,,,,,1.0,,,,405.0,2475373.817536443,2575373.817536443,,,,,,3000000.0,80232.05194201981,0,495.00000000000006,80232.05194201981,,,,
74,agg_TAMIL_NADU,74,2098,FeedstockAggregator,agg_TAMIL_NADU,TAMIL_NADU,,,0.0,0.0,0.0,0.0,,,,,,,,,1.0,,,,435.0,1018794.5977469864,1118794.5977469864,,,,,,1333333.333,79310.53949689885,0,522.5,79310.53949689885,,,,
74,agg_MAHARASHTRA,74,2098,FeedstockAggregator,agg_MAHARASHTRA,MAHARASHTRA,,,0.0,0.0,0.0,0.0,,,,,,,,,1.0,,,,435.0,8613006.317967243,8713006.317967243,,,,,,10333333.333,79979.79577012209,0,517.0,79979.79577012209,,,,
74,agg_KARNATAKA,74,2098,FeedstockAggregator,agg_KARNATAKA,KARNATAKA,,,0.0,0.0,0.0,0.0,,,,,,,,,1.0,,,,405.0,5566666.667,5666666.667,,,,,,5666666.667,87261.89538018988,0,489.50000000000006,87261.89538018988,,,,
74,agg_WEST_BENGAL,74,2098,FeedstockAggregator,agg_WEST_BENGAL,WEST_BENGAL,,,0.0,0.0,0.0,0.0,,,,,,,,,1.0,,,,405.0,5272701.163656108,5372701.163656108,,,,,,5497000.0,85223.35378913119,0,500.50000000000006,85223.35378913119,,,,
74,agg_CHHATTISGARH,74,2098,FeedstockAggregator,agg_CHHATTISGARH,CHHATTISGARH,,,0.0,0.0,0.0,0.0,,,,,,,,,1.0,,,,360.0,2466666.667,2666666.667,,,,,,2666666.667,156312.66694571043,0,660.0,156312.66694571043,,,,
74,agg_ODISHA,74,2098,FeedstockAggregator,agg_ODISHA,ODISHA,,,0.0,0.0,0.0,0.0,,,,,,,,,1.0,,,,360.0,2695642.4086313667,2895642.4086313667,,,,,,3204666.667,167119.85811745469,0,665.5,167119.85811745469,,,,
74,agg_MADHYA_PRADESH,74,2098,FeedstockAggregator,agg_MADHYA_PRADESH,MADHYA_PRADESH,,,0.0,0.0,0.0,0.0,,,,,,,,,1.0,,,,390.0,3133333.333,3333333.333,,,,,,3333333.333,160361.29175876494,0,693.0,160361.29175876494,,,,
74,agg_TELANGANA,74,2098,FeedstockAggregator,agg_TELANGANA,TELANGANA,,,0.0,0.0,0.0,0.0,,,,,,,,,1.0,,,,390.0,4756192.8369177375,4856192.8369177375,,,,,,5698000.0,87032.88755919023,0,478.50000000000006,87032.88755919023,,,,
74,agg_ASSAM,74,2098,FeedstockAggregator,agg_ASSAM,ASSAM,,,0.0,0.0,0.0,0.0,,,,,,,,,1.0,,,,480.0,1900000.0,2000000.0,,,,,,2000000.0,80023.09621949421,0,572.0,80023.09621949421,,,,
74,agg_JHARKHAND,74,2098,FeedstockAggregator,agg_JHARKHAND,JHARKHAND,,,0.0,0.0,0.0,0.0,,,,,,,,,1.0,,,,435.0,1484151.35905274,1584151.35905274,,,,,,1666666.667,79610.82632654661,0,528.0,79610.82632654661,,,,
74,agg_RAJASTHAN,74,2098,FeedstockAggregator,agg_RAJASTHAN,RAJASTHAN,,,0.0,0.0,0.0,0.0,,,,,,,,,1.0,,,,435.0,2233333.333,2333333.333,,,,,,2333333.333,85441.39643131696,0,533.5,85441.39643131696,,,,
74,agg_KERALA,74,2098,FeedstockAggregator,agg_KERALA,KERALA,,,0.0,0.0,0.0,0.0,,,,,,,,,1.0,,,,480.0,900000.0,1000000.0,,,,,,1000000.0,81877.73696716245,0,577.5,0.0,,,,
74,agg_GUJARAT,74,2098,FeedstockAggregator,agg_GUJARAT,GUJARAT,,,0.0,0.0,0.0,0.0,,,,,,,,,1.0,,,,405.0,1483333.333,1583333.333,,,,,,1583333.333,83497.75306770296,0,495.00000000000006,83497.75306770296,,,,
75,agg_PUNJAB,75,2099,FeedstockAggregator,agg_PUNJAB,PUNJAB,,,0.0,0.0,0.0,0.0,,,,,,,,,1.0,,,,360.0,4587000.0,4787000.0,,,,,,4787000.0,159110.7071530886,0,660.0,159110.7071530886,,,,
75,agg_HARYANA,75,2099,FeedstockAggregator,agg_HARYANA,HARYANA,,,0.0,0.0,0.0,0.0,,,,,,,,,1.0,,,,360.0,3610851.0331868986,3810851.0331868986,,,,,,4000000.0,161740.64090900955,0,665.5,161740.64090900955,,,,
75,agg_UTTAR_PRADESH,75,2099,FeedstockAggregator,agg_UTTAR_PRADESH,UTTAR_PRADESH,,,0.0,0.0,0.0,0.0,,,,,,,,,1.0,,,,390.0,16400000.0,16500000.0,,,,,,16500000.0,85006.898783641,0,473.00000000000006,85006.898783641,,,,
75,agg_BIHAR,75,2099,FeedstockAggregator,agg_BIHAR,BIHAR,,,0.0,0.0,0.0,0.0,,,,,,,,,1.0,,,,390.0,3233333.333,3333333.333,,,,,,3333333.333,82617.78673337561,0,467.50000000000006,82617.78673337561,,,,
75,agg_ANDHRA_PRADESH,75,2099,FeedstockAggregator,agg_ANDHRA_PRADESH,ANDHRA_PRADESH,,,0.0,0.0,0.0,0.0,,,,,,,,,1.0,,,,405.0,2900000.0,3000000.0,,,,,,3000000.0,80232.05194201981,0,495.00000000000006,80232.05194201981,,,,
75,agg_TAMIL_NADU,75,2099,FeedstockAggregator,agg_TAMIL_NADU,TAMIL_NADU,,,0.0,0.0,0.0,0.0,,,,,,,,,1.0,,,,435.0,1223069.6563102969,1323069.6563102969,,,,,,1333333.333,79310.53949689885,0,522.5,0.0,,,,
75,agg_MAHARASHTRA,75,2099,FeedstockAggregator,agg_MAHARASHTRA,MAHARASHTRA,,,0.0,0.0,0.0,0.0,,,,,,,,,1.0,,,,435.0,8962740.36516451,9062740.36516451,,,,,,10333333.333,79979.79577012209,0,517.0,0.0,,,,
75,agg_KARNATAKA,75,2099,FeedstockAggregator,agg_KARNATAKA,KARNATAKA,,,0.0,0.0,0.0,0.0,,,,,,,,,1.0,,,,405.0,5001389.893514415,5101389.893514415,,,,,,5666666.667,87261.89538018988,0,489.50000000000006,87261.89538018988,,,,
75,agg_WEST_BENGAL,75,2099,FeedstockAggregator,agg_WEST_BENGAL,WEST_BENGAL,,,0.0,0.0,0.0,0.0,,,,,,,,,1.0,,,,405.0,4689219.123311511,4789219.123311511,,,,,,5497000.0,85223.35378913119,0,500.50000000000006,0.0,,,,
75,agg_CHHATTISGARH,75,2099,FeedstockAggregator,agg_CHHATTISGARH,CHHATTISGARH,,,0.0,0.0,0.0,0.0,,,,,,,,,1.0,,,,360.0,1981758.84360298,2181758.84360298,,,,,,2666666.667,156312.66694571043,0,660.0,156312.66694571043,,,,
75,agg_ODISHA,75,2099,FeedstockAggregator,agg_ODISHA,ODISHA,,,0.0,0.0,0.0,0.0,,,,,,,,,1.0,,,,360.0,3004666.667,3204666.667,,,,,,3204666.667,167119.85811745469,0,665.5,167119.85811745469,,,,
75,agg_MADHYA_PRADESH,75,2099,FeedstockAggregator,agg_MADHYA_PRADESH,MADHYA_PRADESH,,,0.0,0.0,0.0,0.0,,,,,,,,,1.0,,,,390.0,2705711.361825396,2905711.361825396,,,,,,3333333.333,160361.29175876494,0,693.0,160361.29175876494,,,,
75,agg_TELANGANA,75,2099,FeedstockAggregator,agg_TELANGANA,TELANGANA,,,0.0,0.0,0.0,0.0,,,,,,,,,1.0,,,,390.0,5598000.0,5698000.0,,,,,,5698000.0,87032.88755919023,0,478.50000000000006,87032.88755919023,,,,
75,agg_ASSAM,75,2099,FeedstockAggregator,agg_ASSAM,ASSAM,,,0.0,0.0,0.0,0.0,,,,,,,,,1.0,,,,480.0,1900000.0,2000000.0,,,,,,2000000.0,80023.09621949421,0,572.0,80023.09621949421,,,,
75,agg_JHARKHAND,75,2099,FeedstockAggregator,agg_JHARKHAND,JHARKHAND,,,0.0,0.0,0.0,0.0,,,,,,,,,1.0,,,,435.0,1274092.470793506,1374092.470793506,,,,,,1666666.667,79610.82632654661,0,528.0,79610.82632654661,,,,
75,agg_RAJASTHAN,75,2099,FeedstockAggregator,agg_RAJASTHAN,RAJASTHAN,,,0.0,0.0,0.0,0.0,,,,,,,,,1.0,,,,435.0,2233333.333,2333333.333,,,,,,2333333.333,85441.39643131696,0,533.5,85441.39643131696,,,,
75,agg_KERALA,75,2099,FeedstockAggregator,agg_KERALA,KERALA,,,0.0,0.0,0.0,0.0,,,,,,,,,1.0,,,,480.0,863609.7289485757,963609.7289485757,,,,,,1000000.0,81877.73696716245,0,577.5,81877.73696716245,,,,
75,agg_GUJARAT,75,2099,FeedstockAggregator,agg_GUJARAT,GUJARAT,,,0.0,0.0,0.0,0.0,,,,,,,,,1.0,,,,405.0,1356844.145283823,1456844.145283823,,,,,,1583333.333,83497.75306770296,0,495.00000000000006,83497.75306770296,,,,
76,agg_PUNJAB,76,2100,FeedstockAggregator,agg_PUNJAB,PUNJAB,,,0.0,0.0,0.0,0.0,,,,,,,,,1.0,,,,360.0,4587000.0,4787000.0,,,,,,4787000.0,159110.7071530886,0,660.0,159110.7071530886,,,,
76,agg_HARYANA,76,2100,FeedstockAggregator,agg_HARYANA,HARYANA,,,0.0,0.0,0.0,0.0,,,,,,,,,1.0,,,,360.0,3552690.241660758,3752690.241660758,,,,,,4000000.0,161740.64090900955,0,665.5,161740.64090900955,,,,
76,agg_UTTAR_PRADESH,76,2100,FeedstockAggregator,agg_UTTAR_PRADESH,UTTAR_PRADESH,,,0.0,0.0,0.0,0.0,,,,,,,,,1.0,,,,390.0,16400000.0,16500000.0,,,,,,16500000.0,85006.898783641,0,473.00000000000006,85006.898783641,,,,
76,agg_BIHAR,76,2100,FeedstockAggregator,agg_BIHAR,BIHAR,,,0.0,0.0,0.0,0.0,,,,,,,,,1.0,,,,390.0,3016344.4843927934,3116344.4843927934,,,,,,3333333.333,82617.78673337561,0,467.50000000000006,82617.78673337561,,,,
76,agg_ANDHRA_PRADESH,76,2100,FeedstockAggregator,agg_ANDHRA_PRADESH,ANDHRA_PRADESH,,,0.0,0.0,0.0,0.0,,,,,,,,,1.0,,,,405.0,2900000.0,3000000.0,,,,,,3000000.0,80232.05194201981,0,495.00000000000006,80232.05194201981,,,,
76,agg_TAMIL_NADU,76,2100,FeedstockAggregator,agg_TAMIL_NADU,TAMIL_NADU,,,0.0,0.0,0.0,0.0,,,,,,,,,1.0,,,,435.0,1154587.2984527166,1254587.2984527166,,,,,,1333333.333,79310.53949689885,0,522.5,79310.53949689885,,,,
76,agg_MAHARASHTRA,76,2100,FeedstockAggregator,agg_MAHARASHTRA,MAHARASHTRA,,,0.0,0.0,0.0,0.0,,,,,,,,,1.0,,,,435.0,8907400.510276472,9007400.510276472,,,,,,10333333.333,79979.79577012209,0,517.0,79979.79577012209,,,,
76,agg_KARNATAKA,76,2100,FeedstockAggregator,agg_KARNATAKA,KARNATAKA,,,0.0,0.0,0.0,0.0,,,,,,,,,1.0,,,,405.0,4490733.650845029,4590733.650845029,,,,,,5666666.667,87261.89538018988,0,489.50000000000006,87261.89538018988,,,,
76,agg_WEST_BENGAL,76,2100,FeedstockAggregator,agg_WEST_BENGAL,WEST_BENGAL,,,0.0,0.0,0.0,0.0,,,,,,,,,1.0,,,,405.0,5397000.0,5497000.0,,,,,,5497000.0,85223.35378913119,0,500.50000000000006,85223.35378913119,,,,
76,agg_CHHATTISGARH,76,2100,FeedstockAggregator,agg_CHHATTISGARH,CHHATTISGARH,,,0.0,0.0,0.0,0.0,,,,,,,,,1.0,,,,360.0,2466666.667,2666666.667,,,,,,2666666.667,156312.66694571043,0,660.0,156312.66694571043,,,,
76,agg_ODISHA,76,2100,FeedstockAggregator,agg_ODISHA,ODISHA,,,0.0,0.0,0.0,0.0,,,,,,,,,1.0,,,,360.0,2846370.0685482365,3046370.0685482365,,,,,,3204666.667,167119.85811745469,0,665.5,86881.50874886638,,,,
76,agg_MADHYA_PRADESH,76,2100,FeedstockAggregator,agg_MADHYA_PRADESH,MADHYA_PRADESH,,,0.0,0.0,0.0,0.0,,,,,,,,,1.0,,,,390.0,3133333.333,3333333.333,,,,,,3333333.333,160361.29175876494,0,693.0,80203.75392859853,,,,
76,agg_TELANGANA,76,2100,FeedstockAggregator,agg_TELANGANA,TELANGANA,,,0.0,0.0,0.0,0.0,,,,,,,,,1.0,,,,390.0,4727779.5818878105,4827779.5818878105,,,,,,5698000.0,87032.88755919023,0,478.50000000000006,87032.88755919023,,,,
76,agg_ASSAM,76,2100,FeedstockAggregator,agg_ASSAM,ASSAM,,,0.0,0.0,0.0,0.0,,,,,,,,,1.0,,,,480.0,1576222.041742111,1676222.041742111,,,,,,2000000.0,80023.09621949421,0,572.0,80023.09621949421,,,,
76,agg_JHARKHAND,76,2100,FeedstockAggregator,agg_JHARKHAND,JHARKHAND,,,0.0,0.0,0.0,0.0,,,,,,,,,1.0,,,,435.0,1566666.667,1666666.667,,,,,,1666666.667,79610.82632654661,0,528.0,79610.82632654661,,,,
76,agg_RAJASTHAN,76,2100,FeedstockAggregator,agg_RAJASTHAN,RAJASTHAN,,,0.0,0.0,0.0,0.0,,,,,,,,,1.0,,,,435.0,2233333.333,2333333.333,,,,,,2333333.333,85441.39643131696,0,533.5,85441.39643131696,,,,
76,agg_KERALA,76,2100,FeedstockAggregator,agg_KERALA,KERALA,,,0.0,0.0,0.0,0.0,,,,,,,,,1.0,,,,480.0,900000.0,1000000.0,,,,,,1000000.0,81877.73696716245,0,577.5,81877.73696716245,,,,
76,agg_GUJARAT,76,2100,FeedstockAggregator,agg_GUJARAT,GUJARAT,,,0.0,0.0,0.0,0.0,,,,,,,,,1.0,,,,405.0,1483333.333,1583333.333,,,,,,1583333.333,83497.75306770296,0,495.00000000000006,83497.75306770296,,,,
77,agg_PUNJAB,77,2101,FeedstockAggregator,agg_PUNJAB,PUNJAB,,,0.0,0.0,0.0,0.0,,,,,,,,,1.0,,,,360.0,3642477.76638839,3842477.76638839,,,,,,4787000.0,159110.7071530886,0,660.0,159110.7071530886,,,,
77,agg_HARYANA,77,2101,FeedstockAggregator,agg_HARYANA,HARYANA,,,0.0,0.0,0.0,0.0,,,,,,,,,1.0,,,,360.0,3230449.9548085374,3430449.9548085374,,,,,,4000000.0,161740.64090900955,0,665.5,161740.64090900955,,,,
77,agg_UTTAR_PRADESH,77,2101,FeedstockAggregator,agg_UTTAR_PRADESH,UTTAR_PRADESH,,,0.0,0.0,0.0,0.0,,,,,,,,,1.0,,,,390.0,16400000.0,16500000.0,,,,,,16500000.0,85006.898783641,0,473.00000000000006,85006.898783641,,,,
77,agg_BIHAR,77,2101,FeedstockAggregator,agg_BIHAR,BIHAR,,,0.0,0.0,0.0,0.0,,,,,,,,,1.0,,,,390.0,2728660.100469902,2828660.100469902,,,,,,3333333.333,82617.78673337561,0,467.50000000000006,82617.78673337561,,,,
77,agg_ANDHRA_PRADESH,77,2101,FeedstockAggregator,agg_ANDHRA_PRADESH,ANDHRA_PRADESH,,,0.0,0.0,0.0,0.0,,,,,,,,,1.0,,,,405.0,2709432.150142383,2809432.150142383,,,,,,3000000.0,80232.05194201981,0,495.00000000000006,80232.05194201981,,,,
77,agg_TAMIL_NADU,77,2101,FeedstockAggregator,agg_TAMIL_NADU,TAMIL_NADU,,,0.0,0.0,0.0,0.0,,,,,,,,,1.0,,,,435.0,982417.9989275648,1082417.9989275648,,,,,,1333333.333,79310.53949689885,0,522.5,79310.53949689885,,,,
77,agg_MAHARASHTRA,77,2101,FeedstockAggregator,agg_MAHARASHTRA,MAHARASHTRA,,,0.0,0.0,0.0,0.0,,,,,,,,,1.0,,,,435.0,9316501.212245261,9416501.212245261,,,,,,10333333.333,79979.79577012209,0,517.0,79979.79577012209,,,,
77,agg_KARNATAKA,77,2101,FeedstockAggregator,agg_KARNATAKA,KARNATAKA,,,0.0,0.0,0.0,0.0,,,,,,,,,1.0,,,,405.0,4772568.912726072,4872568.912726072,,,,,,5666666.667,87261.89538018988,0,489.50000000000006,87261.89538018988,,,,
77,agg_WEST_BENGAL,77,2101,FeedstockAggregator,agg_WEST_BENGAL,WEST_BENGAL,,,0.0,0.0,0.0,0.0,,,,,,,,,1.0,,,,405.0,4361832.31830429,4461832.31830429,,,,,,5497000.0,85223.35378913119,0,500.50000000000006,85223.35378913119,,,,
77,agg_CHHATTISGARH,77,2101,FeedstockAggregator,agg_CHHATTISGARH,CHHATTISGARH,,,0.0,0.0,0.0,0.0,,,,,,,,,1.0,,,,360.0,2466666.667,2666666.667,,,,,,2666666.667,156312.66694571043,0,660.0,156312.66694571043,,,,
77,agg_ODISHA,77,2101,FeedstockAggregator,agg_ODISHA,ODISHA,,,0.0,0.0,0.0,0.0,,,,,,,,,1.0,,,,360.0,3004666.667,3204666.667,,,,,,3204666.667,167119.85811745469,0,665.5,167119.85811745469,,,,
77,agg_MADHYA_PRADESH,77,2101,FeedstockAggregator,agg_MADHYA_PRADESH,MADHYA_PRADESH,,,0.0,0.0,0.0,0.0,,,,,,,,,1.0,,,,390.0,3133333.333,3333333.333,,,,,,3333333.333,160361.29175876494,0,693.0,160361.29175876494,,,,
77,agg_TELANGANA,77,2101,FeedstockAggregator,agg_TELANGANA,TELANGANA,,,0.0,0.0,0.0,0.0,,,,,,,,,1.0,,,,390.0,5598000.0,5698000.0,,,,,,5698000.0,87032.88755919023,0,478.50000000000006,87032.88755919023,,,,
77,agg_ASSAM,77,2101,FeedstockAggregator,agg_ASSAM,ASSAM,,,0.0,0.0,0.0,0.0,,,,,,,,,1.0,,,,480.0,1900000.0,2000000.0,,,,,,2000000.0,80023.09621949421,0,572.0,80023.09621949421,,,,
77,agg_JHARKHAND,77,2101,FeedstockAggregator,agg_JHARKHAND,JHARKHAND,,,0.0,0.0,0.0,0.0,,,,,,,,,1.0,,,,435.0,1331665.9022001892,1431665.9022001892,,,,,,1666666.667,79610.82632654661,0,528.0,0.0,,,,
77,agg_RAJASTHAN,77,2101,FeedstockAggregator,agg_RAJASTHAN,RAJASTHAN,,,0.0,0.0,0.0,0.0,,,,,,,,,1.0,,,,435.0,2233333.333,2333333.333,,,,,,2333333.333,85441.39643131696,0,533.5,85441.39643131696,,,,
77,agg_KERALA,77,2101,FeedstockAggregator,agg_KERALA,KERALA,,,0.0,0.0,0.0,0.0,,,,,,,,,1.0,,,,480.0,858675.1580078887,958675.1580078887,,,,,,1000000.0,81877.73696716245,0,577.5,81877.73696716245,,,,
77,agg_GUJARAT,77,2101,FeedstockAggregator,agg_GUJARAT,GUJARAT,,,0.0,0.0,0.0,0.0,,,,,,,,,1.0,,,,405.0,1483333.333,1583333.333,,,,,,1583333.333,83497.75306770296,0,495.00000000000006,83497.75306770296,,,,
78,agg_PUNJAB,78,2102,FeedstockAggregator,agg_PUNJAB,PUNJAB,,,0.0,0.0,0.0,0.0,,,,,,,,,1.0,,,,360.0,4343016.302276719,4543016.302276719,,,,,,4787000.0,159110.7071530886,0,660.0,159110.7071530886,,,,
78,agg_HARYANA,78,2102,FeedstockAggregator,agg_HARYANA,HARYANA,,,0.0,0.0,0.0,0.0,,,,,,,,,1.0,,,,360.0,3800000.0,4000000.0,,,,,,4000000.0,161740.64090900955,0,665.5,161740.64090900955,,,,
78,agg_UTTAR_PRADESH,78,2102,FeedstockAggregator,agg_UTTAR_PRADESH,UTTAR_PRADESH,,,0.0,0.0,0.0,0.0,,,,,,,,,1.0,,,,390.0,15332835.630732305,15432835.630732305,,,,,,16500000.0,85006.898783641,0,473.00000000000006,85006.898783641,,,,
78,agg_BIHAR,78,2102,FeedstockAggregator,agg_BIHAR,BIHAR,,,0.0,0.0,0.0,0.0,,,,,,,,,1.0,,,,390.0,3233333.333,3333333.333,,,,,,3333333.333,82617.78673337561,0,467.50000000000006,82617.78673337561,,,,
78,agg_ANDHRA_PRADESH,78,2102,FeedstockAggregator,agg_ANDHRA_PRADESH,ANDHRA_PRADESH,,,0.0,0.0,0.0,0.0,,,,,,,,,1.0,,,,405.0,2677490.8251737035,2777490.8251737035,,,,,,3000000.0,80232.05194201981,0,495.00000000000006,80232.05194201981,,,,
78,agg_TAMIL_NADU,78,2102,FeedstockAggregator,agg_TAMIL_NADU,TAMIL_NADU,,,0.0,0.0,0.0,0.0,,,,,,,,,1.0,,,,435.0,996461.3254698964,1096461.3254698964,,,,,,1333333.333,79310.53949689885,0,522.5,79310.53949689885,,,,
78,agg_MAHARASHTRA,78,2102,FeedstockAggregator,agg_MAHARASHTRA,MAHARASHTRA,,,0.0,0.0,0.0,0.0,,,,,,,,,1.0,,,,435.0,10233333.333,10333333.333,,,,,,10333333.333,79979.79577012209,0,517.0,79979.79577012209,,,,
78,agg_KARNATAKA,78,2102,FeedstockAggregator,agg_KARNATAKA,KARNATAKA,,,0.0,0.0,0.0,0.0,,,,,,,,,1.0,,,,405.0,5566666.667,5666666.667,,,,,,5666666.667,87261.89538018988,0,489.50000000000006,87261.89538018988,,,,
78,agg_WEST_BENGAL,78,2102,FeedstockAggregator,agg_WEST_BENGAL,WEST_BENGAL,,,0.0,0.0,0.0,0.0,,,,,,,,,1.0,,,,405.0,5397000.0,5497000.0,,,,,,5497000.0,85223.35378913119,0,500.50000000000006,85223.35378913119,,,,
78,agg_CHHATTISGARH,78,2102,FeedstockAggregator,agg_CHHATTISGARH,CHHATTISGARH,,,0.0,0.0,0.0,0.0,,,,,,,,,1.0,,,,360.0,2466666.667,2666666.667,,,,,,2666666.667,156312.66694571043,0,660.0,156312.66694571043,,,,
78,agg_ODISHA,78,2102,FeedstockAggregator,agg_ODISHA,ODISHA,,,0.0,0.0,0.0,0.0,,,,,,,,,1.0,,,,360.0,2610545.0854720604,2810545.0854720604,,,,,,3204666.667,167119.85811745469,0,665.5,167119.85811745469,,,,
78,agg_MADHYA_PRADESH,78,2102,FeedstockAggregator,agg_MADHYA_PRADESH,MADHYA_PRADESH,,,0.0,0.0,0.0,0.0,,,,,,,,,1.0,,,,390.0,2718182.751287118,2918182.751287118,,,,,,3333333.333,160361.29175876494,0,693.0,160361.29175876494,,,,
78,agg_TELANGANA,78,2102,FeedstockAggregator,agg_TELANGANA,TELANGANA,,,0.0,0.0,0.0,0.0,,,,,,,,,1.0,,,,390.0,5598000.0,5698000.0,,,,,,5698000.0,87032.88755919023,0,478.50000000000006,87032.88755919023,,,,
78,agg_ASSAM,78,2102,FeedstockAggregator,agg_ASSAM,ASSAM,,,0.0,0.0,0.0,0.0,,,,,,,,,1.0,,,,480.0,1900000.0,2000000.0,,,,,,2000000.0,80023.09621949421,0,572.0,80023.09621949421,,,,
78,agg_JHARKHAND,78,2102,FeedstockAggregator,agg_JHARKHAND,JHARKHAND,,,0.0,0.0,0.0,0.0,,,,,,,,,1.0,,,,435.0,1531573.410122526,1631573.410122526,,,,,,1666666.667,79610.82632654661,0,528.0,79610.82632654661,,,,
78,agg_RAJASTHAN,78,2102,FeedstockAggregator,agg_RAJASTHAN,RAJASTHAN,,,0.0,0.0,0.0,0.0,,,,,,,,,1.0,,,,435.0,1776481.9750598026,1876481.9750598026,,,,,,2333333.333,85441.39643131696,0,533.5,85441.39643131696,,,,
78,agg_KERALA,78,2102,FeedstockAggregator,agg_KERALA,KERALA,,,0.0,0.0,0.0,0.0,,,,,,,,,1.0,,,,480.0,840501.9764944266,940501.9764944266,,,,,,1000000.0,81877.73696716245,0,577.5,81877.73696716245,,,,
78,agg_GUJARAT,78,2102,FeedstockAggregator,agg_GUJARAT,GUJARAT,,,0.0,0.0,0.0,0.0,,,,,,,,,1.0,,,,405.0,1274120.661235708,1374120.661235708,,,,,,1583333.333,83497.75306770296,0,495.00000000000006,83497.75306770296,,,,
79,agg_PUNJAB,79,2103,FeedstockAggregator,agg_PUNJAB,PUNJAB,,,0.0,0.0,0.0,0.0,,,,,,,,,1.0,,,,360.0,3673514.7890903167,3873514.7890903167,,,,,,4787000.0,159110.7071530886,0,660.0,159110.7071530886,,,,
79,agg_HARYANA,79,2103,FeedstockAggregator,agg_HARYANA,HARYANA,,,0.0,0.0,0.0,0.0,,,,,,,,,1.0,,,,360.0,3800000.0,4000000.0,,,,,,4000000.0,161740.64090900955,0,665.5,161740.64090900955,,,,
79,agg_UTTAR_PRADESH,79,2103,FeedstockAggregator,agg_UTTAR_PRADESH,UTTAR_PRADESH,,,0.0,0.0,0.0,0.0,,,,,,,,,1.0,,,,390.0,13592416.125838025,13692416.125838025,,,,,,16500000.0,85006.898783641,0,473.00000000000006,85006.898783641,,,,
79,agg_BIHAR,79,2103,FeedstockAggregator,agg_BIHAR,BIHAR,,,0.0,0.0,0.0,0.0,,,,,,,,,1.0,,,,390.0,2671838.1145580914,2771838.1145580914,,,,,,3333333.333,82617.78673337561,0,467.50000000000006,82617.78673337561,,,,
79,agg_ANDHRA_PRADESH,79,2103,FeedstockAggregator,agg_ANDHRA_PRADESH,ANDHRA_PRADESH,,,0.0,0.0,0.0,0.0,,,,,,,,,1.0,,,,405.0,2354233.6676753373,2454233.6676753373,,,,,,3000000.0,80232.05194201981,0,495.00000000000006,80232.05194201981,,,,
79,agg_TAMIL_NADU,79,2103,FeedstockAggregator,agg_TAMIL_NADU,TAMIL_NADU,,,0.0,0.0,0.0,0.0,,,,,,,,,1.0,,,,435.0,1233333.333,1333333.333,,,,,,1333333.333,79310.53949689885,0,522.5,79310.53949689885,,,,
79,agg_MAHARASHTRA,79,2103,FeedstockAggregator,agg_MAHARASHTRA,MAHARASHTRA,,,0.0,0.0,0.0,0.0,,,,,,,,,1.0,,,,435.0,9059615.246500287,9159615.246500287,,,,,,10333333.333,79979.79577012209,0,517.0,79979.79577012209,,,,
79,agg_KARNATAKA,79,2103,FeedstockAggregator,agg_KARNATAKA,KARNATAKA,,,0.0,0.0,0.0,0.0,,,,,,,,,1.0,,,,405.0,5566666.667,5666666.667,,,,,,5666666.667,87261.89538018988,0,489.50000000000006,87261.89538018988,,,,
79,agg_WEST_BENGAL,79,2103,FeedstockAggregator,agg_WEST_BENGAL,WEST_BENGAL,,,0.0,0.0,0.0,0.0,,,,,,,,,1.0,,,,405.0,5277846.421499742,5377846.421499742,,,,,,5497000.0,85223.35378913119,0,500.50000000000006,85223.35378913119,,,,
79,agg_CHHATTISGARH,79,2103,FeedstockAggregator,agg_CHHATTISGARH,CHHATTISGARH,,,0.0,0.0,0.0,0.0,,,,,,,,,1.0,,,,360.0,2458034.2371028154,2658034.2371028154,,,,,,2666666.667,156312.66694571043,0,660.0,156312.66694571043,,,,
79,agg_ODISHA,79,2103,FeedstockAggregator,agg_ODISHA,ODISHA,,,0.0,0.0,0.0,0.0,,,,,,,,,1.0,,,,360.0,2767280.4339769054,2967280.4339769054,,,,,,3204666.667,167119.85811745469,0,665.5,167119.85811745469,,,,
79,agg_MADHYA_PRADESH,79,2103,FeedstockAggregator,agg_MADHYA_PRADESH,MADHYA_PRADESH,,,0.0,0.0,0.0,0.0,,,,,,,,,1.0,,,,390.0,2667148.3916478627,2867148.3916478627,,,,,,3333333.333,160361.29175876494,0,693.0,160361.29175876494,,,,
79,agg_TELANGANA,79,2103,FeedstockAggregator,agg_TELANGANA,TELANGANA,,,0.0,0.0,0.0,0.0,,,,,,,,,1.0,,,,390.0,4782174.224430285,4882174.224430285,,,,,,5698000.0,87032.88755919023,0,478.50000000000006,87032.88755919023,,,,
79,agg_ASSAM,79,2103,FeedstockAggregator,agg_ASSAM,ASSAM,,,0.0,0.0,0.0,0.0,,,,,,,,,1.0,,,,480.0,1651437.6059672828,1751437.6059672828,,,,,,2000000.0,80023.09621949421,0,572.0,80023.09621949421,,,,
79,agg_JHARKHAND,79,2103,FeedstockAggregator,agg_JHARKHAND,JHARKHAND,,,0.0,0.0,0.0,0.0,,,,,,,,,1.0,,,,435.0,1525772.8094942868,1625772.8094942868,,,,,,1666666.667,79610.82632654661,0,528.0,79610.82632654661,,,,
79,agg_RAJASTHAN,79,2103,FeedstockAggregator,agg_RAJASTHAN,RAJASTHAN,,,0.0,0.0,0.0,0.0,,,,,,,,,1.0,,,,435.0,2233333.333,2333333.333,,,,,,2333333.333,85441.39643131696,0,533.5,85441.39643131696,,,,
79,agg_KERALA,79,2103,FeedstockAggregator,agg_KERALA,KERALA,,,0.0,0.0,0.0,0.0,,,,,,,,,1.0,,,,480.0,900000.0,1000000.0,,,,,,1000000.0,81877.73696716245,0,577.5,81877.73696716245,,,,
79,agg_GUJARAT,79,2103,FeedstockAggregator,agg_GUJARAT,GUJARAT,,,0.0,0.0,0.0,0.0,,,,,,,,,1.0,,,,405.0,1425086.4287499678,1525086.4287499678,,,,,,1583333.333,83497.75306770296,0,495.00000000000006,83497.75306770296,,,,
80,agg_PUNJAB,80,2104,FeedstockAggregator,agg_PUNJAB,PUNJAB,,,0.0,0.0,0.0,0.0,,,,,,,,,1.0,,,,360.0,4241726.994652888,4441726.994652888,,,,,,4787000.0,159110.7071530886,0,660.0,159110.7071530886,,,,
80,agg_HARYANA,80,2104,FeedstockAggregator,agg_HARYANA,HARYANA,,,0.0,0.0,0.0,0.0,,,,,,,,,1.0,,,,360.0,3478754.400018473,3678754.400018473,,,,,,4000000.0,161740.64090900955,0,665.5,161740.64090900955,,,,
80,agg_UTTAR_PRADESH,80,2104,FeedstockAggregator,agg_UTTAR_PRADESH,UTTAR_PRADESH,,,0.0,0.0,0.0,0.0,,,,,,,,,1.0,,,,390.0,16400000.0,16500000.0,,,,,,16500000.0,85006.898783641,0,473.00000000000006,85006.898783641,,,,
80,agg_BIHAR,80,2104,FeedstockAggregator,agg_BIHAR,BIHAR,,,0.0,0.0,0.0,0.0,,,,,,,,,1.0,,,,390.0,3233333.333,3333333.333,,,,,,3333333.333,82617.78673337561,0,467.50000000000006,82617.78673337561,,,,
80,agg_ANDHRA_PRADESH,80,2104,FeedstockAggregator,agg_ANDHRA_PRADESH,ANDHRA_PRADESH,,,0.0,0.0,0.0,0.0,,,,,,,,,1.0,,,,405.0,2900000.0,3000000.0,,,,,,3000000.0,80232.05194201981,0,495.00000000000006,80232.05194201981,,,,
80,agg_TAMIL_NADU,80,2104,FeedstockAggregator,agg_TAMIL_NADU,TAMIL_NADU,,,0.0,0.0,0.0,0.0,,,,,,,,,1.0,,,,435.0,1202250.6030340008,1302250.6030340008,,,,,,1333333.333,79310.53949689885,0,522.5,79310.53949689885,,,,
80,agg_MAHARASHTRA,80,2104,FeedstockAggregator,agg_MAHARASHTRA,MAHARASHTRA,,,0.0,0.0,0.0,0.0,,,,,,,,,1.0,,,,435.0,10088061.378414411,10188061.378414411,,,,,,10333333.333,79979.79577012209,0,517.0,79979.79577012209,,,,
80,agg_KARNATAKA,80,2104,FeedstockAggregator,agg_KARNATAKA,KARNATAKA,,,0.0,0.0,0.0,0.0,,,,,,,,,1.0,,,,405.0,4548815.90922324,4648815.90922324,,,,,,5666666.667,87261.89538018988,0,489.50000000000006,87261.89538018988,,,,
80,agg_WEST_BENGAL,80,2104,FeedstockAggregator,agg_WEST_BENGAL,WEST_BENGAL,,,0.0,0.0,0.0,0.0,,,,,,,,,1.0,,,,405.0,5397000.0,5497000.0,,,,,,5497000.0,85223.35378913119,0,500.50000000000006,85223.35378913119,,,,
80,agg_CHHATTISGARH,80,2104,FeedstockAggregator,agg_CHHATTISGARH,CHHATTISGARH,,,0.0,0.0,0.0,0.0,,,,,,,,,1.0,,,,360.0,2466666.667,2666666.667,,,,,,2666666.667,156312.66694571043,0,660.0,156312.66694571043,,,,
80,agg_ODISHA,80,2104,FeedstockAggregator,agg_ODISHA,ODISHA,,,0.0,0.0,0.0,0.0,,,,,,,,,1.0,,,,360.0,2672935.0596183734,2872935.0596183734,,,,,,3204666.667,167119.85811745469,0,665.5,167119.85811745469,,,,
80,agg_MADHYA_PRADESH,80,2104,FeedstockAggregator,agg_MADHYA_PRADESH,MADHYA_PRADESH,,,0.0,0.0,0.0,0.0,,,,,,,,,1.0,,,,390.0,2674120.1207695017,2874120.1207695017,,,,,,3333333.333,160361.29175876494,0,693.0,80157.53783016643,,,,
80,agg_TELANGANA,80,2104,FeedstockAggregator,agg_TELANGANA,TELANGANA,,,0.0,0.0,0.0,0.0,,,,,,,,,1.0,,,,390.0,4866125.652552653,4966125.652552653,,,,,,5698000.0,87032.88755919023,0,478.50000000000006,87032.88755919023,,,,
80,agg_ASSAM,80,2104,FeedstockAggregator,agg_ASSAM,ASSAM,,,0.0,0.0,0.0,0.0,,,,,,,,,1.0,,,,480.0,1900000.0,2000000.0,,,,,,2000000.0,80023.09621949421,0,572.0,80023.09621949421,,,,
80,agg_JHARKHAND,80,2104,FeedstockAggregator,agg_JHARKHAND,JHARKHAND,,,0.0,0.0,0.0,0.0,,,,,,,,,1.0,,,,435.0,1417508.5661615443,1517508.5661615443,,,,,,1666666.667,79610.82632654661,0,528.0,79610.82632654661,,,,
80,agg_RAJASTHAN,80,2104,FeedstockAggregator,agg_RAJASTHAN,RAJASTHAN,,,0.0,0.0,0.0,0.0,,,,,,,,,1.0,,,,435.0,2233333.333,2333333.333,,,,,,2333333.333,85441.39643131696,0,533.5,85441.39643131696,,,,
80,agg_KERALA,80,2104,FeedstockAggregator,agg_KERALA,KERALA,,,0.0,0.0,0.0,0.0,,,,,,,,,1.0,,,,480.0,900000.0,1000000.0,,,,,,1000000.0,81877.73696716245,0,577.5,81877.73696716245,,,,
80,agg_GUJARAT,80,2104,FeedstockAggregator,agg_GUJARAT,GUJARAT,,,0.0,0.0,0.0,0.0,,,,,,,,,1.0,,,,405.0,1483333.333,1583333.333,,,,,,1583333.333,83497.75306770296,0,495.00000000000006,83497.75306770296,,,,
81,agg_PUNJAB,81,2105,FeedstockAggregator,agg_PUNJAB,PUNJAB,,,0.0,0.0,0.0,0.0,,,,,,,,,1.0,,,,360.0,4587000.0,4787000.0,,,,,,4787000.0,159110.7071530886,0,660.0,159110.7071530886,,,,
81,agg_HARYANA,81,2105,FeedstockAggregator,agg_HARYANA,HARYANA,,,0.0,0.0,0.0,0.0,,,,,,,,,1.0,,,,360.0,3267274.166700933,3467274.166700933,,,,,,4000000.0,161740.64090900955,0,665.5,161740.64090900955,,,,
81,agg_UTTAR_PRADESH,81,2105,FeedstockAggregator,agg_UTTAR_PRADESH,UTTAR_PRADESH,,,0.0,0.0,0.0,0.0,,,,,,,,,1.0,,,,390.0,13862953.354858208,13962953.354858208,,,,,,16500000.0,85006.898783641,0,473.00000000000006,85006.898783641,,,,
81,agg_BIHAR,81,2105,FeedstockAggregator,agg_BIHAR,BIHAR,,,0.0,0.0,0.0,0.0,,,,,,,,,1.0,,,,390.0,3233333.333,3333333.333,,,,,,3333333.333,82617.78673337561,0,467.50000000000006,82617.78673337561,,,,
81,agg_ANDHRA_PRADESH,81,2105,FeedstockAggregator,agg_ANDHRA_PRADESH,ANDHRA_PRADESH,,,0.0,0.0,0.0,0.0,,,,,,,,,1.0,,,,405.0,2900000.0,3000000.0,,,,,,3000000.0,80232.05194201981,0,495.00000000000006,80232.05194201981,,,,
81,agg_TAMIL_NADU,81,2105,FeedstockAggregator,agg_TAMIL_NADU,TAMIL_NADU,,,0.0,0.0,0.0,0.0,,,,,,,,,1.0,,,,435.0,1125319.128254808,1225319.128254808,,,,,,1333333.333,79310.53949689885,0,522.5,79310.53949689885,,,,
81,agg_MAHARASHTRA,81,2105,FeedstockAggregator,agg_MAHARASHTRA,MAHARASHTRA,,,0.0,0.0,0.0,0.0,,,,,,,,,1.0,,,,435.0,8444909.168594051,8544909.168594051,,,,,,10333333.333,79979.79577012209,0,517.0,79979.79577012209,,,,
81,agg_KARNATAKA,81,2105,FeedstockAggregator,agg_KARNATAKA,KARNATAKA,,,0.0,0.0,0.0,0.0,,,,,,,,,1.0,,,,405.0,5566666.667,5666666.667,,,,,,5666666.667,87261.89538018988,0,489.50000000000006,87261.89538018988,,,,
81,agg_WEST_BENGAL,81,2105,FeedstockAggregator,agg_WEST_BENGAL,WEST_BENGAL,,,0.0,0.0,0.0,0.0,,,,,,,,,1.0,,,,405.0,5397000.0,5497000.0,,,,,,5497000.0,85223.35378913119,0,500.50000000000006,85223.35378913119,,,,
81,agg_CHHATTISGARH,81,2105,FeedstockAggregator,agg_CHHATTISGARH,CHHATTISGARH,,,0.0,0.0,0.0,0.0,,,,,,,,,1.0,,,,360.0,2466666.667,2666666.667,,,,,,2666666.667,156312.66694571043,0,660.0,156312.66694571043,,,,
81,agg_ODISHA,81,2105,FeedstockAggregator,agg_ODISHA,ODISHA,,,0.0,0.0,0.0,0.0,,,,,,,,,1.0,,,,360.0,3004666.667,3204666.667,,,,,,3204666.667,167119.85811745469,0,665.5,167119.85811745469,,,,
81,agg_MADHYA_PRADESH,81,2105,FeedstockAggregator,agg_MADHYA_PRADESH,MADHYA_PRADESH,,,0.0,0.0,0.0,0.0,,,,,,,,,1.0,,,,390.0,3133333.333,3333333.333,,,,,,3333333.333,160361.29175876494,0,693.0,160361.29175876494,,,,
81,agg_TELANGANA,81,2105,FeedstockAggregator,agg_TELANGANA,TELANGANA,,,0.0,0.0,0.0,0.0,,,,,,,,,1.0,,,,390.0,5183588.787841593,5283588.787841593,,,,,,5698000.0,87032.88755919023,0,478.50000000000006,87032.88755919023,,,,
81,agg_ASSAM,81,2105,FeedstockAggregator,agg_ASSAM,ASSAM,,,0.0,0.0,0.0,0.0,,,,,,,,,1.0,,,,480.0,1900000.0,2000000.0,,,,,,2000000.0,80023.09621949421,0,572.0,80023.09621949421,,,,
81,agg_JHARKHAND,81,2105,FeedstockAggregator,agg_JHARKHAND,JHARKHAND,,,0.0,0.0,0.0,0.0,,,,,,,,,1.0,,,,435.0,1256301.264735177,1356301.264735177,,,,,,1666666.667,79610.82632654661,0,528.0,79610.82632654661,,,,
81,agg_RAJASTHAN,81,2105,FeedstockAggregator,agg_RAJASTHAN,RAJASTHAN,,,0.0,0.0,0.0,0.0,,,,,,,,,1.0,,,,435.0,1995388.5930679145,2095388.5930679145,,,,,,2333333.333,85441.39643131696,0,533.5,0.0,,,,
81,agg_KERALA,81,2105,FeedstockAggregator,agg_KERALA,KERALA,,,0.0,0.0,0.0,0.0,,,,,,,,,1.0,,,,480.0,874083.3065281559,974083.3065281559,,,,,,1000000.0,81877.73696716245,0,577.5,81877.73696716245,,,,
81,agg_GUJARAT,81,2105,FeedstockAggregator,agg_GUJARAT,GUJARAT,,,0.0,0.0,0.0,0.0,,,,,,,,,1.0,,,,405.0,1483333.333,1583333.333,,,,,,1583333.333,83497.75306770296,0,495.00000000000006,83497.75306770296,,,,
82,agg_PUNJAB,82,2106,FeedstockAggregator,agg_PUNJAB,PUNJAB,,,0.0,0.0,0.0,0.0,,,,,,,,,1.0,,,,360.0,4587000.0,4787000.0,,,,,,4787000.0,159110.7071530886,0,660.0,159110.7071530886,,,,
82,agg_HARYANA,82,2106,FeedstockAggregator,agg_HARYANA,HARYANA,,,0.0,0.0,0.0,0.0,,,,,,,,,1.0,,,,360.0,3800000.0,4000000.0,,,,,,4000000.0,161740.64090900955,0,665.5,161740.64090900955,,,,
82,agg_UTTAR_PRADESH,82,2106,FeedstockAggregator,agg_UTTAR_PRADESH,UTTAR_PRADESH,,,0.0,0.0,0.0,0.0,,,,,,,,,1.0,,,,390.0,16400000.0,16500000.0,,,,,,16500000.0,85006.898783641,0,473.00000000000006,85006.898783641,,,,
82,agg_BIHAR,82,2106,FeedstockAggregator,agg_BIHAR,BIHAR,,,0.0,0.0,0.0,0.0,,,,,,,,,1.0,,,,390.0,3081338.8961014026,3181338.8961014026,,,,,,3333333.333,82617.78673337561,0,467.50000000000006,82617.78673337561,,,,
82,agg_ANDHRA_PRADESH,82,2106,FeedstockAggregator,agg_ANDHRA_PRADESH,ANDHRA_PRADESH,,,0.0,0.0,0.0,0.0,,,,,,,,,1.0,,,,405.0,2900000.0,3000000.0,,,,,,3000000.0,80232.05194201981,0,495.00000000000006,80232.05194201981,,,,
82,agg_TAMIL_NADU,82,2106,FeedstockAggregator,agg_TAMIL_NADU,TAMIL_NADU,,,0.0,0.0,0.0,0.0,,,,,,,,,1.0,,,,435.0,989985.7758703891,1089985.775870389,,,,,,1333333.333,79310.53949689885,0,522.5,79310.53949689885,,,,
82,agg_MAHARASHTRA,82,2106,FeedstockAggregator,agg_MAHARASHTRA,MAHARASHTRA,,,0.0,0.0,0.0,0.0,,,,,,,,,1.0,,,,435.0,9371387.217389757,9471387.217389757,,,,,,10333333.333,79979.79577012209,0,517.0,79979.79577012209,,,,
82,agg_KARNATAKA,82,2106,FeedstockAggregator,agg_KARNATAKA,KARNATAKA,,,0.0,0.0,0.0,0.0,,,,,,,,,1.0,,,,405.0,5566666.667,5666666.667,,,,,,5666666.667,87261.89538018988,0,489.50000000000006,87261.89538018988,,,,
82,agg_WEST_BENGAL,82,2106,FeedstockAggregator,agg_WEST_BENGAL,WEST_BENGAL,,,0.0,0.0,0.0,0.0,,,,,,,,,1.0,,,,405.0,4931149.207883226,5031149.207883226,,,,,,5497000.0,85223.35378913119,0,500.50000000000006,85223.35378913119,,,,
82,agg_CHHATTISGARH,82,2106,FeedstockAggregator,agg_CHHATTISGARH,CHHATTISGARH,,,0.0,0.0,0.0,0.0,,,,,,,,,1.0,,,,360.0,2427781.3207071265,2627781.3207071265,,,,,,2666666.667,156312.66694571043,0,660.0,156312.66694571043,,,,
82,agg_ODISHA,82,2106,FeedstockAggregator,agg_ODISHA,ODISHA,,,0.0,0.0,0.0,0.0,,,,,,,,,1.0,,,,360.0,2934401.776480029,3134401.776480029,,,,,,3204666.667,167119.85811745469,0,665.5,167119.85811745469,,,,
82,agg_MADHYA_PRADESH,82,2106,FeedstockAggregator,agg_MADHYA_PRADESH,MADHYA_PRADESH,,,0.0,0.0,0.0,0.0,,,,,,,,,1.0,,,,390.0,2755537.8530708994,2955537.8530708994,,,,,,3333333.333,160361.29175876494,0,693.0,160361.29175876494,,,,
82,agg_TELANGANA,82,2106,FeedstockAggregator,agg_TELANGANA,TELANGANA,,,0.0,0.0,0.0,0.0,,,,,,,,,1.0,,,,390.0,5059692.783865648,5159692.783865648,,,,,,5698000.0,87032.88755919023,0,478.50000000000006,87032.88755919023,,,,
82,agg_ASSAM,82,2106,FeedstockAggregator,agg_ASSAM,ASSAM,,,0.0,0.0,0.0,0.0,,,,,,,,,1.0,,,,480.0,1900000.0,2000000.0,,,,,,2000000.0,80023.09621949421,0,572.0,80023.09621949421,,,,
82,agg_JHARKHAND,82,2106,FeedstockAggregator,agg_JHARKHAND,JHARKHAND,,,0.0,0.0,0.0,0.0,,,,,,,,,1.0,,,,435.0,1566666.667,1666666.667,,,,,,1666666.667,79610.82632654661,0,528.0,79610.82632654661,,,,
82,agg_RAJASTHAN,82,2106,FeedstockAggregator,agg_RAJASTHAN,RAJASTHAN,,,0.0,0.0,0.0,0.0,,,,,,,,,1.0,,,,435.0,2233333.333,2333333.333,,,,,,2333333.333,85441.39643131696,0,533.5,85441.39643131696,,,,
82,agg_KERALA,82,2106,FeedstockAggregator,agg_KERALA,KERALA,,,0.0,0.0,0.0,0.0,,,,,,,,,1.0,,,,480.0,900000.0,1000000.0,,,,,,1000000.0,81877.73696716245,0,577.5,81877.73696716245,,,,
82,agg_GUJARAT,82,2106,FeedstockAggregator,agg_GUJARAT,GUJARAT,,,0.0,0.0,0.0,0.0,,,,,,,,,1.0,,,,405.0,1206258.1332707554,1306258.1332707554,,,,,,1583333.333,83497.75306770296,0,495.00000000000006,83497.75306770296,,,,
83,agg_PUNJAB,83,2107,FeedstockAggregator,agg_PUNJAB,PUNJAB,,,0.0,0.0,0.0,0.0,,,,,,,,,1.0,,,,360.0,4587000.0,4787000.0,,,,,,4787000.0,159110.7071530886,0,660.0,159110.7071530886,,,,
83,agg_HARYANA,83,2107,FeedstockAggregator,agg_HARYANA,HARYANA,,,0.0,0.0,0.0,0.0,,,,,,,,,1.0,,,,360.0,3800000.0,4000000.0,,,,,,4000000.0,161740.64090900955,0,665.5,161740.64090900955,,,,
83,agg_UTTAR_PRADESH,83,2107,FeedstockAggregator,agg_UTTAR_PRADESH,UTTAR_PRADESH,,,0.0,0.0,0.0,0.0,,,,,,,,,1.0,,,,390.0,16400000.0,16500000.0,,,,,,16500000.0,85006.898783641,0,473.00000000000006,85006.898783641,,,,
83,agg_BIHAR,83,2107,FeedstockAggregator,agg_BIHAR,BIHAR,,,0.0,0.0,0.0,0.0,,,,,,,,,1.0,,,,390.0,3086413.21397064,3186413.21397064,,,,,,3333333.333,82617.78673337561,0,467.50000000000006,82617.78673337561,,,,
83,agg_ANDHRA_PRADESH,83,2107,FeedstockAggregator,agg_ANDHRA_PRADESH,ANDHRA_PRADESH,,,0.0,0.0,0.0,0.0,,,,,,,,,1.0,,,,405.0,2680233.1871190364,2780233.1871190364,,,,,,3000000.0,80232.05194201981,0,495.00000000000006,80232.05194201981,,,,
83,agg_TAMIL_NADU,83,2107,FeedstockAggregator,agg_TAMIL_NADU,TAMIL_NADU,,,0.0,0.0,0.0,0.0,,,,,,,,,1.0,,,,435.0,1233333.333,1333333.333,,,,,,1333333.333,79310.53949689885,0,522.5,79310.53949689885,,,,
83,agg_MAHARASHTRA,83,2107,FeedstockAggregator,agg_MAHARASHTRA,MAHARASHTRA,,,0.0,0.0,0.0,0.0,,,,,,,,,1.0,,,,435.0,9738613.157548752,9838613.157548752,,,,,,10333333.333,79979.79577012209,0,517.0,79979.79577012209,,,,
83,agg_KARNATAKA,83,2107,FeedstockAggregator,agg_KARNATAKA,KARNATAKA,,,0.0,0.0,0.0,0.0,,,,,,,,,1.0,,,,405.0,4811111.253953343,4911111.253953343,,,,,,5666666.667,87261.89538018988,0,489.50000000000006,87261.89538018988,,,,
83,agg_WEST_BENGAL,83,2107,FeedstockAggregator,agg_WEST_BENGAL,WEST_BENGAL,,,0.0,0.0,0.0,0.0,,,,,,,,,1.0,,,,405.0,5397000.0,5497000.0,,,,,,5497000.0,85223.35378913119,0,500.50000000000006,85223.35378913119,,,,
83,agg_CHHATTISGARH,83,2107,FeedstockAggregator,agg_CHHATTISGARH,CHHATTISGARH,,,0.0,0.0,0.0,0.0,,,,,,,,,1.0,,,,360.0,2287062.659628558,2487062.659628558,,,,,,2666666.667,156312.66694571043,0,660.0,77859.77793085486,,,,
83,agg_ODISHA,83,2107,FeedstockAggregator,agg_ODISHA,ODISHA,,,0.0,0.0,0.0,0.0,,,,,,,,,1.0,,,,360.0,2549441.319152764,2749441.319152764,,,,,,3204666.667,167119.85811745469,0,665.5,167119.85811745469,,,,
83,agg_MADHYA_PRADESH,83,2107,FeedstockAggregator,agg_MADHYA_PRADESH,MADHYA_PRADESH,,,0.0,0.0,0.0,0.0,,,,,,,,,1.0,,,,390.0,3133333.333,3333333.333,,,,,,3333333.333,160361.29175876494,0,693.0,160361.29175876494,,,,
83,agg_TELANGANA,83,2107,FeedstockAggregator,agg_TELANGANA,TELANGANA,,,0.0,0.0,0.0,0.0,,,,,,,,,1.0,,,,390.0,5027259.5767268175,5127259.5767268175,,,,,,5698000.0,87032.88755919023,0,478.50000000000006,87032.88755919023,,,,
83,agg_ASSAM,83,2107,FeedstockAggregator,agg_ASSAM,ASSAM,,,0.0,0.0,0.0,0.0,,,,,,,,,1.0,,,,480.0,1900000.0,2000000.0,,,,,,2000000.0,80023.09621949421,0,572.0,80023.09621949421,,,,
83,agg_JHARKHAND,83,2107,FeedstockAggregator,agg_JHARKHAND,JHARKHAND,,,0.0,0.0,0.0,0.0,,,,,,,,,1.0,,,,435.0,1566666.667,1666666.667,,,,,,1666666.667,79610.82632654661,0,528.0,79610.82632654661,,,,
83,agg_RAJASTHAN,83,2107,FeedstockAggregator,agg_RAJASTHAN,RAJASTHAN,,,0.0,0.0,0.0,0.0,,,,,,,,,1.0,,,,435.0,2233333.333,2333333.333,,,,,,2333333.333,85441.39643131696,0,533.5,85441.39643131696,,,,
83,agg_KERALA,83,2107,FeedstockAggregator,agg_KERALA,KERALA,,,0.0,0.0,0.0,0.0,,,,,,,,,1.0,,,,480.0,900000.0,1000000.0,,,,,,1000000.0,81877.73696716245,0,577.5,81877.73696716245,,,,
83,agg_GUJARAT,83,2107,FeedstockAggregator,agg_GUJARAT,GUJARAT,,,0.0,0.0,0.0,0.0,,,,,,,,,1.0,,,,405.0,1483333.333,1583333.333,,,,,,1583333.333,83497.75306770296,0,495.00000000000006,83497.75306770296,,,,
84,agg_PUNJAB,84,2108,FeedstockAggregator,agg_PUNJAB,PUNJAB,,,0.0,0.0,0.0,0.0,,,,,,,,,1.0,,,,360.0,4587000.0,4787000.0,,,,,,4787000.0,159110.7071530886,0,660.0,77299.79221139153,,,,
84,agg_HARYANA,84,2108,FeedstockAggregator,agg_HARYANA,HARYANA,,,0.0,0.0,0.0,0.0,,,,,,,,,1.0,,,,360.0,3756957.9818212255,3956957.9818212255,,,,,,4000000.0,161740.64090900955,0,665.5,161740.64090900955,,,,
84,agg_UTTAR_PRADESH,84,2108,FeedstockAggregator,agg_UTTAR_PRADESH,UTTAR_PRADESH,,,0.0,0.0,0.0,0.0,,,,,,,,,1.0,,,,390.0,14295749.317120405,14395749.317120405,,,,,,16500000.0,85006.898783641,0,473.00000000000006,0.0,,,,
84,agg_BIHAR,84,2108,FeedstockAggregator,agg_BIHAR,BIHAR,,,0.0,0.0,0.0,0.0,,,,,,,,,1.0,,,,390.0,2742268.5204401677,2842268.5204401677,,,,,,3333333.333,82617.78673337561,0,467.50000000000006,82617.78673337561,,,,
84,agg_ANDHRA_PRADESH,84,2108,FeedstockAggregator,agg_ANDHRA_PRADESH,ANDHRA_PRADESH,,,0.0,0.0,0.0,0.0,,,,,,,,,1.0,,,,405.0,2323080.10501715,2423080.10501715,,,,,,3000000.0,80232.05194201981,0,495.00000000000006,80232.05194201981,,,,
84,agg_TAMIL_NADU,84,2108,FeedstockAggregator,agg_TAMIL_NADU,TAMIL_NADU,,,0.0,0.0,0.0,0.0,,,,,,,,,1.0,,,,435.0,1131756.1275426634,1231756.1275426634,,,,,,1333333.333,79310.53949689885,0,522.5,79310.53949689885,,,,
84,agg_MAHARASHTRA,84,2108,FeedstockAggregator,agg_MAHARASHTRA,MAHARASHTRA,,,0.0,0.0,0.0,0.0,,,,,,,,,1.0,,,,435.0,9735848.023542857,9835848.023542857,,,,,,10333333.333,79979.79577012209,0,517.0,79979.79577012209,,,,
84,agg_KARNATAKA,84,2108,FeedstockAggregator,agg_KARNATAKA,KARNATAKA,,,0.0,0.0,0.0,0.0,,,,,,,,,1.0,,,,405.0,5566666.667,5666666.667,,,,,,5666666.667,87261.89538018988,0,489.50000000000006,87261.89538018988,,,,
84,agg_WEST_BENGAL,84,2108,FeedstockAggregator,agg_WEST_BENGAL,WEST_BENGAL,,,0.0,0.0,0.0,0.0,,,,,,,,,1.0,,,,405.0,5005297.556735623,5105297.556735623,,,,,,5497000.0,85223.35378913119,0,500.50000000000006,85223.35378913119,,,,
84,agg_CHHATTISGARH,84,2108,FeedstockAggregator,agg_CHHATTISGARH,CHHATTISGARH,,,0.0,0.0,0.0,0.0,,,,,,,,,1.0,,,,360.0,2253161.9993214873,2453161.9993214873,,,,,,2666666.667,156312.66694571043,0,660.0,156312.66694571043,,,,
84,agg_ODISHA,84,2108,FeedstockAggregator,agg_ODISHA,ODISHA,,,0.0,0.0,0.0,0.0,,,,,,,,,1.0,,,,360.0,2378789.9459869005,2578789.9459869005,,,,,,3204666.667,167119.85811745469,0,665.5,167119.85811745469,,,,
84,agg_MADHYA_PRADESH,84,2108,FeedstockAggregator,agg_MADHYA_PRADESH,MADHYA_PRADESH,,,0.0,0.0,0.0,0.0,,,,,,,,,1.0,,,,390.0,3133333.333,3333333.333,,,,,,3333333.333,160361.29175876494,0,693.0,160361.29175876494,,,,
84,agg_TELANGANA,84,2108,FeedstockAggregator,agg_TELANGANA,TELANGANA,,,0.0,0.0,0.0,0.0,,,,,,,,,1.0,,,,390.0,4465042.363931166,4565042.363931166,,,,,,5698000.0,87032.88755919023,0,478.50000000000006,87032.88755919023,,,,
84,agg_ASSAM,84,2108,FeedstockAggregator,agg_ASSAM,ASSAM,,,0.0,0.0,0.0,0.0,,,,,,,,,1.0,,,,480.0,1900000.0,2000000.0,,,,,,2000000.0,80023.09621949421,0,572.0,80023.09621949421,,,,
84,agg_JHARKHAND,84,2108,FeedstockAggregator,agg_JHARKHAND,JHARKHAND,,,0.0,0.0,0.0,0.0,,,,,,,,,1.0,,,,435.0,1566666.667,1666666.667,,,,,,1666666.667,79610.82632654661,0,528.0,79610.82632654661,,,,
84,agg_RAJASTHAN,84,2108,FeedstockAggregator,agg_RAJASTHAN,RAJASTHAN,,,0.0,0.0,0.0,0.0,,,,,,,,,1.0,,,,435.0,1794808.165931131,1894808.165931131,,,,,,2333333.333,85441.39643131696,0,533.5,85441.39643131696,,,,
84,agg_KERALA,84,2108,FeedstockAggregator,agg_KERALA,KERALA,,,0.0,0.0,0.0,0.0,,,,,,,,,1.0,,,,480.0,772436.4340138277,872436.4340138277,,,,,,1000000.0,81877.73696716245,0,577.5,81877.73696716245,,,,
84,agg_GUJARAT,84,2108,FeedstockAggregator,agg_GUJARAT,GUJARAT,,,0.0,0.0,0.0,0.0,,,,,,,,,1.0,,,,405.0,1386491.8593986924,1486491.8593986924,,,,,,1583333.333,83497.75306770296,0,495.00000000000006,0.0,,,,
85,agg_PUNJAB,85,2109,FeedstockAggregator,agg_PUNJAB,PUNJAB,,,0.0,0.0,0.0,0.0,,,,,,,,,1.0,,,,360.0,4587000.0,4787000.0,,,,,,4787000.0,159110.7071530886,0,660.0,159110.7071530886,,,,
85,agg_HARYANA,85,2109,FeedstockAggregator,agg_HARYANA,HARYANA,,,0.0,0.0,0.0,0.0,,,,,,,,,1.0,,,,360.0,3487672.941864382,3687672.941864382,,,,,,4000000.0,161740.64090900955,0,665.5,161740.64090900955,,,,
85,agg_UTTAR_PRADESH,85,2109,FeedstockAggregator,agg_UTTAR_PRADESH,UTTAR_PRADESH,,,0.0,0.0,0.0,0.0,,,,,,,,,1.0,,,,390.0,16400000.0,16500000.0,,,,,,16500000.0,85006.898783641,0,473.00000000000006,85006.898783641,,,,
85,agg_BIHAR,85,2109,FeedstockAggregator,agg_BIHAR,BIHAR,,,0.0,0.0,0.0,0.0,,,,,,,,,1.0,,,,390.0,2955193.740862618,3055193.740862618,,,,,,3333333.333,82617.78673337561,0,467.50000000000006,82617.78673337561,,,,
85,agg_ANDHRA_PRADESH,85,2109,FeedstockAggregator,agg_ANDHRA_PRADESH,ANDHRA_PRADESH,,,0.0,0.0,0.0,0.0,,,,,,,,,1.0,,,,405.0,2900000.0,3000000.0,,,,,,3000000.0,80232.05194201981,0,495.00000000000006,80232.05194201981,,,,
85,agg_TAMIL_NADU,85,2109,FeedstockAggregator,agg_TAMIL_NADU,TAMIL_NADU,,,0.0,0.0,0.0,0.0,,,,,,,,,1.0,,,,435.0,978656.666599198,1078656.666599198,,,,,,1333333.333,79310.53949689885,0,522.5,79310.53949689885,,,,
85,agg_MAHARASHTRA,85,2109,FeedstockAggregator,agg_MAHARASHTRA,MAHARASHTRA,,,0.0,0.0,0.0,0.0,,,,,,,,,1.0,,,,435.0,10233333.333,10333333.333,,,,,,10333333.333,79979.79577012209,0,517.0,79979.79577012209,,,,
85,agg_KARNATAKA,85,2109,FeedstockAggregator,agg_KARNATAKA,KARNATAKA,,,0.0,0.0,0.0,0.0,,,,,,,,,1.0,,,,405.0,4475196.780418416,4575196.780418416,,,,,,5666666.667,87261.89538018988,0,489.50000000000006,87261.89538018988,,,,
85,agg_WEST_BENGAL,85,2109,FeedstockAggregator,agg_WEST_BENGAL,WEST_BENGAL,,,0.0,0.0,0.0,0.0,,,,,,,,,1.0,,,,405.0,4682919.985747435,4782919.985747435,,,,,,5497000.0,85223.35378913119,0,500.50000000000006,85223.35378913119,,,,
85,agg_CHHATTISGARH,85,2109,FeedstockAggregator,agg_CHHATTISGARH,CHHATTISGARH,,,0.0,0.0,0.0,0.0,,,,,,,,,1.0,,,,360.0,1991794.1467242567,2191794.1467242567,,,,,,2666666.667,156312.66694571043,0,660.0,156312.66694571043,,,,
85,agg_ODISHA,85,2109,FeedstockAggregator,agg_ODISHA,ODISHA,,,0.0,0.0,0.0,0.0,,,,,,,,,1.0,,,,360.0,2848795.5667533795,3048795.5667533795,,,,,,3204666.667,167119.85811745469,0,665.5,167119.85811745469,,,,
85,agg_MADHYA_PRADESH,85,2109,FeedstockAggregator,agg_MADHYA_PRADESH,MADHYA_PRADESH,,,0.0,0.0,0.0,0.0,,,,,,,,,1.0,,,,390.0,3131525.813534113,3331525.813534113,,,,,,3333333.333,160361.29175876494,0,693.0,160361.29175876494,,,,
85,agg_TELANGANA,85,2109,FeedstockAggregator,agg_TELANGANA,TELANGANA,,,0.0,0.0,0.0,0.0,,,,,,,,,1.0,,,,390.0,5598000.0,5698000.0,,,,,,5698000.0,87032.88755919023,0,478.50000000000006,87032.88755919023,,,,
85,agg_ASSAM,85,2109,FeedstockAggregator,agg_ASSAM,ASSAM,,,0.0,0.0,0.0,0.0,,,,,,,,,1.0,,,,480.0,1900000.0,2000000.0,,,,,,2000000.0,80023.09621949421,0,572.0,80023.09621949421,,,,
85,agg_JHARKHAND,85,2109,FeedstockAggregator,agg_JHARKHAND,JHARKHAND,,,0.0,0.0,0.0,0.0,,,,,,,,,1.0,,,,435.0,1566666.667,1666666.667,,,,,,1666666.667,79610.82632654661,0,528.0,79610.82632654661,,,,
85,agg_RAJASTHAN,85,2109,FeedstockAggregator,agg_RAJASTHAN,RAJASTHAN,,,0.0,0.0,0.0,0.0,,,,,,,,,1.0,,,,435.0,2233333.333,2333333.333,,,,,,2333333.333,85441.39643131696,0,533.5,85441.39643131696,,,,
85,agg_KERALA,85,2109,FeedstockAggregator,agg_KERALA,KERALA,,,0.0,0.0,0.0,0.0,,,,,,,,,1.0,,,,480.0,762355.260848451,862355.260848451,,,,,,1000000.0,81877.73696716245,0,577.5,81877.73696716245,,,,
85,agg_GUJARAT,85,2109,FeedstockAggregator,agg_GUJARAT,GUJARAT,,,0.0,0.0,0.0,0.0,,,,,,,,,1.0,,,,405.0,1483333.333,1583333.333,,,,,,1583333.333,83497.75306770296,0,495.00000000000006,83497.75306770296,,,,
86,agg_PUNJAB,86,2110,FeedstockAggregator,agg_PUNJAB,PUNJAB,,,0.0,0.0,0.0,0.0,,,,,,,,,1.0,,,,360.0,4587000.0,4787000.0,,,,,,4787000.0,159110.7071530886,0,660.0,81810.91494169708,,,,
86,agg_HARYANA,86,2110,FeedstockAggregator,agg_HARYANA,HARYANA,,,0.0,0.0,0.0,0.0,,,,,,,,,1.0,,,,360.0,3647872.8272326114,3847872.8272326114,,,,,,4000000.0,161740.64090900955,0,665.5,161740.64090900955,,,,
86,agg_UTTAR_PRADESH,86,2110,FeedstockAggregator,agg_UTTAR_PRADESH,UTTAR_PRADESH,,,0.0,0.0,0.0,0.0,,,,,,,,,1.0,,,,390.0,13178199.11395551,13278199.11395551,,,,,,16500000.0,85006.898783641,0,473.00000000000006,85006.898783641,,,,
86,agg_BIHAR,86,2110,FeedstockAggregator,agg_BIHAR,BIHAR,,,0.0,0.0,0.0,0.0,,,,,,,,,1.0,,,,390.0,3233333.333,3333333.333,,,,,,3333333.333,82617.78673337561,0,467.50000000000006,82617.78673337561,,,,
86,agg_ANDHRA_PRADESH,86,2110,FeedstockAggregator,agg_ANDHRA_PRADESH,ANDHRA_PRADESH,,,0.0,0.0,0.0,0.0,,,,,,,,,1.0,,,,405.0,2900000.0,3000000.0,,,,,,3000000.0,80232.05194201981,0,495.00000000000006,80232.05194201981,,,,
86,agg_TAMIL_NADU,86,2110,FeedstockAggregator,agg_TAMIL_NADU,TAMIL_NADU,,,0.0,0.0,0.0,0.0,,,,,,,,,1.0,,,,435.0,1202834.1884359054,1302834.1884359054,,,,,,1333333.333,79310.53949689885,0,522.5,79310.53949689885,,,,
86,agg_MAHARASHTRA,86,2110,FeedstockAggregator,agg_MAHARASHTRA,MAHARASHTRA,,,0.0,0.0,0.0,0.0,,,,,,,,,1.0,,,,435.0,8550368.784560414,8650368.784560414,,,,,,10333333.333,79979.79577012209,0,517.0,79979.79577012209,,,,
86,agg_KARNATAKA,86,2110,FeedstockAggregator,agg_KARNATAKA,KARNATAKA,,,0.0,0.0,0.0,0.0,,,,,,,,,1.0,,,,405.0,4440231.8312418815,4540231.8312418815,,,,,,5666666.667,87261.89538018988,0,489.50000000000006,87261.89538018988,,,,
86,agg_WEST_BENGAL,86,2110,FeedstockAggregator,agg_WEST_BENGAL,WEST_BENGAL,,,0.0,0.0,0.0,0.0,,,,,,,,,1.0,,,,405.0,5397000.0,5497000.0,,,,,,5497000.0,85223.35378913119,0,500.50000000000006,85223.35378913119,,,,
86,agg_CHHATTISGARH,86,2110,FeedstockAggregator,agg_CHHATTISGARH,CHHATTISGARH,,,0.0,0.0,0.0,0.0,,,,,,,,,1.0,,,,360.0,2285470.3018806847,2485470.3018806847,,,,,,2666666.667,156312.66694571043,0,660.0,156312.66694571043,,,,
86,agg_ODISHA,86,2110,FeedstockAggregator,agg_ODISHA,ODISHA,,,0.0,0.0,0.0,0.0,,,,,,,,,1.0,,,,360.0,3004666.667,3204666.667,,,,,,3204666.667,167119.85811745469,0,665.5,167119.85811745469,,,,
86,agg_MADHYA_PRADESH,86,2110,FeedstockAggregator,agg_MADHYA_PRADESH,MADHYA_PRADESH,,,0.0,0.0,0.0,0.0,,,,,,,,,1.0,,,,390.0,3133333.333,3333333.333,,,,,,3333333.333,160361.29175876494,0,693.0,160361.29175876494,,,,
86,agg_TELANGANA,86,2110,FeedstockAggregator,agg_TELANGANA,TELANGANA,,,0.0,0.0,0.0,0.0,,,,,,,,,1.0,,,,390.0,4477985.67844356,4577985.67844356,,,,,,5698000.0,87032.88755919023,0,478.50000000000006,0.0,,,,
86,agg_ASSAM,86,2110,FeedstockAggregator,agg_ASSAM,ASSAM,,,0.0,0.0,0.0,0.0,,,,,,,,,1.0,,,,480.0,1613223.1416332892,1713223.1416332892,,,,,,2000000.0,80023.09621949421,0,572.0,80023.09621949421,,,,
86,agg_JHARKHAND,86,2110,FeedstockAggregator,agg_JHARKHAND,JHARKHAND,,,0.0,0.0,0.0,0.0,,,,,,,,,1.0,,,,435.0,1240018.8043277173,1340018.8043277173,,,,,,1666666.667,79610.82632654661,0,528.0,79610.82632654661,,,,
86,agg_RAJASTHAN,86,2110,FeedstockAggregator,agg_RAJASTHAN,RAJASTHAN,,,0.0,0.0,0.0,0.0,,,,,,,,,1.0,,,,435.0,2233333.333,2333333.333,,,,,,2333333.333,85441.39643131696,0,533.5,85441.39643131696,,,,
86,agg_KERALA,86,2110,FeedstockAggregator,agg_KERALA,KERALA,,,0.0,0.0,0.0,0.0,,,,,,,,,1.0,,,,480.0,900000.0,1000000.0,,,,,,1000000.0,81877.73696716245,0,577.5,81877.73696716245,,,,
86,agg_GUJARAT,86,2110,FeedstockAggregator,agg_GUJARAT,GUJARAT,,,0.0,0.0,0.0,0.0,,,,,,,,,1.0,,,,405.0,1188741.19072086,1288741.19072086,,,,,,1583333.333,83497.75306770296,0,495.00000000000006,83497.75306770296,,,,
87,agg_PUNJAB,87,2111,FeedstockAggregator,agg_PUNJAB,PUNJAB,,,0.0,0.0,0.0,0.0,,,,,,,,,1.0,,,,360.0,4459507.164147072,4659507.164147072,,,,,,4787000.0,159110.7071530886,0,660.0,159110.7071530886,,,,
87,agg_HARYANA,87,2111,FeedstockAggregator,agg_HARYANA,HARYANA,,,0.0,0.0,0.0,0.0,,,,,,,,,1.0,,,,360.0,3800000.0,4000000.0,,,,,,4000000.0,161740.64090900955,0,665.5,161740.64090900955,,,,
87,agg_UTTAR_PRADESH,87,2111,FeedstockAggregator,agg_UTTAR_PRADESH,UTTAR_PRADESH,,,0.0,0.0,0.0,0.0,,,,,,,,,1.0,,,,390.0,16400000.0,16500000.0,,,,,,16500000.0,85006.898783641,0,473.00000000000006,85006.898783641,,,,
87,agg_BIHAR,87,2111,FeedstockAggregator,agg_BIHAR,BIHAR,,,0.0,0.0,0.0,0.0,,,,,,,,,1.0,,,,390.0,2810232.587935382,2910232.587935382,,,,,,3333333.333,82617.78673337561,0,467.50000000000006,82617.78673337561,,,,
87,agg_ANDHRA_PRADESH,87,2111,FeedstockAggregator,agg_ANDHRA_PRADESH,ANDHRA_PRADESH,,,0.0,0.0,0.0,0.0,,,,,,,,,1.0,,,,405.0,2900000.0,3000000.0,,,,,,3000000.0,80232.05194201981,0,495.00000000000006,80232.05194201981,,,,
87,agg_TAMIL_NADU,87,2111,FeedstockAggregator,agg_TAMIL_NADU,TAMIL_NADU,,,0.0,0.0,0.0,0.0,,,,,,,,,1.0,,,,435.0,1233333.333,1333333.333,,,,,,1333333.333,79310.53949689885,0,522.5,79310.53949689885,,,,
87,agg_MAHARASHTRA,87,2111,FeedstockAggregator,agg_MAHARASHTRA,MAHARASHTRA,,,0.0,0.0,0.0,0.0,,,,,,,,,1.0,,,,435.0,10233333.333,10333333.333,,,,,,10333333.333,79979.79577012209,0,517.0,79979.79577012209,,,,
87,agg_KARNATAKA,87,2111,FeedstockAggregator,agg_KARNATAKA,KARNATAKA,,,0.0,0.0,0.0,0.0,,,,,,,,,1.0,,,,405.0,5566666.667,5666666.667,,,,,,5666666.667,87261.89538018988,0,489.50000000000006,87261.89538018988,,,,
87,agg_WEST_BENGAL,87,2111,FeedstockAggregator,agg_WEST_BENGAL,WEST_BENGAL,,,0.0,0.0,0.0,0.0,,,,,,,,,1.0,,,,405.0,5397000.0,5497000.0,,,,,,5497000.0,85223.35378913119,0,500.50000000000006,85223.35378913119,,,,
87,agg_CHHATTISGARH,87,2111,FeedstockAggregator,agg_CHHATTISGARH,CHHATTISGARH,,,0.0,0.0,0.0,0.0,,,,,,,,,1.0,,,,360.0,2077887.815648898,2277887.815648898,,,,,,2666666.667,156312.66694571043,0,660.0,156312.66694571043,,,,
87,agg_ODISHA,87,2111,FeedstockAggregator,agg_ODISHA,ODISHA,,,0.0,0.0,0.0,0.0,,,,,,,,,1.0,,,,360.0,3004666.667,3204666.667,,,,,,3204666.667,167119.85811745469,0,665.5,167119.85811745469,,,,
87,agg_MADHYA_PRADESH,87,2111,FeedstockAggregator,agg_MADHYA_PRADESH,MADHYA_PRADESH,,,0.0,0.0,0.0,0.0,,,,,,,,,1.0,,,,390.0,2997964.143122511,3197964.143122511,,,,,,3333333.333,160361.29175876494,0,693.0,160361.29175876494,,,,
87,agg_TELANGANA,87,2111,FeedstockAggregator,agg_TELANGANA,TELANGANA,,,0.0,0.0,0.0,0.0,,,,,,,,,1.0,,,,390.0,5598000.0,5698000.0,,,,,,5698000.0,87032.88755919023,0,478.50000000000006,87032.88755919023,,,,
87,agg_ASSAM,87,2111,FeedstockAggregator,agg_ASSAM,ASSAM,,,0.0,0.0,0.0,0.0,,,,,,,,,1.0,,,,480.0,1817016.8613075523,1917016.8613075523,,,,,,2000000.0,80023.09621949421,0,572.0,80023.09621949421,,,,
87,agg_JHARKHAND,87,2111,FeedstockAggregator,agg_JHARKHAND,JHARKHAND,,,0.0,0.0,0.0,0.0,,,,,,,,,1.0,,,,435.0,1267220.4510685266,1367220.4510685266,,,,,,1666666.667,79610.82632654661,0,528.0,79610.82632654661,,,,
87,agg_RAJASTHAN,87,2111,FeedstockAggregator,agg_RAJASTHAN,RAJASTHAN,,,0.0,0.0,0.0,0.0,,,,,,,,,1.0,,,,435.0,2233333.333,2333333.333,,,,,,2333333.333,85441.39643131696,0,533.5,85441.39643131696,,,,
87,agg_KERALA,87,2111,FeedstockAggregator,agg_KERALA,KERALA,,,0.0,0.0,0.0,0.0,,,,,,,,,1.0,,,,480.0,845905.870842227,945905.870842227,,,,,,1000000.0,81877.73696716245,0,577.5,81877.73696716245,,,,
87,agg_GUJARAT,87,2111,FeedstockAggregator,agg_GUJARAT,GUJARAT,,,0.0,0.0,0.0,0.0,,,,,,,,,1.0,,,,405.0,1313734.1837515722,1413734.1837515722,,,,,,1583333.333,83497.75306770296,0,495.00000000000006,83497.75306770296,,,,
88,agg_PUNJAB,88,2112,FeedstockAggregator,agg_PUNJAB,PUNJAB,,,0.0,0.0,0.0,0.0,,,,,,,,,1.0,,,,360.0,4153454.808054067,4353454.808054067,,,,,,4787000.0,159110.7071530886,0,660.0,159110.7071530886,,,,
88,agg_HARYANA,88,2112,FeedstockAggregator,agg_HARYANA,HARYANA,,,0.0,0.0,0.0,0.0,,,,,,,,,1.0,,,,360.0,3800000.0,4000000.0,,,,,,4000000.0,161740.64090900955,0,665.5,161740.64090900955,,,,
88,agg_UTTAR_PRADESH,88,2112,FeedstockAggregator,agg_UTTAR_PRADESH,UTTAR_PRADESH,,,0.0,0.0,0.0,0.0,,,,,,,,,1.0,,,,390.0,16400000.0,16500000.0,,,,,,16500000.0,85006.898783641,0,473.00000000000006,85006.898783641,,,,
88,agg_BIHAR,88,2112,FeedstockAggregator,agg_BIHAR,BIHAR,,,0.0,0.0,0.0,0.0,,,,,,,,,1.0,,,,390.0,2697016.3059307686,2797016.3059307686,,,,,,3333333.333,82617.78673337561,0,467.50000000000006,82617.78673337561,,,,
88,agg_ANDHRA_PRADESH,88,2112,FeedstockAggregator,agg_ANDHRA_PRADESH,ANDHRA_PRADESH,,,0.0,0.0,0.0,0.0,,,,,,,,,1.0,,,,405.0,2546774.48957582,2646774.48957582,,,,,,3000000.0,80232.05194201981,0,495.00000000000006,80232.05194201981,,,,
88,agg_TAMIL_NADU,88,2112,FeedstockAggregator,agg_TAMIL_NADU,TAMIL_NADU,,,0.0,0.0,0.0,0.0,,,,,,,,,1.0,,,,435.0,1172735.7369567072,1272735.7369567072,,,,,,1333333.333,79310.53949689885,0,522.5,79310.53949689885,,,,
88,agg_MAHARASHTRA,88,2112,FeedstockAggregator,agg_MAHARASHTRA,MAHARASHTRA,,,0.0,0.0,0.0,0.0,,,,,,,,,1.0,,,,435.0,10233333.333,10333333.333,,,,,,10333333.333,79979.79577012209,0,517.0,79979.79577012209,,,,
88,agg_KARNATAKA,88,2112,FeedstockAggregator,agg_KARNATAKA,KARNATAKA,,,0.0,0.0,0.0,0.0,,,,,,,,,1.0,,,,405.0,5566666.667,5666666.667,,,,,,5666666.667,87261.89538018988,0,489.50000000000006,87261.89538018988,,,,
88,agg_WEST_BENGAL,88,2112,FeedstockAggregator,agg_WEST_BENGAL,WEST_BENGAL,,,0.0,0.0,0.0,0.0,,,,,,,,,1.0,,,,405.0,5397000.0,5497000.0,,,,,,5497000.0,85223.35378913119,0,500.50000000000006,85223.35378913119,,,,
88,agg_CHHATTISGARH,88,2112,FeedstockAggregator,agg_CHHATTISGARH,CHHATTISGARH,,,0.0,0.0,0.0,0.0,,,,,,,,,1.0,,,,360.0,2140147.3865679232,2340147.3865679232,,,,,,2666666.667,156312.66694571043,0,660.0,78452.88901485557,,,,
88,agg_ODISHA,88,2112,FeedstockAggregator,agg_ODISHA,ODISHA,,,0.0,0.0,0.0,0.0,,,,,,,,,1.0,,,,360.0,2996941.4812098118,3196941.4812098118,,,,,,3204666.667,167119.85811745469,0,665.5,167119.85811745469,,,,
88,agg_MADHYA_PRADESH,88,2112,FeedstockAggregator,agg_MADHYA_PRADESH,MADHYA_PRADESH,,,0.0,0.0,0.0,0.0,,,,,,,,,1.0,,,,390.0,3133333.333,3333333.333,,,,,,3333333.333,160361.29175876494,0,693.0,160361.29175876494,,,,
88,agg_TELANGANA,88,2112,FeedstockAggregator,agg_TELANGANA,TELANGANA,,,0.0,0.0,0.0,0.0,,,,,,,,,1.0,,,,390.0,5036184.348200117,5136184.348200117,,,,,,5698000.0,87032.88755919023,0,478.50000000000006,87032.88755919023,,,,
88,agg_ASSAM,88,2112,FeedstockAggregator,agg_ASSAM,ASSAM,,,0.0,0.0,0.0,0.0,,,,,,,,,1.0,,,,480.0,1580766.8930240255,1680766.8930240255,,,,,,2000000.0,80023.09621949421,0,572.0,80023.09621949421,,,,
88,agg_JHARKHAND,88,2112,FeedstockAggregator,agg_JHARKHAND,JHARKHAND,,,0.0,0.0,0.0,0.0,,,,,,,,,1.0,,,,435.0,1566666.667,1666666.667,,,,,,1666666.667,79610.82632654661,0,528.0,79610.82632654661,,,,
88,agg_RAJASTHAN,88,2112,FeedstockAggregator,agg_RAJASTHAN,RAJASTHAN,,,0.0,0.0,0.0,0.0,,,,,,,,,1.0,,,,435.0,1976789.1065685896,2076789.1065685896,,,,,,2333333.333,85441.39643131696,0,533.5,85441.39643131696,,,,
88,agg_KERALA,88,2112,FeedstockAggregator,agg_KERALA,KERALA,,,0.0,0.0,0.0,0.0,,,,,,,,,1.0,,,,480.0,900000.0,1000000.0,,,,,,1000000.0,81877.73696716245,0,577.5,81877.73696716245,,,,
88,agg_GUJARAT,88,2112,FeedstockAggregator,agg_GUJARAT,GUJARAT,,,0.0,0.0,0.0,0.0,,,,,,,,,1.0,,,,405.0,1483333.333,1583333.333,,,,,,1583333.333,83497.75306770296,0,495.00000000000006,83497.75306770296,,,,
89,agg_PUNJAB,89,2113,FeedstockAggregator,agg_PUNJAB,PUNJAB,,,0.0,0.0,0.0,0.0,,,,,,,,,1.0,,,,360.0,3939320.724880668,4139320.724880668,,,,,,4787000.0,159110.7071530886,0,660.0,159110.7071530886,,,,
89,agg_HARYANA,89,2113,FeedstockAggregator,agg_HARYANA,HARYANA,,,0.0,0.0,0.0,0.0,,,,,,,,,1.0,,,,360.0,3520064.9441980566,3720064.9441980566,,,,,,4000000.0,161740.64090900955,0,665.5,161740.64090900955,,,,
89,agg_UTTAR_PRADESH,89,2113,FeedstockAggregator,agg_UTTAR_PRADESH,UTTAR_PRADESH,,,0.0,0.0,0.0,0.0,,,,,,,,,1.0,,,,390.0,15818163.187752517,15918163.187752517,,,,,,16500000.0,85006.898783641,0,473.00000000000006,85006.898783641,,,,
89,agg_BIHAR,89,2113,FeedstockAggregator,agg_BIHAR,BIHAR,,,0.0,0.0,0.0,0.0,,,,,,,,,1.0,,,,390.0,3233333.333,3333333.333,,,,,,3333333.333,82617.78673337561,0,467.50000000000006,82617.78673337561,,,,
89,agg_ANDHRA_PRADESH,89,2113,FeedstockAggregator,agg_ANDHRA_PRADESH,ANDHRA_PRADESH,,,0.0,0.0,0.0,0.0,,,,,,,,,1.0,,,,405.0,2603344.168731363,2703344.168731363,,,,,,3000000.0,80232.05194201981,0,495.00000000000006,80232.05194201981,,,,
89,agg_TAMIL_NADU,89,2113,FeedstockAggregator,agg_TAMIL_NADU,TAMIL_NADU,,,0.0,0.0,0.0,0.0,,,,,,,,,1.0,,,,435.0,1233333.333,1333333.333,,,,,,1333333.333,79310.53949689885,0,522.5,79310.53949689885,,,,
89,agg_MAHARASHTRA,89,2113,FeedstockAggregator,agg_MAHARASHTRA,MAHARASHTRA,,,0.0,0.0,0.0,0.0,,,,,,,,,1.0,,,,435.0,9016770.554402845,9116770.554402845,,,,,,10333333.333,79979.79577012209,0,517.0,79979.79577012209,,,,
89,agg_KARNATAKA,89,2113,FeedstockAggregator,agg_KARNATAKA,KARNATAKA,,,0.0,0.0,0.0,0.0,,,,,,,,,1.0,,,,405.0,4491569.475038056,4591569.475038056,,,,,,5666666.667,87261.89538018988,0,489.50000000000006,0.0,,,,
89,agg_WEST_BENGAL,89,2113,FeedstockAggregator,agg_WEST_BENGAL,WEST_BENGAL,,,0.0,0.0,0.0,0.0,,,,,,,,,1.0,,,,405.0,5397000.0,5497000.0,,,,,,5497000.0,85223.35378913119,0,500.50000000000006,85223.35378913119,,,,
89,agg_CHHATTISGARH,89,2113,FeedstockAggregator,agg_CHHATTISGARH,CHHATTISGARH,,,0.0,0.0,0.0,0.0,,,,,,,,,1.0,,,,360.0,2144341.604534579,2344341.604534579,,,,,,2666666.667,156312.66694571043,0,660.0,156312.66694571043,,,,
89,agg_ODISHA,89,2113,FeedstockAggregator,agg_ODISHA,ODISHA,,,0.0,0.0,0.0,0.0,,,,,,,,,1.0,,,,360.0,3004666.667,3204666.667,,,,,,3204666.667,167119.85811745469,0,665.5,167119.85811745469,,,,
89,agg_MADHYA_PRADESH,89,2113,FeedstockAggregator,agg_MADHYA_PRADESH,MADHYA_PRADESH,,,0.0,0.0,0.0,0.0,,,,,,,,,1.0,,,,390.0,3133333.333,3333333.333,,,,,,3333333.333,160361.29175876494,0,693.0,160361.29175876494,,,,
89,agg_TELANGANA,89,2113,FeedstockAggregator,agg_TELANGANA,TELANGANA,,,0.0,0.0,0.0,0.0,,,,,,,,,1.0,,,,390.0,5060986.112887011,5160986.112887011,,,,,,5698000.0,87032.88755919023,0,478.50000000000006,87032.88755919023,,,,
89,agg_ASSAM,89,2113,FeedstockAggregator,agg_ASSAM,ASSAM,,,0.0,0.0,0.0,0.0,,,,,,,,,1.0,,,,480.0,1900000.0,2000000.0,,,,,,2000000.0,80023.09621949421,0,572.0,80023.09621949421,,,,
89,agg_JHARKHAND,89,2113,FeedstockAggregator,agg_JHARKHAND,JHARKHAND,,,0.0,0.0,0.0,0.0,,,,,,,,,1.0,,,,435.0,1459007.7291704433,1559007.7291704433,,,,,,1666666.667,79610.82632654661,0,528.0,79610.82632654661,,,,
89,agg_RAJASTHAN,89,2113,FeedstockAggregator,agg_RAJASTHAN,RAJASTHAN,,,0.0,0.0,0.0,0.0,,,,,,,,,1.0,,,,435.0,2193979.322714038,2293979.322714038,,,,,,2333333.333,85441.39643131696,0,533.5,85441.39643131696,,,,
89,agg_KERALA,89,2113,FeedstockAggregator,agg_KERALA,KERALA,,,0.0,0.0,0.0,0.0,,,,,,,,,1.0,,,,480.0,798270.1857378462,898270.1857378462,,,,,,1000000.0,81877.73696716245,0,577.5,81877.73696716245,,,,
89,agg_GUJARAT,89,2113,FeedstockAggregator,agg_GUJARAT,GUJARAT,,,0.0,0.0,0.0,0.0,,,,,,,,,1.0,,,,405.0,1483333.333,1583333.333,,,,,,1583333.333,83497.75306770296,0,495.00000000000006,83497.75306770296,,,,
90,agg_PUNJAB,90,2114,FeedstockAggregator,agg_PUNJAB,PUNJAB,,,0.0,0.0,0.0,0.0,,,,,,,,,1.0,,,,360.0,4587000.0,4787000.0,,,,,,4787000.0,159110.7071530886,0,660.0,159110.7071530886,,,,
90,agg_HARYANA,90,2114,FeedstockAggregator,agg_HARYANA,HARYANA,,,0.0,0.0,0.0,0.0,,,,,,,,,1.0,,,,360.0,3695458.8498735935,3895458.8498735935,,,,,,4000000.0,161740.64090900955,0,665.5,161740.64090900955,,,,
90,agg_UTTAR_PRADESH,90,2114,FeedstockAggregator,agg_UTTAR_PRADESH,UTTAR_PRADESH,,,0.0,0.0,0.0,0.0,,,,,,,,,1.0,,,,390.0,13802338.464115115,13902338.464115115,,,,,,16500000.0,85006.898783641,0,473.00000000000006,85006.898783641,,,,
90,agg_BIHAR,90,2114,FeedstockAggregator,agg_BIHAR,BIHAR,,,0.0,0.0,0.0,0.0,,,,,,,,,1.0,,,,390.0,3136809.325888118,3236809.325888118,,,,,,3333333.333,82617.78673337561,0,467.50000000000006,82617.78673337561,,,,
90,agg_ANDHRA_PRADESH,90,2114,FeedstockAggregator,agg_ANDHRA_PRADESH,ANDHRA_PRADESH,,,0.0,0.0,0.0,0.0,,,,,,,,,1.0,,,,405.0,2848726.6471302765,2948726.6471302765,,,,,,3000000.0,80232.05194201981,0,495.00000000000006,80232.05194201981,,,,
90,agg_TAMIL_NADU,90,2114,FeedstockAggregator,agg_TAMIL_NADU,TAMIL_NADU,,,0.0,0.0,0.0,0.0,,,,,,,,,1.0,,,,435.0,1233333.333,1333333.333,,,,,,1333333.333,79310.53949689885,0,522.5,79310.53949689885,,,,
90,agg_MAHARASHTRA,90,2114,FeedstockAggregator,agg_MAHARASHTRA,MAHARASHTRA,,,0.0,0.0,0.0,0.0,,,,,,,,,1.0,,,,435.0,10233333.333,10333333.333,,,,,,10333333.333,79979.79577012209,0,517.0,79979.79577012209,,,,
90,agg_KARNATAKA,90,2114,FeedstockAggregator,agg_KARNATAKA,KARNATAKA,,,0.0,0.0,0.0,0.0,,,,,,,,,1.0,,,,405.0,4814087.175797632,4914087.175797632,,,,,,5666666.667,87261.89538018988,0,489.50000000000006,87261.89538018988,,,,
90,agg_WEST_BENGAL,90,2114,FeedstockAggregator,agg_WEST_BENGAL,WEST_BENGAL,,,0.0,0.0,0.0,0.0,,,,,,,,,1.0,,,,405.0,5397000.0,5497000.0,,,,,,5497000.0,85223.35378913119,0,500.50000000000006,85223.35378913119,,,,
90,agg_CHHATTISGARH,90,2114,FeedstockAggregator,agg_CHHATTISGARH,CHHATTISGARH,,,0.0,0.0,0.0,0.0,,,,,,,,,1.0,,,,360.0,2019787.193436957,2219787.193436957,,,,,,2666666.667,156312.66694571043,0,660.0,156312.66694571043,,,,
90,agg_ODISHA,90,2114,FeedstockAggregator,agg_ODISHA,ODISHA,,,0.0,0.0,0.0,0.0,,,,,,,,,1.0,,,,360.0,2853774.434953874,3053774.434953874,,,,,,3204666.667,167119.85811745469,0,665.5,167119.85811745469,,,,
90,agg_MADHYA_PRADESH,90,2114,FeedstockAggregator,agg_MADHYA_PRADESH,MADHYA_PRADESH,,,0.0,0.0,0.0,0.0,,,,,,,,,1.0,,,,390.0,3133333.333,3333333.333,,,,,,3333333.333,160361.29175876494,0,693.0,160361.29175876494,,,,
90,agg_TELANGANA,90,2114,FeedstockAggregator,agg_TELANGANA,TELANGANA,,,0.0,0.0,0.0,0.0,,,,,,,,,1.0,,,,390.0,5598000.0,5698000.0,,,,,,5698000.0,87032.88755919023,0,478.50000000000006,87032.88755919023,,,,
90,agg_ASSAM,90,2114,FeedstockAggregator,agg_ASSAM,ASSAM,,,0.0,0.0,0.0,0.0,,,,,,,,,1.0,,,,480.0,1900000.0,2000000.0,,,,,,2000000.0,80023.09621949421,0,572.0,80023.09621949421,,,,
90,agg_JHARKHAND,90,2114,FeedstockAggregator,agg_JHARKHAND,JHARKHAND,,,0.0,0.0,0.0,0.0,,,,,,,,,1.0,,,,435.0,1566666.667,1666666.667,,,,,,1666666.667,79610.82632654661,0,528.0,79610.82632654661,,,,
90,agg_RAJASTHAN,90,2114,FeedstockAggregator,agg_RAJASTHAN,RAJASTHAN,,,0.0,0.0,0.0,0.0,,,,,,,,,1.0,,,,435.0,2233333.333,2333333.333,,,,,,2333333.333,85441.39643131696,0,533.5,85441.39643131696,,,,
90,agg_KERALA,90,2114,FeedstockAggregator,agg_KERALA,KERALA,,,0.0,0.0,0.0,0.0,,,,,,,,,1.0,,,,480.0,783585.3469837197,883585.3469837197,,,,,,1000000.0,81877.73696716245,0,577.5,81877.73696716245,,,,
90,agg_GUJARAT,90,2114,FeedstockAggregator,agg_GUJARAT,GUJARAT,,,0.0,0.0,0.0,0.0,,,,,,,,,1.0,,,,405.0,1219759.0932718674,1319759.0932718674,,,,,,1583333.333,83497.75306770296,0,495.00000000000006,83497.75306770296,,,,
91,agg_PUNJAB,91,2115,FeedstockAggregator,agg_PUNJAB,PUNJAB,,,0.0,0.0,0.0,0.0,,,,,,,,,1.0,,,,360.0,4542389.544886122,4742389.544886122,,,,,,4787000.0,159110.7071530886,0,660.0,159110.7071530886,,,,
91,agg_HARYANA,91,2115,FeedstockAggregator,agg_HARYANA,HARYANA,,,0.0,0.0,0.0,0.0,,,,,,,,,1.0,,,,360.0,3800000.0,4000000.0,,,,,,4000000.0,161740.64090900955,0,665.5,161740.64090900955,,,,
91,agg_UTTAR_PRADESH,91,2115,FeedstockAggregator,agg_UTTAR_PRADESH,UTTAR_PRADESH,,,0.0,0.0,0.0,0.0,,,,,,,,,1.0,,,,390.0,16400000.0,16500000.0,,,,,,16500000.0,85006.898783641,0,473.00000000000006,85006.898783641,,,,
91,agg_BIHAR,91,2115,FeedstockAggregator,agg_BIHAR,BIHAR,,,0.0,0.0,0.0,0.0,,,,,,,,,1.0,,,,390.0,2804289.6520752227,2904289.6520752227,,,,,,3333333.333,82617.78673337561,0,467.50000000000006,82617.78673337561,,,,
91,agg_ANDHRA_PRADESH,91,2115,FeedstockAggregator,agg_ANDHRA_PRADESH,ANDHRA_PRADESH,,,0.0,0.0,0.0,0.0,,,,,,,,,1.0,,,,405.0,2590261.6873921873,2690261.6873921873,,,,,,3000000.0,80232.05194201981,0,495.00000000000006,80232.05194201981,,,,
91,agg_TAMIL_NADU,91,2115,FeedstockAggregator,agg_TAMIL_NADU,TAMIL_NADU,,,0.0,0.0,0.0,0.0,,,,,,,,,1.0,,,,435.0,1171051.5225818807,1271051.5225818807,,,,,,1333333.333,79310.53949689885,0,522.5,79310.53949689885,,,,
91,agg_MAHARASHTRA,91,2115,FeedstockAggregator,agg_MAHARASHTRA,MAHARASHTRA,,,0.0,0.0,0.0,0.0,,,,,,,,,1.0,,,,435.0,9601418.300165296,9701418.300165296,,,,,,10333333.333,79979.79577012209,0,517.0,79979.79577012209,,,,
91,agg_KARNATAKA,91,2115,FeedstockAggregator,agg_KARNATAKA,KARNATAKA,,,0.0,0.0,0.0,0.0,,,,,,,,,1.0,,,,405.0,5566666.667,5666666.667,,,,,,5666666.667,87261.89538018988,0,489.50000000000006,87261.89538018988,,,,
91,agg_WEST_BENGAL,91,2115,FeedstockAggregator,agg_WEST_BENGAL,WEST_BENGAL,,,0.0,0.0,0.0,0.0,,,,,,,,,1.0,,,,405.0,5397000.0,5497000.0,,,,,,5497000.0,85223.35378913119,0,500.50000000000006,85223.35378913119,,,,
91,agg_CHHATTISGARH,91,2115,FeedstockAggregator,agg_CHHATTISGARH,CHHATTISGARH,,,0.0,0.0,0.0,0.0,,,,,,,,,1.0,,,,360.0,2466666.667,2666666.667,,,,,,2666666.667,156312.66694571043,0,660.0,156312.66694571043,,,,
91,agg_ODISHA,91,2115,FeedstockAggregator,agg_ODISHA,ODISHA,,,0.0,0.0,0.0,0.0,,,,,,,,,1.0,,,,360.0,2988728.739438116,3188728.739438116,,,,,,3204666.667,167119.85811745469,0,665.5,167119.85811745469,,,,
91,agg_MADHYA_PRADESH,91,2115,FeedstockAggregator,agg_MADHYA_PRADESH,MADHYA_PRADESH,,,0.0,0.0,0.0,0.0,,,,,,,,,1.0,,,,390.0,2806879.1128349546,3006879.1128349546,,,,,,3333333.333,160361.29175876494,0,693.0,160361.29175876494,,,,
91,agg_TELANGANA,91,2115,FeedstockAggregator,agg_TELANGANA,TELANGANA,,,0.0,0.0,0.0,0.0,,,,,,,,,1.0,,,,390.0,5598000.0,5698000.0,,,,,,5698000.0,87032.88755919023,0,478.50000000000006,87032.88755919023,,,,
91,agg_ASSAM,91,2115,FeedstockAggregator,agg_ASSAM,ASSAM,,,0.0,0.0,0.0,0.0,,,,,,,,,1.0,,,,480.0,1900000.0,2000000.0,,,,,,2000000.0,80023.09621949421,0,572.0,80023.09621949421,,,,
91,agg_JHARKHAND,91,2115,FeedstockAggregator,agg_JHARKHAND,JHARKHAND,,,0.0,0.0,0.0,0.0,,,,,,,,,1.0,,,,435.0,1351542.7132803155,1451542.7132803155,,,,,,1666666.667,79610.82632654661,0,528.0,79610.82632654661,,,,
91,agg_RAJASTHAN,91,2115,FeedstockAggregator,agg_RAJASTHAN,RAJASTHAN,,,0.0,0.0,0.0,0.0,,,,,,,,,1.0,,,,435.0,2233333.333,2333333.333,,,,,,2333333.333,85441.39643131696,0,533.5,85441.39643131696,,,,
91,agg_KERALA,91,2115,FeedstockAggregator,agg_KERALA,KERALA,,,0.0,0.0,0.0,0.0,,,,,,,,,1.0,,,,480.0,900000.0,1000000.0,,,,,,1000000.0,81877.73696716245,0,577.5,81877.73696716245,,,,
91,agg_GUJARAT,91,2115,FeedstockAggregator,agg_GUJARAT,GUJARAT,,,0.0,0.0,0.0,0.0,,,,,,,,,1.0,,,,405.0,1252250.9313630145,1352250.9313630145,,,,,,1583333.333,83497.75306770296,0,495.00000000000006,83497.75306770296,,,,
92,agg_PUNJAB,92,2116,FeedstockAggregator,agg_PUNJAB,PUNJAB,,,0.0,0.0,0.0,0.0,,,,,,,,,1.0,,,,360.0,4587000.0,4787000.0,,,,,,4787000.0,159110.7071530886,0,660.0,159110.7071530886,,,,
92,agg_HARYANA,92,2116,FeedstockAggregator,agg_HARYANA,HARYANA,,,0.0,0.0,0.0,0.0,,,,,,,,,1.0,,,,360.0,3544059.492835776,3744059.492835776,,,,,,4000000.0,161740.64090900955,0,665.5,0.0,,,,
92,agg_UTTAR_PRADESH,92,2116,FeedstockAggregator,agg_UTTAR_PRADESH,UTTAR_PRADESH,,,0.0,0.0,0.0,0.0,,,,,,,,,1.0,,,,390.0,16400000.0,16500000.0,,,,,,16500000.0,85006.898783641,0,473.00000000000006,85006.898783641,,,,
92,agg_BIHAR,92,2116,FeedstockAggregator,agg_BIHAR,BIHAR,,,0.0,0.0,0.0,0.0,,,,,,,,,1.0,,,,390.0,3233333.333,3333333.333,,,,,,3333333.333,82617.78673337561,0,467.50000000000006,82617.78673337561,,,,
92,agg_ANDHRA_PRADESH,92,2116,FeedstockAggregator,agg_ANDHRA_PRADESH,ANDHRA_PRADESH,,,0.0,0.0,0.0,0.0,,,,,,,,,1.0,,,,405.0,2900000.0,3000000.0,,,,,,3000000.0,80232.05194201981,0,495.00000000000006,80232.05194201981,,,,
92,agg_TAMIL_NADU,92,2116,FeedstockAggregator,agg_TAMIL_NADU,TAMIL_NADU,,,0.0,0.0,0.0,0.0,,,,,,,,,1.0,,,,435.0,1233333.333,1333333.333,,,,,,1333333.333,79310.53949689885,0,522.5,79310.53949689885,,,,
92,agg_MAHARASHTRA,92,2116,FeedstockAggregator,agg_MAHARASHTRA,MAHARASHTRA,,,0.0,0.0,0.0,0.0,,,,,,,,,1.0,,,,435.0,9518278.769654835,9618278.769654835,,,,,,10333333.333,79979.79577012209,0,517.0,79979.79577012209,,,,
92,agg_KARNATAKA,92,2116,FeedstockAggregator,agg_KARNATAKA,KARNATAKA,,,0.0,0.0,0.0,0.0,,,,,,,,,1.0,,,,405.0,5065771.760462188,5165771.760462188,,,,,,5666666.667,87261.89538018988,0,489.50000000000006,87261.89538018988,,,,
92,agg_WEST_BENGAL,92,2116,FeedstockAggregator,agg_WEST_BENGAL,WEST_BENGAL,,,0.0,0.0,0.0,0.0,,,,,,,,,1.0,,,,405.0,4680126.80600738,4780126.80600738,,,,,,5497000.0,85223.35378913119,0,500.50000000000006,85223.35378913119,,,,
92,agg_CHHATTISGARH,92,2116,FeedstockAggregator,agg_CHHATTISGARH,CHHATTISGARH,,,0.0,0.0,0.0,0.0,,,,,,,,,1.0,,,,360.0,2239889.7342149853,2439889.7342149853,,,,,,2666666.667,156312.66694571043,0,660.0,156312.66694571043,,,,
92,agg_ODISHA,92,2116,FeedstockAggregator,agg_ODISHA,ODISHA,,,0.0,0.0,0.0,0.0,,,,,,,,,1.0,,,,360.0,3004666.667,3204666.667,,,,,,3204666.667,167119.85811745469,0,665.5,167119.85811745469,,,,
92,agg_MADHYA_PRADESH,92,2116,FeedstockAggregator,agg_MADHYA_PRADESH,MADHYA_PRADESH,,,0.0,0.0,0.0,0.0,,,,,,,,,1.0,,,,390.0,2517697.7880244115,2717697.7880244115,,,,,,3333333.333,160361.29175876494,0,693.0,160361.29175876494,,,,
92,agg_TELANGANA,92,2116,FeedstockAggregator,agg_TELANGANA,TELANGANA,,,0.0,0.0,0.0,0.0,,,,,,,,,1.0,,,,390.0,5598000.0,5698000.0,,,,,,5698000.0,87032.88755919023,0,478.50000000000006,87032.88755919023,,,,
92,agg_ASSAM,92,2116,FeedstockAggregator,agg_ASSAM,ASSAM,,,0.0,0.0,0.0,0.0,,,,,,,,,1.0,,,,480.0,1900000.0,2000000.0,,,,,,2000000.0,80023.09621949421,0,572.0,80023.09621949421,,,,
92,agg_JHARKHAND,92,2116,FeedstockAggregator,agg_JHARKHAND,JHARKHAND,,,0.0,0.0,0.0,0.0,,,,,,,,,1.0,,,,435.0,1564380.6674893335,1664380.6674893335,,,,,,1666666.667,79610.82632654661,0,528.0,79610.82632654661,,,,
92,agg_RAJASTHAN,92,2116,FeedstockAggregator,agg_RAJASTHAN,RAJASTHAN,,,0.0,0.0,0.0,0.0,,,,,,,,,1.0,,,,435.0,2078375.7582054893,2178375.7582054893,,,,,,2333333.333,85441.39643131696,0,533.5,85441.39643131696,,,,
92,agg_KERALA,92,2116,FeedstockAggregator,agg_KERALA,KERALA,,,0.0,0.0,0.0,0.0,,,,,,,,,1.0,,,,480.0,900000.0,1000000.0,,,,,,1000000.0,81877.73696716245,0,577.5,81877.73696716245,,,,
92,agg_GUJARAT,92,2116,FeedstockAggregator,agg_GUJARAT,GUJARAT,,,0.0,0.0,0.0,0.0,,,,,,,,,1.0,,,,405.0,1363916.4310948732,1463916.4310948732,,,,,,1583333.333,83497.75306770296,0,495.00000000000006,83497.75306770296,,,,
93,agg_PUNJAB,93,2117,FeedstockAggregator,agg_PUNJAB,PUNJAB,,,0.0,0.0,0.0,0.0,,,,,,,,,1.0,,,,360.0,4587000.0,4787000.0,,,,,,4787000.0,159110.7071530886,0,660.0,159110.7071530886,,,,
93,agg_HARYANA,93,2117,FeedstockAggregator,agg_HARYANA,HARYANA,,,0.0,0.0,0.0,0.0,,,,,,,,,1.0,,,,360.0,3800000.0,4000000.0,,,,,,4000000.0,161740.64090900955,0,665.5,161740.64090900955,,,,
93,agg_UTTAR_PRADESH,93,2117,FeedstockAggregator,agg_UTTAR_PRADESH,UTTAR_PRADESH,,,0.0,0.0,0.0,0.0,,,,,,,,,1.0,,,,390.0,16400000.0,16500000.0,,,,,,16500000.0,85006.898783641,0,473.00000000000006,85006.898783641,,,,
93,agg_BIHAR,93,2117,FeedstockAggregator,agg_BIHAR,BIHAR,,,0.0,0.0,0.0,0.0,,,,,,,,,1.0,,,,390.0,3083958.5565452552,3183958.5565452552,,,,,,3333333.333,82617.78673337561,0,467.50000000000006,82617.78673337561,,,,
93,agg_ANDHRA_PRADESH,93,2117,FeedstockAggregator,agg_ANDHRA_PRADESH,ANDHRA_PRADESH,,,0.0,0.0,0.0,0.0,,,,,,,,,1.0,,,,405.0,2709376.580633907,2809376.580633907,,,,,,3000000.0,80232.05194201981,0,495.00000000000006,80232.05194201981,,,,
93,agg_TAMIL_NADU,93,2117,FeedstockAggregator,agg_TAMIL_NADU,TAMIL_NADU,,,0.0,0.0,0.0,0.0,,,,,,,,,1.0,,,,435.0,1041612.5836834551,1141612.5836834551,,,,,,1333333.333,79310.53949689885,0,522.5,79310.53949689885,,,,
93,agg_MAHARASHTRA,93,2117,FeedstockAggregator,agg_MAHARASHTRA,MAHARASHTRA,,,0.0,0.0,0.0,0.0,,,,,,,,,1.0,,,,435.0,10233333.333,10333333.333,,,,,,10333333.333,79979.79577012209,0,517.0,79979.79577012209,,,,
93,agg_KARNATAKA,93,2117,FeedstockAggregator,agg_KARNATAKA,KARNATAKA,,,0.0,0.0,0.0,0.0,,,,,,,,,1.0,,,,405.0,5566666.667,5666666.667,,,,,,5666666.667,87261.89538018988,0,489.50000000000006,87261.89538018988,,,,
93,agg_WEST_BENGAL,93,2117,FeedstockAggregator,agg_WEST_BENGAL,WEST_BENGAL,,,0.0,0.0,0.0,0.0,,,,,,,,,1.0,,,,405.0,4568856.185178661,4668856.185178661,,,,,,5497000.0,85223.35378913119,0,500.50000000000006,85223.35378913119,,,,
93,agg_CHHATTISGARH,93,2117,FeedstockAggregator,agg_CHHATTISGARH,CHHATTISGARH,,,0.0,0.0,0.0,0.0,,,,,,,,,1.0,,,,360.0,2466666.667,2666666.667,,,,,,2666666.667,156312.66694571043,0,660.0,156312.66694571043,,,,
93,agg_ODISHA,93,2117,FeedstockAggregator,agg_ODISHA,ODISHA,,,0.0,0.0,0.0,0.0,,,,,,,,,1.0,,,,360.0,2472700.8528244025,2672700.8528244025,,,,,,3204666.667,167119.85811745469,0,665.5,80238.34936858831,,,,
93,agg_MADHYA_PRADESH,93,2117,FeedstockAggregator,agg_MADHYA_PRADESH,MADHYA_PRADESH,,,0.0,0.0,0.0,0.0,,,,,,,,,1.0,,,,390.0,2696047.875725405,2896047.875725405,,,,,,3333333.333,160361.29175876494,0,693.0,160361.29175876494,,,,
93,agg_TELANGANA,93,2117,FeedstockAggregator,agg_TELANGANA,TELANGANA,,,0.0,0.0,0.0,0.0,,,,,,,,,1.0,,,,390.0,4991719.679650761,5091719.679650761,,,,,,5698000.0,87032.88755919023,0,478.50000000000006,87032.88755919023,,,,
93,agg_ASSAM,93,2117,FeedstockAggregator,agg_ASSAM,ASSAM,,,0.0,0.0,0.0,0.0,,,,,,,,,1.0,,,,480.0,1837458.1967722294,1937458.1967722294,,,,,,2000000.0,80023.09621949421,0,572.0,0.0,,,,
93,agg_JHARKHAND,93,2117,FeedstockAggregator,agg_JHARKHAND,JHARKHAND,,,0.0,0.0,0.0,0.0,,,,,,,,,1.0,,,,435.0,1566666.667,1666666.667,,,,,,1666666.667,79610.82632654661,0,528.0,79610.82632654661,,,,
93,agg_RAJASTHAN,93,2117,FeedstockAggregator,agg_RAJASTHAN,RAJASTHAN,,,0.0,0.0,0.0,0.0,,,,,,,,,1.0,,,,435.0,2233333.333,2333333.333,,,,,,2333333.333,85441.39643131696,0,533.5,85441.39643131696,,,,
93,agg_KERALA,93,2117,FeedstockAggregator,agg_KERALA,KERALA,,,0.0,0.0,0.0,0.0,,,,,,,,,1.0,,,,480.0,900000.0,1000000.0,,,,,,1000000.0,81877.73696716245,0,577.5,81877.73696716245,,,,
93,agg_GUJARAT,93,2117,FeedstockAggregator,agg_GUJARAT,GUJARAT,,,0.0,0.0,0.0,0.0,,,,,,,,,1.0,,,,405.0,1483333.333,1583333.333,,,,,,1583333.333,83497.75306770296,0,495.00000000000006,83497.75306770296,,,,
94,agg_PUNJAB,94,2118,FeedstockAggregator,agg_PUNJAB,PUNJAB,,,0.0,0.0,0.0,0.0,,,,,,,,,1.0,,,,360.0,3649038.412910449,3849038.412910449,,,,,,4787000.0,159110.7071530886,0,660.0,159110.7071530886,,,,
94,agg_HARYANA,94,2118,FeedstockAggregator,agg_HARYANA,HARYANA,,,0.0,0.0,0.0,0.0,,,,,,,,,1.0,,,,360.0,3800000.0,4000000.0,,,,,,4000000.0,161740.64090900955,0,665.5,161740.64090900955,,,,
94,agg_UTTAR_PRADESH,94,2118,FeedstockAggregator,agg_UTTAR_PRADESH,UTTAR_PRADESH,,,0.0,0.0,0.0,0.0,,,,,,,,,1.0,,,,390.0,13576663.166520203,13676663.166520203,,,,,,16500000.0,85006.898783641,0,473.00000000000006,85006.898783641,,,,
94,agg_BIHAR,94,2118,FeedstockAggregator,agg_BIHAR,BIHAR,,,0.0,0.0,0.0,0.0,,,,,,,,,1.0,,,,390.0,3233333.333,3333333.333,,,,,,3333333.333,82617.78673337561,0,467.50000000000006,0.0,,,,
94,agg_ANDHRA_PRADESH,94,2118,FeedstockAggregator,agg_ANDHRA_PRADESH,ANDHRA_PRADESH,,,0.0,0.0,0.0,0.0,,,,,,,,,1.0,,,,405.0,2900000.0,3000000.0,,,,,,3000000.0,80232.05194201981,0,495.00000000000006,0.0,,,,
94,agg_TAMIL_NADU,94,2118,FeedstockAggregator,agg_TAMIL_NADU,TAMIL_NADU,,,0.0,0.0,0.0,0.0,,,,,,,,,1.0,,,,435.0,1233333.333,1333333.333,,,,,,1333333.333,79310.53949689885,0,522.5,79310.53949689885,,,,
94,agg_MAHARASHTRA,94,2118,FeedstockAggregator,agg_MAHARASHTRA,MAHARASHTRA,,,0.0,0.0,0.0,0.0,,,,,,,,,1.0,,,,435.0,9825405.365713516,9925405.365713516,,,,,,10333333.333,79979.79577012209,0,517.0,79979.79577012209,,,,
94,agg_KARNATAKA,94,2118,FeedstockAggregator,agg_KARNATAKA,KARNATAKA,,,0.0,0.0,0.0,0.0,,,,,,,,,1.0,,,,405.0,4440848.087179959,4540848.087179959,,,,,,5666666.667,87261.89538018988,0,489.50000000000006,87261.89538018988,,,,
94,agg_WEST_BENGAL,94,2118,FeedstockAggregator,agg_WEST_BENGAL,WEST_BENGAL,,,0.0,0.0,0.0,0.0,,,,,,,,,1.0,,,,405.0,5397000.0,5497000.0,,,,,,5497000.0,85223.35378913119,0,500.50000000000006,85223.35378913119,,,,
94,agg_CHHATTISGARH,94,2118,FeedstockAggregator,agg_CHHATTISGARH,CHHATTISGARH,,,0.0,0.0,0.0,0.0,,,,,,,,,1.0,,,,360.0,2344749.973243341,2544749.973243341,,,,,,2666666.667,156312.66694571043,0,660.0,156312.66694571043,,,,
94,agg_ODISHA,94,2118,FeedstockAggregator,agg_ODISHA,ODISHA,,,0.0,0.0,0.0,0.0,,,,,,,,,1.0,,,,360.0,2379712.270282427,2579712.270282427,,,,,,3204666.667,167119.85811745469,0,665.5,167119.85811745469,,,,
94,agg_MADHYA_PRADESH,94,2118,FeedstockAggregator,agg_MADHYA_PRADESH,MADHYA_PRADESH,,,0.0,0.0,0.0,0.0,,,,,,,,,1.0,,,,390.0,3133333.333,3333333.333,,,,,,3333333.333,160361.29175876494,0,693.0,160361.29175876494,,,,
94,agg_TELANGANA,94,2118,FeedstockAggregator,agg_TELANGANA,TELANGANA,,,0.0,0.0,0.0,0.0,,,,,,,,,1.0,,,,390.0,4760805.924663669,4860805.924663669,,,,,,5698000.0,87032.88755919023,0,478.50000000000006,87032.88755919023,,,,
94,agg_ASSAM,94,2118,FeedstockAggregator,agg_ASSAM,ASSAM,,,0.0,0.0,0.0,0.0,,,,,,,,,1.0,,,,480.0,1856927.3198453067,1956927.3198453067,,,,,,2000000.0,80023.09621949421,0,572.0,80023.09621949421,,,,
94,agg_JHARKHAND,94,2118,FeedstockAggregator,agg_JHARKHAND,JHARKHAND,,,0.0,0.0,0.0,0.0,,,,,,,,,1.0,,,,435.0,1566666.667,1666666.667,,,,,,1666666.667,79610.82632654661,0,528.0,79610.82632654661,,,,
94,agg_RAJASTHAN,94,2118,FeedstockAggregator,agg_RAJASTHAN,RAJASTHAN,,,0.0,0.0,0.0,0.0,,,,,,,,,1.0,,,,435.0,2233333.333,2333333.333,,,,,,2333333.333,85441.39643131696,0,533.5,85441.39643131696,,,,
94,agg_KERALA,94,2118,FeedstockAggregator,agg_KERALA,KERALA,,,0.0,0.0,0.0,0.0,,,,,,,,,1.0,,,,480.0,849550.607330158,949550.607330158,,,,,,1000000.0,81877.73696716245,0,577.5,81877.73696716245,,,,
94,agg_GUJARAT,94,2118,FeedstockAggregator,agg_GUJARAT,GUJARAT,,,0.0,0.0,0.0,0.0,,,,,,,,,1.0,,,,405.0,1436322.201986808,1536322.201986808,,,,,,1583333.333,83497.75306770296,0,495.00000000000006,83497.75306770296,,,,
95,agg_PUNJAB,95,2119,FeedstockAggregator,agg_PUNJAB,PUNJAB,,,0.0,0.0,0.0,0.0,,,,,,,,,1.0,,,,360.0,3687779.216137959,3887779.216137959,,,,,,4787000.0,159110.7071530886,0,660.0,159110.7071530886,,,,
95,agg_HARYANA,95,2119,FeedstockAggregator,agg_HARYANA,HARYANA,,,0.0,0.0,0.0,0.0,,,,,,,,,1.0,,,,360.0,3568063.3048533653,3768063.3048533653,,,,,,4000000.0,161740.64090900955,0,665.5,161740.64090900955,,,,
95,agg_UTTAR_PRADESH,95,2119,FeedstockAggregator,agg_UTTAR_PRADESH,UTTAR_PRADESH,,,0.0,0.0,0.0,0.0,,,,,,,,,1.0,,,,390.0,16400000.0,16500000.0,,,,,,16500000.0,85006.898783641,0,473.00000000000006,85006.898783641,,,,
95,agg_BIHAR,95,2119,FeedstockAggregator,agg_BIHAR,BIHAR,,,0.0,0.0,0.0,0.0,,,,,,,,,1.0,,,,390.0,2657261.854792646,2757261.854792646,,,,,,3333333.333,82617.78673337561,0,467.50000000000006,82617.78673337561,,,,
95,agg_ANDHRA_PRADESH,95,2119,FeedstockAggregator,agg_ANDHRA_PRADESH,ANDHRA_PRADESH,,,0.0,0.0,0.0,0.0,,,,,,,,,1.0,,,,405.0,2884819.527816982,2984819.527816982,,,,,,3000000.0,80232.05194201981,0,495.00000000000006,80232.05194201981,,,,
95,agg_TAMIL_NADU,95,2119,FeedstockAggregator,agg_TAMIL_NADU,TAMIL_NADU,,,0.0,0.0,0.0,0.0,,,,,,,,,1.0,,,,435.0,1233333.333,1333333.333,,,,,,1333333.333,79310.53949689885,0,522.5,79310.53949689885,,,,
95,agg_MAHARASHTRA,95,2119,FeedstockAggregator,agg_MAHARASHTRA,MAHARASHTRA,,,0.0,0.0,0.0,0.0,,,,,,,,,1.0,,,,435.0,9195364.421917822,9295364.421917822,,,,,,10333333.333,79979.79577012209,0,517.0,79979.79577012209,,,,
95,agg_KARNATAKA,95,2119,FeedstockAggregator,agg_KARNATAKA,KARNATAKA,,,0.0,0.0,0.0,0.0,,,,,,,,,1.0,,,,405.0,4538564.718663969,4638564.718663969,,,,,,5666666.667,87261.89538018988,0,489.50000000000006,87261.89538018988,,,,
95,agg_WEST_BENGAL,95,2119,FeedstockAggregator,agg_WEST_BENGAL,WEST_BENGAL,,,0.0,0.0,0.0,0.0,,,,,,,,,1.0,,,,405.0,5325489.817330535,5425489.817330535,,,,,,5497000.0,85223.35378913119,0,500.50000000000006,85223.35378913119,,,,
95,agg_CHHATTISGARH,95,2119,FeedstockAggregator,agg_CHHATTISGARH,CHHATTISGARH,,,0.0,0.0,0.0,0.0,,,,,,,,,1.0,,,,360.0,2466666.667,2666666.667,,,,,,2666666.667,156312.66694571043,0,660.0,156312.66694571043,,,,
95,agg_ODISHA,95,2119,FeedstockAggregator,agg_ODISHA,ODISHA,,,0.0,0.0,0.0,0.0,,,,,,,,,1.0,,,,360.0,2668594.8434555316,2868594.8434555316,,,,,,3204666.667,167119.85811745469,0,665.5,167119.85811745469,,,,
95,agg_MADHYA_PRADESH,95,2119,FeedstockAggregator,agg_MADHYA_PRADESH,MADHYA_PRADESH,,,0.0,0.0,0.0,0.0,,,,,,,,,1.0,,,,390.0,3133333.333,3333333.333,,,,,,3333333.333,160361.29175876494,0,693.0,160361.29175876494,,,,
95,agg_TELANGANA,95,2119,FeedstockAggregator,agg_TELANGANA,TELANGANA,,,0.0,0.0,0.0,0.0,,,,,,,,,1.0,,,,390.0,4825990.03007474,4925990.03007474,,,,,,5698000.0,87032.88755919023,0,478.50000000000006,87032.88755919023,,,,
95,agg_ASSAM,95,2119,FeedstockAggregator,agg_ASSAM,ASSAM,,,0.0,0.0,0.0,0.0,,,,,,,,,1.0,,,,480.0,1671998.8848012316,1771998.8848012316,,,,,,2000000.0,80023.09621949421,0,572.0,80023.09621949421,,,,
95,agg_JHARKHAND,95,2119,FeedstockAggregator,agg_JHARKHAND,JHARKHAND,,,0.0,0.0,0.0,0.0,,,,,,,,,1.0,,,,435.0,1566666.667,1666666.667,,,,,,1666666.667,79610.82632654661,0,528.0,79610.82632654661,,,,
95,agg_RAJASTHAN,95,2119,FeedstockAggregator,agg_RAJASTHAN,RAJASTHAN,,,0.0,0.0,0.0,0.0,,,,,,,,,1.0,,,,435.0,2233333.333,2333333.333,,,,,,2333333.333,85441.39643131696,0,533.5,85441.39643131696,,,,
95,agg_KERALA,95,2119,FeedstockAggregator,agg_KERALA,KERALA,,,0.0,0.0,0.0,0.0,,,,,,,,,1.0,,,,480.0,900000.0,1000000.0,,,,,,1000000.0,81877.73696716245,0,577.5,0.0,,,,
95,agg_GUJARAT,95,2119,FeedstockAggregator,agg_GUJARAT,GUJARAT,,,0.0,0.0,0.0,0.0,,,,,,,,,1.0,,,,405.0,1483333.333,1583333.333,,,,,,1583333.333,83497.75306770296,0,495.00000000000006,83497.75306770296,,,,
96,agg_PUNJAB,96,2120,FeedstockAggregator,agg_PUNJAB,PUNJAB,,,0.0,0.0,0.0,0.0,,,,,,,,,1.0,,,,360.0,4011543.8852027757,4211543.885202776,,,,,,4787000.0,159110.7071530886,0,660.0,159110.7071530886,,,,
96,agg_HARYANA,96,2120,FeedstockAggregator,agg_HARYANA,HARYANA,,,0.0,0.0,0.0,0.0,,,,,,,,,1.0,,,,360.0,3080240.826020512,3280240.826020512,,,,,,4000000.0,161740.64090900955,0,665.5,161740.64090900955,,,,
96,agg_UTTAR_PRADESH,96,2120,FeedstockAggregator,agg_UTTAR_PRADESH,UTTAR_PRADESH,,,0.0,0.0,0.0,0.0,,,,,,,,,1.0,,,,390.0,16400000.0,16500000.0,,,,,,16500000.0,85006.898783641,0,473.00000000000006,85006.898783641,,,,
96,agg_BIHAR,96,2120,FeedstockAggregator,agg_BIHAR,BIHAR,,,0.0,0.0,0.0,0.0,,,,,,,,,1.0,,,,390.0,2974175.603822317,3074175.603822317,,,,,,3333333.333,82617.78673337561,0,467.50000000000006,82617.78673337561,,,,
96,agg_ANDHRA_PRADESH,96,2120,FeedstockAggregator,agg_ANDHRA_PRADESH,ANDHRA_PRADESH,,,0.0,0.0,0.0,0.0,,,,,,,,,1.0,,,,405.0,2360005.251783563,2460005.251783563,,,,,,3000000.0,80232.05194201981,0,495.00000000000006,80232.05194201981,,,,
96,agg_TAMIL_NADU,96,2120,FeedstockAggregator,agg_TAMIL_NADU,TAMIL_NADU,,,0.0,0.0,0.0,0.0,,,,,,,,,1.0,,,,435.0,1233333.333,1333333.333,,,,,,1333333.333,79310.53949689885,0,522.5,0.0,,,,
96,agg_MAHARASHTRA,96,2120,FeedstockAggregator,agg_MAHARASHTRA,MAHARASHTRA,,,0.0,0.0,0.0,0.0,,,,,,,,,1.0,,,,435.0,10116869.76201916,10216869.76201916,,,,,,10333333.333,79979.79577012209,0,517.0,0.0,,,,
96,agg_KARNATAKA,96,2120,FeedstockAggregator,agg_KARNATAKA,KARNATAKA,,,0.0,0.0,0.0,0.0,,,,,,,,,1.0,,,,405.0,5566666.667,5666666.667,,,,,,5666666.667,87261.89538018988,0,489.50000000000006,87261.89538018988,,,,
96,agg_WEST_BENGAL,96,2120,FeedstockAggregator,agg_WEST_BENGAL,WEST_BENGAL,,,0.0,0.0,0.0,0.0,,,,,,,,,1.0,,,,405.0,5397000.0,5497000.0,,,,,,5497000.0,85223.35378913119,0,500.50000000000006,0.0,,,,
96,agg_CHHATTISGARH,96,2120,FeedstockAggregator,agg_CHHATTISGARH,CHHATTISGARH,,,0.0,0.0,0.0,0.0,,,,,,,,,1.0,,,,360.0,2348873.0765265687,2548873.0765265687,,,,,,2666666.667,156312.66694571043,0,660.0,156312.66694571043,,,,
96,agg_ODISHA,96,2120,FeedstockAggregator,agg_ODISHA,ODISHA,,,0.0,0.0,0.0,0.0,,,,,,,,,1.0,,,,360.0,3004666.667,3204666.667,,,,,,3204666.667,167119.85811745469,0,665.5,167119.85811745469,,,,
96,agg_MADHYA_PRADESH,96,2120,FeedstockAggregator,agg_MADHYA_PRADESH,MADHYA_PRADESH,,,0.0,0.0,0.0,0.0,,,,,,,,,1.0,,,,390.0,3133333.333,3333333.333,,,,,,3333333.333,160361.29175876494,0,693.0,160361.29175876494,,,,
96,agg_TELANGANA,96,2120,FeedstockAggregator,agg_TELANGANA,TELANGANA,,,0.0,0.0,0.0,0.0,,,,,,,,,1.0,,,,390.0,4460694.332550821,4560694.332550821,,,,,,5698000.0,87032.88755919023,0,478.50000000000006,87032.88755919023,,,,
96,agg_ASSAM,96,2120,FeedstockAggregator,agg_ASSAM,ASSAM,,,0.0,0.0,0.0,0.0,,,,,,,,,1.0,,,,480.0,1781626.604507531,1881626.604507531,,,,,,2000000.0,80023.09621949421,0,572.0,80023.09621949421,,,,
96,agg_JHARKHAND,96,2120,FeedstockAggregator,agg_JHARKHAND,JHARKHAND,,,0.0,0.0,0.0,0.0,,,,,,,,,1.0,,,,435.0,1336147.6811241836,1436147.6811241836,,,,,,1666666.667,79610.82632654661,0,528.0,79610.82632654661,,,,
96,agg_RAJASTHAN,96,2120,FeedstockAggregator,agg_RAJASTHAN,RAJASTHAN,,,0.0,0.0,0.0,0.0,,,,,,,,,1.0,,,,435.0,2233333.333,2333333.333,,,,,,2333333.333,85441.39643131696,0,533.5,85441.39643131696,,,,
96,agg_KERALA,96,2120,FeedstockAggregator,agg_KERALA,KERALA,,,0.0,0.0,0.0,0.0,,,,,,,,,1.0,,,,480.0,724771.8727622645,824771.8727622645,,,,,,1000000.0,81877.73696716245,0,577.5,81877.73696716245,,,,
96,agg_GUJARAT,96,2120,FeedstockAggregator,agg_GUJARAT,GUJARAT,,,0.0,0.0,0.0,0.0,,,,,,,,,1.0,,,,405.0,1483333.333,1583333.333,,,,,,1583333.333,83497.75306770296,0,495.00000000000006,83497.75306770296,,,,
97,agg_PUNJAB,97,2121,FeedstockAggregator,agg_PUNJAB,PUNJAB,,,0.0,0.0,0.0,0.0,,,,,,,,,1.0,,,,360.0,4046288.5292930584,4246288.529293058,,,,,,4787000.0,159110.7071530886,0,660.0,159110.7071530886,,,,
97,agg_HARYANA,97,2121,FeedstockAggregator,agg_HARYANA,HARYANA,,,0.0,0.0,0.0,0.0,,,,,,,,,1.0,,,,360.0,3627163.0370233385,3827163.0370233385,,,,,,4000000.0,161740.64090900955,0,665.5,161740.64090900955,,,,
97,agg_UTTAR_PRADESH,97,2121,FeedstockAggregator,agg_UTTAR_PRADESH,UTTAR_PRADESH,,,0.0,0.0,0.0,0.0,,,,,,,,,1.0,,,,390.0,16400000.0,16500000.0,,,,,,16500000.0,85006.898783641,0,473.00000000000006,85006.898783641,,,,
97,agg_BIHAR,97,2121,FeedstockAggregator,agg_BIHAR,BIHAR,,,0.0,0.0,0.0,0.0,,,,,,,,,1.0,,,,390.0,2832628.761838751,2932628.761838751,,,,,,3333333.333,82617.78673337561,0,467.50000000000006,82617.78673337561,,,,
97,agg_ANDHRA_PRADESH,97,2121,FeedstockAggregator,agg_ANDHRA_PRADESH,ANDHRA_PRADESH,,,0.0,0.0,0.0,0.0,,,,,,,,,1.0,,,,405.0,2577939.4858183116,2677939.4858183116,,,,,,3000000.0,80232.05194201981,0,495.00000000000006,80232.05194201981,,,,
97,agg_TAMIL_NADU,97,2121,FeedstockAggregator,agg_TAMIL_NADU,TAMIL_NADU,,,0.0,0.0,0.0,0.0,,,,,,,,,1.0,,,,435.0,1133792.0243542136,1233792.0243542136,,,,,,1333333.333,79310.53949689885,0,522.5,79310.53949689885,,,,
97,agg_MAHARASHTRA,97,2121,FeedstockAggregator,agg_MAHARASHTRA,MAHARASHTRA,,,0.0,0.0,0.0,0.0,,,,,,,,,1.0,,,,435.0,9689422.306422606,9789422.306422606,,,,,,10333333.333,79979.79577012209,0,517.0,79979.79577012209,,,,
97,agg_KARNATAKA,97,2121,FeedstockAggregator,agg_KARNATAKA,KARNATAKA,,,0.0,0.0,0.0,0.0,,,,,,,,,1.0,,,,405.0,4637100.01041374,4737100.01041374,,,,,,5666666.667,87261.89538018988,0,489.50000000000006,87261.89538018988,,,,
97,agg_WEST_BENGAL,97,2121,FeedstockAggregator,agg_WEST_BENGAL,WEST_BENGAL,,,0.0,0.0,0.0,0.0,,,,,,,,,1.0,,,,405.0,4870776.085817567,4970776.085817567,,,,,,5497000.0,85223.35378913119,0,500.50000000000006,85223.35378913119,,,,
97,agg_CHHATTISGARH,97,2121,FeedstockAggregator,agg_CHHATTISGARH,CHHATTISGARH,,,0.0,0.0,0.0,0.0,,,,,,,,,1.0,,,,360.0,2121618.646993464,2321618.646993464,,,,,,2666666.667,156312.66694571043,0,660.0,156312.66694571043,,,,
97,agg_ODISHA,97,2121,FeedstockAggregator,agg_ODISHA,ODISHA,,,0.0,0.0,0.0,0.0,,,,,,,,,1.0,,,,360.0,2432003.7043038523,2632003.7043038523,,,,,,3204666.667,167119.85811745469,0,665.5,86881.50874886638,,,,
97,agg_MADHYA_PRADESH,97,2121,FeedstockAggregator,agg_MADHYA_PRADESH,MADHYA_PRADESH,,,0.0,0.0,0.0,0.0,,,,,,,,,1.0,,,,390.0,3133333.333,3333333.333,,,,,,3333333.333,160361.29175876494,0,693.0,80203.75392859853,,,,
97,agg_TELANGANA,97,2121,FeedstockAggregator,agg_TELANGANA,TELANGANA,,,0.0,0.0,0.0,0.0,,,,,,,,,1.0,,,,390.0,5598000.0,5698000.0,,,,,,5698000.0,87032.88755919023,0,478.50000000000006,87032.88755919023,,,,
97,agg_ASSAM,97,2121,FeedstockAggregator,agg_ASSAM,ASSAM,,,0.0,0.0,0.0,0.0,,,,,,,,,1.0,,,,480.0,1566270.0964375406,1666270.0964375406,,,,,,2000000.0,80023.09621949421,0,572.0,80023.09621949421,,,,
97,agg_JHARKHAND,97,2121,FeedstockAggregator,agg_JHARKHAND,JHARKHAND,,,0.0,0.0,0.0,0.0,,,,,,,,,1.0,,,,435.0,1253261.5926181246,1353261.5926181246,,,,,,1666666.667,79610.82632654661,0,528.0,79610.82632654661,,,,
97,agg_RAJASTHAN,97,2121,FeedstockAggregator,agg_RAJASTHAN,RAJASTHAN,,,0.0,0.0,0.0,0.0,,,,,,,,,1.0,,,,435.0,2233333.333,2333333.333,,,,,,2333333.333,85441.39643131696,0,533.5,85441.39643131696,,,,
97,agg_KERALA,97,2121,FeedstockAggregator,agg_KERALA,KERALA,,,0.0,0.0,0.0,0.0,,,,,,,,,1.0,,,,480.0,900000.0,1000000.0,,,,,,1000000.0,81877.73696716245,0,577.5,81877.73696716245,,,,
97,agg_GUJARAT,97,2121,FeedstockAggregator,agg_GUJARAT,GUJARAT,,,0.0,0.0,0.0,0.0,,,,,,,,,1.0,,,,405.0,1410142.6569905335,1510142.6569905335,,,,,,1583333.333,83497.75306770296,0,495.00000000000006,83497.75306770296,,,,
98,agg_PUNJAB,98,2122,FeedstockAggregator,agg_PUNJAB,PUNJAB,,,0.0,0.0,0.0,0.0,,,,,,,,,1.0,,,,360.0,4467616.637529768,4667616.637529768,,,,,,4787000.0,159110.7071530886,0,660.0,159110.7071530886,,,,
98,agg_HARYANA,98,2122,FeedstockAggregator,agg_HARYANA,HARYANA,,,0.0,0.0,0.0,0.0,,,,,,,,,1.0,,,,360.0,3800000.0,4000000.0,,,,,,4000000.0,161740.64090900955,0,665.5,161740.64090900955,,,,
98,agg_UTTAR_PRADESH,98,2122,FeedstockAggregator,agg_UTTAR_PRADESH,UTTAR_PRADESH,,,0.0,0.0,0.0,0.0,,,,,,,,,1.0,,,,390.0,16400000.0,16500000.0,,,,,,16500000.0,85006.898783641,0,473.00000000000006,85006.898783641,,,,
98,agg_BIHAR,98,2122,FeedstockAggregator,agg_BIHAR,BIHAR,,,0.0,0.0,0.0,0.0,,,,,,,,,1.0,,,,390.0,3091677.9011752484,3191677.9011752484,,,,,,3333333.333,82617.78673337561,0,467.50000000000006,82617.78673337561,,,,
98,agg_ANDHRA_PRADESH,98,2122,FeedstockAggregator,agg_ANDHRA_PRADESH,ANDHRA_PRADESH,,,0.0,0.0,0.0,0.0,,,,,,,,,1.0,,,,405.0,2651599.332553797,2751599.332553797,,,,,,3000000.0,80232.05194201981,0,495.00000000000006,80232.05194201981,,,,
98,agg_TAMIL_NADU,98,2122,FeedstockAggregator,agg_TAMIL_NADU,TAMIL_NADU,,,0.0,0.0,0.0,0.0,,,,,,,,,1.0,,,,435.0,1233333.333,1333333.333,,,,,,1333333.333,79310.53949689885,0,522.5,79310.53949689885,,,,
98,agg_MAHARASHTRA,98,2122,FeedstockAggregator,agg_MAHARASHTRA,MAHARASHTRA,,,0.0,0.0,0.0,0.0,,,,,,,,,1.0,,,,435.0,10163938.476018807,10263938.476018807,,,,,,10333333.333,79979.79577012209,0,517.0,79979.79577012209,,,,
98,agg_KARNATAKA,98,2122,FeedstockAggregator,agg_KARNATAKA,KARNATAKA,,,0.0,0.0,0.0,0.0,,,,,,,,,1.0,,,,405.0,5566666.667,5666666.667,,,,,,5666666.667,87261.89538018988,0,489.50000000000006,87261.89538018988,,,,
98,agg_WEST_BENGAL,98,2122,FeedstockAggregator,agg_WEST_BENGAL,WEST_BENGAL,,,0.0,0.0,0.0,0.0,,,,,,,,,1.0,,,,405.0,5397000.0,5497000.0,,,,,,5497000.0,85223.35378913119,0,500.50000000000006,85223.35378913119,,,,
98,agg_CHHATTISGARH,98,2122,FeedstockAggregator,agg_CHHATTISGARH,CHHATTISGARH,,,0.0,0.0,0.0,0.0,,,,,,,,,1.0,,,,360.0,2014363.22386271,2214363.22386271,,,,,,2666666.667,156312.66694571043,0,660.0,156312.66694571043,,,,
98,agg_ODISHA,98,2122,FeedstockAggregator,agg_ODISHA,ODISHA,,,0.0,0.0,0.0,0.0,,,,,,,,,1.0,,,,360.0,2974559.1026994176,3174559.1026994176,,,,,,3204666.667,167119.85811745469,0,665.5,167119.85811745469,,,,
98,agg_MADHYA_PRADESH,98,2122,FeedstockAggregator,agg_MADHYA_PRADESH,MADHYA_PRADESH,,,0.0,0.0,0.0,0.0,,,,,,,,,1.0,,,,390.0,3133333.333,3333333.333,,,,,,3333333.333,160361.29175876494,0,693.0,160361.29175876494,,,,
98,agg_TELANGANA,98,2122,FeedstockAggregator,agg_TELANGANA,TELANGANA,,,0.0,0.0,0.0,0.0,,,,,,,,,1.0,,,,390.0,5598000.0,5698000.0,,,,,,5698000.0,87032.88755919023,0,478.50000000000006,87032.88755919023,,,,
98,agg_ASSAM,98,2122,FeedstockAggregator,agg_ASSAM,ASSAM,,,0.0,0.0,0.0,0.0,,,,,,,,,1.0,,,,480.0,1823325.2427471331,1923325.2427471331,,,,,,2000000.0,80023.09621949421,0,572.0,80023.09621949421,,,,
98,agg_JHARKHAND,98,2122,FeedstockAggregator,agg_JHARKHAND,JHARKHAND,,,0.0,0.0,0.0,0.0,,,,,,,,,1.0,,,,435.0,1241014.4508970238,1341014.4508970238,,,,,,1666666.667,79610.82632654661,0,528.0,0.0,,,,
98,agg_RAJASTHAN,98,2122,FeedstockAggregator,agg_RAJASTHAN,RAJASTHAN,,,0.0,0.0,0.0,0.0,,,,,,,,,1.0,,,,435.0,2233333.333,2333333.333,,,,,,2333333.333,85441.39643131696,0,533.5,85441.39643131696,,,,
98,agg_KERALA,98,2122,FeedstockAggregator,agg_KERALA,KERALA,,,0.0,0.0,0.0,0.0,,,,,,,,,1.0,,,,480.0,787227.3681251417,887227.3681251417,,,,,,1000000.0,81877.73696716245,0,577.5,81877.73696716245,,,,
98,agg_GUJARAT,98,2122,FeedstockAggregator,agg_GUJARAT,GUJARAT,,,0.0,0.0,0.0,0.0,,,,,,,,,1.0,,,,405.0,1483333.333,1583333.333,,,,,,1583333.333,83497.75306770296,0,495.00000000000006,83497.75306770296,,,,
99,agg_PUNJAB,99,2123,FeedstockAggregator,agg_PUNJAB,PUNJAB,,,0.0,0.0,0.0,0.0,,,,,,,,,1.0,,,,360.0,4128692.1393905003,4328692.1393905,,,,,,4787000.0,159110.7071530886,0,660.0,159110.7071530886,,,,
99,agg_HARYANA,99,2123,FeedstockAggregator,agg_HARYANA,HARYANA,,,0.0,0.0,0.0,0.0,,,,,,,,,1.0,,,,360.0,3773078.13206404,3973078.13206404,,,,,,4000000.0,161740.64090900955,0,665.5,161740.64090900955,,,,
99,agg_UTTAR_PRADESH,99,2123,FeedstockAggregator,agg_UTTAR_PRADESH,UTTAR_PRADESH,,,0.0,0.0,0.0,0.0,,,,,,,,,1.0,,,,390.0,16400000.0,16500000.0,,,,,,16500000.0,85006.898783641,0,473.00000000000006,85006.898783641,,,,
99,agg_BIHAR,99,2123,FeedstockAggregator,agg_BIHAR,BIHAR,,,0.0,0.0,0.0,0.0,,,,,,,,,1.0,,,,390.0,3233333.333,3333333.333,,,,,,3333333.333,82617.78673337561,0,467.50000000000006,82617.78673337561,,,,
99,agg_ANDHRA_PRADESH,99,2123,FeedstockAggregator,agg_ANDHRA_PRADESH,ANDHRA_PRADESH,,,0.0,0.0,0.0,0.0,,,,,,,,,1.0,,,,405.0,2427548.3611859693,2527548.3611859693,,,,,,3000000.0,80232.05194201981,0,495.00000000000006,80232.05194201981,,,,
99,agg_TAMIL_NADU,99,2123,FeedstockAggregator,agg_TAMIL_NADU,TAMIL_NADU,,,0.0,0.0,0.0,0.0,,,,,,,,,1.0,,,,435.0,1222853.6368686028,1322853.6368686028,,,,,,1333333.333,79310.53949689885,0,522.5,79310.53949689885,,,,
99,agg_MAHARASHTRA,99,2123,FeedstockAggregator,agg_MAHARASHTRA,MAHARASHTRA,,,0.0,0.0,0.0,0.0,,,,,,,,,1.0,,,,435.0,10233333.333,10333333.333,,,,,,10333333.333,79979.79577012209,0,517.0,79979.79577012209,,,,
99,agg_KARNATAKA,99,2123,FeedstockAggregator,agg_KARNATAKA,KARNATAKA,,,0.0,0.0,0.0,0.0,,,,,,,,,1.0,,,,405.0,5566666.667,5666666.667,,,,,,5666666.667,87261.89538018988,0,489.50000000000006,87261.89538018988,,,,
99,agg_WEST_BENGAL,99,2123,FeedstockAggregator,agg_WEST_BENGAL,WEST_BENGAL,,,0.0,0.0,0.0,0.0,,,,,,,,,1.0,,,,405.0,4799307.477010923,4899307.477010923,,,,,,5497000.0,85223.35378913119,0,500.50000000000006,85223.35378913119,,,,
99,agg_CHHATTISGARH,99,2123,FeedstockAggregator,agg_CHHATTISGARH,CHHATTISGARH,,,0.0,0.0,0.0,0.0,,,,,,,,,1.0,,,,360.0,2052245.840064488,2252245.840064488,,,,,,2666666.667,156312.66694571043,0,660.0,156312.66694571043,,,,
99,agg_ODISHA,99,2123,FeedstockAggregator,agg_ODISHA,ODISHA,,,0.0,0.0,0.0,0.0,,,,,,,,,1.0,,,,360.0,2506941.2746150037,2706941.2746150037,,,,,,3204666.667,167119.85811745469,0,665.5,167119.85811745469,,,,
99,agg_MADHYA_PRADESH,99,2123,FeedstockAggregator,agg_MADHYA_PRADESH,MADHYA_PRADESH,,,0.0,0.0,0.0,0.0,,,,,,,,,1.0,,,,390.0,3133333.333,3333333.333,,,,,,3333333.333,160361.29175876494,0,693.0,160361.29175876494,,,,
99,agg_TELANGANA,99,2123,FeedstockAggregator,agg_TELANGANA,TELANGANA,,,0.0,0.0,0.0,0.0,,,,,,,,,1.0,,,,390.0,5598000.0,5698000.0,,,,,,5698000.0,87032.88755919023,0,478.50000000000006,87032.88755919023,,,,
99,agg_ASSAM,99,2123,FeedstockAggregator,agg_ASSAM,ASSAM,,,0.0,0.0,0.0,0.0,,,,,,,,,1.0,,,,480.0,1679981.496477337,1779981.496477337,,,,,,2000000.0,80023.09621949421,0,572.0,80023.09621949421,,,,
99,agg_JHARKHAND,99,2123,FeedstockAggregator,agg_JHARKHAND,JHARKHAND,,,0.0,0.0,0.0,0.0,,,,,,,,,1.0,,,,435.0,1446749.9705162512,1546749.9705162512,,,,,,1666666.667,79610.82632654661,0,528.0,79610.82632654661,,,,
99,agg_RAJASTHAN,99,2123,FeedstockAggregator,agg_RAJASTHAN,RAJASTHAN,,,0.0,0.0,0.0,0.0,,,,,,,,,1.0,,,,435.0,2071325.0058280136,2171325.0058280136,,,,,,2333333.333,85441.39643131696,0,533.5,85441.39643131696,,,,
99,agg_KERALA,99,2123,FeedstockAggregator,agg_KERALA,KERALA,,,0.0,0.0,0.0,0.0,,,,,,,,,1.0,,,,480.0,809507.9374245555,909507.9374245555,,,,,,1000000.0,81877.73696716245,0,577.5,81877.73696716245,,,,
99,agg_GUJARAT,99,2123,FeedstockAggregator,agg_GUJARAT,GUJARAT,,,0.0,0.0,0.0,0.0,,,,,,,,,1.0,,,,405.0,1483333.333,1583333.333,,,,,,1583333.333,83497.75306770296,0,495.00000000000006,83497.75306770296,,,,
100,agg_PUNJAB,100,2124,FeedstockAggregator,agg_PUNJAB,PUNJAB,,,0.0,0.0,0.0,0.0,,,,,,,,,1.0,,,,360.0,4189986.963835378,4389986.963835378,,,,,,4787000.0,159110.7071530886,0,660.0,159110.7071530886,,,,
100,agg_HARYANA,100,2124,FeedstockAggregator,agg_HARYANA,HARYANA,,,0.0,0.0,0.0,0.0,,,,,,,,,1.0,,,,360.0,3800000.0,4000000.0,,,,,,4000000.0,161740.64090900955,0,665.5,161740.64090900955,,,,
100,agg_UTTAR_PRADESH,100,2124,FeedstockAggregator,agg_UTTAR_PRADESH,UTTAR_PRADESH,,,0.0,0.0,0.0,0.0,,,,,,,,,1.0,,,,390.0,13345123.533500902,13445123.533500902,,,,,,16500000.0,85006.898783641,0,473.00000000000006,85006.898783641,,,,
100,agg_BIHAR,100,2124,FeedstockAggregator,agg_BIHAR,BIHAR,,,0.0,0.0,0.0,0.0,,,,,,,,,1.0,,,,390.0,2786606.891459967,2886606.891459967,,,,,,3333333.333,82617.78673337561,0,467.50000000000006,82617.78673337561,,,,
100,agg_ANDHRA_PRADESH,100,2124,FeedstockAggregator,agg_ANDHRA_PRADESH,ANDHRA_PRADESH,,,0.0,0.0,0.0,0.0,,,,,,,,,1.0,,,,405.0,2324469.1879184586,2424469.1879184586,,,,,,3000000.0,80232.05194201981,0,495.00000000000006,80232.05194201981,,,,
100,agg_TAMIL_NADU,100,2124,FeedstockAggregator,agg_TAMIL_NADU,TAMIL_NADU,,,0.0,0.0,0.0,0.0,,,,,,,,,1.0,,,,435.0,1233333.333,1333333.333,,,,,,1333333.333,79310.53949689885,0,522.5,79310.53949689885,,,,
100,agg_MAHARASHTRA,100,2124,FeedstockAggregator,agg_MAHARASHTRA,MAHARASHTRA,,,0.0,0.0,0.0,0.0,,,,,,,,,1.0,,,,435.0,9418481.398311755,9518481.398311755,,,,,,10333333.333,79979.79577012209,0,517.0,79979.79577012209,,,,
100,agg_KARNATAKA,100,2124,FeedstockAggregator,agg_KARNATAKA,KARNATAKA,,,0.0,0.0,0.0,0.0,,,,,,,,,1.0,,,,405.0,5566666.667,5666666.667,,,,,,5666666.667,87261.89538018988,0,489.50000000000006,87261.89538018988,,,,
100,agg_WEST_BENGAL,100,2124,FeedstockAggregator,agg_WEST_BENGAL,WEST_BENGAL,,,0.0,0.0,0.0,0.0,,,,,,,,,1.0,,,,405.0,5397000.0,5497000.0,,,,,,5497000.0,85223.35378913119,0,500.50000000000006,85223.35378913119,,,,
100,agg_CHHATTISGARH,100,2124,FeedstockAggregator,agg_CHHATTISGARH,CHHATTISGARH,,,0.0,0.0,0.0,0.0,,,,,,,,,1.0,,,,360.0,2326293.0919943266,2526293.0919943266,,,,,,2666666.667,156312.66694571043,0,660.0,156312.66694571043,,,,
100,agg_ODISHA,100,2124,FeedstockAggregator,agg_ODISHA,ODISHA,,,0.0,0.0,0.0,0.0,,,,,,,,,1.0,,,,360.0,2734974.4895617445,2934974.4895617445,,,,,,3204666.667,167119.85811745469,0,665.5,167119.85811745469,,,,
100,agg_MADHYA_PRADESH,100,2124,FeedstockAggregator,agg_MADHYA_PRADESH,MADHYA_PRADESH,,,0.0,0.0,0.0,0.0,,,,,,,,,1.0,,,,390.0,3133333.333,3333333.333,,,,,,3333333.333,160361.29175876494,0,693.0,160361.29175876494,,,,
100,agg_TELANGANA,100,2124,FeedstockAggregator,agg_TELANGANA,TELANGANA,,,0.0,0.0,0.0,0.0,,,,,,,,,1.0,,,,390.0,5598000.0,5698000.0,,,,,,5698000.0,87032.88755919023,0,478.50000000000006,87032.88755919023,,,,
100,agg_ASSAM,100,2124,FeedstockAggregator,agg_ASSAM,ASSAM,,,0.0,0.0,0.0,0.0,,,,,,,,,1.0,,,,480.0,1900000.0,2000000.0,,,,,,2000000.0,80023.09621949421,0,572.0,80023.09621949421,,,,
100,agg_JHARKHAND,100,2124,FeedstockAggregator,agg_JHARKHAND,JHARKHAND,,,0.0,0.0,0.0,0.0,,,,,,,,,1.0,,,,435.0,1390145.55011314,1490145.55011314,,,,,,1666666.667,79610.82632654661,0,528.0,79610.82632654661,,,,
100,agg_RAJASTHAN,100,2124,FeedstockAggregator,agg_RAJASTHAN,RAJASTHAN,,,0.0,0.0,0.0,0.0,,,,,,,,,1.0,,,,435.0,2233333.333,2333333.333,,,,,,2333333.333,85441.39643131696,0,533.5,85441.39643131696,,,,
100,agg_KERALA,100,2124,FeedstockAggregator,agg_KERALA,KERALA,,,0.0,0.0,0.0,0.0,,,,,,,,,1.0,,,,480.0,900000.0,1000000.0,,,,,,1000000.0,81877.73696716245,0,577.5,81877.73696716245,,,,
100,agg_GUJARAT,100,2124,FeedstockAggregator,agg_GUJARAT,GUJARAT,,,0.0,0.0,0.0,0.0,,,,,,,,,1.0,,,,405.0,1312789.3856718622,1412789.3856718622,,,,,,1583333.333,83497.75306770296,0,495.00000000000006,83497.75306770296,,,,
