Step,AgentID,Tick,Year,Type,Unique_ID,State_ID,Investor_ID,Production_Output,Contracted_Production,Spot_Production,Curtailed_Volume,Take_Or_Pay_Penalty,SRMC,Opex,Transport_Cost,Profit_Margin,Max_Capacity,Is_Operational,Plant_ID,Design_Load_Factor,Annual_Load_Factor,NPV,Discount_Rate,ROACE,Feedstock_Price,Available_Feedstock,Current_Supply,Optimism_Factor,SAF_Demand,Consumer_Price_Forecast,EBIT,Raw_ROACE,Max_Supply,Cumulative_Allocated,Num_Owned_Sites,State_Spot_Price,Aggregator_Contracted_Capacity,Contract_Price,Initial_Contract_Price,Num_Contracts,Avg_Contract_Coverage
0,site_GUJARAT_001,0,2024,SAFProductionSite,site_GUJARAT_001,GUJARAT,inv_01,95131.48962557448,82348.10846793756,12783.381157636915,0.0,0.0,1540.71,285.71,600.0,250.0,100000.0,True,site_GUJARAT_001,1.0,,,,,,,,,,,,,,,0,495.00000000000006,86562.40829619016,450.0,450.0,,
1,site_GUJARAT_001,1,2025,SAFProductionSite,site_GUJARAT_001,GUJARAT,inv_01,70100.0,70100.0,0.0,12712.530512471421,3813759.1537414263,1540.71,285.71,600.0,250.0,100000.0,True,site_GUJARAT_001,1.0,,,,,,,,,,,17101111.16970332,,,,0,495.00000000000006,86562.40829619016,450.0,450.0,,
1,site_PUNJAB_020,1,2025,SAFProductionSite,site_PUNJAB_020,PUNJAB,inv_02,0.0,0.0,0.0,0.0,0.0,1495.71,285.71,600.0,250.0,100000.0,False,site_PUNJAB_020,1.0,,,,,,,,,,,,,,,0,440.00000000000006,85109.34684683023,400.0,400.0,,
2,site_GUJARAT_001,2,2026,SAFProductionSite,site_GUJARAT_001,GUJARAT,inv_01,76000.0,76000.0,0.0,7570.991999604943,2271297.599881483,1540.71,285.71,600.0,250.0,100000.0,True,site_GUJARAT_001,1.0,,,,,,,,,,,18540434.3637297,,,,0,495.00000000000006,86562.40829619016,450.0,450.0,,
2,site_PUNJAB_020,2,2026,SAFProductionSite,site_PUNJAB_020,PUNJAB,inv_02,0.0,0.0,0.0,0.0,0.0,1495.71,285.71,600.0,250.0,100000.0,False,site_PUNJAB_020,1.0,,,,,,,,,,,-125000000.0,,,,0,440.00000000000006,85109.34684683023,400.0,400.0,,
3,site_GUJARAT_001,3,2027,SAFProductionSite,site_GUJARAT_001,GUJARAT,inv_01,83200.0,82862.13565531216,337.86434468784137,0.0,0.0,1540.71,285.71,600.0,250.0,100000.0,True,site_GUJARAT_001,1.0,,,,,,,,,,,20296896.566609368,,,,0,495.00000000000006,86562.40829619016,450.0,450.0,,
3,site_PUNJAB_020,3,2027,SAFProductionSite,site_PUNJAB_020,PUNJAB,inv_02,0.0,0.0,0.0,0.0,0.0,1495.71,285.71,600.0,250.0,100000.0,False,site_PUNJAB_020,1.0,,,,,,,,,,,-125000000.0,,,,0,440.00000000000006,85109.34684683023,400.0,400.0,,
4,site_GUJARAT_001,4,2028,SAFProductionSite,site_GUJARAT_001,GUJARAT,inv_01,86721.08864157327,84282.53318956456,2438.5554520087026,0.0,0.0,1540.71,285.71,600.0,250.0,100000.0,True,site_GUJARAT_001,1.0,,,,,,,,,,,19448595.13885607,,,,0,495.00000000000006,86562.40829619016,450.0,450.0,,
4,site_PUNJAB_020,4,2028,SAFProductionSite,site_PUNJAB_020,PUNJAB,inv_02,0.0,0.0,0.0,0.0,0.0,1495.71,285.71,600.0,250.0,100000.0,True,site_PUNJAB_020,1.0,,,,,,,,,,,-125000000.0,,,,0,440.00000000000006,85109.34684683023,400.0,400.0,,
5,site_GUJARAT_001,5,2029,SAFProductionSite,site_GUJARAT_001,GUJARAT,inv_01,86330.87517440897,82489.28607792346,3841.589096485506,0.0,0.0,1540.71,285.71,600.0,250.0,100000.0,True,site_GUJARAT_001,1.0,,,,,,,,,,,15385195.375174433,,,,0,495.00000000000006,86562.40829619016,450.0,450.0,,
5,site_PUNJAB_020,5,2029,SAFProductionSite,site_PUNJAB_020,PUNJAB,inv_02,11592.36482544127,11592.36482544127,0.0,69674.82146832194,20902446.440496583,1495.71,285.71,600.0,250.0,100000.0,True,site_PUNJAB_020,1.0,,,,,,,,,,,2829044.0528240576,,,,0,440.00000000000006,85109.34684683023,400.0,400.0,,
5,site_CHHATTISGARH_245,5,2029,SAFProductionSite,site_CHHATTISGARH_245,CHHATTISGARH,inv_06,0.0,0.0,0.0,0.0,0.0,1495.71,285.71,600.0,250.0,100000.0,False,site_CHHATTISGARH_245,1.0,,,,,,,,,,,,,,,0,440.00000000000006,80197.30664774435,400.0,400.0,,
6,site_GUJARAT_001,6,2030,SAFProductionSite,site_GUJARAT_001,GUJARAT,inv_01,86330.87517440897,83115.36200857829,3215.513165830678,0.0,0.0,1540.71,285.71,600.0,250.0,100000.0,True,site_GUJARAT_001,1.0,,,,,,,,,,,19560083.02855958,,,,0,495.00000000000006,86562.40829619016,450.0,450.0,,
6,site_PUNJAB_020,6,2030,SAFProductionSite,site_PUNJAB_020,PUNJAB,inv_02,22469.124825591032,22469.124825591032,0.0,58883.567227658496,17665070.168297548,1495.71,285.71,600.0,250.0,100000.0,True,site_PUNJAB_020,1.0,,,,,,,,,,,-11058164.698393498,,,,0,440.00000000000006,85109.34684683023,400.0,400.0,,
6,site_CHHATTISGARH_245,6,2030,SAFProductionSite,site_CHHATTISGARH_245,CHHATTISGARH,inv_06,0.0,0.0,0.0,0.0,0.0,1495.71,285.71,600.0,250.0,100000.0,False,site_CHHATTISGARH_245,1.0,,,,,,,,,,,-125000000.0,,,,0,440.00000000000006,80197.30664774435,400.0,400.0,,
7,site_GUJARAT_001,7,2031,SAFProductionSite,site_GUJARAT_001,GUJARAT,inv_01,86986.10793964354,84318.39827703929,2667.7096626042476,0.0,0.0,1540.71,285.71,600.0,250.0,100000.0,True,site_GUJARAT_001,1.0,,,,,,,,,,,19372876.47520441,,,,0,495.00000000000006,86562.40829619016,450.0,450.0,,
7,site_PUNJAB_020,7,2031,SAFProductionSite,site_PUNJAB_020,PUNJAB,inv_02,31013.892060356462,31013.892060356462,0.0,51186.08663616932,15355825.990850795,1495.71,285.71,600.0,250.0,100000.0,True,site_PUNJAB_020,1.0,,,,,,,,,,,-6236385.216584098,,,,0,440.00000000000006,85109.34684683023,400.0,400.0,,
7,site_CHHATTISGARH_245,7,2031,SAFProductionSite,site_CHHATTISGARH_245,CHHATTISGARH,inv_06,0.0,0.0,0.0,0.0,0.0,1495.71,285.71,600.0,250.0,100000.0,False,site_CHHATTISGARH_245,1.0,,,,,,,,,,,-125000000.0,,,,0,440.00000000000006,80197.30664774435,400.0,400.0,,
8,site_GUJARAT_001,8,2032,SAFProductionSite,site_GUJARAT_001,GUJARAT,inv_01,88069.35410940174,84150.40541581213,3918.948693589613,0.0,0.0,1540.71,285.71,600.0,250.0,100000.0,True,site_GUJARAT_001,1.0,,,,,,,,,,,19063382.212042794,,,,0,495.00000000000006,86562.40829619016,450.0,450.0,,
8,site_PUNJAB_020,8,2032,SAFProductionSite,site_PUNJAB_020,PUNJAB,inv_02,39254.82947343234,39254.82947343234,0.0,42497.43651169547,12749230.953508642,1495.71,285.71,600.0,250.0,100000.0,True,site_PUNJAB_020,1.0,,,,,,,,,,,-1206594.1315892152,,,,0,440.00000000000006,85109.34684683023,400.0,400.0,,
8,site_CHHATTISGARH_245,8,2032,SAFProductionSite,site_CHHATTISGARH_245,CHHATTISGARH,inv_06,0.0,0.0,0.0,0.0,0.0,1495.71,285.71,600.0,250.0,100000.0,True,site_CHHATTISGARH_245,1.0,,,,,,,,,,,-125000000.0,,,,0,440.00000000000006,80197.30664774435,400.0,400.0,,
9,site_GUJARAT_001,9,2033,SAFProductionSite,site_GUJARAT_001,GUJARAT,inv_01,88069.35410940174,84198.84723075764,3870.506878644097,0.0,0.0,1540.71,285.71,600.0,250.0,100000.0,True,site_GUJARAT_001,1.0,,,,,,,,,,,14888494.558657646,,,,0,495.00000000000006,86562.40829619016,450.0,450.0,,
9,site_PUNJAB_020,9,2033,SAFProductionSite,site_PUNJAB_020,PUNJAB,inv_02,49030.64589059826,49030.64589059826,0.0,32741.08713617365,9822326.140852096,1495.71,285.71,600.0,250.0,100000.0,True,site_PUNJAB_020,1.0,,,,,,,,,,,11965622.13591645,,,,0,440.00000000000006,85109.34684683023,400.0,400.0,,
9,site_CHHATTISGARH_245,9,2033,SAFProductionSite,site_CHHATTISGARH_245,CHHATTISGARH,inv_06,0.0,0.0,0.0,77940.47178109664,23382141.534328993,1495.71,285.71,600.0,250.0,100000.0,True,site_CHHATTISGARH_245,1.0,,,,,,,,,,,0.0,,,,0,440.00000000000006,80197.30664774435,400.0,400.0,,
9,site_HARYANA_525,9,2033,SAFProductionSite,site_HARYANA_525,HARYANA,inv_10,0.0,0.0,0.0,0.0,0.0,1495.71,285.71,600.0,250.0,100000.0,False,site_HARYANA_525,1.0,,,,,,,,,,,,,,,0,445.50000000000006,86545.10098269311,405.0,405.0,,
10,site_GUJARAT_001,10,2034,SAFProductionSite,site_GUJARAT_001,GUJARAT,inv_01,86463.5736715616,82616.07969922778,3847.4939723338175,0.0,0.0,1540.71,285.71,600.0,250.0,100000.0,True,site_GUJARAT_001,1.0,,,,,,,,,,,15347282.087552965,,,,0,495.00000000000006,86562.40829619016,450.0,450.0,,
10,site_PUNJAB_020,10,2034,SAFProductionSite,site_PUNJAB_020,PUNJAB,inv_02,59279.94810330824,59279.94810330824,0.0,23137.964661542443,6941389.398462733,1495.71,285.71,600.0,250.0,100000.0,True,site_PUNJAB_020,1.0,,,,,,,,,,,14466900.16736935,,,,0,440.00000000000006,85109.34684683023,400.0,400.0,,
10,site_CHHATTISGARH_245,10,2034,SAFProductionSite,site_CHHATTISGARH_245,CHHATTISGARH,inv_06,0.0,0.0,0.0,77994.71116739011,23398413.350217033,1495.71,285.71,600.0,250.0,100000.0,True,site_CHHATTISGARH_245,1.0,,,,,,,,,,,0.0,,,,0,440.00000000000006,80197.30664774435,400.0,400.0,,
10,site_HARYANA_525,10,2034,SAFProductionSite,site_HARYANA_525,HARYANA,inv_10,0.0,0.0,0.0,0.0,0.0,1495.71,285.71,600.0,250.0,100000.0,False,site_HARYANA_525,1.0,,,,,,,,,,,-125000000.0,,,,0,445.50000000000006,86545.10098269311,405.0,405.0,,
10,site_ODISHA_624,10,2034,SAFProductionSite,site_ODISHA_624,ODISHA,inv_11,0.0,0.0,0.0,0.0,0.0,1495.71,285.71,600.0,250.0,100000.0,False,site_ODISHA_624,1.0,,,,,,,,,,,,,,,0,445.50000000000006,89404.74534625192,405.0,405.0,,
11,site_GUJARAT_001,11,2035,SAFProductionSite,site_GUJARAT_001,GUJARAT,inv_01,86463.5736715616,83231.63912658484,3231.934544976757,0.0,0.0,1540.71,285.71,600.0,250.0,100000.0,True,site_GUJARAT_001,1.0,,,,,,,,,,,15347282.087552965,,,,0,495.00000000000006,86562.40829619016,450.0,450.0,,
11,site_PUNJAB_020,11,2035,SAFProductionSite,site_PUNJAB_020,PUNJAB,inv_02,72236.4263284384,72236.4263284384,0.0,9549.912739700652,2864973.8219101955,1495.71,285.71,600.0,250.0,100000.0,True,site_PUNJAB_020,1.0,,,,,,,,,,,17628847.5543171,,,,0,440.00000000000006,85109.34684683023,400.0,400.0,,
11,site_CHHATTISGARH_245,11,2035,SAFProductionSite,site_CHHATTISGARH_245,CHHATTISGARH,inv_06,0.0,0.0,0.0,77055.45624551343,23116636.87365403,1495.71,285.71,600.0,250.0,100000.0,True,site_CHHATTISGARH_245,1.0,,,,,,,,,,,0.0,,,,0,440.00000000000006,80197.30664774435,400.0,400.0,,
11,site_HARYANA_525,11,2035,SAFProductionSite,site_HARYANA_525,HARYANA,inv_10,0.0,0.0,0.0,0.0,0.0,1495.71,285.71,600.0,250.0,100000.0,False,site_HARYANA_525,1.0,,,,,,,,,,,-125000000.0,,,,0,445.50000000000006,86545.10098269311,405.0,405.0,,
11,site_ODISHA_624,11,2035,SAFProductionSite,site_ODISHA_624,ODISHA,inv_11,0.0,0.0,0.0,0.0,0.0,1495.71,285.71,600.0,250.0,100000.0,False,site_ODISHA_624,1.0,,,,,,,,,,,-125000000.0,,,,0,445.50000000000006,89404.74534625192,405.0,405.0,,
11,site_BIHAR_725,11,2035,SAFProductionSite,site_BIHAR_725,BIHAR,inv_12,0.0,0.0,0.0,0.0,0.0,1525.71,285.71,600.0,250.0,100000.0,False,site_BIHAR_725,1.0,,,,,,,,,,,,,,,0,467.50000000000006,86458.07461765366,425.0,425.0,,
12,site_GUJARAT_001,12,2036,SAFProductionSite,site_GUJARAT_001,GUJARAT,inv_01,87107.80017190242,84523.56367005111,2584.2365018513083,0.0,0.0,1540.71,285.71,600.0,250.0,100000.0,True,site_GUJARAT_001,1.0,,,,,,,,,,,15163220.13414058,,,,0,495.00000000000006,86562.40829619016,450.0,450.0,,
12,site_PUNJAB_020,12,2036,SAFProductionSite,site_PUNJAB_020,PUNJAB,inv_02,85792.19982809758,82935.79841327271,2856.401414824868,0.0,0.0,1495.71,285.71,600.0,250.0,100000.0,True,site_PUNJAB_020,1.0,,,,,,,,,,,18827948.64711468,,,,0,440.00000000000006,85109.34684683023,400.0,400.0,,
12,site_CHHATTISGARH_245,12,2036,SAFProductionSite,site_CHHATTISGARH_245,CHHATTISGARH,inv_06,0.0,0.0,0.0,76653.96433128793,22996189.299386382,1495.71,285.71,600.0,250.0,100000.0,True,site_CHHATTISGARH_245,1.0,,,,,,,,,,,0.0,,,,0,440.00000000000006,80197.30664774435,400.0,400.0,,
12,site_HARYANA_525,12,2036,SAFProductionSite,site_HARYANA_525,HARYANA,inv_10,0.0,0.0,0.0,0.0,0.0,1495.71,285.71,600.0,250.0,100000.0,True,site_HARYANA_525,1.0,,,,,,,,,,,-125000000.0,,,,0,445.50000000000006,86545.10098269311,405.0,405.0,,
12,site_ODISHA_624,12,2036,SAFProductionSite,site_ODISHA_624,ODISHA,inv_11,0.0,0.0,0.0,0.0,0.0,1495.71,285.71,600.0,250.0,100000.0,False,site_ODISHA_624,1.0,,,,,,,,,,,-125000000.0,,,,0,445.50000000000006,89404.74534625192,405.0,405.0,,
12,site_BIHAR_725,12,2036,SAFProductionSite,site_BIHAR_725,BIHAR,inv_12,0.0,0.0,0.0,0.0,0.0,1525.71,285.71,600.0,250.0,100000.0,False,site_BIHAR_725,1.0,,,,,,,,,,,-125000000.0,,,,0,467.50000000000006,86458.07461765366,425.0,425.0,,
13,site_GUJARAT_001,13,2037,SAFProductionSite,site_GUJARAT_001,GUJARAT,inv_01,87842.98247551583,83934.10696604179,3908.875509474048,0.0,0.0,1540.71,285.71,600.0,250.0,100000.0,True,site_GUJARAT_001,1.0,,,,,,,,,,,14953171.198175192,,,,0,495.00000000000006,86562.40829619016,450.0,450.0,,
13,site_PUNJAB_020,13,2037,SAFProductionSite,site_PUNJAB_020,PUNJAB,inv_02,11693.154464189414,11693.154464189414,0.0,70009.07401428199,21002722.204284597,1495.71,285.71,600.0,250.0,100000.0,True,site_PUNJAB_020,1.0,,,,,,,,,,,2853641.133090282,,,,0,440.00000000000006,85109.34684683023,400.0,400.0,,
13,site_CHHATTISGARH_245,13,2037,SAFProductionSite,site_CHHATTISGARH_245,CHHATTISGARH,inv_06,0.0,0.0,0.0,76629.61627756862,22988884.883270588,1495.71,285.71,600.0,250.0,100000.0,True,site_CHHATTISGARH_245,1.0,,,,,,,,,,,0.0,,,,0,440.00000000000006,80197.30664774435,400.0,400.0,,
13,site_HARYANA_525,13,2037,SAFProductionSite,site_HARYANA_525,HARYANA,inv_10,88152.74308621435,84224.5060928071,3928.2369934072485,0.0,0.0,1495.71,285.71,600.0,250.0,100000.0,True,site_HARYANA_525,1.0,,,,,,,,,,,18709665.48742692,,,,0,445.50000000000006,86545.10098269311,405.0,405.0,,
13,site_ODISHA_624,13,2037,SAFProductionSite,site_ODISHA_624,ODISHA,inv_11,0.0,0.0,0.0,0.0,0.0,1495.71,285.71,600.0,250.0,100000.0,True,site_ODISHA_624,1.0,,,,,,,,,,,-125000000.0,,,,0,445.50000000000006,89404.74534625192,405.0,405.0,,
13,site_BIHAR_725,13,2037,SAFProductionSite,site_BIHAR_725,BIHAR,inv_12,0.0,0.0,0.0,0.0,0.0,1525.71,285.71,600.0,250.0,100000.0,False,site_BIHAR_725,1.0,,,,,,,,,,,-125000000.0,,,,0,467.50000000000006,86458.07461765366,425.0,425.0,,
14,site_GUJARAT_001,14,2038,SAFProductionSite,site_GUJARAT_001,GUJARAT,inv_01,87842.98247551583,84487.04762170465,3355.934853811181,0.0,0.0,1540.71,285.71,600.0,250.0,100000.0,True,site_GUJARAT_001,1.0,,,,,,,,,,,15370659.963513702,,,,0,495.00000000000006,86562.40829619016,450.0,450.0,,
14,site_PUNJAB_020,14,2038,SAFProductionSite,site_PUNJAB_020,PUNJAB,inv_02,0.0,0.0,0.0,82579.27137098245,24773781.411294732,1495.71,285.71,600.0,250.0,100000.0,True,site_PUNJAB_020,1.0,,,,,,,,,,,0.0,,,,0,440.00000000000006,85109.34684683023,400.0,400.0,,
14,site_CHHATTISGARH_245,14,2038,SAFProductionSite,site_CHHATTISGARH_245,CHHATTISGARH,inv_06,0.0,0.0,0.0,77117.8217071874,23135346.51215622,1495.71,285.71,600.0,250.0,100000.0,True,site_CHHATTISGARH_245,1.0,,,,,,,,,,,0.0,,,,0,440.00000000000006,80197.30664774435,400.0,400.0,,
14,site_HARYANA_525,14,2038,SAFProductionSite,site_HARYANA_525,HARYANA,inv_10,28839.451336791084,28839.451336791084,0.0,53938.27167452179,16181481.502356537,1495.71,285.71,600.0,250.0,100000.0,True,site_HARYANA_525,1.0,,,,,,,,,,,7052709.912490092,,,,0,445.50000000000006,86545.10098269311,405.0,405.0,,
14,site_ODISHA_624,14,2038,SAFProductionSite,site_ODISHA_624,ODISHA,inv_11,89517.56618769308,86656.5074230951,2861.058764597983,0.0,0.0,1495.71,285.71,600.0,250.0,100000.0,True,site_ODISHA_624,1.0,,,,,,,,,,,20594413.873861507,,,,0,445.50000000000006,89404.74534625192,405.0,405.0,,
14,site_BIHAR_725,14,2038,SAFProductionSite,site_BIHAR_725,BIHAR,inv_12,0.0,0.0,0.0,0.0,0.0,1525.71,285.71,600.0,250.0,100000.0,True,site_BIHAR_725,1.0,,,,,,,,,,,-125000000.0,,,,0,467.50000000000006,86458.07461765366,425.0,425.0,,
15,site_GUJARAT_001,15,2039,SAFProductionSite,site_GUJARAT_001,GUJARAT,inv_01,88334.57464803623,84403.8240547517,3930.7505932845233,0.0,0.0,1540.71,285.71,600.0,250.0,100000.0,True,site_GUJARAT_001,1.0,,,,,,,,,,,15230207.163902909,,,,0,495.00000000000006,86562.40829619016,450.0,450.0,,
15,site_PUNJAB_020,15,2039,SAFProductionSite,site_PUNJAB_020,PUNJAB,inv_02,0.0,0.0,0.0,81868.61367384801,24560584.102154404,1495.71,285.71,600.0,250.0,100000.0,True,site_PUNJAB_020,1.0,,,,,,,,,,,0.0,,,,0,440.00000000000006,85109.34684683023,400.0,400.0,,
15,site_CHHATTISGARH_245,15,2039,SAFProductionSite,site_CHHATTISGARH_245,CHHATTISGARH,inv_06,0.0,0.0,0.0,76604.95909200316,22981487.727600947,1495.71,285.71,600.0,250.0,100000.0,True,site_CHHATTISGARH_245,1.0,,,,,,,,,,,0.0,,,,0,440.00000000000006,80197.30664774435,400.0,400.0,,
15,site_HARYANA_525,15,2039,SAFProductionSite,site_HARYANA_525,HARYANA,inv_10,46940.949345540736,46940.949345540736,0.0,37057.11081670926,11117133.245012779,1495.71,285.71,600.0,250.0,100000.0,True,site_HARYANA_525,1.0,,,,,,,,,,,11479445.11443077,,,,0,445.50000000000006,86545.10098269311,405.0,405.0,,
15,site_ODISHA_624,15,2039,SAFProductionSite,site_ODISHA_624,ODISHA,inv_11,88027.59483911526,85005.42594414088,3022.168894974384,0.0,0.0,1495.71,285.71,600.0,250.0,100000.0,True,site_ODISHA_624,1.0,,,,,,,,,,,21020113.58786367,,,,0,445.50000000000006,89404.74534625192,405.0,405.0,,
15,site_BIHAR_725,15,2039,SAFProductionSite,site_BIHAR_725,BIHAR,inv_12,0.0,0.0,0.0,82220.89048512274,24666267.14553682,1525.71,285.71,600.0,250.0,100000.0,True,site_BIHAR_725,1.0,,,,,,,,,,,0.0,,,,0,467.50000000000006,86458.07461765366,425.0,425.0,,
16,site_GUJARAT_001,16,2040,SAFProductionSite,site_GUJARAT_001,GUJARAT,inv_01,88334.57464803623,84776.07525653655,3558.499391499674,0.0,0.0,1540.71,285.71,600.0,250.0,100000.0,True,site_GUJARAT_001,1.0,,,,,,,,,,,15230207.163902909,,,,0,495.00000000000006,86562.40829619016,450.0,450.0,,
16,site_PUNJAB_020,16,2040,SAFProductionSite,site_PUNJAB_020,PUNJAB,inv_02,0.0,0.0,0.0,83236.67828359583,24971003.48507875,1495.71,285.71,600.0,250.0,100000.0,True,site_PUNJAB_020,1.0,,,,,,,,,,,0.0,,,,0,440.00000000000006,85109.34684683023,400.0,400.0,,
16,site_CHHATTISGARH_245,16,2040,SAFProductionSite,site_CHHATTISGARH_245,CHHATTISGARH,inv_06,0.0,0.0,0.0,77804.06721266327,23341220.16379898,1495.71,285.71,600.0,250.0,100000.0,True,site_CHHATTISGARH_245,1.0,,,,,,,,,,,0.0,,,,0,440.00000000000006,80197.30664774435,400.0,400.0,,
16,site_HARYANA_525,16,2040,SAFProductionSite,site_HARYANA_525,HARYANA,inv_10,69237.8305128485,69237.8305128485,0.0,13694.472517855611,4108341.7553566834,1495.71,285.71,600.0,250.0,100000.0,True,site_HARYANA_525,1.0,,,,,,,,,,,16932164.48103237,,,,0,445.50000000000006,86545.10098269311,405.0,405.0,,
16,site_ODISHA_624,16,2040,SAFProductionSite,site_ODISHA_624,ODISHA,inv_11,88027.59483911526,87517.56759548752,510.0272436277446,0.0,0.0,1495.71,285.71,600.0,250.0,100000.0,True,site_ODISHA_624,1.0,,,,,,,,,,,21020113.58786367,,,,0,445.50000000000006,89404.74534625192,405.0,405.0,,
16,site_BIHAR_725,16,2040,SAFProductionSite,site_BIHAR_725,BIHAR,inv_12,0.0,0.0,0.0,83719.9056703372,25115971.70110116,1525.71,285.71,600.0,250.0,100000.0,True,site_BIHAR_725,1.0,,,,,,,,,,,0.0,,,,0,467.50000000000006,86458.07461765366,425.0,425.0,,
17,site_GUJARAT_001,17,2041,SAFProductionSite,site_GUJARAT_001,GUJARAT,inv_01,87391.39279278007,83502.61231880494,3888.78047397513,0.0,0.0,1540.71,285.71,600.0,250.0,100000.0,True,site_GUJARAT_001,1.0,,,,,,,,,,,15499683.651768133,,,,0,495.00000000000006,86562.40829619016,450.0,450.0,,
17,site_PUNJAB_020,17,2041,SAFProductionSite,site_PUNJAB_020,PUNJAB,inv_02,0.0,0.0,0.0,81493.92223550237,24448176.67065071,1495.71,285.71,600.0,250.0,100000.0,True,site_PUNJAB_020,1.0,,,,,,,,,,,0.0,,,,0,440.00000000000006,85109.34684683023,400.0,400.0,,
17,site_CHHATTISGARH_245,17,2041,SAFProductionSite,site_CHHATTISGARH_245,CHHATTISGARH,inv_06,0.0,0.0,0.0,78302.90467308619,23490871.401925858,1495.71,285.71,600.0,250.0,100000.0,True,site_CHHATTISGARH_245,1.0,,,,,,,,,,,0.0,,,,0,440.00000000000006,80197.30664774435,400.0,400.0,,
17,site_HARYANA_525,17,2041,SAFProductionSite,site_HARYANA_525,HARYANA,inv_10,86800.27158079209,83315.24224435765,3485.0293364344398,0.0,0.0,1495.71,285.71,600.0,250.0,100000.0,True,site_HARYANA_525,1.0,,,,,,,,,,,19513927.67967759,,,,0,445.50000000000006,86545.10098269311,405.0,405.0,,
17,site_ODISHA_624,17,2041,SAFProductionSite,site_ODISHA_624,ODISHA,inv_11,88084.79164633536,85060.65906699598,3024.132579339377,0.0,0.0,1495.71,285.71,600.0,250.0,100000.0,True,site_ODISHA_624,1.0,,,,,,,,,,,21003771.88807282,,,,0,445.50000000000006,89404.74534625192,405.0,405.0,,
17,site_BIHAR_725,17,2041,SAFProductionSite,site_BIHAR_725,BIHAR,inv_12,1346.5167412595038,1346.5167412595038,0.0,80857.39187915795,24257217.563747384,1525.71,285.71,600.0,250.0,100000.0,True,site_BIHAR_725,1.0,,,,,,,,,,,301949.21806429396,,,,0,467.50000000000006,86458.07461765366,425.0,425.0,,
18,site_GUJARAT_001,18,2042,SAFProductionSite,site_GUJARAT_001,GUJARAT,inv_01,87391.39279278007,84034.37703078245,3357.0157619976235,0.0,0.0,1540.71,285.71,600.0,250.0,100000.0,True,site_GUJARAT_001,1.0,,,,,,,,,,,15499683.651768133,,,,0,495.00000000000006,86562.40829619016,450.0,450.0,,
18,site_PUNJAB_020,18,2042,SAFProductionSite,site_PUNJAB_020,PUNJAB,inv_02,0.0,0.0,0.0,82277.0517300558,24683115.51901674,1495.71,285.71,600.0,250.0,100000.0,True,site_PUNJAB_020,1.0,,,,,,,,,,,0.0,,,,0,440.00000000000006,85109.34684683023,400.0,400.0,,
18,site_CHHATTISGARH_245,18,2042,SAFProductionSite,site_CHHATTISGARH_245,CHHATTISGARH,inv_06,0.0,0.0,0.0,77665.28316484402,23299584.949453205,1495.71,285.71,600.0,250.0,100000.0,True,site_CHHATTISGARH_245,1.0,,,,,,,,,,,0.0,,,,0,440.00000000000006,80197.30664774435,400.0,400.0,,
18,site_HARYANA_525,18,2042,SAFProductionSite,site_HARYANA_525,HARYANA,inv_10,87201.07110678326,83831.128061728,3369.943045055261,0.0,0.0,1495.71,285.71,600.0,250.0,100000.0,True,site_HARYANA_525,1.0,,,,,,,,,,,19399415.247106656,,,,0,445.50000000000006,86545.10098269311,405.0,405.0,,
18,site_ODISHA_624,18,2042,SAFProductionSite,site_ODISHA_624,ODISHA,inv_11,88084.79164633536,85949.7714478086,2135.020198526763,0.0,0.0,1495.71,285.71,600.0,250.0,100000.0,True,site_ODISHA_624,1.0,,,,,,,,,,,21003771.88807282,,,,0,445.50000000000006,89404.74534625192,405.0,405.0,,
18,site_BIHAR_725,18,2042,SAFProductionSite,site_BIHAR_725,BIHAR,inv_12,27622.74445410131,27622.74445410131,0.0,56225.45144627792,16867635.433883376,1525.71,285.71,600.0,250.0,100000.0,True,site_BIHAR_725,1.0,,,,,,,,,,,6194253.538135752,,,,0,467.50000000000006,86458.07461765366,425.0,425.0,,
18,site_MADHYA_PRADESH_1615,18,2042,SAFProductionSite,site_MADHYA_PRADESH_1615,MADHYA_PRADESH,inv_19,0.0,0.0,0.0,0.0,0.0,1525.71,285.71,600.0,250.0,100000.0,False,site_MADHYA_PRADESH_1615,1.0,,,,,,,,,,,,,,,0,473.00000000000006,82175.48493991613,430.0,430.0,,
19,site_GUJARAT_001,19,2043,SAFProductionSite,site_GUJARAT_001,GUJARAT,inv_01,87442.75726039264,83551.69114784001,3891.066112552624,0.0,0.0,1540.71,285.71,600.0,250.0,100000.0,True,site_GUJARAT_001,1.0,,,,,,,,,,,15485008.309726551,,,,0,495.00000000000006,86562.40829619016,450.0,450.0,,
19,site_PUNJAB_020,19,2043,SAFProductionSite,site_PUNJAB_020,PUNJAB,inv_02,0.0,0.0,0.0,82822.69682255392,24846809.046766177,1495.71,285.71,600.0,250.0,100000.0,True,site_PUNJAB_020,1.0,,,,,,,,,,,0.0,,,,0,440.00000000000006,85109.34684683023,400.0,400.0,,
19,site_CHHATTISGARH_245,19,2043,SAFProductionSite,site_CHHATTISGARH_245,CHHATTISGARH,inv_06,0.0,0.0,0.0,77208.44521870842,23162533.56561253,1495.71,285.71,600.0,250.0,100000.0,True,site_CHHATTISGARH_245,1.0,,,,,,,,,,,0.0,,,,0,440.00000000000006,80197.30664774435,400.0,400.0,,
19,site_HARYANA_525,19,2043,SAFProductionSite,site_HARYANA_525,HARYANA,inv_10,86329.34111166911,82482.35802868477,3846.9830829843413,0.0,0.0,1495.71,285.71,600.0,250.0,100000.0,True,site_HARYANA_525,1.0,,,,,,,,,,,19648477.22401072,,,,0,445.50000000000006,86545.10098269311,405.0,405.0,,
19,site_ODISHA_624,19,2043,SAFProductionSite,site_ODISHA_624,ODISHA,inv_11,89005.5143361557,86627.18007687894,2378.3342592767585,0.0,0.0,1495.71,285.71,600.0,250.0,100000.0,True,site_ODISHA_624,1.0,,,,,,,,,,,20740712.20836425,,,,0,445.50000000000006,89404.74534625192,405.0,405.0,,
19,site_BIHAR_725,19,2043,SAFProductionSite,site_BIHAR_725,BIHAR,inv_12,50105.54559443414,50105.54559443414,0.0,32231.609627849786,9669482.888354937,1525.71,285.71,600.0,250.0,100000.0,True,site_BIHAR_725,1.0,,,,,,,,,,,11235902.123855181,,,,0,467.50000000000006,86458.07461765366,425.0,425.0,,
19,site_MADHYA_PRADESH_1615,19,2043,SAFProductionSite,site_MADHYA_PRADESH_1615,MADHYA_PRADESH,inv_19,0.0,0.0,0.0,0.0,0.0,1525.71,285.71,600.0,250.0,100000.0,False,site_MADHYA_PRADESH_1615,1.0,,,,,,,,,,,-125000000.0,,,,0,473.00000000000006,82175.48493991613,430.0,430.0,,
20,site_GUJARAT_001,20,2044,SAFProductionSite,site_GUJARAT_001,GUJARAT,inv_01,87442.75726039264,84020.96181879961,3421.795441593029,0.0,0.0,1540.71,285.71,600.0,250.0,100000.0,True,site_GUJARAT_001,1.0,,,,,,,,,,,15485008.309726551,,,,0,495.00000000000006,86562.40829619016,450.0,450.0,,
20,site_PUNJAB_020,20,2044,SAFProductionSite,site_PUNJAB_020,PUNJAB,inv_02,0.0,0.0,0.0,82308.62715598979,24692588.146796934,1495.71,285.71,600.0,250.0,100000.0,True,site_PUNJAB_020,1.0,,,,,,,,,,,0.0,,,,0,440.00000000000006,85109.34684683023,400.0,400.0,,
20,site_CHHATTISGARH_245,20,2044,SAFProductionSite,site_CHHATTISGARH_245,CHHATTISGARH,inv_06,0.0,0.0,0.0,78515.38360616082,23554615.081848245,1495.71,285.71,600.0,250.0,100000.0,True,site_CHHATTISGARH_245,1.0,,,,,,,,,,,0.0,,,,0,440.00000000000006,80197.30664774435,400.0,400.0,,
20,site_HARYANA_525,20,2044,SAFProductionSite,site_HARYANA_525,HARYANA,inv_10,86329.34111166911,84279.86336700733,2049.477744661781,0.0,0.0,1495.71,285.71,600.0,250.0,100000.0,True,site_HARYANA_525,1.0,,,,,,,,,,,19648477.22401072,,,,0,445.50000000000006,86545.10098269311,405.0,405.0,,
20,site_ODISHA_624,20,2044,SAFProductionSite,site_ODISHA_624,ODISHA,inv_11,89707.00664300573,86688.05294553342,3018.953697472316,0.0,0.0,1495.71,285.71,600.0,250.0,100000.0,True,site_ODISHA_624,1.0,,,,,,,,,,,20540288.84137413,,,,0,445.50000000000006,89404.74534625192,405.0,405.0,,
20,site_BIHAR_725,20,2044,SAFProductionSite,site_BIHAR_725,BIHAR,inv_12,77720.89498493253,77720.89498493253,0.0,5683.882330765744,1705164.6992297233,1525.71,285.71,600.0,250.0,100000.0,True,site_BIHAR_725,1.0,,,,,,,,,,,17428497.35830705,,,,0,467.50000000000006,86458.07461765366,425.0,425.0,,
20,site_MADHYA_PRADESH_1615,20,2044,SAFProductionSite,site_MADHYA_PRADESH_1615,MADHYA_PRADESH,inv_19,0.0,0.0,0.0,0.0,0.0,1525.71,285.71,600.0,250.0,100000.0,False,site_MADHYA_PRADESH_1615,1.0,,,,,,,,,,,-125000000.0,,,,0,473.00000000000006,82175.48493991613,430.0,430.0,,
21,site_GUJARAT_001,21,2045,SAFProductionSite,site_GUJARAT_001,GUJARAT,inv_01,87933.8822251469,84799.6920962185,3134.1901289283996,0.0,0.0,1540.71,285.71,600.0,250.0,100000.0,True,site_GUJARAT_001,1.0,,,,,,,,,,,15344688.996046618,,,,0,495.00000000000006,0.0,450.0,450.0,,
21,site_PUNJAB_020,21,2045,SAFProductionSite,site_PUNJAB_020,PUNJAB,inv_02,16161.508269601967,16161.508269601967,0.0,65608.44571373684,19682533.714121055,1495.71,285.71,600.0,250.0,100000.0,True,site_PUNJAB_020,1.0,,,,,,,,,,,4024922.443118613,,,,0,440.00000000000006,0.0,400.0,400.0,,
21,site_CHHATTISGARH_245,21,2045,SAFProductionSite,site_CHHATTISGARH_245,CHHATTISGARH,inv_06,0.0,0.0,0.0,78050.84015228745,23415252.045686234,1495.71,285.71,600.0,250.0,100000.0,True,site_CHHATTISGARH_245,1.0,,,,,,,,,,,0.0,,,,0,440.00000000000006,80197.30664774435,400.0,400.0,,
21,site_HARYANA_525,21,2045,SAFProductionSite,site_HARYANA_525,HARYANA,inv_10,87498.08587113695,83599.02152284811,3899.064348288841,0.0,0.0,1495.71,285.71,600.0,250.0,100000.0,True,site_HARYANA_525,1.0,,,,,,,,,,,19314555.158783153,,,,0,445.50000000000006,86545.10098269311,405.0,405.0,,
21,site_ODISHA_624,21,2045,SAFProductionSite,site_ODISHA_624,ODISHA,inv_11,89594.92741620021,86518.94876110226,3075.978655097948,0.0,0.0,1495.71,285.71,600.0,250.0,100000.0,True,site_ODISHA_624,1.0,,,,,,,,,,,20572310.997264728,,,,0,445.50000000000006,89404.74534625192,405.0,405.0,,
21,site_BIHAR_725,21,2045,SAFProductionSite,site_BIHAR_725,BIHAR,inv_12,86381.31823108243,82504.51441759018,3876.8038134922535,0.0,0.0,1525.71,285.71,600.0,250.0,100000.0,True,site_BIHAR_725,1.0,,,,,,,,,,,17451320.705607444,,,,0,467.50000000000006,86458.07461765366,425.0,425.0,,
21,site_MADHYA_PRADESH_1615,21,2045,SAFProductionSite,site_MADHYA_PRADESH_1615,MADHYA_PRADESH,inv_19,0.0,0.0,0.0,0.0,0.0,1525.71,285.71,600.0,250.0,100000.0,True,site_MADHYA_PRADESH_1615,1.0,,,,,,,,,,,-125000000.0,,,,0,473.00000000000006,82175.48493991613,430.0,430.0,,
22,site_GUJARAT_001,22,2046,SAFProductionSite,site_GUJARAT_001,GUJARAT,inv_01,87356.85854884156,83469.61479477922,3887.243754062336,0.0,0.0,1540.71,285.71,600.0,250.0,100000.0,True,site_GUJARAT_001,1.0,,,,,,,,,,,15509550.430603817,,,,0,495.00000000000006,86562.40829619016,450.0,450.0,,
22,site_PUNJAB_020,22,2046,SAFProductionSite,site_PUNJAB_020,PUNJAB,inv_02,47276.7899148374,47276.7899148374,0.0,33772.72235761455,10131816.707284365,1495.71,285.71,600.0,250.0,100000.0,True,site_PUNJAB_020,1.0,,,,,,,,,,,11773988.515956692,,,,0,440.00000000000006,85109.34684683023,400.0,400.0,,
22,site_CHHATTISGARH_245,22,2046,SAFProductionSite,site_CHHATTISGARH_245,CHHATTISGARH,inv_06,0.0,0.0,0.0,78149.28524231492,23444785.572694473,1495.71,285.71,600.0,250.0,100000.0,True,site_CHHATTISGARH_245,1.0,,,,,,,,,,,0.0,,,,0,440.00000000000006,80197.30664774435,400.0,400.0,,
22,site_HARYANA_525,22,2046,SAFProductionSite,site_HARYANA_525,HARYANA,inv_10,87143.29083242682,83260.03675784411,3883.2540745827137,0.0,0.0,1495.71,285.71,600.0,250.0,100000.0,True,site_HARYANA_525,1.0,,,,,,,,,,,19415923.649293035,,,,0,445.50000000000006,86545.10098269311,405.0,405.0,,
22,site_ODISHA_624,22,2046,SAFProductionSite,site_ODISHA_624,ODISHA,inv_11,88596.72284702328,85555.01461366413,3041.7082333591534,0.0,0.0,1495.71,285.71,600.0,250.0,100000.0,True,site_ODISHA_624,1.0,,,,,,,,,,,20857508.024724275,,,,0,445.50000000000006,89404.74534625192,405.0,405.0,,
22,site_BIHAR_725,22,2046,SAFProductionSite,site_BIHAR_725,BIHAR,inv_12,86173.42680511971,82305.95318349614,3867.473621623576,0.0,0.0,1525.71,285.71,600.0,250.0,100000.0,True,site_BIHAR_725,1.0,,,,,,,,,,,17510717.364919245,,,,0,467.50000000000006,86458.07461765366,425.0,425.0,,
22,site_MADHYA_PRADESH_1615,22,2046,SAFProductionSite,site_MADHYA_PRADESH_1615,MADHYA_PRADESH,inv_19,0.0,0.0,0.0,80026.74480709566,24008023.4421287,1525.71,285.71,600.0,250.0,100000.0,True,site_MADHYA_PRADESH_1615,1.0,,,,,,,,,,,0.0,,,,0,473.00000000000006,82175.48493991613,430.0,430.0,,
22,site_UTTAR_PRADESH_2182,22,2046,SAFProductionSite,site_UTTAR_PRADESH_2182,UTTAR_PRADESH,inv_23,0.0,0.0,0.0,0.0,0.0,1525.71,285.71,600.0,250.0,100000.0,False,site_UTTAR_PRADESH_2182,1.0,,,,,,,,,,,,,,,0,473.00000000000006,88418.01075474071,430.0,430.0,,
23,site_GUJARAT_001,23,2047,SAFProductionSite,site_GUJARAT_001,GUJARAT,inv_01,87356.85854884156,84658.22355687188,2698.6349919696804,0.0,0.0,1540.71,285.71,600.0,250.0,100000.0,True,site_GUJARAT_001,1.0,,,,,,,,,,,17179505.491957873,,,,0,495.00000000000006,86562.40829619016,450.0,450.0,,
23,site_PUNJAB_020,23,2047,SAFProductionSite,site_PUNJAB_020,PUNJAB,inv_02,81929.70096658864,80946.49752598292,983.203440605721,0.0,0.0,1495.71,285.71,600.0,250.0,100000.0,True,site_PUNJAB_020,1.0,,,,,,,,,,,22042673.06179732,,,,0,440.00000000000006,85109.34684683023,400.0,400.0,,
23,site_CHHATTISGARH_245,23,2047,SAFProductionSite,site_CHHATTISGARH_245,CHHATTISGARH,inv_06,0.0,0.0,0.0,78247.59651148888,23474278.953446664,1495.71,285.71,600.0,250.0,100000.0,True,site_CHHATTISGARH_245,1.0,,,,,,,,,,,-23474278.953446664,,,,0,440.00000000000006,80197.30664774435,400.0,400.0,,
23,site_HARYANA_525,23,2047,SAFProductionSite,site_HARYANA_525,HARYANA,inv_10,86972.74590767479,83097.0916066101,3875.6543010646856,0.0,0.0,1495.71,285.71,600.0,250.0,100000.0,True,site_HARYANA_525,1.0,,,,,,,,,,,23008706.5421267,,,,0,445.50000000000006,86545.10098269311,405.0,405.0,,
23,site_ODISHA_624,23,2047,SAFProductionSite,site_ODISHA_624,ODISHA,inv_11,88559.6025591352,85519.16874182288,3040.4338173123106,0.0,0.0,1495.71,285.71,600.0,250.0,100000.0,True,site_ODISHA_624,1.0,,,,,,,,,,,23531076.516801253,,,,0,445.50000000000006,89404.74534625192,405.0,405.0,,
23,site_BIHAR_725,23,2047,SAFProductionSite,site_BIHAR_725,BIHAR,inv_12,86173.42680511971,83236.3865099511,2937.040295168612,0.0,0.0,1525.71,285.71,600.0,250.0,100000.0,True,site_BIHAR_725,1.0,,,,,,,,,,,19163073.099586755,,,,0,467.50000000000006,86458.07461765366,425.0,425.0,,
23,site_MADHYA_PRADESH_1615,23,2047,SAFProductionSite,site_MADHYA_PRADESH_1615,MADHYA_PRADESH,inv_19,0.0,0.0,0.0,79541.95535003302,23862586.605009906,1525.71,285.71,600.0,250.0,100000.0,True,site_MADHYA_PRADESH_1615,1.0,,,,,,,,,,,0.0,,,,0,473.00000000000006,82175.48493991613,430.0,430.0,,
23,site_UTTAR_PRADESH_2182,23,2047,SAFProductionSite,site_UTTAR_PRADESH_2182,UTTAR_PRADESH,inv_23,0.0,0.0,0.0,0.0,0.0,1525.71,285.71,600.0,250.0,100000.0,False,site_UTTAR_PRADESH_2182,1.0,,,,,,,,,,,-125000000.0,,,,0,473.00000000000006,88418.01075474071,430.0,430.0,,
24,site_GUJARAT_001,24,2048,SAFProductionSite,site_GUJARAT_001,GUJARAT,inv_01,86077.97694923016,82247.64142873824,3830.3355204919208,0.0,0.0,1540.71,285.71,600.0,250.0,100000.0,True,site_GUJARAT_001,1.0,,,,,,,,,,,17544894.75378284,,,,0,495.00000000000006,86562.40829619016,450.0,450.0,,
24,site_PUNJAB_020,24,2048,SAFProductionSite,site_PUNJAB_020,PUNJAB,inv_02,85195.19498382819,82346.74774540192,2848.4472384262626,0.0,0.0,1495.71,285.71,600.0,250.0,100000.0,True,site_PUNJAB_020,1.0,,,,,,,,,,,22921233.78102441,,,,0,440.00000000000006,85109.34684683023,400.0,400.0,,
24,site_CHHATTISGARH_245,24,2048,SAFProductionSite,site_CHHATTISGARH_245,CHHATTISGARH,inv_06,0.0,0.0,0.0,78043.14927158252,23412944.781474754,1495.71,285.71,600.0,250.0,100000.0,True,site_CHHATTISGARH_245,1.0,,,,,,,,,,,-23412944.781474754,,,,0,440.00000000000006,80197.30664774435,400.0,400.0,,
24,site_HARYANA_525,24,2048,SAFProductionSite,site_HARYANA_525,HARYANA,inv_10,86972.74590767479,83767.41272949928,3205.3331781755114,0.0,0.0,1495.71,285.71,600.0,250.0,100000.0,True,site_HARYANA_525,1.0,,,,,,,,,,,23008706.5421267,,,,0,445.50000000000006,86545.10098269311,405.0,405.0,,
24,site_ODISHA_624,24,2048,SAFProductionSite,site_ODISHA_624,ODISHA,inv_11,88067.12499213619,85043.5989454744,3023.526046661791,0.0,0.0,1495.71,285.71,600.0,250.0,100000.0,True,site_ODISHA_624,1.0,,,,,,,,,,,23400220.833431125,,,,0,445.50000000000006,89404.74534625192,405.0,405.0,,
24,site_BIHAR_725,24,2048,SAFProductionSite,site_BIHAR_725,BIHAR,inv_12,87128.37946996115,83218.04745941072,3910.3320105504245,0.0,0.0,1525.71,285.71,600.0,250.0,100000.0,True,site_BIHAR_725,1.0,,,,,,,,,,,18890233.573714912,,,,0,467.50000000000006,86458.07461765366,425.0,425.0,,
24,site_MADHYA_PRADESH_1615,24,2048,SAFProductionSite,site_MADHYA_PRADESH_1615,MADHYA_PRADESH,inv_19,28524.054565996266,28524.054565996266,0.0,50640.144827221506,15192043.448166452,1525.71,285.71,600.0,250.0,100000.0,True,site_MADHYA_PRADESH_1615,1.0,,,,,,,,,,,6769769.569389001,,,,0,473.00000000000006,82175.48493991613,430.0,430.0,,
24,site_UTTAR_PRADESH_2182,24,2048,SAFProductionSite,site_UTTAR_PRADESH_2182,UTTAR_PRADESH,inv_23,0.0,0.0,0.0,0.0,0.0,1525.71,285.71,600.0,250.0,100000.0,False,site_UTTAR_PRADESH_2182,1.0,,,,,,,,,,,-125000000.0,,,,0,473.00000000000006,88418.01075474071,430.0,430.0,,
24,site_TELANGANA_2516,24,2048,SAFProductionSite,site_TELANGANA_2516,TELANGANA,inv_25,0.0,0.0,0.0,0.0,0.0,1525.71,285.71,600.0,250.0,100000.0,False,site_TELANGANA_2516,1.0,,,,,,,,,,,,,,,0,478.50000000000006,89631.22631233465,435.0,435.0,,
25,site_GUJARAT_001,25,2049,SAFProductionSite,site_GUJARAT_001,GUJARAT,inv_01,86077.97694923016,82441.9613195728,3636.015629657355,0.0,0.0,1540.71,285.71,600.0,250.0,100000.0,True,site_GUJARAT_001,1.0,,,,,,,,,,,17962383.51912135,,,,0,495.00000000000006,86562.40829619016,450.0,450.0,,
25,site_PUNJAB_020,25,2049,SAFProductionSite,site_PUNJAB_020,PUNJAB,inv_02,86668.9411509339,83157.60361719746,3511.3375337364414,0.0,0.0,1495.71,285.71,600.0,250.0,100000.0,True,site_PUNJAB_020,1.0,,,,,,,,,,,23751080.665529072,,,,0,440.00000000000006,85109.34684683023,400.0,400.0,,
25,site_CHHATTISGARH_245,25,2049,SAFProductionSite,site_CHHATTISGARH_245,CHHATTISGARH,inv_06,0.0,0.0,0.0,76550.46809305571,22965140.427916713,1495.71,285.71,600.0,250.0,100000.0,True,site_CHHATTISGARH_245,1.0,,,,,,,,,,,-22965140.427916713,,,,0,440.00000000000006,0.0,400.0,400.0,,
25,site_HARYANA_525,25,2049,SAFProductionSite,site_HARYANA_525,HARYANA,inv_10,87439.61533966647,83543.15653825803,3896.458801408444,0.0,0.0,1495.71,285.71,600.0,250.0,100000.0,True,site_HARYANA_525,1.0,,,,,,,,,,,23569415.284632787,,,,0,445.50000000000006,86545.10098269311,405.0,405.0,,
25,site_ODISHA_624,25,2049,SAFProductionSite,site_ODISHA_624,ODISHA,inv_11,88067.12499213619,86578.80763598072,1488.3173561554722,0.0,0.0,1495.71,285.71,600.0,250.0,100000.0,True,site_ODISHA_624,1.0,,,,,,,,,,,23840556.458391815,,,,0,445.50000000000006,89404.74534625192,405.0,405.0,,
25,site_BIHAR_725,25,2049,SAFProductionSite,site_BIHAR_725,BIHAR,inv_12,87128.37946996115,83843.64982009528,3284.729649865869,0.0,0.0,1525.71,285.71,600.0,250.0,100000.0,True,site_BIHAR_725,1.0,,,,,,,,,,,19303322.507381782,,,,0,467.50000000000006,86458.07461765366,425.0,425.0,,
25,site_MADHYA_PRADESH_1615,25,2049,SAFProductionSite,site_MADHYA_PRADESH_1615,MADHYA_PRADESH,inv_19,65083.246582017935,65083.246582017935,0.0,14348.233594812293,4304470.078443687,1525.71,285.71,600.0,250.0,100000.0,True,site_MADHYA_PRADESH_1615,1.0,,,,,,,,,,,15771978.402694553,,,,0,473.00000000000006,82175.48493991613,430.0,430.0,,
25,site_UTTAR_PRADESH_2182,25,2049,SAFProductionSite,site_UTTAR_PRADESH_2182,UTTAR_PRADESH,inv_23,0.0,0.0,0.0,0.0,0.0,1525.71,285.71,600.0,250.0,100000.0,True,site_UTTAR_PRADESH_2182,1.0,,,,,,,,,,,-125000000.0,,,,0,473.00000000000006,88418.01075474071,430.0,430.0,,
25,site_TELANGANA_2516,25,2049,SAFProductionSite,site_TELANGANA_2516,TELANGANA,inv_25,0.0,0.0,0.0,0.0,0.0,1525.71,285.71,600.0,250.0,100000.0,False,site_TELANGANA_2516,1.0,,,,,,,,,,,-125000000.0,,,,0,478.50000000000006,89631.22631233465,435.0,435.0,,
26,site_GUJARAT_001,26,2050,SAFProductionSite,site_GUJARAT_001,GUJARAT,inv_01,86281.34646589316,82555.74116224555,3725.605303647608,0.0,0.0,1540.71,285.71,600.0,250.0,100000.0,True,site_GUJARAT_001,1.0,,,,,,,,,,,17904278.81451556,,,,0,495.00000000000006,86562.40829619016,450.0,450.0,,
26,site_PUNJAB_020,26,2050,SAFProductionSite,site_PUNJAB_020,PUNJAB,inv_02,87266.2362009316,82914.2555995256,4351.980601406001,0.0,0.0,1495.71,285.71,600.0,250.0,100000.0,True,site_PUNJAB_020,1.0,,,,,,,,,,,23914765.634160593,,,,0,440.00000000000006,85109.34684683023,400.0,400.0,,
26,site_CHHATTISGARH_245,26,2050,SAFProductionSite,site_CHHATTISGARH_245,CHHATTISGARH,inv_06,0.0,0.0,0.0,77390.32860104003,23217098.58031201,1495.71,285.71,600.0,250.0,100000.0,True,site_CHHATTISGARH_245,1.0,,,,,,,,,,,-23217098.58031201,,,,0,440.00000000000006,80197.30664774435,400.0,400.0,,
26,site_HARYANA_525,26,2050,SAFProductionSite,site_HARYANA_525,HARYANA,inv_10,86749.38296311711,82883.68209686398,3865.70086625313,0.0,0.0,1495.71,285.71,600.0,250.0,100000.0,True,site_HARYANA_525,1.0,,,,,,,,,,,23383362.618886307,,,,0,445.50000000000006,86545.10098269311,405.0,405.0,,
26,site_ODISHA_624,26,2050,SAFProductionSite,site_ODISHA_624,ODISHA,inv_11,89396.4440498724,86327.27973812874,3069.1643117436615,0.0,0.0,1495.71,285.71,600.0,250.0,100000.0,True,site_ODISHA_624,1.0,,,,,,,,,,,24200414.987326503,,,,0,445.50000000000006,89404.74534625192,405.0,405.0,,
26,site_BIHAR_725,26,2050,SAFProductionSite,site_BIHAR_725,BIHAR,inv_12,87404.30822702544,83481.59250111219,3922.715725913251,0.0,0.0,1525.71,285.71,600.0,250.0,100000.0,True,site_BIHAR_725,1.0,,,,,,,,,,,19224486.902200952,,,,0,467.50000000000006,86458.07461765366,425.0,425.0,,
26,site_MADHYA_PRADESH_1615,26,2050,SAFProductionSite,site_MADHYA_PRADESH_1615,MADHYA_PRADESH,inv_19,11658.352478983405,11658.352478983405,0.0,68199.5358718236,20459860.761547077,1525.71,285.71,600.0,250.0,100000.0,True,site_MADHYA_PRADESH_1615,1.0,,,,,,,,,,,2825232.193630768,,,,0,473.00000000000006,82175.48493991613,430.0,430.0,,
26,site_UTTAR_PRADESH_2182,26,2050,SAFProductionSite,site_UTTAR_PRADESH_2182,UTTAR_PRADESH,inv_23,87958.03602613248,85918.53989652997,2039.496129602514,0.0,0.0,1525.71,285.71,600.0,250.0,100000.0,True,site_UTTAR_PRADESH_2182,1.0,,,,,,,,,,,19985199.20973946,,,,0,473.00000000000006,88418.01075474071,430.0,430.0,,
26,site_TELANGANA_2516,26,2050,SAFProductionSite,site_TELANGANA_2516,TELANGANA,inv_25,0.0,0.0,0.0,0.0,0.0,1525.71,285.71,600.0,250.0,100000.0,False,site_TELANGANA_2516,1.0,,,,,,,,,,,-125000000.0,,,,0,478.50000000000006,89631.22631233465,435.0,435.0,,
27,site_GUJARAT_001,27,2051,SAFProductionSite,site_GUJARAT_001,GUJARAT,inv_01,86400.42512279736,83829.65097402497,2570.7741487723833,0.0,0.0,1540.71,285.71,600.0,250.0,100000.0,True,site_GUJARAT_001,1.0,,,,,,,,,,,17870256.85145147,,,,0,495.00000000000006,86562.40829619016,450.0,450.0,,
27,site_PUNJAB_020,27,2051,SAFProductionSite,site_PUNJAB_020,PUNJAB,inv_02,86294.17380949289,81990.67010883412,4303.503700658766,0.0,0.0,1495.71,285.71,600.0,250.0,100000.0,True,site_PUNJAB_020,1.0,,,,,,,,,,,23648378.022123396,,,,0,440.00000000000006,85109.34684683023,400.0,400.0,,
27,site_CHHATTISGARH_245,27,2051,SAFProductionSite,site_CHHATTISGARH_245,CHHATTISGARH,inv_06,0.0,0.0,0.0,77216.04076363478,23164812.229090434,1495.71,285.71,600.0,250.0,100000.0,True,site_CHHATTISGARH_245,1.0,,,,,,,,,,,-23164812.229090434,,,,0,440.00000000000006,80197.30664774435,400.0,400.0,,
27,site_HARYANA_525,27,2051,SAFProductionSite,site_HARYANA_525,HARYANA,inv_10,86273.11093613418,82428.63356593822,3844.477370195964,0.0,0.0,1495.71,285.71,600.0,250.0,100000.0,True,site_HARYANA_525,1.0,,,,,,,,,,,23254983.12923728,,,,0,445.50000000000006,86545.10098269311,405.0,405.0,,
27,site_ODISHA_624,27,2051,SAFProductionSite,site_ODISHA_624,ODISHA,inv_11,88496.70483535549,85458.43042663226,3038.2744087232277,0.0,0.0,1495.71,285.71,600.0,250.0,100000.0,True,site_ODISHA_624,1.0,,,,,,,,,,,23956847.55460474,,,,0,445.50000000000006,89404.74534625192,405.0,405.0,,
27,site_BIHAR_725,27,2051,SAFProductionSite,site_BIHAR_725,BIHAR,inv_12,87404.30822702544,84401.86757831188,3002.4406487135566,0.0,0.0,1525.71,285.71,600.0,250.0,100000.0,True,site_BIHAR_725,1.0,,,,,,,,,,,19224486.902200952,,,,0,467.50000000000006,86458.07461765366,425.0,425.0,,
27,site_MADHYA_PRADESH_1615,27,2051,SAFProductionSite,site_MADHYA_PRADESH_1615,MADHYA_PRADESH,inv_19,51388.289439396234,51388.289439396234,0.0,28055.548053885926,8416664.416165778,1525.71,285.71,600.0,250.0,100000.0,True,site_MADHYA_PRADESH_1615,1.0,,,,,,,,,,,12453204.684068546,,,,0,473.00000000000006,82175.48493991613,430.0,430.0,,
27,site_UTTAR_PRADESH_2182,27,2051,SAFProductionSite,site_UTTAR_PRADESH_2182,UTTAR_PRADESH,inv_23,87327.16254811967,84025.19206978829,3301.970478331379,0.0,0.0,1525.71,285.71,600.0,250.0,100000.0,True,site_UTTAR_PRADESH_2182,1.0,,,,,,,,,,,20165446.071142495,,,,0,473.00000000000006,88418.01075474071,430.0,430.0,,
27,site_TELANGANA_2516,27,2051,SAFProductionSite,site_TELANGANA_2516,TELANGANA,inv_25,0.0,0.0,0.0,0.0,0.0,1525.71,285.71,600.0,250.0,100000.0,True,site_TELANGANA_2516,1.0,,,,,,,,,,,-125000000.0,,,,0,478.50000000000006,89631.22631233465,435.0,435.0,,
27,site_KARNATAKA_3051,27,2051,SAFProductionSite,site_KARNATAKA_3051,KARNATAKA,inv_28,0.0,0.0,0.0,0.0,0.0,1540.71,285.71,600.0,250.0,100000.0,False,site_KARNATAKA_3051,1.0,,,,,,,,,,,,,,,0,489.50000000000006,89372.55337479417,445.00000000000006,445.00000000000006,,
28,site_GUJARAT_001,28,2052,SAFProductionSite,site_GUJARAT_001,GUJARAT,inv_01,87733.66188811854,84701.70820633766,3031.953681780884,0.0,0.0,1540.71,285.71,600.0,250.0,100000.0,True,site_GUJARAT_001,1.0,,,,,,,,,,,17489337.775231555,,,,0,495.00000000000006,86562.40829619016,450.0,450.0,,
28,site_PUNJAB_020,28,2052,SAFProductionSite,site_PUNJAB_020,PUNJAB,inv_02,85423.31111157626,81163.23746740687,4260.073644169388,0.0,0.0,1495.71,285.71,600.0,250.0,100000.0,True,site_PUNJAB_020,1.0,,,,,,,,,,,23409723.55245824,,,,0,440.00000000000006,85109.34684683023,400.0,400.0,,
28,site_CHHATTISGARH_245,28,2052,SAFProductionSite,site_CHHATTISGARH_245,CHHATTISGARH,inv_06,0.0,0.0,0.0,78207.02511599215,23462107.534797642,1495.71,285.71,600.0,250.0,100000.0,True,site_CHHATTISGARH_245,1.0,,,,,,,,,,,-23462107.534797642,,,,0,440.00000000000006,80197.30664774435,400.0,400.0,,
28,site_HARYANA_525,28,2052,SAFProductionSite,site_HARYANA_525,HARYANA,inv_10,86273.11093613418,82921.93722096413,3351.173715170051,0.0,0.0,1495.71,285.71,600.0,250.0,100000.0,True,site_HARYANA_525,1.0,,,,,,,,,,,23254983.12923728,,,,0,445.50000000000006,86545.10098269311,405.0,405.0,,
28,site_ODISHA_624,28,2052,SAFProductionSite,site_ODISHA_624,ODISHA,inv_11,88496.70483535549,87047.88445017021,1448.820385185274,0.0,0.0,1495.71,285.71,600.0,250.0,100000.0,True,site_ODISHA_624,1.0,,,,,,,,,,,23956847.55460474,,,,0,445.50000000000006,89404.74534625192,405.0,405.0,,
28,site_BIHAR_725,28,2052,SAFProductionSite,site_BIHAR_725,BIHAR,inv_12,88367.82610074281,84417.7874950624,3950.0386056804127,0.0,0.0,1525.71,285.71,600.0,250.0,100000.0,True,site_BIHAR_725,1.0,,,,,,,,,,,18949200.210501164,,,,0,467.50000000000006,86458.07461765366,425.0,425.0,,
28,site_MADHYA_PRADESH_1615,28,2052,SAFProductionSite,site_MADHYA_PRADESH_1615,MADHYA_PRADESH,inv_19,3195.167612039426,3195.167612039426,0.0,74935.54802806854,22480664.408420563,1525.71,285.71,600.0,250.0,100000.0,True,site_MADHYA_PRADESH_1615,1.0,,,,,,,,,,,774302.4083251329,,,,0,473.00000000000006,82175.48493991613,430.0,430.0,,
28,site_UTTAR_PRADESH_2182,28,2052,SAFProductionSite,site_UTTAR_PRADESH_2182,UTTAR_PRADESH,inv_23,87327.16254811967,86516.28680068359,810.8757474360755,0.0,0.0,1525.71,285.71,600.0,250.0,100000.0,True,site_UTTAR_PRADESH_2182,1.0,,,,,,,,,,,20165446.071142495,,,,0,473.00000000000006,88418.01075474071,430.0,430.0,,
28,site_TELANGANA_2516,28,2052,SAFProductionSite,site_TELANGANA_2516,TELANGANA,inv_25,88512.19226999691,85897.0660069689,2615.1262630280107,0.0,0.0,1525.71,285.71,600.0,250.0,100000.0,True,site_TELANGANA_2516,1.0,,,,,,,,,,,20507850.726275966,,,,0,478.50000000000006,89631.22631233465,435.0,435.0,,
28,site_KARNATAKA_3051,28,2052,SAFProductionSite,site_KARNATAKA_3051,KARNATAKA,inv_28,0.0,0.0,0.0,0.0,0.0,1540.71,285.71,600.0,250.0,100000.0,False,site_KARNATAKA_3051,1.0,,,,,,,,,,,-125000000.0,,,,0,489.50000000000006,89372.55337479417,445.00000000000006,445.00000000000006,,
29,site_GUJARAT_001,29,2053,SAFProductionSite,site_GUJARAT_001,GUJARAT,inv_01,87524.24717231722,83629.55488597116,3894.692286346064,0.0,0.0,1540.71,285.71,600.0,250.0,100000.0,True,site_GUJARAT_001,1.0,,,,,,,,,,,17549169.65368314,,,,0,495.00000000000006,86562.40829619016,450.0,450.0,,
29,site_PUNJAB_020,29,2053,SAFProductionSite,site_PUNJAB_020,PUNJAB,inv_02,85423.31111157626,82916.69306955603,2506.618042020229,0.0,0.0,1495.71,285.71,600.0,250.0,100000.0,True,site_PUNJAB_020,1.0,,,,,,,,,,,23409723.55245824,,,,0,440.00000000000006,85109.34684683023,400.0,400.0,,
29,site_CHHATTISGARH_245,29,2053,SAFProductionSite,site_CHHATTISGARH_245,CHHATTISGARH,inv_06,0.0,0.0,0.0,78389.60103765262,23516880.31129579,1495.71,285.71,600.0,250.0,100000.0,True,site_CHHATTISGARH_245,1.0,,,,,,,,,,,-23516880.31129579,,,,0,440.00000000000006,80197.30664774435,400.0,400.0,,
29,site_HARYANA_525,29,2053,SAFProductionSite,site_HARYANA_525,HARYANA,inv_10,86774.70370470293,82907.87450290043,3866.829201802495,0.0,0.0,1495.71,285.71,600.0,250.0,100000.0,True,site_HARYANA_525,1.0,,,,,,,,,,,23390187.844173893,,,,0,445.50000000000006,0.0,405.0,405.0,,
29,site_ODISHA_624,29,2053,SAFProductionSite,site_ODISHA_624,ODISHA,inv_11,88443.94376629635,85407.48075389795,3036.463012398395,0.0,0.0,1495.71,285.71,600.0,250.0,100000.0,True,site_ODISHA_624,1.0,,,,,,,,,,,23942564.66248329,,,,0,445.50000000000006,89404.74534625192,405.0,405.0,,
29,site_BIHAR_725,29,2053,SAFProductionSite,site_BIHAR_725,BIHAR,inv_12,87911.49715606014,83966.01873082129,3945.478425238849,0.0,0.0,1525.71,285.71,600.0,250.0,100000.0,True,site_BIHAR_725,1.0,,,,,,,,,,,19079577.95328644,,,,0,467.50000000000006,86458.07461765366,425.0,425.0,,
29,site_MADHYA_PRADESH_1615,29,2053,SAFProductionSite,site_MADHYA_PRADESH_1615,MADHYA_PRADESH,inv_19,37819.51714476237,37819.51714476237,0.0,40368.212694919086,12110463.808475725,1525.71,285.71,600.0,250.0,100000.0,True,site_MADHYA_PRADESH_1615,1.0,,,,,,,,,,,9165010.028438479,,,,0,473.00000000000006,82175.48493991613,430.0,430.0,,
29,site_UTTAR_PRADESH_2182,29,2053,SAFProductionSite,site_UTTAR_PRADESH_2182,UTTAR_PRADESH,inv_23,88536.95293791202,85189.23847757663,3347.7144603353954,0.0,0.0,1525.71,285.71,600.0,250.0,100000.0,True,site_UTTAR_PRADESH_2182,1.0,,,,,,,,,,,19819796.858874932,,,,0,473.00000000000006,88418.01075474071,430.0,430.0,,
29,site_TELANGANA_2516,29,2053,SAFProductionSite,site_TELANGANA_2516,TELANGANA,inv_25,88878.10489655334,87360.89919552661,1517.2057010267308,0.0,0.0,1525.71,285.71,600.0,250.0,100000.0,True,site_TELANGANA_2516,1.0,,,,,,,,,,,20403305.82974252,,,,0,478.50000000000006,89631.22631233465,435.0,435.0,,
29,site_KARNATAKA_3051,29,2053,SAFProductionSite,site_KARNATAKA_3051,KARNATAKA,inv_28,0.0,0.0,0.0,0.0,0.0,1540.71,285.71,600.0,250.0,100000.0,False,site_KARNATAKA_3051,1.0,,,,,,,,,,,-125000000.0,,,,0,489.50000000000006,89372.55337479417,445.00000000000006,445.00000000000006,,
30,site_GUJARAT_001,30,2054,SAFProductionSite,site_GUJARAT_001,GUJARAT,inv_01,87524.24717231722,83640.01849745392,3884.228674863305,0.0,0.0,1540.71,285.71,600.0,250.0,100000.0,True,site_GUJARAT_001,1.0,,,,,,,,,,,17549169.65368314,,,,0,495.00000000000006,86562.40829619016,450.0,450.0,,
30,site_PUNJAB_020,30,2054,SAFProductionSite,site_PUNJAB_020,PUNJAB,inv_02,85863.26628756199,81581.25201119929,4282.014276362694,0.0,0.0,1495.71,285.71,600.0,250.0,100000.0,True,site_PUNJAB_020,1.0,,,,,,,,,,,23530290.51376283,,,,0,440.00000000000006,85109.34684683023,400.0,400.0,,
30,site_CHHATTISGARH_245,30,2054,SAFProductionSite,site_CHHATTISGARH_245,CHHATTISGARH,inv_06,0.0,0.0,0.0,78309.39077940969,23492817.23382291,1495.71,285.71,600.0,250.0,100000.0,True,site_CHHATTISGARH_245,1.0,,,,,,,,,,,-23492817.23382291,,,,0,440.00000000000006,80197.30664774435,400.0,400.0,,
30,site_HARYANA_525,30,2054,SAFProductionSite,site_HARYANA_525,HARYANA,inv_10,86442.91828357897,82590.87400757121,3852.0442760077567,0.0,0.0,1495.71,285.71,600.0,250.0,100000.0,True,site_HARYANA_525,1.0,,,,,,,,,,,23300754.829796135,,,,0,445.50000000000006,86545.10098269311,405.0,405.0,,
30,site_ODISHA_624,30,2054,SAFProductionSite,site_ODISHA_624,ODISHA,inv_11,88312.75581085292,85280.79675155084,3031.959059302084,0.0,0.0,1495.71,285.71,600.0,250.0,100000.0,True,site_ODISHA_624,1.0,,,,,,,,,,,23907050.91250351,,,,0,445.50000000000006,0.0,405.0,405.0,,
30,site_BIHAR_725,30,2054,SAFProductionSite,site_BIHAR_725,BIHAR,inv_12,87422.13531569632,83498.61950792788,3923.515807768432,0.0,0.0,1525.71,285.71,600.0,250.0,100000.0,True,site_BIHAR_725,1.0,,,,,,,,,,,19219393.524696797,,,,0,467.50000000000006,86458.07461765366,425.0,425.0,,
30,site_MADHYA_PRADESH_1615,30,2054,SAFProductionSite,site_MADHYA_PRADESH_1615,MADHYA_PRADESH,inv_19,80547.11355872278,80322.01940979753,225.09414892524364,0.0,0.0,1525.71,285.71,600.0,250.0,100000.0,True,site_MADHYA_PRADESH_1615,1.0,,,,,,,,,,,19338112.203723356,,,,0,473.00000000000006,82175.48493991613,430.0,430.0,,
30,site_UTTAR_PRADESH_2182,30,2054,SAFProductionSite,site_UTTAR_PRADESH_2182,UTTAR_PRADESH,inv_23,88536.95293791202,85668.14439856006,2868.8085393519577,0.0,0.0,1525.71,285.71,600.0,250.0,100000.0,True,site_UTTAR_PRADESH_2182,1.0,,,,,,,,,,,19819796.858874932,,,,0,473.00000000000006,88418.01075474071,430.0,430.0,,
30,site_TELANGANA_2516,30,2054,SAFProductionSite,site_TELANGANA_2516,TELANGANA,inv_25,90044.76377748924,87024.59426626297,3020.169511226268,0.0,0.0,1525.71,285.71,600.0,250.0,100000.0,True,site_TELANGANA_2516,1.0,,,,,,,,,,,20069979.72087033,,,,0,478.50000000000006,89631.22631233465,435.0,435.0,,
30,site_KARNATAKA_3051,30,2054,SAFProductionSite,site_KARNATAKA_3051,KARNATAKA,inv_28,0.0,0.0,0.0,0.0,0.0,1540.71,285.71,600.0,250.0,100000.0,True,site_KARNATAKA_3051,1.0,,,,,,,,,,,-125000000.0,,,,0,489.50000000000006,89372.55337479417,445.00000000000006,445.00000000000006,,
31,site_GUJARAT_001,31,2055,SAFProductionSite,site_GUJARAT_001,GUJARAT,inv_01,87535.19808218374,84602.96186840387,2932.2362137798627,0.0,0.0,1540.71,285.71,600.0,250.0,100000.0,True,site_GUJARAT_001,1.0,,,,,,,,,,,17963529.634563714,,,,0,495.00000000000006,86562.40829619016,450.0,450.0,,
31,site_PUNJAB_020,31,2055,SAFProductionSite,site_PUNJAB_020,PUNJAB,inv_02,85863.26628756199,81688.59266926804,4174.673618293949,0.0,0.0,1495.71,285.71,600.0,250.0,100000.0,True,site_PUNJAB_020,1.0,,,,,,,,,,,23959606.845200628,,,,0,440.00000000000006,85109.34684683023,400.0,400.0,,
31,site_CHHATTISGARH_245,31,2055,SAFProductionSite,site_CHHATTISGARH_245,CHHATTISGARH,inv_06,0.0,0.0,0.0,78270.823000321,23481246.9000963,1495.71,285.71,600.0,250.0,100000.0,True,site_CHHATTISGARH_245,1.0,,,,,,,,,,,-23481246.9000963,,,,0,440.00000000000006,80197.30664774435,400.0,400.0,,
31,site_HARYANA_525,31,2055,SAFProductionSite,site_HARYANA_525,HARYANA,inv_10,86442.91828357897,82631.06557203153,3811.8527115474426,0.0,0.0,1495.71,285.71,600.0,250.0,100000.0,True,site_HARYANA_525,1.0,,,,,,,,,,,23732969.421214014,,,,0,445.50000000000006,86545.10098269311,405.0,405.0,,
31,site_ODISHA_624,31,2055,SAFProductionSite,site_ODISHA_624,ODISHA,inv_11,88274.90882212248,85244.24912800603,3030.659694116446,0.0,0.0,1495.71,285.71,600.0,250.0,100000.0,True,site_ODISHA_624,1.0,,,,,,,,,,,24338179.93909906,,,,0,445.50000000000006,89404.74534625192,405.0,405.0,,
31,site_BIHAR_725,31,2055,SAFProductionSite,site_BIHAR_725,BIHAR,inv_12,86378.61060861351,82501.928313539,3876.682295074512,0.0,0.0,1525.71,285.71,600.0,250.0,100000.0,True,site_BIHAR_725,1.0,,,,,,,,,,,21961302.36095515,,,,0,467.50000000000006,0.0,425.0,425.0,,
31,site_MADHYA_PRADESH_1615,31,2055,SAFProductionSite,site_MADHYA_PRADESH_1615,MADHYA_PRADESH,inv_19,35551.39074591594,35551.39074591594,0.0,42864.32124859819,12859296.374579458,1525.71,285.71,600.0,250.0,100000.0,True,site_MADHYA_PRADESH_1615,1.0,,,,,,,,,,,8793119.531312846,,,,0,473.00000000000006,82175.48493991613,430.0,430.0,,
31,site_UTTAR_PRADESH_2182,31,2055,SAFProductionSite,site_UTTAR_PRADESH_2182,UTTAR_PRADESH,inv_23,87908.99342879608,84585.02305564027,3323.970373155811,0.0,0.0,1525.71,285.71,600.0,250.0,100000.0,True,site_UTTAR_PRADESH_2182,1.0,,,,,,,,,,,21978984.087267846,,,,0,473.00000000000006,88418.01075474071,430.0,430.0,,
31,site_TELANGANA_2516,31,2055,SAFProductionSite,site_TELANGANA_2516,TELANGANA,inv_25,89182.06802925821,86190.8339862032,2991.2340430550103,0.0,0.0,1525.71,285.71,600.0,250.0,100000.0,True,site_TELANGANA_2516,1.0,,,,,,,,,,,20751624.960893348,,,,0,478.50000000000006,89631.22631233465,435.0,435.0,,
31,site_KARNATAKA_3051,31,2055,SAFProductionSite,site_KARNATAKA_3051,KARNATAKA,inv_28,89792.89308658137,86767.48553833914,3025.407548242234,0.0,0.0,1540.71,285.71,600.0,250.0,100000.0,True,site_KARNATAKA_3051,1.0,,,,,,,,,,,19807043.38122502,,,,0,489.50000000000006,89372.55337479417,445.00000000000006,445.00000000000006,,
32,site_GUJARAT_001,32,2056,SAFProductionSite,site_GUJARAT_001,GUJARAT,inv_01,88205.64011783309,84280.62690974693,3925.0132080861513,0.0,0.0,1540.71,285.71,600.0,250.0,100000.0,True,site_GUJARAT_001,1.0,,,,,,,,,,,17771977.640558332,,,,0,495.00000000000006,86562.40829619016,450.0,450.0,,
32,site_PUNJAB_020,32,2056,SAFProductionSite,site_PUNJAB_020,PUNJAB,inv_02,85976.2410125144,82461.98031642527,3514.260696089128,0.0,0.0,1495.71,285.71,600.0,250.0,100000.0,True,site_PUNJAB_020,1.0,,,,,,,,,,,23991131.734834343,,,,0,440.00000000000006,85109.34684683023,400.0,400.0,,
32,site_CHHATTISGARH_245,32,2056,SAFProductionSite,site_CHHATTISGARH_245,CHHATTISGARH,inv_06,0.0,0.0,0.0,77125.58218229588,23137674.654688764,1495.71,285.71,600.0,250.0,100000.0,True,site_CHHATTISGARH_245,1.0,,,,,,,,,,,-23137674.654688764,,,,0,440.00000000000006,80197.30664774435,400.0,400.0,,
32,site_HARYANA_525,32,2056,SAFProductionSite,site_HARYANA_525,HARYANA,inv_10,86484.98438548284,84341.47098941934,2143.5133960634994,0.0,0.0,1495.71,285.71,600.0,250.0,100000.0,True,site_HARYANA_525,1.0,,,,,,,,,,,23744518.701710075,,,,0,445.50000000000006,86545.10098269311,405.0,405.0,,
32,site_ODISHA_624,32,2056,SAFProductionSite,site_ODISHA_624,ODISHA,inv_11,88274.90882212248,87253.19915873505,1021.7096633874316,0.0,0.0,1495.71,285.71,600.0,250.0,100000.0,True,site_ODISHA_624,1.0,,,,,,,,,,,24338179.93909906,,,,0,445.50000000000006,89404.74534625192,405.0,405.0,,
32,site_BIHAR_725,32,2056,SAFProductionSite,site_BIHAR_725,BIHAR,inv_12,86378.61060861351,84678.04745476127,1700.563153852243,0.0,0.0,1525.71,285.71,600.0,250.0,100000.0,True,site_BIHAR_725,1.0,,,,,,,,,,,21961302.36095515,,,,0,467.50000000000006,86458.07461765366,425.0,425.0,,
32,site_MADHYA_PRADESH_1615,32,2056,SAFProductionSite,site_MADHYA_PRADESH_1615,MADHYA_PRADESH,inv_19,81388.41967717558,78131.55931096898,3256.8603662066016,0.0,0.0,1525.71,285.71,600.0,250.0,100000.0,True,site_MADHYA_PRADESH_1615,1.0,,,,,,,,,,,19498761.402263194,,,,0,473.00000000000006,82175.48493991613,430.0,430.0,,
32,site_UTTAR_PRADESH_2182,32,2056,SAFProductionSite,site_UTTAR_PRADESH_2182,UTTAR_PRADESH,inv_23,87908.99342879608,85484.1420120679,2424.851416728183,0.0,0.0,1525.71,285.71,600.0,250.0,100000.0,True,site_UTTAR_PRADESH_2182,1.0,,,,,,,,,,,21978984.087267846,,,,0,473.00000000000006,88418.01075474071,430.0,430.0,,
32,site_TELANGANA_2516,32,2056,SAFProductionSite,site_TELANGANA_2516,TELANGANA,inv_25,89078.67326668095,86090.90716219846,2987.7661044824927,0.0,0.0,1525.71,285.71,600.0,250.0,100000.0,True,site_TELANGANA_2516,1.0,,,,,,,,,,,20781165.878509298,,,,0,478.50000000000006,89631.22631233465,435.0,435.0,,
32,site_KARNATAKA_3051,32,2056,SAFProductionSite,site_KARNATAKA_3051,KARNATAKA,inv_28,89862.78757417227,87050.43266610138,2812.354908070891,0.0,0.0,1540.71,285.71,600.0,250.0,100000.0,True,site_KARNATAKA_3051,1.0,,,,,,,,,,,19787073.827175424,,,,0,489.50000000000006,89372.55337479417,445.00000000000006,445.00000000000006,,
32,site_ANDHRA_PRADESH_3930,32,2056,SAFProductionSite,site_ANDHRA_PRADESH_3930,ANDHRA_PRADESH,inv_11,0.0,0.0,0.0,0.0,0.0,1540.71,285.71,600.0,250.0,100000.0,False,site_ANDHRA_PRADESH_3930,1.0,,,,,,,,,,,,,,,0,495.00000000000006,81960.83413849205,450.0,450.0,,
33,site_GUJARAT_001,33,2057,SAFProductionSite,site_GUJARAT_001,GUJARAT,inv_01,87677.48133802481,83775.97037065643,3901.5109673683764,0.0,0.0,1540.71,285.71,600.0,250.0,100000.0,True,site_GUJARAT_001,1.0,,,,,,,,,,,18757855.416214377,,,,0,495.00000000000006,86562.40829619016,450.0,450.0,,
33,site_PUNJAB_020,33,2057,SAFProductionSite,site_PUNJAB_020,PUNJAB,inv_02,85385.9690068415,81127.75761917011,4258.211387671385,0.0,0.0,1495.71,285.71,600.0,250.0,100000.0,True,site_PUNJAB_020,1.0,,,,,,,,,,,24680279.717566967,,,,0,440.00000000000006,85109.34684683023,400.0,400.0,,
33,site_CHHATTISGARH_245,33,2057,SAFProductionSite,site_CHHATTISGARH_245,CHHATTISGARH,inv_06,34022.99581474958,34022.99581474958,0.0,44189.02039458307,13256706.118374921,1495.71,285.71,600.0,250.0,100000.0,True,site_CHHATTISGARH_245,1.0,,,,,,,,,,,-3489421.1342416257,,,,0,440.00000000000006,80197.30664774435,400.0,400.0,,
33,site_HARYANA_525,33,2057,SAFProductionSite,site_HARYANA_525,HARYANA,inv_10,88275.16323397754,84399.05521020351,3876.1080237740243,0.0,0.0,1495.71,285.71,600.0,250.0,100000.0,True,site_HARYANA_525,1.0,,,,,,,,,,,25118765.307998464,,,,0,445.50000000000006,86545.10098269311,405.0,405.0,,
33,site_ODISHA_624,33,2057,SAFProductionSite,site_ODISHA_624,ODISHA,inv_11,89179.1324665321,86117.4289096675,3061.703556864595,0.0,0.0,1495.71,285.71,600.0,250.0,100000.0,True,site_ODISHA_624,1.0,,,,,,,,,,,25479273.789889604,,,,0,445.50000000000006,89404.74534625192,405.0,405.0,,
33,site_BIHAR_725,33,2057,SAFProductionSite,site_BIHAR_725,BIHAR,inv_12,86236.98957446121,82366.6632482063,3870.3263262549153,0.0,0.0,1525.71,285.71,600.0,250.0,100000.0,True,site_BIHAR_725,1.0,,,,,,,,,,,22787665.86194791,,,,0,467.50000000000006,86458.07461765366,425.0,425.0,,
33,site_MADHYA_PRADESH_1615,33,2057,SAFProductionSite,site_MADHYA_PRADESH_1615,MADHYA_PRADESH,inv_19,83215.76595711581,79856.58435658916,3359.181600526659,0.0,0.0,1525.71,285.71,600.0,250.0,100000.0,True,site_MADHYA_PRADESH_1615,1.0,,,,,,,,,,,21414367.289013922,,,,0,473.00000000000006,82175.48493991613,430.0,430.0,,
33,site_UTTAR_PRADESH_2182,33,2057,SAFProductionSite,site_UTTAR_PRADESH_2182,UTTAR_PRADESH,inv_23,87862.17726888906,84539.97708468031,3322.2001842087484,0.0,0.0,1525.71,285.71,600.0,250.0,100000.0,True,site_UTTAR_PRADESH_2182,1.0,,,,,,,,,,,22845900.895612493,,,,0,473.00000000000006,88418.01075474071,430.0,430.0,,
33,site_TELANGANA_2516,33,2057,SAFProductionSite,site_TELANGANA_2516,TELANGANA,inv_25,89078.67326668095,86279.7481512955,2798.9251153854566,0.0,0.0,1525.71,285.71,600.0,250.0,100000.0,True,site_TELANGANA_2516,1.0,,,,,,,,,,,22758673.126814693,,,,0,478.50000000000006,89631.22631233465,435.0,435.0,,
33,site_KARNATAKA_3051,33,2057,SAFProductionSite,site_KARNATAKA_3051,KARNATAKA,inv_28,88758.43352208717,85701.17069511877,3057.2628269684064,0.0,0.0,1540.71,285.71,600.0,250.0,100000.0,True,site_KARNATAKA_3051,1.0,,,,,,,,,,,20975217.777198553,,,,0,489.50000000000006,89372.55337479417,445.00000000000006,445.00000000000006,,
33,site_ANDHRA_PRADESH_3930,33,2057,SAFProductionSite,site_ANDHRA_PRADESH_3930,ANDHRA_PRADESH,inv_11,0.0,0.0,0.0,0.0,0.0,1540.71,285.71,600.0,250.0,100000.0,False,site_ANDHRA_PRADESH_3930,1.0,,,,,,,,,,,-125000000.0,,,,0,495.00000000000006,81960.83413849205,450.0,450.0,,
34,site_GUJARAT_001,34,2058,SAFProductionSite,site_GUJARAT_001,GUJARAT,inv_01,87677.48133802481,84454.82644067181,3222.6548973530007,0.0,0.0,1540.71,285.71,600.0,250.0,100000.0,True,site_GUJARAT_001,1.0,,,,,,,,,,,18757855.416214377,,,,0,495.00000000000006,86562.40829619016,450.0,450.0,,
34,site_PUNJAB_020,34,2058,SAFProductionSite,site_PUNJAB_020,PUNJAB,inv_02,85118.91152662941,80874.01833651002,4244.893190119386,0.0,0.0,1495.71,285.71,600.0,250.0,100000.0,True,site_PUNJAB_020,1.0,,,,,,,,,,,24603088.42502834,,,,0,440.00000000000006,85109.34684683023,400.0,400.0,,
34,site_CHHATTISGARH_245,34,2058,SAFProductionSite,site_CHHATTISGARH_245,CHHATTISGARH,inv_06,83037.27320436396,77633.43641573083,5403.836788633125,0.0,0.0,1495.71,285.71,600.0,250.0,100000.0,True,site_CHHATTISGARH_245,1.0,,,,,,,,,,,23838250.932057977,,,,0,440.00000000000006,80197.30664774435,400.0,400.0,,
34,site_HARYANA_525,34,2058,SAFProductionSite,site_HARYANA_525,HARYANA,inv_10,88117.3709684724,84190.71021712621,3926.660751346193,0.0,0.0,1495.71,285.71,600.0,250.0,100000.0,True,site_HARYANA_525,1.0,,,,,,,,,,,25073865.397996202,,,,0,445.50000000000006,86545.10098269311,405.0,405.0,,
34,site_ODISHA_624,34,2058,SAFProductionSite,site_ODISHA_624,ODISHA,inv_11,88323.80767418514,85291.46918161948,3032.3384925656574,0.0,0.0,1495.71,285.71,600.0,250.0,100000.0,True,site_ODISHA_624,1.0,,,,,,,,,,,25234899.865623534,,,,0,445.50000000000006,89404.74534625192,405.0,405.0,,
34,site_BIHAR_725,34,2058,SAFProductionSite,site_BIHAR_725,BIHAR,inv_12,86236.98957446121,84417.54953927897,1819.4400351822405,0.0,0.0,1525.71,285.71,600.0,250.0,100000.0,True,site_BIHAR_725,1.0,,,,,,,,,,,22787665.86194791,,,,0,467.50000000000006,86458.07461765366,425.0,425.0,,
34,site_MADHYA_PRADESH_1615,34,2058,SAFProductionSite,site_MADHYA_PRADESH_1615,MADHYA_PRADESH,inv_19,83816.64679224645,78695.72832472327,5120.918467523181,0.0,0.0,1525.71,285.71,600.0,250.0,100000.0,True,site_MADHYA_PRADESH_1615,1.0,,,,,,,,,,,21568995.234240636,,,,0,473.00000000000006,82175.48493991613,430.0,430.0,,
34,site_UTTAR_PRADESH_2182,34,2058,SAFProductionSite,site_UTTAR_PRADESH_2182,UTTAR_PRADESH,inv_23,87842.51285656398,84521.05621316288,3321.456643401092,0.0,0.0,1525.71,285.71,600.0,250.0,100000.0,True,site_UTTAR_PRADESH_2182,1.0,,,,,,,,,,,22840787.76014152,,,,0,473.00000000000006,88418.01075474071,430.0,430.0,,
34,site_TELANGANA_2516,34,2058,SAFProductionSite,site_TELANGANA_2516,TELANGANA,inv_25,88631.71680757293,85658.94196092724,2972.7748466456833,0.0,0.0,1525.71,285.71,600.0,250.0,100000.0,True,site_TELANGANA_2516,1.0,,,,,,,,,,,22644480.407258734,,,,0,478.50000000000006,89631.22631233465,435.0,435.0,,
34,site_KARNATAKA_3051,34,2058,SAFProductionSite,site_KARNATAKA_3051,KARNATAKA,inv_28,88137.61900969608,85101.7399888164,3035.8790208796854,0.0,0.0,1540.71,285.71,600.0,250.0,100000.0,True,site_KARNATAKA_3051,1.0,,,,,,,,,,,21152590.69153382,,,,0,489.50000000000006,89372.55337479417,445.00000000000006,445.00000000000006,,
34,site_ANDHRA_PRADESH_3930,34,2058,SAFProductionSite,site_ANDHRA_PRADESH_3930,ANDHRA_PRADESH,inv_11,0.0,0.0,0.0,0.0,0.0,1540.71,285.71,600.0,250.0,100000.0,False,site_ANDHRA_PRADESH_3930,1.0,,,,,,,,,,,-125000000.0,,,,0,495.00000000000006,81960.83413849205,450.0,450.0,,
34,site_WEST_BENGAL_4276,34,2058,SAFProductionSite,site_WEST_BENGAL_4276,WEST_BENGAL,inv_02,0.0,0.0,0.0,0.0,0.0,1540.71,285.71,600.0,250.0,100000.0,False,site_WEST_BENGAL_4276,1.0,,,,,,,,,,,,,,,0,500.50000000000006,88781.33805457133,454.99999999999994,454.99999999999994,,
34,site_MAHARASHTRA_4310,34,2058,SAFProductionSite,site_MAHARASHTRA_4310,MAHARASHTRA,inv_10,0.0,0.0,0.0,0.0,0.0,1570.71,285.71,600.0,250.0,100000.0,False,site_MAHARASHTRA_4310,1.0,,,,,,,,,,,,,,,0,517.0,82222.18557144729,470.00000000000006,470.00000000000006,,
34,site_TAMIL_NADU_4435,34,2058,SAFProductionSite,site_TAMIL_NADU_4435,TAMIL_NADU,inv_35,0.0,0.0,0.0,0.0,0.0,1570.71,285.71,600.0,250.0,100000.0,False,site_TAMIL_NADU_4435,1.0,,,,,,,,,,,,,,,0,522.5,81299.19183205116,475.00000000000006,475.00000000000006,,
35,site_GUJARAT_001,35,2059,SAFProductionSite,site_GUJARAT_001,GUJARAT,inv_01,86726.82570354725,82867.61742698959,3859.2082765576633,0.0,0.0,1540.71,285.71,600.0,250.0,100000.0,True,site_GUJARAT_001,1.0,,,,,,,,,,,19446956.002879485,,,,0,495.00000000000006,86562.40829619016,450.0,450.0,,
35,site_PUNJAB_020,35,2059,SAFProductionSite,site_PUNJAB_020,PUNJAB,inv_02,85118.91152662941,81183.59665321099,3935.3148734184215,0.0,0.0,1495.71,285.71,600.0,250.0,100000.0,True,site_PUNJAB_020,1.0,,,,,,,,,,,25028682.98266147,,,,0,440.00000000000006,85109.34684683023,400.0,400.0,,
35,site_CHHATTISGARH_245,35,2059,SAFProductionSite,site_CHHATTISGARH_245,CHHATTISGARH,inv_06,82216.38190601597,76546.0495358422,5670.332370173768,0.0,0.0,1495.71,285.71,600.0,250.0,100000.0,True,site_CHHATTISGARH_245,1.0,,,,,,,,,,,24013672.25203809,,,,0,440.00000000000006,80197.30664774435,400.0,400.0,,
35,site_HARYANA_525,35,2059,SAFProductionSite,site_HARYANA_525,HARYANA,inv_10,86413.57113738454,82562.83462040158,3850.7365169829573,0.0,0.0,1495.71,285.71,600.0,250.0,100000.0,True,site_HARYANA_525,1.0,,,,,,,,,,,25021115.70681019,,,,0,445.50000000000006,86545.10098269311,405.0,405.0,,
35,site_ODISHA_624,35,2059,SAFProductionSite,site_ODISHA_624,ODISHA,inv_11,88323.80767418514,86072.61131791,2251.1963562751334,0.0,0.0,1495.71,285.71,600.0,250.0,100000.0,True,site_ODISHA_624,1.0,,,,,,,,,,,25676518.90399447,,,,0,445.50000000000006,89404.74534625192,405.0,405.0,,
35,site_BIHAR_725,35,2059,SAFProductionSite,site_BIHAR_725,BIHAR,inv_12,87288.33434711331,83370.82354269369,3917.510804419624,0.0,0.0,1525.71,285.71,600.0,250.0,100000.0,True,site_BIHAR_725,1.0,,,,,,,,,,,23501919.798503056,,,,0,467.50000000000006,86458.07461765366,425.0,425.0,,
35,site_MADHYA_PRADESH_1615,35,2059,SAFProductionSite,site_MADHYA_PRADESH_1615,MADHYA_PRADESH,inv_19,83816.64679224645,79264.02183765138,4552.62495459507,0.0,0.0,1525.71,285.71,600.0,250.0,100000.0,True,site_MADHYA_PRADESH_1615,1.0,,,,,,,,,,,21988078.468201876,,,,0,473.00000000000006,82175.48493991613,430.0,430.0,,
35,site_UTTAR_PRADESH_2182,35,2059,SAFProductionSite,site_UTTAR_PRADESH_2182,UTTAR_PRADESH,inv_23,87842.51285656398,85204.50890365426,2638.003952909712,0.0,0.0,1525.71,285.71,600.0,250.0,100000.0,True,site_UTTAR_PRADESH_2182,1.0,,,,,,,,,,,23280000.324424326,,,,0,473.00000000000006,88418.01075474071,430.0,430.0,,
35,site_TELANGANA_2516,35,2059,SAFProductionSite,site_TELANGANA_2516,TELANGANA,inv_25,88631.71680757293,86435.36043932439,2196.35636824854,0.0,0.0,1525.71,285.71,600.0,250.0,100000.0,True,site_TELANGANA_2516,1.0,,,,,,,,,,,23087638.991296604,,,,0,478.50000000000006,89631.22631233465,435.0,435.0,,
35,site_KARNATAKA_3051,35,2059,SAFProductionSite,site_KARNATAKA_3051,KARNATAKA,inv_28,88137.61900969608,87460.40699522498,677.2120144710934,0.0,0.0,1540.71,285.71,600.0,250.0,100000.0,True,site_KARNATAKA_3051,1.0,,,,,,,,,,,22058271.20791678,,,,0,489.50000000000006,89372.55337479417,445.00000000000006,445.00000000000006,,
35,site_ANDHRA_PRADESH_3930,35,2059,SAFProductionSite,site_ANDHRA_PRADESH_3930,ANDHRA_PRADESH,inv_11,0.0,0.0,0.0,0.0,0.0,1540.71,285.71,600.0,250.0,100000.0,True,site_ANDHRA_PRADESH_3930,1.0,,,,,,,,,,,-125000000.0,,,,0,495.00000000000006,81960.83413849205,450.0,450.0,,
35,site_WEST_BENGAL_4276,35,2059,SAFProductionSite,site_WEST_BENGAL_4276,WEST_BENGAL,inv_02,0.0,0.0,0.0,0.0,0.0,1540.71,285.71,600.0,250.0,100000.0,False,site_WEST_BENGAL_4276,1.0,,,,,,,,,,,-125000000.0,,,,0,500.50000000000006,88781.33805457133,454.99999999999994,454.99999999999994,,
35,site_MAHARASHTRA_4310,35,2059,SAFProductionSite,site_MAHARASHTRA_4310,MAHARASHTRA,inv_10,0.0,0.0,0.0,0.0,0.0,1570.71,285.71,600.0,250.0,100000.0,False,site_MAHARASHTRA_4310,1.0,,,,,,,,,,,-125000000.0,,,,0,517.0,82222.18557144729,470.00000000000006,470.00000000000006,,
35,site_TAMIL_NADU_4435,35,2059,SAFProductionSite,site_TAMIL_NADU_4435,TAMIL_NADU,inv_35,0.0,0.0,0.0,0.0,0.0,1570.71,285.71,600.0,250.0,100000.0,False,site_TAMIL_NADU_4435,1.0,,,,,,,,,,,-125000000.0,,,,0,522.5,81299.19183205116,475.00000000000006,475.00000000000006,,
36,site_GUJARAT_001,36,2060,SAFProductionSite,site_GUJARAT_001,GUJARAT,inv_01,86726.82570354725,84127.11989427399,2599.7058092732623,0.0,0.0,1540.71,285.71,600.0,250.0,100000.0,True,site_GUJARAT_001,1.0,,,,,,,,,,,19446956.002879485,,,,0,495.00000000000006,86562.40829619016,450.0,450.0,,
36,site_PUNJAB_020,36,2060,SAFProductionSite,site_PUNJAB_020,PUNJAB,inv_02,85444.73890471502,83317.13091182878,2127.6079928862455,0.0,0.0,1495.71,285.71,600.0,250.0,100000.0,True,site_PUNJAB_020,1.0,,,,,,,,,,,25124490.48309721,,,,0,440.00000000000006,85109.34684683023,400.0,400.0,,
36,site_CHHATTISGARH_245,36,2060,SAFProductionSite,site_CHHATTISGARH_245,CHHATTISGARH,inv_06,82216.38190601597,76799.84696053632,5416.534945479652,0.0,0.0,1495.71,285.71,600.0,250.0,100000.0,True,site_CHHATTISGARH_245,1.0,,,,,,,,,,,24013672.25203809,,,,0,440.00000000000006,80197.30664774435,400.0,400.0,,
36,site_HARYANA_525,36,2060,SAFProductionSite,site_HARYANA_525,HARYANA,inv_10,86413.57113738454,83161.85194829619,3251.719189088355,0.0,0.0,1495.71,285.71,600.0,250.0,100000.0,True,site_HARYANA_525,1.0,,,,,,,,,,,25021115.70681019,,,,0,445.50000000000006,86545.10098269311,405.0,405.0,,
36,site_ODISHA_624,36,2060,SAFProductionSite,site_ODISHA_624,ODISHA,inv_11,88130.83872863991,85105.12525798913,3025.7134706507786,0.0,0.0,1495.71,285.71,600.0,250.0,100000.0,True,site_ODISHA_624,1.0,,,,,,,,,,,25620421.10988155,,,,0,445.50000000000006,89404.74534625192,405.0,405.0,,
36,site_BIHAR_725,36,2060,SAFProductionSite,site_BIHAR_725,BIHAR,inv_12,86252.10058704909,82381.09607675593,3871.0045102931617,0.0,0.0,1525.71,285.71,600.0,250.0,100000.0,True,site_BIHAR_725,1.0,,,,,,,,,,,23222919.369594827,,,,0,467.50000000000006,86458.07461765366,425.0,425.0,,
36,site_MADHYA_PRADESH_1615,36,2060,SAFProductionSite,site_MADHYA_PRADESH_1615,MADHYA_PRADESH,inv_19,84421.92051753525,79364.05869260574,5057.8618249295105,0.0,0.0,1525.71,285.71,600.0,250.0,100000.0,True,site_MADHYA_PRADESH_1615,1.0,,,,,,,,,,,22146863.22845815,,,,0,473.00000000000006,82175.48493991613,430.0,430.0,,
36,site_UTTAR_PRADESH_2182,36,2060,SAFProductionSite,site_UTTAR_PRADESH_2182,UTTAR_PRADESH,inv_23,87335.37019660075,84033.08937481849,3302.2808217822603,0.0,0.0,1525.71,285.71,600.0,250.0,100000.0,True,site_UTTAR_PRADESH_2182,1.0,,,,,,,,,,,23145597.506192684,,,,0,473.00000000000006,88418.01075474071,430.0,430.0,,
36,site_TELANGANA_2516,36,2060,SAFProductionSite,site_TELANGANA_2516,TELANGANA,inv_25,88594.57912480649,85623.04990414175,2971.5292206647428,0.0,0.0,1525.71,285.71,600.0,250.0,100000.0,True,site_TELANGANA_2516,1.0,,,,,,,,,,,23077965.01178263,,,,0,478.50000000000006,89631.22631233465,435.0,435.0,,
36,site_KARNATAKA_3051,36,2060,SAFProductionSite,site_KARNATAKA_3051,KARNATAKA,inv_28,88847.96617716704,85787.6194194969,3060.346757670137,0.0,0.0,1540.71,285.71,600.0,250.0,100000.0,True,site_KARNATAKA_3051,1.0,,,,,,,,,,,22236050.35203147,,,,0,489.50000000000006,89372.55337479417,445.00000000000006,445.00000000000006,,
36,site_ANDHRA_PRADESH_3930,36,2060,SAFProductionSite,site_ANDHRA_PRADESH_3930,ANDHRA_PRADESH,inv_11,84350.43426754522,80189.39054789621,4161.043719649009,0.0,0.0,1540.71,285.71,600.0,250.0,100000.0,True,site_ANDHRA_PRADESH_3930,1.0,,,,,,,,,,,18230056.28970304,,,,0,495.00000000000006,81960.83413849205,450.0,450.0,,
36,site_WEST_BENGAL_4276,36,2060,SAFProductionSite,site_WEST_BENGAL_4276,WEST_BENGAL,inv_02,0.0,0.0,0.0,0.0,0.0,1540.71,285.71,600.0,250.0,100000.0,False,site_WEST_BENGAL_4276,1.0,,,,,,,,,,,-125000000.0,,,,0,500.50000000000006,88781.33805457133,454.99999999999994,454.99999999999994,,
36,site_MAHARASHTRA_4310,36,2060,SAFProductionSite,site_MAHARASHTRA_4310,MAHARASHTRA,inv_10,0.0,0.0,0.0,0.0,0.0,1570.71,285.71,600.0,250.0,100000.0,False,site_MAHARASHTRA_4310,1.0,,,,,,,,,,,-125000000.0,,,,0,517.0,82222.18557144729,470.00000000000006,470.00000000000006,,
36,site_TAMIL_NADU_4435,36,2060,SAFProductionSite,site_TAMIL_NADU_4435,TAMIL_NADU,inv_35,0.0,0.0,0.0,0.0,0.0,1570.71,285.71,600.0,250.0,100000.0,False,site_TAMIL_NADU_4435,1.0,,,,,,,,,,,-125000000.0,,,,0,522.5,81299.19183205116,475.00000000000006,475.00000000000006,,
36,site_JHARKHAND_4876,36,2060,SAFProductionSite,site_JHARKHAND_4876,JHARKHAND,inv_37,0.0,0.0,0.0,0.0,0.0,1570.71,285.71,600.0,250.0,100000.0,False,site_JHARKHAND_4876,1.0,,,,,,,,,,,,,,,0,528.0,82592.79794654396,480.0,480.0,,
37,site_GUJARAT_001,37,2061,SAFProductionSite,site_GUJARAT_001,GUJARAT,inv_01,86870.06572826557,83004.48349434878,3865.5822339167935,0.0,0.0,1540.71,285.71,600.0,250.0,100000.0,True,site_GUJARAT_001,1.0,,,,,,,,,,,19406030.895417213,,,,0,495.00000000000006,86562.40829619016,450.0,450.0,,
37,site_PUNJAB_020,37,2061,SAFProductionSite,site_PUNJAB_020,PUNJAB,inv_02,86298.48023232353,81994.76176969684,4303.718462626697,0.0,0.0,1495.71,285.71,600.0,250.0,100000.0,True,site_PUNJAB_020,1.0,,,,,,,,,,,25375527.77498299,,,,0,440.00000000000006,85109.34684683023,400.0,400.0,,
37,site_CHHATTISGARH_245,37,2061,SAFProductionSite,site_CHHATTISGARH_245,CHHATTISGARH,inv_06,82488.9799841917,77228.95233248976,5260.027651701937,0.0,0.0,1495.71,285.71,600.0,250.0,100000.0,True,site_CHHATTISGARH_245,1.0,,,,,,,,,,,24093292.405030593,,,,0,440.00000000000006,80197.30664774435,400.0,400.0,,
37,site_HARYANA_525,37,2061,SAFProductionSite,site_HARYANA_525,HARYANA,inv_10,86165.39814473019,82325.72064073286,3839.677503997329,0.0,0.0,1495.71,285.71,600.0,250.0,100000.0,True,site_HARYANA_525,1.0,,,,,,,,,,,24949257.02671194,,,,0,445.50000000000006,86545.10098269311,405.0,405.0,,
37,site_ODISHA_624,37,2061,SAFProductionSite,site_ODISHA_624,ODISHA,inv_11,88130.83872863991,87067.14079531147,1063.6979333284398,0.0,0.0,1495.71,285.71,600.0,250.0,100000.0,True,site_ODISHA_624,1.0,,,,,,,,,,,25620421.10988155,,,,0,445.50000000000006,89404.74534625192,405.0,405.0,,
37,site_BIHAR_725,37,2061,SAFProductionSite,site_BIHAR_725,BIHAR,inv_12,86252.10058704909,82611.06445384257,3641.036133206522,0.0,0.0,1525.71,285.71,600.0,250.0,100000.0,True,site_BIHAR_725,1.0,,,,,,,,,,,23222919.369594827,,,,0,467.50000000000006,86458.07461765366,425.0,425.0,,
37,site_MADHYA_PRADESH_1615,37,2061,SAFProductionSite,site_MADHYA_PRADESH_1615,MADHYA_PRADESH,inv_19,84528.46700889396,79545.0924903166,4983.374518577359,0.0,0.0,1525.71,285.71,600.0,250.0,100000.0,True,site_MADHYA_PRADESH_1615,1.0,,,,,,,,,,,22174814.151122883,,,,0,473.00000000000006,82175.48493991613,430.0,430.0,,
37,site_UTTAR_PRADESH_2182,37,2061,SAFProductionSite,site_UTTAR_PRADESH_2182,UTTAR_PRADESH,inv_23,87335.37019660075,85734.70397031667,1600.6662262840837,0.0,0.0,1525.71,285.71,600.0,250.0,100000.0,True,site_UTTAR_PRADESH_2182,1.0,,,,,,,,,,,23145597.506192684,,,,0,473.00000000000006,88418.01075474071,430.0,430.0,,
37,site_TELANGANA_2516,37,2061,SAFProductionSite,site_TELANGANA_2516,TELANGANA,inv_25,88594.57912480649,86516.11672606776,2078.4623987387313,0.0,0.0,1525.71,285.71,600.0,250.0,100000.0,True,site_TELANGANA_2516,1.0,,,,,,,,,,,23077965.01178263,,,,0,478.50000000000006,89631.22631233465,435.0,435.0,,
37,site_KARNATAKA_3051,37,2061,SAFProductionSite,site_KARNATAKA_3051,KARNATAKA,inv_28,88847.96617716704,86394.48469749861,2453.4814796684223,0.0,0.0,1540.71,285.71,600.0,250.0,100000.0,True,site_KARNATAKA_3051,1.0,,,,,,,,,,,22236050.35203147,,,,0,489.50000000000006,89372.55337479417,445.00000000000006,445.00000000000006,,
37,site_ANDHRA_PRADESH_3930,37,2061,SAFProductionSite,site_ANDHRA_PRADESH_3930,ANDHRA_PRADESH,inv_11,83276.99742901739,78118.92322976179,5158.0741992555995,0.0,0.0,1540.71,285.71,600.0,250.0,100000.0,True,site_ANDHRA_PRADESH_3930,1.0,,,,,,,,,,,18536747.928838834,,,,0,495.00000000000006,81960.83413849205,450.0,450.0,,
37,site_WEST_BENGAL_4276,37,2061,SAFProductionSite,site_WEST_BENGAL_4276,WEST_BENGAL,inv_02,0.0,0.0,0.0,0.0,0.0,1540.71,285.71,600.0,250.0,100000.0,True,site_WEST_BENGAL_4276,1.0,,,,,,,,,,,-125000000.0,,,,0,500.50000000000006,88781.33805457133,454.99999999999994,454.99999999999994,,
37,site_MAHARASHTRA_4310,37,2061,SAFProductionSite,site_MAHARASHTRA_4310,MAHARASHTRA,inv_10,0.0,0.0,0.0,0.0,0.0,1570.71,285.71,600.0,250.0,100000.0,True,site_MAHARASHTRA_4310,1.0,,,,,,,,,,,-125000000.0,,,,0,517.0,82222.18557144729,470.00000000000006,470.00000000000006,,
37,site_TAMIL_NADU_4435,37,2061,SAFProductionSite,site_TAMIL_NADU_4435,TAMIL_NADU,inv_35,0.0,0.0,0.0,0.0,0.0,1570.71,285.71,600.0,250.0,100000.0,True,site_TAMIL_NADU_4435,1.0,,,,,,,,,,,-125000000.0,,,,0,522.5,81299.19183205116,475.00000000000006,475.00000000000006,,
37,site_JHARKHAND_4876,37,2061,SAFProductionSite,site_JHARKHAND_4876,JHARKHAND,inv_37,0.0,0.0,0.0,0.0,0.0,1570.71,285.71,600.0,250.0,100000.0,False,site_JHARKHAND_4876,1.0,,,,,,,,,,,-125000000.0,,,,0,528.0,82592.79794654396,480.0,480.0,,
38,site_GUJARAT_001,38,2062,SAFProductionSite,site_GUJARAT_001,GUJARAT,inv_01,86870.06572826557,84420.80462145328,2449.2611068122933,0.0,0.0,1540.71,285.71,600.0,250.0,100000.0,True,site_GUJARAT_001,1.0,,,,,,,,,,,19406030.895417213,,,,0,495.00000000000006,86562.40829619016,450.0,450.0,,
38,site_PUNJAB_020,38,2062,SAFProductionSite,site_PUNJAB_020,PUNJAB,inv_02,86298.48023232353,82560.83689686534,3737.643335458197,0.0,0.0,1495.71,285.71,600.0,250.0,100000.0,True,site_PUNJAB_020,1.0,,,,,,,,,,,25375527.77498299,,,,0,440.00000000000006,85109.34684683023,400.0,400.0,,
38,site_CHHATTISGARH_245,38,2062,SAFProductionSite,site_CHHATTISGARH_245,CHHATTISGARH,inv_06,0.0,0.0,0.0,76761.03656938388,23028310.970815163,1495.71,285.71,600.0,250.0,100000.0,True,site_CHHATTISGARH_245,1.0,,,,,,,,,,,-23028310.970815163,,,,0,440.00000000000006,80197.30664774435,400.0,400.0,,
38,site_HARYANA_525,38,2062,SAFProductionSite,site_HARYANA_525,HARYANA,inv_10,86165.39814473019,82497.55408202035,3667.844062709846,0.0,0.0,1495.71,285.71,600.0,250.0,100000.0,True,site_HARYANA_525,1.0,,,,,,,,,,,24949257.02671194,,,,0,445.50000000000006,86545.10098269311,405.0,405.0,,
38,site_ODISHA_624,38,2062,SAFProductionSite,site_ODISHA_624,ODISHA,inv_11,90162.60913469555,87610.30629603672,2552.3028386588267,0.0,0.0,1495.71,285.71,600.0,250.0,100000.0,True,site_ODISHA_624,1.0,,,,,,,,,,,26211074.89410366,,,,0,445.50000000000006,89404.74534625192,405.0,405.0,,
38,site_BIHAR_725,38,2062,SAFProductionSite,site_BIHAR_725,BIHAR,inv_12,86492.87494593643,83706.489267524,2786.3856784124364,0.0,0.0,1525.71,285.71,600.0,250.0,100000.0,True,site_BIHAR_725,1.0,,,,,,,,,,,23287746.585217968,,,,0,467.50000000000006,86458.07461765366,425.0,425.0,,
38,site_MADHYA_PRADESH_1615,38,2062,SAFProductionSite,site_MADHYA_PRADESH_1615,MADHYA_PRADESH,inv_19,83253.85388474431,78167.32019284407,5086.533691900244,0.0,0.0,1525.71,285.71,600.0,250.0,100000.0,True,site_MADHYA_PRADESH_1615,1.0,,,,,,,,,,,21840437.932758152,,,,0,473.00000000000006,0.0,430.0,430.0,,
38,site_UTTAR_PRADESH_2182,38,2062,SAFProductionSite,site_UTTAR_PRADESH_2182,UTTAR_PRADESH,inv_23,87943.80409643447,84618.51747992985,3325.2866165046144,0.0,0.0,1525.71,285.71,600.0,250.0,100000.0,True,site_UTTAR_PRADESH_2182,1.0,,,,,,,,,,,23306844.502947494,,,,0,473.00000000000006,88418.01075474071,430.0,430.0,,
38,site_TELANGANA_2516,38,2062,SAFProductionSite,site_TELANGANA_2516,TELANGANA,inv_25,89149.13707165373,86159.00755783464,2990.129513819091,0.0,0.0,1525.71,285.71,600.0,250.0,100000.0,True,site_TELANGANA_2516,1.0,,,,,,,,,,,23222421.58035347,,,,0,478.50000000000006,89631.22631233465,435.0,435.0,,
38,site_KARNATAKA_3051,38,2062,SAFProductionSite,site_KARNATAKA_3051,KARNATAKA,inv_28,89476.4804786344,87141.42032870291,2335.0601499314944,0.0,0.0,1540.71,285.71,600.0,250.0,100000.0,True,site_KARNATAKA_3051,1.0,,,,,,,,,,,22393349.120430186,,,,0,489.50000000000006,89372.55337479417,445.00000000000006,445.00000000000006,,
38,site_ANDHRA_PRADESH_3930,38,2062,SAFProductionSite,site_ANDHRA_PRADESH_3930,ANDHRA_PRADESH,inv_11,80069.02660010816,80018.66977516032,50.35682494784123,0.0,0.0,1540.71,285.71,600.0,250.0,100000.0,True,site_ANDHRA_PRADESH_3930,1.0,,,,,,,,,,,19367286.346983075,,,,0,495.00000000000006,81960.83413849205,450.0,450.0,,
38,site_WEST_BENGAL_4276,38,2062,SAFProductionSite,site_WEST_BENGAL_4276,WEST_BENGAL,inv_02,88516.19735299323,85283.20883152865,3232.9885214645765,0.0,0.0,1540.71,285.71,600.0,250.0,100000.0,True,site_WEST_BENGAL_4276,1.0,,,,,,,,,,,19503901.485518858,,,,0,500.50000000000006,88781.33805457133,454.99999999999994,454.99999999999994,,
38,site_MAHARASHTRA_4310,38,2062,SAFProductionSite,site_MAHARASHTRA_4310,MAHARASHTRA,inv_10,84249.55029067227,80261.23432764717,3988.315963025103,0.0,0.0,1570.71,285.71,600.0,250.0,100000.0,True,site_MAHARASHTRA_4310,1.0,,,,,,,,,,,16507164.45846133,,,,0,517.0,82222.18557144729,470.00000000000006,470.00000000000006,,
38,site_TAMIL_NADU_4435,38,2062,SAFProductionSite,site_TAMIL_NADU_4435,TAMIL_NADU,inv_35,0.0,0.0,0.0,79458.11370612287,23837434.111836858,1570.71,285.71,600.0,250.0,100000.0,True,site_TAMIL_NADU_4435,1.0,,,,,,,,,,,0.0,,,,0,522.5,81299.19183205116,475.00000000000006,475.00000000000006,,
38,site_JHARKHAND_4876,38,2062,SAFProductionSite,site_JHARKHAND_4876,JHARKHAND,inv_37,0.0,0.0,0.0,0.0,0.0,1570.71,285.71,600.0,250.0,100000.0,False,site_JHARKHAND_4876,1.0,,,,,,,,,,,-125000000.0,,,,0,528.0,82592.79794654396,480.0,480.0,,
39,site_GUJARAT_001,39,2063,SAFProductionSite,site_GUJARAT_001,GUJARAT,inv_01,88181.0034977642,84257.08658078873,3923.916916975475,0.0,0.0,1540.71,285.71,600.0,250.0,100000.0,True,site_GUJARAT_001,1.0,,,,,,,,,,,19031482.865293756,,,,0,495.00000000000006,86562.40829619016,450.0,450.0,,
39,site_PUNJAB_020,39,2063,SAFProductionSite,site_PUNJAB_020,PUNJAB,inv_02,86894.2673547884,82652.27889272741,4241.9884620609955,0.0,0.0,1495.71,285.71,600.0,250.0,100000.0,True,site_PUNJAB_020,1.0,,,,,,,,,,,25550715.24796495,,,,0,440.00000000000006,85109.34684683023,400.0,400.0,,
39,site_CHHATTISGARH_245,39,2063,SAFProductionSite,site_CHHATTISGARH_245,CHHATTISGARH,inv_06,0.0,0.0,0.0,76808.44290039399,23042532.870118197,1495.71,285.71,600.0,250.0,100000.0,True,site_CHHATTISGARH_245,1.0,,,,,,,,,,,-23042532.870118197,,,,0,440.00000000000006,80197.30664774435,400.0,400.0,,
39,site_HARYANA_525,39,2063,SAFProductionSite,site_HARYANA_525,HARYANA,inv_10,86345.24591002006,82679.29549162507,3665.9504183949903,0.0,0.0,1495.71,285.71,600.0,250.0,100000.0,True,site_HARYANA_525,1.0,,,,,,,,,,,25001332.08489664,,,,0,445.50000000000006,86545.10098269311,405.0,405.0,,
39,site_ODISHA_624,39,2063,SAFProductionSite,site_ODISHA_624,ODISHA,inv_11,88563.4200783133,85522.85519769366,3040.5648806196405,0.0,0.0,1495.71,285.71,600.0,250.0,100000.0,True,site_ODISHA_624,1.0,,,,,,,,,,,25746176.3676641,,,,0,445.50000000000006,89404.74534625192,405.0,405.0,,
39,site_BIHAR_725,39,2063,SAFProductionSite,site_BIHAR_725,BIHAR,inv_12,87639.77266537401,84297.06686994198,3342.7057954320335,0.0,0.0,1525.71,285.71,600.0,250.0,100000.0,True,site_BIHAR_725,1.0,,,,,,,,,,,23596542.696644723,,,,0,467.50000000000006,86458.07461765366,425.0,425.0,,
39,site_MADHYA_PRADESH_1615,39,2063,SAFProductionSite,site_MADHYA_PRADESH_1615,MADHYA_PRADESH,inv_19,83253.85388474431,79142.79891858177,4111.054966162541,0.0,0.0,1525.71,285.71,600.0,250.0,100000.0,True,site_MADHYA_PRADESH_1615,1.0,,,,,,,,,,,21840437.932758152,,,,0,473.00000000000006,82175.48493991613,430.0,430.0,,
39,site_UTTAR_PRADESH_2182,39,2063,SAFProductionSite,site_UTTAR_PRADESH_2182,UTTAR_PRADESH,inv_23,87943.80409643447,85794.12677303748,2149.677323396987,0.0,0.0,1525.71,285.71,600.0,250.0,100000.0,True,site_UTTAR_PRADESH_2182,1.0,,,,,,,,,,,23306844.502947494,,,,0,473.00000000000006,88418.01075474071,430.0,430.0,,
39,site_TELANGANA_2516,39,2063,SAFProductionSite,site_TELANGANA_2516,TELANGANA,inv_25,88412.29288938404,85446.87768698581,2965.4152023982315,0.0,0.0,1525.71,285.71,600.0,250.0,100000.0,True,site_TELANGANA_2516,1.0,,,,,,,,,,,23030481.346249536,,,,0,478.50000000000006,89631.22631233465,435.0,435.0,,
39,site_KARNATAKA_3051,39,2063,SAFProductionSite,site_KARNATAKA_3051,KARNATAKA,inv_28,89957.16381932453,86858.6110164983,3098.5528028262343,0.0,0.0,1540.71,285.71,600.0,250.0,100000.0,True,site_KARNATAKA_3051,1.0,,,,,,,,,,,22513650.118042827,,,,0,489.50000000000006,89372.55337479417,445.00000000000006,445.00000000000006,,
39,site_ANDHRA_PRADESH_3930,39,2063,SAFProductionSite,site_ANDHRA_PRADESH_3930,ANDHRA_PRADESH,inv_11,84348.86241627939,79124.39822571083,5224.464190568557,0.0,0.0,1540.71,285.71,600.0,250.0,100000.0,True,site_ANDHRA_PRADESH_3930,1.0,,,,,,,,,,,18230505.383328214,,,,0,495.00000000000006,81960.83413849205,450.0,450.0,,
39,site_WEST_BENGAL_4276,39,2063,SAFProductionSite,site_WEST_BENGAL_4276,WEST_BENGAL,inv_02,88356.72139132571,85129.55761119594,3227.1637801297766,0.0,0.0,1540.71,285.71,600.0,250.0,100000.0,True,site_WEST_BENGAL_4276,1.0,,,,,,,,,,,19549465.36252688,,,,0,500.50000000000006,88781.33805457133,454.99999999999994,454.99999999999994,,
39,site_MAHARASHTRA_4310,39,2063,SAFProductionSite,site_MAHARASHTRA_4310,MAHARASHTRA,inv_10,84811.02871685423,79644.86251897483,5166.1661978794,0.0,0.0,1570.71,285.71,600.0,250.0,100000.0,True,site_MAHARASHTRA_4310,1.0,,,,,,,,,,,16346744.45731689,,,,0,517.0,82222.18557144729,470.00000000000006,470.00000000000006,,
39,site_TAMIL_NADU_4435,39,2063,SAFProductionSite,site_TAMIL_NADU_4435,TAMIL_NADU,inv_35,33260.66523998008,33260.66523998008,0.0,44714.90625201979,13414471.875605937,1570.71,285.71,600.0,250.0,100000.0,True,site_TAMIL_NADU_4435,1.0,,,,,,,,,,,7188199.051904686,,,,0,522.5,81299.19183205116,475.00000000000006,475.00000000000006,,
39,site_JHARKHAND_4876,39,2063,SAFProductionSite,site_JHARKHAND_4876,JHARKHAND,inv_37,0.0,0.0,0.0,0.0,0.0,1570.71,285.71,600.0,250.0,100000.0,True,site_JHARKHAND_4876,1.0,,,,,,,,,,,-125000000.0,,,,0,528.0,82592.79794654396,480.0,480.0,,
40,site_GUJARAT_001,40,2064,SAFProductionSite,site_GUJARAT_001,GUJARAT,inv_01,87644.01468128274,83743.99292786448,3900.0217534182593,0.0,0.0,1540.71,285.71,600.0,250.0,100000.0,True,site_GUJARAT_001,1.0,,,,,,,,,,,19602394.705389187,,,,0,495.00000000000006,86562.40829619016,450.0,450.0,,
40,site_PUNJAB_020,40,2064,SAFProductionSite,site_PUNJAB_020,PUNJAB,inv_02,86706.46895369182,82382.4040308729,4324.064922818914,0.0,0.0,1495.71,285.71,600.0,250.0,100000.0,True,site_PUNJAB_020,1.0,,,,,,,,,,,25929026.648745805,,,,0,440.00000000000006,85109.34684683023,400.0,400.0,,
40,site_CHHATTISGARH_245,40,2064,SAFProductionSite,site_CHHATTISGARH_245,CHHATTISGARH,inv_06,0.0,0.0,0.0,77634.00864577368,23290202.593732104,1495.71,285.71,600.0,250.0,100000.0,True,site_CHHATTISGARH_245,1.0,,,,,,,,,,,-23290202.593732104,,,,0,440.00000000000006,80197.30664774435,400.0,400.0,,
40,site_HARYANA_525,40,2064,SAFProductionSite,site_HARYANA_525,HARYANA,inv_10,86535.46375197878,83289.1791943438,3246.284557634979,0.0,0.0,1495.71,285.71,600.0,250.0,100000.0,True,site_HARYANA_525,1.0,,,,,,,,,,,25489087.125483155,,,,0,445.50000000000006,86545.10098269311,405.0,405.0,,
40,site_ODISHA_624,40,2064,SAFProductionSite,site_ODISHA_624,ODISHA,inv_11,88563.4200783133,87082.69765714317,1480.722421170125,0.0,0.0,1495.71,285.71,600.0,250.0,100000.0,True,site_ODISHA_624,1.0,,,,,,,,,,,26188993.468055665,,,,0,445.50000000000006,89404.74534625192,405.0,405.0,,
40,site_BIHAR_725,40,2064,SAFProductionSite,site_BIHAR_725,BIHAR,inv_12,86381.878423227,82505.04946824482,3876.8289549821784,0.0,0.0,1525.71,285.71,600.0,250.0,100000.0,True,site_BIHAR_725,1.0,,,,,,,,,,,23689770.75390601,,,,0,467.50000000000006,86458.07461765366,425.0,425.0,,
40,site_MADHYA_PRADESH_1615,40,2064,SAFProductionSite,site_MADHYA_PRADESH_1615,MADHYA_PRADESH,inv_19,84292.80933441159,80531.37856944489,3761.4307649667026,0.0,0.0,1525.71,285.71,600.0,250.0,100000.0,True,site_MADHYA_PRADESH_1615,1.0,,,,,,,,,,,22534456.83370486,,,,0,473.00000000000006,82175.48493991613,430.0,430.0,,
40,site_UTTAR_PRADESH_2182,40,2064,SAFProductionSite,site_UTTAR_PRADESH_2182,UTTAR_PRADESH,inv_23,89165.61176272367,86561.06700211045,2604.544760613222,0.0,0.0,1525.71,285.71,600.0,250.0,100000.0,True,site_UTTAR_PRADESH_2182,1.0,,,,,,,,,,,24076475.717461392,,,,0,473.00000000000006,88418.01075474071,430.0,430.0,,
40,site_TELANGANA_2516,40,2064,SAFProductionSite,site_TELANGANA_2516,TELANGANA,inv_25,88412.29288938404,87722.2419355396,690.0509538444458,0.0,0.0,1525.71,285.71,600.0,250.0,100000.0,True,site_TELANGANA_2516,1.0,,,,,,,,,,,23472542.810696438,,,,0,478.50000000000006,89631.22631233465,435.0,435.0,,
40,site_KARNATAKA_3051,40,2064,SAFProductionSite,site_KARNATAKA_3051,KARNATAKA,inv_28,89957.16381932453,87150.49312051825,2806.6706988062797,0.0,0.0,1540.71,285.71,600.0,250.0,100000.0,True,site_KARNATAKA_3051,1.0,,,,,,,,,,,22963435.93713945,,,,0,489.50000000000006,89372.55337479417,445.00000000000006,445.00000000000006,,
40,site_ANDHRA_PRADESH_3930,40,2064,SAFProductionSite,site_ANDHRA_PRADESH_3930,ANDHRA_PRADESH,inv_11,76145.41723190497,76145.41723190497,0.0,2449.9230948050244,734976.9284415073,1540.71,285.71,600.0,250.0,100000.0,True,site_ANDHRA_PRADESH_3930,1.0,,,,,,,,,,,18798961.479167745,,,,0,495.00000000000006,81960.83413849205,450.0,450.0,,
40,site_WEST_BENGAL_4276,40,2064,SAFProductionSite,site_WEST_BENGAL_4276,WEST_BENGAL,inv_02,87802.76437239013,84595.83346191765,3206.9309104724816,0.0,0.0,1540.71,285.71,600.0,250.0,100000.0,True,site_WEST_BENGAL_4276,1.0,,,,,,,,,,,20133853.191352636,,,,0,500.50000000000006,88781.33805457133,454.99999999999994,454.99999999999994,,
40,site_MAHARASHTRA_4310,40,2064,SAFProductionSite,site_MAHARASHTRA_4310,MAHARASHTRA,inv_10,84811.02871685423,80516.68985470389,4294.33886215034,0.0,0.0,1570.71,285.71,600.0,250.0,100000.0,True,site_MAHARASHTRA_4310,1.0,,,,,,,,,,,16746643.436167508,,,,0,517.0,82222.18557144729,470.00000000000006,470.00000000000006,,
40,site_TAMIL_NADU_4435,40,2064,SAFProductionSite,site_TAMIL_NADU_4435,TAMIL_NADU,inv_35,0.0,0.0,0.0,77329.0588270568,23198717.64811704,1570.71,285.71,600.0,250.0,100000.0,True,site_TAMIL_NADU_4435,1.0,,,,,,,,,,,0.0,,,,0,522.5,81299.19183205116,475.00000000000006,475.00000000000006,,
40,site_JHARKHAND_4876,40,2064,SAFProductionSite,site_JHARKHAND_4876,JHARKHAND,inv_37,84330.45768015995,80280.37057519131,4050.0871049686393,0.0,0.0,1570.71,285.71,600.0,250.0,100000.0,True,site_JHARKHAND_4876,1.0,,,,,,,,,,,15898805.214467898,,,,0,528.0,82592.79794654396,480.0,480.0,,
40,site_RAJASTHAN_5813,40,2064,SAFProductionSite,site_RAJASTHAN_5813,RAJASTHAN,inv_41,0.0,0.0,0.0,0.0,0.0,1570.71,285.71,600.0,250.0,100000.0,False,site_RAJASTHAN_5813,1.0,,,,,,,,,,,,,,,0,533.5,89742.42689939626,484.99999999999994,484.99999999999994,,
41,site_GUJARAT_001,41,2065,SAFProductionSite,site_GUJARAT_001,GUJARAT,inv_01,86453.57287336314,82606.52392092791,3847.0489524352306,0.0,0.0,1540.71,285.71,600.0,250.0,100000.0,True,site_GUJARAT_001,1.0,,,,,,,,,,,19942515.834329903,,,,0,495.00000000000006,86562.40829619016,450.0,450.0,,
41,site_PUNJAB_020,41,2065,SAFProductionSite,site_PUNJAB_020,PUNJAB,inv_02,86706.46895369182,82889.59633366852,3816.8726200232923,0.0,0.0,1495.71,285.71,600.0,250.0,100000.0,True,site_PUNJAB_020,1.0,,,,,,,,,,,25929026.648745805,,,,0,440.00000000000006,85109.34684683023,400.0,400.0,,
41,site_CHHATTISGARH_245,41,2065,SAFProductionSite,site_CHHATTISGARH_245,CHHATTISGARH,inv_06,0.0,0.0,0.0,76260.435293484,22878130.5880452,1495.71,285.71,600.0,250.0,100000.0,True,site_CHHATTISGARH_245,1.0,,,,,,,,,,,-22878130.5880452,,,,0,440.00000000000006,80197.30664774435,400.0,400.0,,
41,site_HARYANA_525,41,2065,SAFProductionSite,site_HARYANA_525,HARYANA,inv_10,87173.79247425104,84229.22426877069,2944.5682054803474,0.0,0.0,1495.71,285.71,600.0,250.0,100000.0,True,site_HARYANA_525,1.0,,,,,,,,,,,25677107.33952315,,,,0,445.50000000000006,86545.10098269311,405.0,405.0,,
41,site_ODISHA_624,41,2065,SAFProductionSite,site_ODISHA_624,ODISHA,inv_11,90178.71908432616,87612.63060027683,2566.088484049338,0.0,0.0,1495.71,285.71,600.0,250.0,100000.0,True,site_ODISHA_624,1.0,,,,,,,,,,,26666651.795613706,,,,0,445.50000000000006,89404.74534625192,405.0,405.0,,
41,site_BIHAR_725,41,2065,SAFProductionSite,site_BIHAR_725,BIHAR,inv_12,86101.34600475724,82237.1073780081,3864.2386267491383,0.0,0.0,1525.71,285.71,600.0,250.0,100000.0,True,site_BIHAR_725,1.0,,,,,,,,,,,23612836.230092734,,,,0,467.50000000000006,86458.07461765366,425.0,425.0,,
41,site_MADHYA_PRADESH_1615,41,2065,SAFProductionSite,site_MADHYA_PRADESH_1615,MADHYA_PRADESH,inv_19,83453.42915525465,78354.70207782145,5098.727077433199,0.0,0.0,1525.71,285.71,600.0,250.0,100000.0,True,site_MADHYA_PRADESH_1615,1.0,,,,,,,,,,,22310060.748633847,,,,0,473.00000000000006,82175.48493991613,430.0,430.0,,
41,site_UTTAR_PRADESH_2182,41,2065,SAFProductionSite,site_UTTAR_PRADESH_2182,UTTAR_PRADESH,inv_23,88470.50663919226,85125.30461267888,3345.202026513376,0.0,0.0,1525.71,285.71,600.0,250.0,100000.0,True,site_UTTAR_PRADESH_2182,1.0,,,,,,,,,,,23888783.609518245,,,,0,473.00000000000006,88418.01075474071,430.0,430.0,,
41,site_TELANGANA_2516,41,2065,SAFProductionSite,site_TELANGANA_2516,TELANGANA,inv_25,88880.66841593957,85899.54354397517,2981.124871964392,0.0,0.0,1525.71,285.71,600.0,250.0,100000.0,True,site_TELANGANA_2516,1.0,,,,,,,,,,,23596891.634137914,,,,0,478.50000000000006,89631.22631233465,435.0,435.0,,
41,site_KARNATAKA_3051,41,2065,SAFProductionSite,site_KARNATAKA_3051,KARNATAKA,inv_28,89562.29067051453,86477.33917802377,3084.951492490756,0.0,0.0,1540.71,285.71,600.0,250.0,100000.0,True,site_KARNATAKA_3051,1.0,,,,,,,,,,,22862636.35797301,,,,0,489.50000000000006,89372.55337479417,445.00000000000006,445.00000000000006,,
41,site_ANDHRA_PRADESH_3930,41,2065,SAFProductionSite,site_ANDHRA_PRADESH_3930,ANDHRA_PRADESH,inv_11,83784.87162540136,78980.00743322933,4804.864192172026,0.0,0.0,1540.71,285.71,600.0,250.0,100000.0,True,site_ANDHRA_PRADESH_3930,1.0,,,,,,,,,,,18792803.45190008,,,,0,495.00000000000006,81960.83413849205,450.0,450.0,,
41,site_WEST_BENGAL_4276,41,2065,SAFProductionSite,site_WEST_BENGAL_4276,WEST_BENGAL,inv_02,87802.76437239013,86676.80119849891,1125.963173891214,0.0,0.0,1540.71,285.71,600.0,250.0,100000.0,True,site_WEST_BENGAL_4276,1.0,,,,,,,,,,,20133853.191352636,,,,0,500.50000000000006,88781.33805457133,454.99999999999994,454.99999999999994,,
41,site_MAHARASHTRA_4310,41,2065,SAFProductionSite,site_MAHARASHTRA_4310,MAHARASHTRA,inv_10,83436.48346475189,78354.04610882032,5082.437355931572,0.0,0.0,1570.71,285.71,600.0,250.0,100000.0,True,site_MAHARASHTRA_4310,1.0,,,,,,,,,,,17139364.760145664,,,,0,517.0,82222.18557144729,470.00000000000006,470.00000000000006,,
41,site_TAMIL_NADU_4435,41,2065,SAFProductionSite,site_TAMIL_NADU_4435,TAMIL_NADU,inv_35,26871.24227235999,26871.24227235999,0.0,50999.831077868876,15299949.323360663,1570.71,285.71,600.0,250.0,100000.0,True,site_TAMIL_NADU_4435,1.0,,,,,,,,,,,5941691.597832106,,,,0,522.5,81299.19183205116,475.00000000000006,475.00000000000006,,
41,site_JHARKHAND_4876,41,2065,SAFProductionSite,site_JHARKHAND_4876,JHARKHAND,inv_37,85356.3215041082,80851.33098913144,4504.990514976758,0.0,0.0,1570.71,285.71,600.0,250.0,100000.0,True,site_JHARKHAND_4876,1.0,,,,,,,,,,,15605705.661327645,,,,0,528.0,82592.79794654396,480.0,480.0,,
41,site_RAJASTHAN_5813,41,2065,SAFProductionSite,site_RAJASTHAN_5813,RAJASTHAN,inv_41,0.0,0.0,0.0,0.0,0.0,1570.71,285.71,600.0,250.0,100000.0,False,site_RAJASTHAN_5813,1.0,,,,,,,,,,,-125000000.0,,,,0,533.5,89742.42689939626,484.99999999999994,484.99999999999994,,
42,site_GUJARAT_001,42,2066,SAFProductionSite,site_GUJARAT_001,GUJARAT,inv_01,86453.57287336314,83013.12680970682,3440.4460636563163,0.0,0.0,1540.71,285.71,600.0,250.0,100000.0,True,site_GUJARAT_001,1.0,,,,,,,,,,,22819687.159684524,,,,0,495.00000000000006,0.0,450.0,450.0,,
42,site_PUNJAB_020,42,2066,SAFProductionSite,site_PUNJAB_020,PUNJAB,inv_02,86363.94838404922,82056.96501464158,4306.983369407637,0.0,0.0,1495.71,285.71,600.0,250.0,100000.0,True,site_PUNJAB_020,1.0,,,,,,,,,,,27122057.242765695,,,,0,440.00000000000006,0.0,400.0,400.0,,
42,site_CHHATTISGARH_245,42,2066,SAFProductionSite,site_CHHATTISGARH_245,CHHATTISGARH,inv_06,0.0,0.0,0.0,78142.0937401668,23442628.122050043,1495.71,285.71,600.0,250.0,100000.0,True,site_CHHATTISGARH_245,1.0,,,,,,,,,,,-23442628.122050043,,,,0,440.00000000000006,80197.30664774435,400.0,400.0,,
42,site_HARYANA_525,42,2066,SAFProductionSite,site_HARYANA_525,HARYANA,inv_10,86489.31411777099,82635.20236404409,3854.111753726902,0.0,0.0,1495.71,285.71,600.0,250.0,100000.0,True,site_HARYANA_525,1.0,,,,,,,,,,,26772833.427147925,,,,0,445.50000000000006,86545.10098269311,405.0,405.0,,
42,site_ODISHA_624,42,2066,SAFProductionSite,site_ODISHA_624,ODISHA,inv_11,89297.60097188086,86231.83014687663,3065.770825004234,0.0,0.0,1495.71,285.71,600.0,250.0,100000.0,True,site_ODISHA_624,1.0,,,,,,,,,,,27745561.323124796,,,,0,445.50000000000006,89404.74534625192,405.0,405.0,,
42,site_BIHAR_725,42,2066,SAFProductionSite,site_BIHAR_725,BIHAR,inv_12,86101.34600475724,82432.80915631405,3668.5368484431965,0.0,0.0,1525.71,285.71,600.0,250.0,100000.0,True,site_BIHAR_725,1.0,,,,,,,,,,,24904356.42016408,,,,0,467.50000000000006,86458.07461765366,425.0,425.0,,
42,site_MADHYA_PRADESH_1615,42,2066,SAFProductionSite,site_MADHYA_PRADESH_1615,MADHYA_PRADESH,inv_19,83453.42915525465,79195.74151371584,4257.687641538811,0.0,0.0,1525.71,285.71,600.0,250.0,100000.0,True,site_MADHYA_PRADESH_1615,1.0,,,,,,,,,,,23561862.185962677,,,,0,473.00000000000006,82175.48493991613,430.0,430.0,,
42,site_UTTAR_PRADESH_2182,42,2066,SAFProductionSite,site_UTTAR_PRADESH_2182,UTTAR_PRADESH,inv_23,88470.50663919226,85127.80993838406,3342.6967008081992,0.0,0.0,1525.71,285.71,600.0,250.0,100000.0,True,site_UTTAR_PRADESH_2182,1.0,,,,,,,,,,,25215841.209106132,,,,0,473.00000000000006,0.0,430.0,430.0,,
42,site_TELANGANA_2516,42,2066,SAFProductionSite,site_TELANGANA_2516,TELANGANA,inv_25,88880.66841593957,86233.56854858948,2647.099867350087,0.0,0.0,1525.71,285.71,600.0,250.0,100000.0,True,site_TELANGANA_2516,1.0,,,,,,,,,,,24930101.66037701,,,,0,478.50000000000006,89631.22631233465,435.0,435.0,,
42,site_KARNATAKA_3051,42,2066,SAFProductionSite,site_KARNATAKA_3051,KARNATAKA,inv_28,89562.29067051453,87169.28238296528,2393.0082875492517,0.0,0.0,1540.71,285.71,600.0,250.0,100000.0,True,site_KARNATAKA_3051,1.0,,,,,,,,,,,24206070.71803072,,,,0,489.50000000000006,89372.55337479417,445.00000000000006,445.00000000000006,,
42,site_ANDHRA_PRADESH_3930,42,2066,SAFProductionSite,site_ANDHRA_PRADESH_3930,ANDHRA_PRADESH,inv_11,83665.93355584666,78483.76913404591,5182.164421800742,0.0,0.0,1540.71,285.71,600.0,250.0,100000.0,True,site_ANDHRA_PRADESH_3930,1.0,,,,,,,,,,,21910633.416511282,,,,0,495.00000000000006,81960.83413849205,450.0,450.0,,
42,site_WEST_BENGAL_4276,42,2066,SAFProductionSite,site_WEST_BENGAL_4276,WEST_BENGAL,inv_02,89062.9536278653,85809.99523858489,3252.9583892804076,0.0,0.0,1540.71,285.71,600.0,250.0,100000.0,True,site_WEST_BENGAL_4276,1.0,,,,,,,,,,,23147061.64966567,,,,0,500.50000000000006,88781.33805457133,454.99999999999994,454.99999999999994,,
42,site_MAHARASHTRA_4310,42,2066,SAFProductionSite,site_MAHARASHTRA_4310,MAHARASHTRA,inv_10,83244.80110238849,78174.03985693635,5070.761245452144,0.0,0.0,1570.71,285.71,600.0,250.0,100000.0,True,site_MAHARASHTRA_4310,1.0,,,,,,,,,,,18393827.26444833,,,,0,517.0,82222.18557144729,470.00000000000006,470.00000000000006,,
42,site_TAMIL_NADU_4435,42,2066,SAFProductionSite,site_TAMIL_NADU_4435,TAMIL_NADU,inv_35,71595.3068674177,71595.3068674177,0.0,5807.438562776704,1742231.5688330112,1570.71,285.71,600.0,250.0,100000.0,True,site_TAMIL_NADU_4435,1.0,,,,,,,,,,,16904877.385277167,,,,0,522.5,81299.19183205116,475.00000000000006,475.00000000000006,,
42,site_JHARKHAND_4876,42,2066,SAFProductionSite,site_JHARKHAND_4876,JHARKHAND,inv_37,85003.94673928499,79948.95075527801,5054.995984006979,0.0,0.0,1570.71,285.71,600.0,250.0,100000.0,True,site_JHARKHAND_4876,1.0,,,,,,,,,,,16900545.05028349,,,,0,528.0,82592.79794654396,480.0,480.0,,
42,site_RAJASTHAN_5813,42,2066,SAFProductionSite,site_RAJASTHAN_5813,RAJASTHAN,inv_41,0.0,0.0,0.0,0.0,0.0,1570.71,285.71,600.0,250.0,100000.0,False,site_RAJASTHAN_5813,1.0,,,,,,,,,,,-125000000.0,,,,0,533.5,89742.42689939626,484.99999999999994,484.99999999999994,,
42,site_CHHATTISGARH_6311,42,2066,SAFProductionSite,site_CHHATTISGARH_6311,CHHATTISGARH,inv_43,0.0,0.0,0.0,0.0,0.0,1495.71,285.71,600.0,250.0,100000.0,False,site_CHHATTISGARH_6311,1.0,,,,,,,,,,,,,,,0,440.00000000000006,81891.07885224825,492.5719050036115,492.5719050036115,,
43,site_GUJARAT_001,43,2067,SAFProductionSite,site_GUJARAT_001,GUJARAT,inv_01,86879.11156942564,83998.67582973023,2880.4357396954147,0.0,0.0,1540.71,285.71,600.0,250.0,100000.0,True,site_GUJARAT_001,1.0,,,,,,,,,,,23366404.96860519,,,,0,495.00000000000006,86562.40829619016,450.0,450.0,,
43,site_PUNJAB_020,43,2067,SAFProductionSite,site_PUNJAB_020,PUNJAB,inv_02,85919.0025934077,81634.20873891268,4284.793854495016,0.0,0.0,1495.71,285.71,600.0,250.0,100000.0,True,site_PUNJAB_020,1.0,,,,,,,,,,,27411919.816103607,,,,0,440.00000000000006,85109.34684683023,400.0,400.0,,
43,site_CHHATTISGARH_245,43,2067,SAFProductionSite,site_CHHATTISGARH_245,CHHATTISGARH,inv_06,31014.53084970772,31014.53084970772,0.0,46493.90370152221,13948171.110456664,1495.71,285.71,600.0,250.0,100000.0,True,site_CHHATTISGARH_245,1.0,,,,,,,,,,,-5465293.818391826,,,,0,660.0,80197.30664774435,400.0,400.0,,
43,site_HARYANA_525,43,2067,SAFProductionSite,site_HARYANA_525,HARYANA,inv_10,86489.31411777099,84056.36221911793,2432.95189865306,0.0,0.0,1495.71,285.71,600.0,250.0,100000.0,True,site_HARYANA_525,1.0,,,,,,,,,,,27205279.99773678,,,,0,445.50000000000006,86545.10098269311,405.0,405.0,,
43,site_ODISHA_624,43,2067,SAFProductionSite,site_ODISHA_624,ODISHA,inv_11,89297.60097188086,87329.95020598003,1967.6507659008348,0.0,0.0,1495.71,285.71,600.0,250.0,100000.0,True,site_ODISHA_624,1.0,,,,,,,,,,,28192049.327984184,,,,0,445.50000000000006,89404.74534625192,405.0,405.0,,
43,site_BIHAR_725,43,2067,SAFProductionSite,site_BIHAR_725,BIHAR,inv_12,86208.77463763225,82339.71460109061,3869.060036541632,0.0,0.0,1525.71,285.71,600.0,250.0,100000.0,True,site_BIHAR_725,1.0,,,,,,,,,,,25366473.45407498,,,,0,467.50000000000006,86458.07461765366,425.0,425.0,,
43,site_MADHYA_PRADESH_1615,43,2067,SAFProductionSite,site_MADHYA_PRADESH_1615,MADHYA_PRADESH,inv_19,83533.22040704008,78429.6183493917,5103.602057648372,0.0,0.0,1525.71,285.71,600.0,250.0,100000.0,True,site_MADHYA_PRADESH_1615,1.0,,,,,,,,,,,24002056.18765691,,,,0,473.00000000000006,82175.48493991613,430.0,430.0,,
43,site_UTTAR_PRADESH_2182,43,2067,SAFProductionSite,site_UTTAR_PRADESH_2182,UTTAR_PRADESH,inv_23,88473.11041765087,85619.75436808221,2853.3560495686543,0.0,0.0,1525.71,285.71,600.0,250.0,100000.0,True,site_UTTAR_PRADESH_2182,1.0,,,,,,,,,,,25658948.88946572,,,,0,473.00000000000006,88418.01075474071,430.0,430.0,,
43,site_TELANGANA_2516,43,2067,SAFProductionSite,site_TELANGANA_2516,TELANGANA,inv_25,88773.57964972974,85796.04661601484,2977.533033714906,0.0,0.0,1525.71,285.71,600.0,250.0,100000.0,True,site_TELANGANA_2516,1.0,,,,,,,,,,,25343932.275199726,,,,0,478.50000000000006,89631.22631233465,435.0,435.0,,
43,site_KARNATAKA_3051,43,2067,SAFProductionSite,site_KARNATAKA_3051,KARNATAKA,inv_28,88886.58428004393,85824.907331138,3061.6769489059225,0.0,0.0,1540.71,285.71,600.0,250.0,100000.0,True,site_KARNATAKA_3051,1.0,,,,,,,,,,,24467879.9420031,,,,0,489.50000000000006,89372.55337479417,445.00000000000006,445.00000000000006,,
43,site_ANDHRA_PRADESH_3930,43,2067,SAFProductionSite,site_ANDHRA_PRADESH_3930,ANDHRA_PRADESH,inv_11,83665.93355584666,78577.12986939283,5088.80368645383,0.0,0.0,1540.71,285.71,600.0,250.0,100000.0,True,site_ANDHRA_PRADESH_3930,1.0,,,,,,,,,,,22328963.08429052,,,,0,495.00000000000006,81960.83413849205,450.0,450.0,,
43,site_WEST_BENGAL_4276,43,2067,SAFProductionSite,site_WEST_BENGAL_4276,WEST_BENGAL,inv_02,89062.9536278653,86931.49044189297,2131.4631859723304,0.0,0.0,1540.71,285.71,600.0,250.0,100000.0,True,site_WEST_BENGAL_4276,1.0,,,,,,,,,,,23592376.417805,,,,0,500.50000000000006,88781.33805457133,454.99999999999994,454.99999999999994,,
43,site_MAHARASHTRA_4310,43,2067,SAFProductionSite,site_MAHARASHTRA_4310,MAHARASHTRA,inv_10,83244.80110238849,79053.18928223393,4191.611820154561,0.0,0.0,1570.71,285.71,600.0,250.0,100000.0,True,site_MAHARASHTRA_4310,1.0,,,,,,,,,,,18793726.243298948,,,,0,517.0,82222.18557144729,470.00000000000006,470.00000000000006,,
43,site_TAMIL_NADU_4435,43,2067,SAFProductionSite,site_TAMIL_NADU_4435,TAMIL_NADU,inv_35,82744.10440810243,78234.4558570167,4509.648551085731,0.0,0.0,1570.71,285.71,600.0,250.0,100000.0,True,site_TAMIL_NADU_4435,1.0,,,,,,,,,,,18142124.73065144,,,,0,522.5,81299.19183205116,475.00000000000006,475.00000000000006,,
43,site_JHARKHAND_4876,43,2067,SAFProductionSite,site_JHARKHAND_4876,JHARKHAND,inv_37,85003.94673928499,80867.19114764761,4136.755591637382,0.0,0.0,1570.71,285.71,600.0,250.0,100000.0,True,site_JHARKHAND_4876,1.0,,,,,,,,,,,17298599.181916222,,,,0,528.0,82592.79794654396,480.0,480.0,,
43,site_RAJASTHAN_5813,43,2067,SAFProductionSite,site_RAJASTHAN_5813,RAJASTHAN,inv_41,0.0,0.0,0.0,0.0,0.0,1570.71,285.71,600.0,250.0,100000.0,True,site_RAJASTHAN_5813,1.0,,,,,,,,,,,-125000000.0,,,,0,533.5,89742.42689939626,484.99999999999994,484.99999999999994,,
43,site_CHHATTISGARH_6311,43,2067,SAFProductionSite,site_CHHATTISGARH_6311,CHHATTISGARH,inv_43,0.0,0.0,0.0,0.0,0.0,1495.71,285.71,600.0,250.0,100000.0,False,site_CHHATTISGARH_6311,1.0,,,,,,,,,,,-125000000.0,,,,0,660.0,81891.07885224825,492.5719050036115,492.5719050036115,,
44,site_GUJARAT_001,44,2068,SAFProductionSite,site_GUJARAT_001,GUJARAT,inv_01,87527.25659005133,83632.4303893168,3894.826200734533,0.0,0.0,1540.71,285.71,600.0,250.0,100000.0,True,site_GUJARAT_001,1.0,,,,,,,,,,,23540725.57060884,,,,0,495.00000000000006,86562.40829619016,450.0,450.0,,
44,site_PUNJAB_020,44,2068,SAFProductionSite,site_PUNJAB_020,PUNJAB,inv_02,85919.0025934077,82705.90838965612,3213.094203751578,0.0,0.0,1495.71,285.71,600.0,250.0,100000.0,True,site_PUNJAB_020,1.0,,,,,,,,,,,27411919.816103607,,,,0,440.00000000000006,85109.34684683023,400.0,400.0,,
44,site_CHHATTISGARH_245,44,2068,SAFProductionSite,site_CHHATTISGARH_245,CHHATTISGARH,inv_06,0.0,0.0,0.0,77762.01153679736,23328603.461039208,1495.71,285.71,600.0,250.0,100000.0,True,site_CHHATTISGARH_245,1.0,,,,,,,,,,,-23328603.461039208,,,,0,660.0,80197.30664774435,400.0,400.0,,
44,site_HARYANA_525,44,2068,SAFProductionSite,site_HARYANA_525,HARYANA,inv_10,87701.46007960742,83793.33302877242,3908.127050834999,0.0,0.0,1495.71,285.71,600.0,250.0,100000.0,True,site_HARYANA_525,1.0,,,,,,,,,,,27586561.438412577,,,,0,445.50000000000006,86545.10098269311,405.0,405.0,,
44,site_ODISHA_624,44,2068,SAFProductionSite,site_ODISHA_624,ODISHA,inv_11,88197.27816832591,85169.28369467391,3027.9944736519974,0.0,0.0,1495.71,285.71,600.0,250.0,100000.0,True,site_ODISHA_624,1.0,,,,,,,,,,,27844667.60197015,,,,0,445.50000000000006,89404.74534625192,405.0,405.0,,
44,site_BIHAR_725,44,2068,SAFProductionSite,site_BIHAR_725,BIHAR,inv_12,86208.77463763225,83425.99824283275,2782.776394799497,0.0,0.0,1525.71,285.71,600.0,250.0,100000.0,True,site_BIHAR_725,1.0,,,,,,,,,,,25366473.45407498,,,,0,467.50000000000006,86458.07461765366,425.0,425.0,,
44,site_MADHYA_PRADESH_1615,44,2068,SAFProductionSite,site_MADHYA_PRADESH_1615,MADHYA_PRADESH,inv_19,83533.22040704008,80175.26324325474,3357.957163785337,0.0,0.0,1525.71,285.71,600.0,250.0,100000.0,True,site_MADHYA_PRADESH_1615,1.0,,,,,,,,,,,24002056.18765691,,,,0,473.00000000000006,82175.48493991613,430.0,430.0,,
44,site_UTTAR_PRADESH_2182,44,2068,SAFProductionSite,site_UTTAR_PRADESH_2182,UTTAR_PRADESH,inv_23,88029.80715777601,84701.26863703784,3328.538520738177,0.0,0.0,1525.71,285.71,600.0,250.0,100000.0,True,site_UTTAR_PRADESH_2182,1.0,,,,,,,,,,,25530382.19124557,,,,0,473.00000000000006,88418.01075474071,430.0,430.0,,
44,site_TELANGANA_2516,44,2068,SAFProductionSite,site_TELANGANA_2516,TELANGANA,inv_25,88773.57964972974,85876.7532469963,2896.826402733437,0.0,0.0,1525.71,285.71,600.0,250.0,100000.0,True,site_TELANGANA_2516,1.0,,,,,,,,,,,25343932.275199726,,,,0,478.50000000000006,0.0,435.0,435.0,,
44,site_KARNATAKA_3051,44,2068,SAFProductionSite,site_KARNATAKA_3051,KARNATAKA,inv_28,88341.49213420387,85298.59075274118,3042.901381462696,0.0,0.0,1540.71,285.71,600.0,250.0,100000.0,True,site_KARNATAKA_3051,1.0,,,,,,,,,,,24317831.998438045,,,,0,489.50000000000006,89372.55337479417,445.00000000000006,445.00000000000006,,
44,site_ANDHRA_PRADESH_3930,44,2068,SAFProductionSite,site_ANDHRA_PRADESH_3930,ANDHRA_PRADESH,inv_11,83765.45875916505,80108.9281422845,3656.5306168805546,0.0,0.0,1540.71,285.71,600.0,250.0,100000.0,True,site_ANDHRA_PRADESH_3930,1.0,,,,,,,,,,,22355524.606960535,,,,0,495.00000000000006,81960.83413849205,450.0,450.0,,
44,site_WEST_BENGAL_4276,44,2068,SAFProductionSite,site_WEST_BENGAL_4276,WEST_BENGAL,inv_02,88627.48940683332,85390.43602556507,3237.053381268255,0.0,0.0,1540.71,285.71,600.0,250.0,100000.0,True,site_WEST_BENGAL_4276,1.0,,,,,,,,,,,23477023.901404083,,,,0,500.50000000000006,88781.33805457133,454.99999999999994,454.99999999999994,,
44,site_MAHARASHTRA_4310,44,2068,SAFProductionSite,site_MAHARASHTRA_4310,MAHARASHTRA,inv_10,84180.9765793385,79723.22516462424,4457.751414714265,0.0,0.0,1570.71,285.71,600.0,250.0,100000.0,True,site_MAHARASHTRA_4310,1.0,,,,,,,,,,,18526251.54777956,,,,0,517.0,82222.18557144729,470.00000000000006,470.00000000000006,,
44,site_TAMIL_NADU_4435,44,2068,SAFProductionSite,site_TAMIL_NADU_4435,TAMIL_NADU,inv_35,58341.05721522562,58341.05721522562,0.0,19955.64464200419,5986693.392601257,1570.71,285.71,600.0,250.0,100000.0,True,site_TAMIL_NADU_4435,1.0,,,,,,,,,,,14067027.467140213,,,,0,522.5,81299.19183205116,475.00000000000006,475.00000000000006,,
44,site_JHARKHAND_4876,44,2068,SAFProductionSite,site_JHARKHAND_4876,JHARKHAND,inv_37,84921.62566708824,79871.52513447283,5050.100532615412,0.0,0.0,1570.71,285.71,600.0,250.0,100000.0,True,site_JHARKHAND_4876,1.0,,,,,,,,,,,17322119.135453552,,,,0,528.0,82592.79794654396,480.0,480.0,,
44,site_RAJASTHAN_5813,44,2068,SAFProductionSite,site_RAJASTHAN_5813,RAJASTHAN,inv_41,89077.67257625314,86409.92545691399,2667.747119339154,0.0,0.0,1570.71,285.71,600.0,250.0,100000.0,True,site_RAJASTHAN_5813,1.0,,,,,,,,,,,19041950.3218361,,,,0,533.5,89742.42689939626,484.99999999999994,484.99999999999994,,
44,site_CHHATTISGARH_6311,44,2068,SAFProductionSite,site_CHHATTISGARH_6311,CHHATTISGARH,inv_43,0.0,0.0,0.0,0.0,0.0,1495.71,285.71,600.0,250.0,100000.0,False,site_CHHATTISGARH_6311,1.0,,,,,,,,,,,-125000000.0,,,,0,660.0,81891.07885224825,492.5719050036115,492.5719050036115,,
45,site_GUJARAT_001,45,2069,SAFProductionSite,site_GUJARAT_001,GUJARAT,inv_01,86294.74706007658,82454.76560824677,3839.981451829808,0.0,0.0,1540.71,285.71,600.0,250.0,100000.0,True,site_GUJARAT_001,1.0,,,,,,,,,,,23640712.067091882,,,,0,495.00000000000006,86562.40829619016,450.0,450.0,,
45,site_PUNJAB_020,45,2069,SAFProductionSite,site_PUNJAB_020,PUNJAB,inv_02,85361.89014841436,81104.87957711068,4257.0105713036755,0.0,0.0,1495.71,285.71,600.0,250.0,100000.0,True,site_PUNJAB_020,1.0,,,,,,,,,,,27660986.02949713,,,,0,440.00000000000006,85109.34684683023,400.0,400.0,,
45,site_CHHATTISGARH_245,45,2069,SAFProductionSite,site_CHHATTISGARH_245,CHHATTISGARH,inv_06,12345.440190555688,12345.440190555688,0.0,65711.18661591917,19713355.98477575,1495.71,285.71,600.0,250.0,100000.0,True,site_CHHATTISGARH_245,1.0,,,,,,,,,,,-16274990.434512058,,,,0,660.0,80197.30664774435,400.0,400.0,,
45,site_HARYANA_525,45,2069,SAFProductionSite,site_HARYANA_525,HARYANA,inv_10,87701.46007960742,84602.50179176252,3098.9582878449,0.0,0.0,1495.71,285.71,600.0,250.0,100000.0,True,site_HARYANA_525,1.0,,,,,,,,,,,28025068.7388106,,,,0,445.50000000000006,86545.10098269311,405.0,405.0,,
45,site_ODISHA_624,45,2069,SAFProductionSite,site_ODISHA_624,ODISHA,inv_11,88197.27816832591,85451.21810163566,2746.0600666902465,0.0,0.0,1495.71,285.71,600.0,250.0,100000.0,True,site_ODISHA_624,1.0,,,,,,,,,,,28285653.992811784,,,,0,445.50000000000006,89404.74534625192,405.0,405.0,,
45,site_BIHAR_725,45,2069,SAFProductionSite,site_BIHAR_725,BIHAR,inv_12,87346.10165069252,84728.18975164382,2617.911899048704,0.0,0.0,1525.71,285.71,600.0,250.0,100000.0,True,site_BIHAR_725,1.0,,,,,,,,,,,26137856.38728939,,,,0,467.50000000000006,86458.07461765366,425.0,425.0,,
45,site_MADHYA_PRADESH_1615,45,2069,SAFProductionSite,site_MADHYA_PRADESH_1615,MADHYA_PRADESH,inv_19,84700.4810371252,79525.56323557894,5174.917801546253,0.0,0.0,1525.71,285.71,600.0,250.0,100000.0,True,site_MADHYA_PRADESH_1615,1.0,,,,,,,,,,,24760953.96120526,,,,0,473.00000000000006,82175.48493991613,430.0,430.0,,
45,site_UTTAR_PRADESH_2182,45,2069,SAFProductionSite,site_UTTAR_PRADESH_2182,UTTAR_PRADESH,inv_23,88029.80715777601,85529.84521520422,2499.9619425717974,0.0,0.0,1525.71,285.71,600.0,250.0,100000.0,True,site_UTTAR_PRADESH_2182,1.0,,,,,,,,,,,25970531.227034464,,,,0,473.00000000000006,88418.01075474071,430.0,430.0,,
45,site_TELANGANA_2516,45,2069,SAFProductionSite,site_TELANGANA_2516,TELANGANA,inv_25,88857.08718668841,86473.75192500309,2383.3352616853226,0.0,0.0,1525.71,285.71,600.0,250.0,100000.0,True,site_TELANGANA_2516,1.0,,,,,,,,,,,25812058.243074074,,,,0,478.50000000000006,89631.22631233465,435.0,435.0,,
45,site_KARNATAKA_3051,45,2069,SAFProductionSite,site_KARNATAKA_3051,KARNATAKA,inv_28,88341.49213420387,85454.40914602838,2887.0829881754908,0.0,0.0,1540.71,285.71,600.0,250.0,100000.0,True,site_KARNATAKA_3051,1.0,,,,,,,,,,,24759539.459109053,,,,0,489.50000000000006,89372.55337479417,445.00000000000006,445.00000000000006,,
45,site_ANDHRA_PRADESH_3930,45,2069,SAFProductionSite,site_ANDHRA_PRADESH_3930,ANDHRA_PRADESH,inv_11,84899.78692980275,79641.19915641213,5258.587773390624,0.0,0.0,1540.71,285.71,600.0,250.0,100000.0,True,site_ANDHRA_PRADESH_3930,1.0,,,,,,,,,,,23082755.73822975,,,,0,495.00000000000006,81960.83413849205,450.0,450.0,,
45,site_WEST_BENGAL_4276,45,2069,SAFProductionSite,site_WEST_BENGAL_4276,WEST_BENGAL,inv_02,88627.48940683332,85874.74446566528,2752.7449411680427,0.0,0.0,1540.71,285.71,600.0,250.0,100000.0,True,site_WEST_BENGAL_4276,1.0,,,,,,,,,,,23920161.348438233,,,,0,500.50000000000006,88781.33805457133,454.99999999999994,454.99999999999994,,
45,site_MAHARASHTRA_4310,45,2069,SAFProductionSite,site_MAHARASHTRA_4310,MAHARASHTRA,inv_10,84782.73102802089,79618.2885512865,5164.442476734388,0.0,0.0,1570.71,285.71,600.0,250.0,100000.0,True,site_MAHARASHTRA_4310,1.0,,,,,,,,,,,21335101.787573263,,,,0,517.0,82222.18557144729,470.00000000000006,470.00000000000006,,
45,site_TAMIL_NADU_4435,45,2069,SAFProductionSite,site_TAMIL_NADU_4435,TAMIL_NADU,inv_35,83699.75040649432,79389.44354010827,4310.306866386047,0.0,0.0,1570.71,285.71,600.0,250.0,100000.0,True,site_TAMIL_NADU_4435,1.0,,,,,,,,,,,18265639.809935376,,,,0,522.5,81299.19183205116,475.00000000000006,475.00000000000006,,
45,site_JHARKHAND_4876,45,2069,SAFProductionSite,site_JHARKHAND_4876,JHARKHAND,inv_37,84921.62566708824,80359.13785592372,4562.487811164523,0.0,0.0,1570.71,285.71,600.0,250.0,100000.0,True,site_JHARKHAND_4876,1.0,,,,,,,,,,,17720173.267086282,,,,0,528.0,82592.79794654396,480.0,480.0,,
45,site_RAJASTHAN_5813,45,2069,SAFProductionSite,site_RAJASTHAN_5813,RAJASTHAN,inv_41,89372.9257599445,87400.26507635771,1972.660683586786,0.0,0.0,1570.71,285.71,600.0,250.0,100000.0,True,site_RAJASTHAN_5813,1.0,,,,,,,,,,,19384800.516880214,,,,0,533.5,89742.42689939626,484.99999999999994,484.99999999999994,,
45,site_CHHATTISGARH_6311,45,2069,SAFProductionSite,site_CHHATTISGARH_6311,CHHATTISGARH,inv_43,0.0,0.0,0.0,0.0,0.0,1495.71,285.71,600.0,250.0,100000.0,True,site_CHHATTISGARH_6311,1.0,,,,,,,,,,,-125000000.0,,,,0,660.0,81891.07885224825,492.5719050036115,492.5719050036115,,
45,site_PUNJAB_7112,45,2069,SAFProductionSite,site_PUNJAB_7112,PUNJAB,inv_46,0.0,0.0,0.0,0.0,0.0,1495.71,285.71,600.0,250.0,100000.0,False,site_PUNJAB_7112,1.0,,,,,,,,,,,,,,,0,440.00000000000006,80584.46574920612,501.1922698217161,501.1922698217161,,
46,site_GUJARAT_001,46,2070,SAFProductionSite,site_GUJARAT_001,GUJARAT,inv_01,86294.74706007658,83592.22836235174,2702.5186977248377,0.0,0.0,1540.71,285.71,600.0,250.0,100000.0,True,site_GUJARAT_001,1.0,,,,,,,,,,,24072185.802392244,,,,0,495.00000000000006,86562.40829619016,450.0,450.0,,
46,site_PUNJAB_020,46,2070,SAFProductionSite,site_PUNJAB_020,PUNJAB,inv_02,85361.89014841436,82536.57827484378,2825.3118735705793,0.0,0.0,1495.71,285.71,600.0,250.0,100000.0,True,site_PUNJAB_020,1.0,,,,,,,,,,,25291388.02310136,,,,0,660.0,85109.34684683023,400.0,400.0,,
46,site_CHHATTISGARH_245,46,2070,SAFProductionSite,site_CHHATTISGARH_245,CHHATTISGARH,inv_06,0.0,0.0,0.0,77717.65227660937,23315295.68298281,1495.71,285.71,600.0,250.0,100000.0,True,site_CHHATTISGARH_245,1.0,,,,,,,,,,,-23315295.68298281,,,,0,660.0,0.0,400.0,400.0,,
46,site_HARYANA_525,46,2070,SAFProductionSite,site_HARYANA_525,HARYANA,inv_10,88289.03733923228,84354.726840816,3934.3104984162783,0.0,0.0,1495.71,285.71,600.0,250.0,100000.0,True,site_HARYANA_525,1.0,,,,,,,,,,,28654274.68884413,,,,0,445.50000000000006,86545.10098269311,405.0,405.0,,
46,site_ODISHA_624,46,2070,SAFProductionSite,site_ODISHA_624,ODISHA,inv_11,88489.23609302996,86978.03905607443,1511.1970369555347,0.0,0.0,1495.71,285.71,600.0,250.0,100000.0,True,site_ODISHA_624,1.0,,,,,,,,,,,28821733.684538767,,,,0,445.50000000000006,89404.74534625192,405.0,405.0,,
46,site_BIHAR_725,46,2070,SAFProductionSite,site_BIHAR_725,BIHAR,inv_12,86774.08222386181,82879.65111576246,3894.4311080993502,0.0,0.0,1525.71,285.71,600.0,250.0,100000.0,True,site_BIHAR_725,1.0,,,,,,,,,,,26400553.02709338,,,,0,467.50000000000006,86458.07461765366,425.0,425.0,,
46,site_MADHYA_PRADESH_1615,46,2070,SAFProductionSite,site_MADHYA_PRADESH_1615,MADHYA_PRADESH,inv_19,83730.60739357586,78614.94564727035,5115.661746305515,0.0,0.0,1525.71,285.71,600.0,250.0,100000.0,True,site_MADHYA_PRADESH_1615,1.0,,,,,,,,,,,24896078.541875646,,,,0,473.00000000000006,82175.48493991613,430.0,430.0,,
46,site_UTTAR_PRADESH_2182,46,2070,SAFProductionSite,site_UTTAR_PRADESH_2182,UTTAR_PRADESH,inv_23,88890.94463027359,85841.28904622578,3049.6555840478104,0.0,0.0,1525.71,285.71,600.0,250.0,100000.0,True,site_UTTAR_PRADESH_2182,1.0,,,,,,,,,,,26669038.50740868,,,,0,473.00000000000006,88418.01075474071,430.0,430.0,,
46,site_TELANGANA_2516,46,2070,SAFProductionSite,site_TELANGANA_2516,TELANGANA,inv_25,89474.80457324834,87752.33745232839,1722.4671209199587,0.0,0.0,1525.71,285.71,600.0,250.0,100000.0,True,site_TELANGANA_2516,1.0,,,,,,,,,,,26438872.732249394,,,,0,478.50000000000006,89631.22631233465,435.0,435.0,,
46,site_KARNATAKA_3051,46,2070,SAFProductionSite,site_KARNATAKA_3051,KARNATAKA,inv_28,88441.73649677177,85395.38222242746,3046.3542743443104,0.0,0.0,1540.71,285.71,600.0,250.0,100000.0,True,site_KARNATAKA_3051,1.0,,,,,,,,,,,25229843.707907125,,,,0,489.50000000000006,89372.55337479417,445.00000000000006,445.00000000000006,,
46,site_ANDHRA_PRADESH_3930,46,2070,SAFProductionSite,site_ANDHRA_PRADESH_3930,ANDHRA_PRADESH,inv_11,84629.96823993226,79388.09270240105,5241.875537531218,0.0,0.0,1540.71,285.71,600.0,250.0,100000.0,True,site_ANDHRA_PRADESH_3930,1.0,,,,,,,,,,,23432546.633110255,,,,0,495.00000000000006,81960.83413849205,450.0,450.0,,
46,site_WEST_BENGAL_4276,46,2070,SAFProductionSite,site_WEST_BENGAL_4276,WEST_BENGAL,inv_02,89130.15742379685,85945.39848878428,3184.7589350125636,0.0,0.0,1540.71,285.71,600.0,250.0,100000.0,True,site_WEST_BENGAL_4276,1.0,,,,,,,,,,,24501479.97576055,,,,0,500.50000000000006,88781.33805457133,454.99999999999994,454.99999999999994,,
46,site_MAHARASHTRA_4310,46,2070,SAFProductionSite,site_MAHARASHTRA_4310,MAHARASHTRA,inv_10,83747.22384511291,78645.85809656985,5101.365748543059,0.0,0.0,1570.71,285.71,600.0,250.0,100000.0,True,site_MAHARASHTRA_4310,1.0,,,,,,,,,,,21493258.294875234,,,,0,517.0,82222.18557144729,470.00000000000006,470.00000000000006,,
46,site_TAMIL_NADU_4435,46,2070,SAFProductionSite,site_TAMIL_NADU_4435,TAMIL_NADU,inv_35,46890.65406615885,46890.65406615885,0.0,30733.61522003435,9220084.566010306,1570.71,285.71,600.0,250.0,100000.0,True,site_TAMIL_NADU_4435,1.0,,,,,,,,,,,2554961.2560745757,,,,0,522.5,81299.19183205116,475.00000000000006,475.00000000000006,,
46,site_JHARKHAND_4876,46,2070,SAFProductionSite,site_JHARKHAND_4876,JHARKHAND,inv_37,84095.78756318643,79094.79778905695,5000.989774129484,0.0,0.0,1570.71,285.71,600.0,250.0,100000.0,True,site_JHARKHAND_4876,1.0,,,,,,,,,,,18354177.603384808,,,,0,528.0,82592.79794654396,480.0,480.0,,
46,site_RAJASTHAN_5813,46,2070,SAFProductionSite,site_RAJASTHAN_5813,RAJASTHAN,inv_41,88616.79680714157,85678.86461391316,2937.9321932284074,0.0,0.0,1570.71,285.71,600.0,250.0,100000.0,True,site_RAJASTHAN_5813,1.0,,,,,,,,,,,20028041.10214214,,,,0,533.5,89742.42689939626,484.99999999999994,484.99999999999994,,
46,site_CHHATTISGARH_6311,46,2070,SAFProductionSite,site_CHHATTISGARH_6311,CHHATTISGARH,inv_43,84686.5542994335,79902.29124527707,4784.263054156429,0.0,0.0,1495.71,285.71,600.0,250.0,100000.0,True,site_CHHATTISGARH_6311,1.0,,,,,,,,,,,14859517.696589962,,,,0,660.0,81891.07885224825,492.5719050036115,492.5719050036115,,
46,site_PUNJAB_7112,46,2070,SAFProductionSite,site_PUNJAB_7112,PUNJAB,inv_46,0.0,0.0,0.0,0.0,0.0,1495.71,285.71,600.0,250.0,100000.0,False,site_PUNJAB_7112,1.0,,,,,,,,,,,-125000000.0,,,,0,660.0,80584.46574920612,501.1922698217161,501.1922698217161,,
47,site_GUJARAT_001,47,2071,SAFProductionSite,site_GUJARAT_001,GUJARAT,inv_01,86480.68488257469,82632.42948807849,3848.2553944961983,0.0,0.0,1540.71,285.71,600.0,250.0,100000.0,True,site_GUJARAT_001,1.0,,,,,,,,,,,24124053.731360734,,,,0,495.00000000000006,86562.40829619016,450.0,450.0,,
47,site_PUNJAB_020,47,2071,SAFProductionSite,site_PUNJAB_020,PUNJAB,inv_02,86868.73545289849,82894.86795152836,3973.8675013701286,0.0,0.0,1495.71,285.71,600.0,250.0,100000.0,True,site_PUNJAB_020,1.0,,,,,,,,,,,25737842.6320637,,,,0,660.0,85109.34684683023,400.0,400.0,,
47,site_CHHATTISGARH_245,47,2071,SAFProductionSite,site_CHHATTISGARH_245,CHHATTISGARH,inv_06,0.0,0.0,0.0,77481.29859673198,23244389.579019595,1495.71,285.71,600.0,250.0,100000.0,True,site_CHHATTISGARH_245,1.0,,,,,,,,,,,-23244389.579019595,,,,0,660.0,80197.30664774435,400.0,400.0,,
47,site_HARYANA_525,47,2071,SAFProductionSite,site_HARYANA_525,HARYANA,inv_10,86480.61976208662,82626.89544371836,3853.7243183682585,0.0,0.0,1495.71,285.71,600.0,250.0,100000.0,True,site_HARYANA_525,1.0,,,,,,,,,,,28067351.379118115,,,,0,445.50000000000006,86545.10098269311,405.0,405.0,,
47,site_ODISHA_624,47,2071,SAFProductionSite,site_ODISHA_624,ODISHA,inv_11,89618.35412945849,86541.57118697486,3076.7829424836236,0.0,0.0,1495.71,285.71,600.0,250.0,100000.0,True,site_ODISHA_624,1.0,,,,,,,,,,,29189497.502842486,,,,0,445.50000000000006,89404.74534625192,405.0,405.0,,
47,site_BIHAR_725,47,2071,SAFProductionSite,site_BIHAR_725,BIHAR,inv_12,86774.08222386181,83259.02524023838,3515.0569836234354,0.0,0.0,1525.71,285.71,600.0,250.0,100000.0,True,site_BIHAR_725,1.0,,,,,,,,,,,26400553.02709338,,,,0,467.50000000000006,86458.07461765366,425.0,425.0,,
47,site_MADHYA_PRADESH_1615,47,2071,SAFProductionSite,site_MADHYA_PRADESH_1615,MADHYA_PRADESH,inv_19,83730.60739357586,79722.44632985309,4008.1610637227714,0.0,0.0,1525.71,285.71,600.0,250.0,100000.0,True,site_MADHYA_PRADESH_1615,1.0,,,,,,,,,,,24896078.541875646,,,,0,473.00000000000006,82175.48493991613,430.0,430.0,,
47,site_UTTAR_PRADESH_2182,47,2071,SAFProductionSite,site_UTTAR_PRADESH_2182,UTTAR_PRADESH,inv_23,88140.11338447953,84807.40402051773,3332.709363961796,0.0,0.0,1525.71,285.71,600.0,250.0,100000.0,True,site_UTTAR_PRADESH_2182,1.0,,,,,,,,,,,26443774.308789432,,,,0,473.00000000000006,88418.01075474071,430.0,430.0,,
47,site_TELANGANA_2516,47,2071,SAFProductionSite,site_TELANGANA_2516,TELANGANA,inv_25,89698.32193604617,86689.7723463239,3008.549589722272,0.0,0.0,1525.71,285.71,600.0,250.0,100000.0,True,site_TELANGANA_2516,1.0,,,,,,,,,,,26504919.78467545,,,,0,478.50000000000006,89631.22631233465,435.0,435.0,,
47,site_KARNATAKA_3051,47,2071,SAFProductionSite,site_KARNATAKA_3051,KARNATAKA,inv_28,88441.73649677177,86338.06710401694,2103.669392754833,0.0,0.0,1540.71,285.71,600.0,250.0,100000.0,True,site_KARNATAKA_3051,1.0,,,,,,,,,,,25229843.707907125,,,,0,489.50000000000006,0.0,445.00000000000006,445.00000000000006,,
47,site_ANDHRA_PRADESH_3930,47,2071,SAFProductionSite,site_ANDHRA_PRADESH_3930,ANDHRA_PRADESH,inv_11,84629.96823993226,79523.66057490664,5106.307665025626,0.0,0.0,1540.71,285.71,600.0,250.0,100000.0,True,site_ANDHRA_PRADESH_3930,1.0,,,,,,,,,,,23432546.633110255,,,,0,495.00000000000006,81960.83413849205,450.0,450.0,,
47,site_WEST_BENGAL_4276,47,2071,SAFProductionSite,site_WEST_BENGAL_4276,WEST_BENGAL,inv_02,89034.77231392541,85782.84322625546,3251.9290876699524,0.0,0.0,1540.71,285.71,600.0,250.0,100000.0,True,site_WEST_BENGAL_4276,1.0,,,,,,,,,,,24475259.037449062,,,,0,500.50000000000006,88781.33805457133,454.99999999999994,454.99999999999994,,
47,site_MAHARASHTRA_4310,47,2071,SAFProductionSite,site_MAHARASHTRA_4310,MAHARASHTRA,inv_10,83747.22384511291,79177.93872538001,4569.2851197329,0.0,0.0,1570.71,285.71,600.0,250.0,100000.0,True,site_MAHARASHTRA_4310,1.0,,,,,,,,,,,21493258.294875234,,,,0,517.0,82222.18557144729,470.00000000000006,470.00000000000006,,
47,site_TAMIL_NADU_4435,47,2071,SAFProductionSite,site_TAMIL_NADU_4435,TAMIL_NADU,inv_35,81531.59145984807,77428.91520712114,4102.676252726931,0.0,0.0,1570.71,285.71,600.0,250.0,100000.0,True,site_TAMIL_NADU_4435,1.0,,,,,,,,,,,20473978.120089367,,,,0,522.5,81299.19183205116,475.00000000000006,475.00000000000006,,
47,site_JHARKHAND_4876,47,2071,SAFProductionSite,site_JHARKHAND_4876,JHARKHAND,inv_37,84095.78756318643,79231.72446954092,4864.063093645513,0.0,0.0,1570.71,285.71,600.0,250.0,100000.0,True,site_JHARKHAND_4876,1.0,,,,,,,,,,,18354177.603384808,,,,0,528.0,82592.79794654396,480.0,480.0,,
47,site_RAJASTHAN_5813,47,2071,SAFProductionSite,site_RAJASTHAN_5813,RAJASTHAN,inv_41,88616.79680714157,86854.67888261686,1762.117924524704,0.0,0.0,1570.71,285.71,600.0,250.0,100000.0,True,site_RAJASTHAN_5813,1.0,,,,,,,,,,,20028041.10214214,,,,0,533.5,89742.42689939626,484.99999999999994,484.99999999999994,,
47,site_CHHATTISGARH_6311,47,2071,SAFProductionSite,site_CHHATTISGARH_6311,CHHATTISGARH,inv_43,83158.80243943991,77985.24047089883,5173.561968541078,0.0,0.0,1495.71,285.71,600.0,250.0,100000.0,True,site_CHHATTISGARH_6311,1.0,,,,,,,,,,,15296011.680508733,,,,0,660.0,81891.07885224825,492.5719050036115,492.5719050036115,,
47,site_PUNJAB_7112,47,2071,SAFProductionSite,site_PUNJAB_7112,PUNJAB,inv_46,0.0,0.0,0.0,0.0,0.0,1495.71,285.71,600.0,250.0,100000.0,False,site_PUNJAB_7112,1.0,,,,,,,,,,,-125000000.0,,,,0,660.0,80584.46574920612,501.1922698217161,501.1922698217161,,
48,site_GUJARAT_001,48,2072,SAFProductionSite,site_GUJARAT_001,GUJARAT,inv_01,86480.68488257469,84078.3598181,2402.3250644746877,0.0,0.0,1540.71,285.71,600.0,250.0,100000.0,True,site_GUJARAT_001,1.0,,,,,,,,,,,34069332.49285683,,,,0,495.00000000000006,86562.40829619016,450.0,450.0,,
48,site_PUNJAB_020,48,2072,SAFProductionSite,site_PUNJAB_020,PUNJAB,inv_02,85153.43919788107,80906.82410749371,4246.615090387364,0.0,0.0,1495.71,285.71,600.0,250.0,100000.0,True,site_PUNJAB_020,1.0,,,,,,,,,,,35022272.786519006,,,,0,660.0,85109.34684683023,400.0,400.0,,
48,site_CHHATTISGARH_245,48,2072,SAFProductionSite,site_CHHATTISGARH_245,CHHATTISGARH,inv_06,34208.30434181671,34208.30434181671,0.0,43711.42196357605,13113426.589072816,1495.71,285.71,600.0,250.0,100000.0,True,site_CHHATTISGARH_245,1.0,,,,,,,,,,,519027.3061924577,,,,0,660.0,80197.30664774435,400.0,400.0,,
48,site_HARYANA_525,48,2072,SAFProductionSite,site_HARYANA_525,HARYANA,inv_10,86480.61976208662,83504.20601255105,2976.413749535568,0.0,0.0,1495.71,285.71,600.0,250.0,100000.0,True,site_HARYANA_525,1.0,,,,,,,,,,,38012622.651758075,,,,0,445.50000000000006,86545.10098269311,405.0,405.0,,
48,site_ODISHA_624,48,2072,SAFProductionSite,site_ODISHA_624,ODISHA,inv_11,89473.14486488511,86401.34725596033,3071.7976089247823,0.0,0.0,1495.71,285.71,600.0,250.0,100000.0,True,site_ODISHA_624,1.0,,,,,,,,,,,39431613.20929523,,,,0,445.50000000000006,89404.74534625192,405.0,405.0,,
48,site_BIHAR_725,48,2072,SAFProductionSite,site_BIHAR_725,BIHAR,inv_12,86543.7166029755,82659.62433128011,3884.0922716953937,0.0,0.0,1525.71,285.71,600.0,250.0,100000.0,True,site_BIHAR_725,1.0,,,,,,,,,,,36282992.92143151,,,,0,467.50000000000006,86458.07461765366,425.0,425.0,,
48,site_MADHYA_PRADESH_1615,48,2072,SAFProductionSite,site_MADHYA_PRADESH_1615,MADHYA_PRADESH,inv_19,83889.2002340284,78763.84899241889,5125.351241609504,0.0,0.0,1525.71,285.71,600.0,250.0,100000.0,True,site_MADHYA_PRADESH_1615,1.0,,,,,,,,,,,34590491.84372352,,,,0,473.00000000000006,82175.48493991613,430.0,430.0,,
48,site_UTTAR_PRADESH_2182,48,2072,SAFProductionSite,site_UTTAR_PRADESH_2182,UTTAR_PRADESH,inv_23,88140.11338447953,86497.16540305194,1642.9479814275837,0.0,0.0,1525.71,285.71,600.0,250.0,100000.0,True,site_UTTAR_PRADESH_2182,1.0,,,,,,,,,,,36579887.34800458,,,,0,473.00000000000006,88418.01075474071,430.0,430.0,,
48,site_TELANGANA_2516,48,2072,SAFProductionSite,site_TELANGANA_2516,TELANGANA,inv_25,88441.24436833247,85474.8581114236,2966.386256908867,0.0,0.0,1525.71,285.71,600.0,250.0,100000.0,True,site_TELANGANA_2516,1.0,,,,,,,,,,,36304209.5601908,,,,0,478.50000000000006,89631.22631233465,435.0,435.0,,
48,site_KARNATAKA_3051,48,2072,SAFProductionSite,site_KARNATAKA_3051,KARNATAKA,inv_28,89418.05027073988,86540.73615870239,2877.314112037493,0.0,0.0,1540.71,285.71,600.0,250.0,100000.0,True,site_KARNATAKA_3051,1.0,,,,,,,,,,,35791433.286970556,,,,0,489.50000000000006,89372.55337479417,445.00000000000006,445.00000000000006,,
48,site_ANDHRA_PRADESH_3930,48,2072,SAFProductionSite,site_ANDHRA_PRADESH_3930,ANDHRA_PRADESH,inv_11,83902.87281295833,78706.03266668829,5196.840146270042,0.0,0.0,1540.71,285.71,600.0,250.0,100000.0,True,site_ANDHRA_PRADESH_3930,1.0,,,,,,,,,,,32880057.097664863,,,,0,495.00000000000006,81960.83413849205,450.0,450.0,,
48,site_WEST_BENGAL_4276,48,2072,SAFProductionSite,site_WEST_BENGAL_4276,WEST_BENGAL,inv_02,89034.77231392541,85906.6565375876,3128.115776337814,0.0,0.0,1540.71,285.71,600.0,250.0,100000.0,True,site_WEST_BENGAL_4276,1.0,,,,,,,,,,,34714257.85355049,,,,0,500.50000000000006,88781.33805457133,454.99999999999994,454.99999999999994,,
48,site_MAHARASHTRA_4310,48,2072,SAFProductionSite,site_MAHARASHTRA_4310,MAHARASHTRA,inv_10,84251.81201073814,79119.70985486054,5132.102155877597,0.0,0.0,1570.71,285.71,600.0,250.0,100000.0,True,site_MAHARASHTRA_4310,1.0,,,,,,,,,,,31311716.416858286,,,,0,517.0,82222.18557144729,470.00000000000006,470.00000000000006,,
48,site_TAMIL_NADU_4435,48,2072,SAFProductionSite,site_TAMIL_NADU_4435,TAMIL_NADU,inv_35,82772.080092199,78238.14416054044,4533.9359316585615,0.0,0.0,1570.71,285.71,600.0,250.0,100000.0,True,site_TAMIL_NADU_4435,1.0,,,,,,,,,,,30304275.25862813,,,,0,522.5,81299.19183205116,475.00000000000006,475.00000000000006,,
48,site_JHARKHAND_4876,48,2072,SAFProductionSite,site_JHARKHAND_4876,JHARKHAND,inv_37,83432.1304002016,78470.60684408121,4961.523556120388,0.0,0.0,1570.71,285.71,600.0,250.0,100000.0,True,site_JHARKHAND_4876,1.0,,,,,,,,,,,30172774.671293825,,,,0,528.0,82592.79794654396,480.0,480.0,,
48,site_RAJASTHAN_5813,48,2072,SAFProductionSite,site_RAJASTHAN_5813,RAJASTHAN,inv_41,88848.06746646581,85902.4679061032,2945.5995603626216,0.0,0.0,1570.71,285.71,600.0,250.0,100000.0,True,site_RAJASTHAN_5813,1.0,,,,,,,,,,,31987532.33502099,,,,0,533.5,89742.42689939626,484.99999999999994,484.99999999999994,,
48,site_CHHATTISGARH_6311,48,2072,SAFProductionSite,site_CHHATTISGARH_6311,CHHATTISGARH,inv_43,83158.80243943991,78996.60807822796,4162.19436121195,0.0,0.0,1495.71,285.71,600.0,250.0,100000.0,True,site_CHHATTISGARH_6311,1.0,,,,,,,,,,,27201965.53870879,,,,0,660.0,81891.07885224825,492.5719050036115,492.5719050036115,,
48,site_PUNJAB_7112,48,2072,SAFProductionSite,site_PUNJAB_7112,PUNJAB,inv_46,0.0,0.0,0.0,0.0,0.0,1495.71,285.71,600.0,250.0,100000.0,True,site_PUNJAB_7112,1.0,,,,,,,,,,,-125000000.0,,,,0,660.0,80584.46574920612,501.1922698217161,501.1922698217161,,
49,site_GUJARAT_001,49,2073,SAFProductionSite,site_GUJARAT_001,GUJARAT,inv_01,87542.15022776529,83646.66128341634,3895.488944348952,0.0,0.0,1540.71,285.71,600.0,250.0,100000.0,True,site_GUJARAT_001,1.0,,,,,,,,,,,34487500.03887071,,,,0,495.00000000000006,86562.40829619016,450.0,450.0,,
49,site_PUNJAB_020,49,2073,SAFProductionSite,site_PUNJAB_020,PUNJAB,inv_02,90815.59265173088,81994.06500702533,8821.527644705551,0.0,0.0,1495.71,285.71,600.0,250.0,100000.0,True,site_PUNJAB_020,1.0,,,,,,,,,,,37351027.61648007,,,,0,660.0,85109.34684683023,400.0,400.0,,
49,site_CHHATTISGARH_245,49,2073,SAFProductionSite,site_CHHATTISGARH_245,CHHATTISGARH,inv_06,0.0,0.0,0.0,77180.01287293447,23154003.861880343,1495.71,285.71,600.0,250.0,100000.0,True,site_CHHATTISGARH_245,1.0,,,,,,,,,,,-23154003.861880343,,,,0,660.0,80197.30664774435,400.0,400.0,,
49,site_HARYANA_525,49,2073,SAFProductionSite,site_HARYANA_525,HARYANA,inv_10,91192.9881861139,82242.76813530043,8950.22005081347,0.0,0.0,1495.71,285.71,600.0,250.0,100000.0,True,site_HARYANA_525,1.0,,,,,,,,,,,40083947.80173279,,,,0,445.50000000000006,86545.10098269311,405.0,405.0,,
49,site_ODISHA_624,49,2073,SAFProductionSite,site_ODISHA_624,ODISHA,inv_11,92874.56892426862,85760.22614363613,7114.342780632491,0.0,0.0,1495.71,285.71,600.0,250.0,100000.0,True,site_ODISHA_624,1.0,,,,,,,,,,,40930651.13931261,,,,0,445.50000000000006,89404.74534625192,405.0,405.0,,
49,site_BIHAR_725,49,2073,SAFProductionSite,site_BIHAR_725,BIHAR,inv_12,91706.2024843849,82644.93145806895,9061.271026315953,0.0,0.0,1525.71,285.71,600.0,250.0,100000.0,True,site_BIHAR_725,1.0,,,,,,,,,,,38447337.6716283,,,,0,467.50000000000006,86458.07461765366,425.0,425.0,,
49,site_MADHYA_PRADESH_1615,49,2073,SAFProductionSite,site_MADHYA_PRADESH_1615,MADHYA_PRADESH,inv_19,90723.00188950775,80329.52033029243,10393.481559215317,0.0,0.0,1525.71,285.71,600.0,250.0,100000.0,True,site_MADHYA_PRADESH_1615,1.0,,,,,,,,,,,37408310.58279878,,,,0,473.00000000000006,82175.48493991613,430.0,430.0,,
49,site_UTTAR_PRADESH_2182,49,2073,SAFProductionSite,site_UTTAR_PRADESH_2182,UTTAR_PRADESH,inv_23,93880.38292483361,85995.15184242123,7885.231082412385,0.0,0.0,1525.71,285.71,600.0,250.0,100000.0,True,site_UTTAR_PRADESH_2182,1.0,,,,,,,,,,,38962212.546718344,,,,0,473.00000000000006,88418.01075474071,430.0,430.0,,
49,site_TELANGANA_2516,49,2073,SAFProductionSite,site_TELANGANA_2516,TELANGANA,inv_25,92396.42604421095,85809.89447088663,6586.531573324319,0.0,0.0,1525.71,285.71,600.0,250.0,100000.0,True,site_TELANGANA_2516,1.0,,,,,,,,,,,37927770.4387749,,,,0,478.50000000000006,89631.22631233465,435.0,435.0,,
49,site_KARNATAKA_3051,49,2073,SAFProductionSite,site_KARNATAKA_3051,KARNATAKA,inv_28,93744.23335994058,86950.70815231212,6793.525207628467,0.0,0.0,1540.71,285.71,600.0,250.0,100000.0,True,site_KARNATAKA_3051,1.0,,,,,,,,,,,37523077.993554085,,,,0,489.50000000000006,89372.55337479417,445.00000000000006,445.00000000000006,,
49,site_ANDHRA_PRADESH_3930,49,2073,SAFProductionSite,site_ANDHRA_PRADESH_3930,ANDHRA_PRADESH,inv_11,90548.33880655398,78460.24595537044,12088.092851183537,0.0,0.0,1540.71,285.71,600.0,250.0,100000.0,True,site_ANDHRA_PRADESH_3930,1.0,,,,,,,,,,,35484298.09662464,,,,0,495.00000000000006,81960.83413849205,450.0,450.0,,
49,site_WEST_BENGAL_4276,49,2073,SAFProductionSite,site_WEST_BENGAL_4276,WEST_BENGAL,inv_02,92237.99597105687,84742.20962469003,7495.786346366833,0.0,0.0,1540.71,285.71,600.0,250.0,100000.0,True,site_WEST_BENGAL_4276,1.0,,,,,,,,,,,35963180.371195465,,,,0,500.50000000000006,88781.33805457133,454.99999999999994,454.99999999999994,,
49,site_MAHARASHTRA_4310,49,2073,SAFProductionSite,site_MAHARASHTRA_4310,MAHARASHTRA,inv_10,90203.86446092256,78346.05363803585,11857.810822886706,0.0,0.0,1570.71,285.71,600.0,250.0,100000.0,True,site_MAHARASHTRA_4310,1.0,,,,,,,,,,,33523763.540482014,,,,0,517.0,82222.18557144729,470.00000000000006,470.00000000000006,,
49,site_TAMIL_NADU_4435,49,2073,SAFProductionSite,site_TAMIL_NADU_4435,TAMIL_NADU,inv_35,83822.93514517424,77439.61631010326,6383.3188350709825,0.0,0.0,1570.71,285.71,600.0,250.0,100000.0,True,site_TAMIL_NADU_4435,1.0,,,,,,,,,,,30689011.28008379,,,,0,522.5,81299.19183205116,475.00000000000006,475.00000000000006,,
49,site_JHARKHAND_4876,49,2073,SAFProductionSite,site_JHARKHAND_4876,JHARKHAND,inv_37,90047.49514169546,79903.57438406709,10143.920757628366,0.0,0.0,1570.71,285.71,600.0,250.0,100000.0,True,site_JHARKHAND_4876,1.0,,,,,,,,,,,32565185.230104566,,,,0,528.0,82592.79794654396,480.0,480.0,,
49,site_RAJASTHAN_5813,49,2073,SAFProductionSite,site_RAJASTHAN_5813,RAJASTHAN,inv_41,92775.5335469493,86365.86718470992,6409.666362239383,0.0,0.0,1570.71,285.71,600.0,250.0,100000.0,True,site_RAJASTHAN_5813,1.0,,,,,,,,,,,33401518.61324343,,,,0,533.5,89742.42689939626,484.99999999999994,484.99999999999994,,
49,site_CHHATTISGARH_6311,49,2073,SAFProductionSite,site_CHHATTISGARH_6311,CHHATTISGARH,inv_43,83837.12678260061,78621.36419402694,5215.762588573663,0.0,0.0,1495.71,285.71,600.0,250.0,100000.0,True,site_CHHATTISGARH_6311,1.0,,,,,,,,,,,27423851.314663306,,,,0,660.0,81891.07885224825,492.5719050036115,492.5719050036115,,
49,site_PUNJAB_7112,49,2073,SAFProductionSite,site_PUNJAB_7112,PUNJAB,inv_46,0.0,0.0,0.0,77936.11272459081,23380833.817377243,1495.71,285.71,600.0,250.0,100000.0,True,site_PUNJAB_7112,1.0,,,,,,,,,,,-23380833.817377243,,,,0,660.0,80584.46574920612,501.1922698217161,501.1922698217161,,
50,site_GUJARAT_001,50,2074,SAFProductionSite,site_GUJARAT_001,GUJARAT,inv_01,87307.51075899124,83422.46290449603,3885.0478544952057,0.0,0.0,1540.71,285.71,600.0,250.0,100000.0,True,site_GUJARAT_001,1.0,,,,,,,,,,,34395063.09658161,,,,0,495.00000000000006,86562.40829619016,450.0,450.0,,
50,site_PUNJAB_020,50,2074,SAFProductionSite,site_PUNJAB_020,PUNJAB,inv_02,90865.95829708775,80951.69442426383,9914.263872823925,0.0,0.0,1495.71,285.71,600.0,250.0,100000.0,True,site_PUNJAB_020,1.0,,,,,,,,,,,37371742.21576545,,,,0,660.0,85109.34684683023,400.0,400.0,,
50,site_CHHATTISGARH_245,50,2074,SAFProductionSite,site_CHHATTISGARH_245,CHHATTISGARH,inv_06,0.0,0.0,0.0,76537.3879732971,22961216.39198913,1495.71,285.71,600.0,250.0,100000.0,True,site_CHHATTISGARH_245,1.0,,,,,,,,,,,-22961216.39198913,,,,0,660.0,80197.30664774435,400.0,400.0,,
50,site_HARYANA_525,50,2074,SAFProductionSite,site_HARYANA_525,HARYANA,inv_10,91192.9881861139,83400.22145387174,7792.766732242162,0.0,0.0,1495.71,285.71,600.0,250.0,100000.0,True,site_HARYANA_525,1.0,,,,,,,,,,,40083947.80173279,,,,0,445.50000000000006,0.0,405.0,405.0,,
50,site_ODISHA_624,50,2074,SAFProductionSite,site_ODISHA_624,ODISHA,inv_11,92874.56892426862,86581.32499637008,6293.24392789854,0.0,0.0,1495.71,285.71,600.0,250.0,100000.0,True,site_ODISHA_624,1.0,,,,,,,,,,,40930651.13931261,,,,0,445.50000000000006,89404.74534625192,405.0,405.0,,
50,site_BIHAR_725,50,2074,SAFProductionSite,site_BIHAR_725,BIHAR,inv_12,91706.2024843849,84103.01912162804,7603.18336275687,0.0,0.0,1525.71,285.71,600.0,250.0,100000.0,True,site_BIHAR_725,1.0,,,,,,,,,,,38447337.6716283,,,,0,467.50000000000006,86458.07461765366,425.0,425.0,,
50,site_MADHYA_PRADESH_1615,50,2074,SAFProductionSite,site_MADHYA_PRADESH_1615,MADHYA_PRADESH,inv_19,92079.95608052226,79941.92878216026,12138.027298361994,0.0,0.0,1525.71,285.71,600.0,250.0,100000.0,True,site_MADHYA_PRADESH_1615,1.0,,,,,,,,,,,37967830.91134703,,,,0,473.00000000000006,82175.48493991613,430.0,430.0,,
50,site_UTTAR_PRADESH_2182,50,2074,SAFProductionSite,site_UTTAR_PRADESH_2182,UTTAR_PRADESH,inv_23,93707.21573215794,85836.52936385515,7870.686368302791,0.0,0.0,1525.71,285.71,600.0,250.0,100000.0,True,site_UTTAR_PRADESH_2182,1.0,,,,,,,,,,,38890344.742636725,,,,0,473.00000000000006,88418.01075474071,430.0,430.0,,
50,site_TELANGANA_2516,50,2074,SAFProductionSite,site_TELANGANA_2516,TELANGANA,inv_25,92758.59291869577,87636.99621655457,5121.5967021411925,0.0,0.0,1525.71,285.71,600.0,250.0,100000.0,True,site_TELANGANA_2516,1.0,,,,,,,,,,,38076436.16822006,,,,0,478.50000000000006,89631.22631233465,435.0,435.0,,
50,site_KARNATAKA_3051,50,2074,SAFProductionSite,site_KARNATAKA_3051,KARNATAKA,inv_28,92263.95479875714,85174.20520726893,7089.7495914882165,0.0,0.0,1540.71,285.71,600.0,250.0,100000.0,True,site_KARNATAKA_3051,1.0,,,,,,,,,,,36930565.72999753,,,,0,489.50000000000006,89372.55337479417,445.00000000000006,445.00000000000006,,
50,site_ANDHRA_PRADESH_3930,50,2074,SAFProductionSite,site_ANDHRA_PRADESH_3930,ANDHRA_PRADESH,inv_11,90165.62583504914,78128.62469902988,12037.001136019258,0.0,0.0,1540.71,285.71,600.0,250.0,100000.0,True,site_ANDHRA_PRADESH_3930,1.0,,,,,,,,,,,35334319.628269345,,,,0,495.00000000000006,81960.83413849205,450.0,450.0,,
50,site_WEST_BENGAL_4276,50,2074,SAFProductionSite,site_WEST_BENGAL_4276,WEST_BENGAL,inv_02,92237.99597105687,86930.31908037695,5307.676890679912,0.0,0.0,1540.71,285.71,600.0,250.0,100000.0,True,site_WEST_BENGAL_4276,1.0,,,,,,,,,,,35963180.371195465,,,,0,500.50000000000006,88781.33805457133,454.99999999999994,454.99999999999994,,
50,site_MAHARASHTRA_4310,50,2074,SAFProductionSite,site_MAHARASHTRA_4310,MAHARASHTRA,inv_10,90203.86446092256,78828.41928682636,11375.445174096196,0.0,0.0,1570.71,285.71,600.0,250.0,100000.0,True,site_MAHARASHTRA_4310,1.0,,,,,,,,,,,33523763.540482014,,,,0,517.0,82222.18557144729,470.00000000000006,470.00000000000006,,
50,site_TAMIL_NADU_4435,50,2074,SAFProductionSite,site_TAMIL_NADU_4435,TAMIL_NADU,inv_35,89908.72410325985,79396.1790368027,10512.545066457154,0.0,0.0,1570.71,285.71,600.0,250.0,100000.0,True,site_TAMIL_NADU_4435,1.0,,,,,,,,,,,32917122.782734394,,,,0,522.5,81299.19183205116,475.00000000000006,475.00000000000006,,
50,site_JHARKHAND_4876,50,2074,SAFProductionSite,site_JHARKHAND_4876,JHARKHAND,inv_37,91691.8705681717,80391.81733840425,11300.05322976745,0.0,0.0,1570.71,285.71,600.0,250.0,100000.0,True,site_JHARKHAND_4876,1.0,,,,,,,,,,,33159864.629756585,,,,0,528.0,82592.79794654396,480.0,480.0,,
50,site_RAJASTHAN_5813,50,2074,SAFProductionSite,site_RAJASTHAN_5813,RAJASTHAN,inv_41,93276.00945137853,86821.76672102601,6454.242730352518,0.0,0.0,1570.71,285.71,600.0,250.0,100000.0,True,site_RAJASTHAN_5813,1.0,,,,,,,,,,,33581702.489295304,,,,0,533.5,89742.42689939626,484.99999999999994,484.99999999999994,,
50,site_CHHATTISGARH_6311,50,2074,SAFProductionSite,site_CHHATTISGARH_6311,CHHATTISGARH,inv_43,83316.34098054717,78132.97806032158,5183.362920225598,0.0,0.0,1495.71,285.71,600.0,250.0,100000.0,True,site_CHHATTISGARH_6311,1.0,,,,,,,,,,,27253497.76188311,,,,0,660.0,81891.07885224825,492.5719050036115,492.5719050036115,,
50,site_PUNJAB_7112,50,2074,SAFProductionSite,site_PUNJAB_7112,PUNJAB,inv_46,26390.466268705888,26390.466268705888,0.0,51279.17005308882,15383751.015926646,1495.71,285.71,600.0,250.0,100000.0,True,site_PUNJAB_7112,1.0,,,,,,,,,,,-6992259.36942126,,,,0,660.0,80584.46574920612,501.1922698217161,501.1922698217161,,
51,site_GUJARAT_001,51,2075,SAFProductionSite,site_GUJARAT_001,GUJARAT,inv_01,87307.51075899124,84495.30311561866,2812.2076433725742,0.0,0.0,1540.71,285.71,600.0,250.0,100000.0,True,site_GUJARAT_001,1.0,,,,,,,,,,,34395063.09658161,,,,0,495.00000000000006,86562.40829619016,450.0,450.0,,
51,site_PUNJAB_020,51,2075,SAFProductionSite,site_PUNJAB_020,PUNJAB,inv_02,90865.95829708775,83284.02181418985,7581.936482897901,0.0,0.0,1495.71,285.71,600.0,250.0,100000.0,True,site_PUNJAB_020,1.0,,,,,,,,,,,37371742.21576545,,,,0,660.0,85109.34684683023,400.0,400.0,,
51,site_CHHATTISGARH_245,51,2075,SAFProductionSite,site_CHHATTISGARH_245,CHHATTISGARH,inv_06,0.0,0.0,0.0,77163.23420284623,23148970.260853868,1495.71,285.71,600.0,250.0,100000.0,True,site_CHHATTISGARH_245,1.0,,,,,,,,,,,-23148970.260853868,,,,0,660.0,80197.30664774435,400.0,400.0,,
51,site_HARYANA_525,51,2075,SAFProductionSite,site_HARYANA_525,HARYANA,inv_10,91539.0552226347,82554.8701028965,8984.185119738206,0.0,0.0,1495.71,285.71,600.0,250.0,100000.0,True,site_HARYANA_525,1.0,,,,,,,,,,,40236061.83268756,,,,0,445.50000000000006,86545.10098269311,405.0,405.0,,
51,site_ODISHA_624,51,2075,SAFProductionSite,site_ODISHA_624,ODISHA,inv_11,93763.78302060455,86960.01035886524,6803.7726617393055,0.0,0.0,1495.71,285.71,600.0,250.0,100000.0,True,site_ODISHA_624,1.0,,,,,,,,,,,41322535.72501619,,,,0,445.50000000000006,0.0,405.0,405.0,,
51,site_BIHAR_725,51,2075,SAFProductionSite,site_BIHAR_725,BIHAR,inv_12,92279.88028877162,83161.92552758816,9117.954761183457,0.0,0.0,1525.71,285.71,600.0,250.0,100000.0,True,site_BIHAR_725,1.0,,,,,,,,,,,38687849.04013392,,,,0,467.50000000000006,86458.07461765366,425.0,425.0,,
51,site_MADHYA_PRADESH_1615,51,2075,SAFProductionSite,site_MADHYA_PRADESH_1615,MADHYA_PRADESH,inv_19,91257.49743182486,79227.88705669568,12029.610375129181,0.0,0.0,1525.71,285.71,600.0,250.0,100000.0,True,site_MADHYA_PRADESH_1615,1.0,,,,,,,,,,,37628702.04731922,,,,0,473.00000000000006,82175.48493991613,430.0,430.0,,
51,site_UTTAR_PRADESH_2182,51,2075,SAFProductionSite,site_UTTAR_PRADESH_2182,UTTAR_PRADESH,inv_23,91858.03989053435,84142.67008964362,7715.369800890723,0.0,0.0,1525.71,285.71,600.0,250.0,100000.0,True,site_UTTAR_PRADESH_2182,1.0,,,,,,,,,,,38122900.25708023,,,,0,473.00000000000006,88418.01075474071,430.0,430.0,,
51,site_TELANGANA_2516,51,2075,SAFProductionSite,site_TELANGANA_2516,TELANGANA,inv_25,92628.11044552129,85689.18665394922,6938.923791572073,0.0,0.0,1525.71,285.71,600.0,250.0,100000.0,True,site_TELANGANA_2516,1.0,,,,,,,,,,,38022874.47215968,,,,0,478.50000000000006,89631.22631233465,435.0,435.0,,
51,site_KARNATAKA_3051,51,2075,SAFProductionSite,site_KARNATAKA_3051,KARNATAKA,inv_28,92263.95479875714,85762.88765957225,6501.067139184888,0.0,0.0,1540.71,285.71,600.0,250.0,100000.0,True,site_KARNATAKA_3051,1.0,,,,,,,,,,,36930565.72999753,,,,0,489.50000000000006,89372.55337479417,445.00000000000006,445.00000000000006,,
51,site_ANDHRA_PRADESH_3930,51,2075,SAFProductionSite,site_ANDHRA_PRADESH_3930,ANDHRA_PRADESH,inv_11,90165.62583504914,79184.35768916833,10981.268145880807,0.0,0.0,1540.71,285.71,600.0,250.0,100000.0,True,site_ANDHRA_PRADESH_3930,1.0,,,,,,,,,,,35334319.628269345,,,,0,495.00000000000006,81960.83413849205,450.0,450.0,,
51,site_WEST_BENGAL_4276,51,2075,SAFProductionSite,site_WEST_BENGAL_4276,WEST_BENGAL,inv_02,92481.54873279067,84965.96989801594,7515.578834774729,0.0,0.0,1540.71,285.71,600.0,250.0,100000.0,True,site_WEST_BENGAL_4276,1.0,,,,,,,,,,,36058140.499154925,,,,0,500.50000000000006,88781.33805457133,454.99999999999994,454.99999999999994,,
51,site_MAHARASHTRA_4310,51,2075,SAFProductionSite,site_MAHARASHTRA_4310,MAHARASHTRA,inv_10,90593.09054666985,78684.11374192963,11908.976804740218,0.0,0.0,1570.71,285.71,600.0,250.0,100000.0,True,site_MAHARASHTRA_4310,1.0,,,,,,,,,,,33668417.246178076,,,,0,517.0,82222.18557144729,470.00000000000006,470.00000000000006,,
51,site_TAMIL_NADU_4435,51,2075,SAFProductionSite,site_TAMIL_NADU_4435,TAMIL_NADU,inv_35,89699.71435338547,77259.59334796274,12440.121005422727,0.0,0.0,1570.71,285.71,600.0,250.0,100000.0,True,site_TAMIL_NADU_4435,1.0,,,,,,,,,,,32840600.735869393,,,,0,522.5,81299.19183205116,475.00000000000006,475.00000000000006,,
51,site_JHARKHAND_4876,51,2075,SAFProductionSite,site_JHARKHAND_4876,JHARKHAND,inv_37,90926.96869588124,79237.01154408629,11689.957151794952,0.0,0.0,1570.71,285.71,600.0,250.0,100000.0,True,site_JHARKHAND_4876,1.0,,,,,,,,,,,32883242.041701302,,,,0,528.0,82592.79794654396,480.0,480.0,,
51,site_RAJASTHAN_5813,51,2075,SAFProductionSite,site_RAJASTHAN_5813,RAJASTHAN,inv_41,93768.38555833469,87693.5246291778,6074.860929156886,0.0,0.0,1570.71,285.71,600.0,250.0,100000.0,True,site_RAJASTHAN_5813,1.0,,,,,,,,,,,33758970.23513794,,,,0,533.5,89742.42689939626,484.99999999999994,484.99999999999994,,
51,site_CHHATTISGARH_6311,51,2075,SAFProductionSite,site_CHHATTISGARH_6311,CHHATTISGARH,inv_43,83074.82910105184,77906.49136923751,5168.337731814332,0.0,0.0,1495.71,285.71,600.0,250.0,100000.0,True,site_CHHATTISGARH_6311,1.0,,,,,,,,,,,27174497.131396577,,,,0,660.0,81891.07885224825,492.5719050036115,492.5719050036115,,
51,site_PUNJAB_7112,51,2075,SAFProductionSite,site_PUNJAB_7112,PUNJAB,inv_46,51415.69857328685,51415.69857328685,0.0,27450.329696350032,8235098.90890501,1495.71,285.71,600.0,250.0,100000.0,True,site_PUNJAB_7112,1.0,,,,,,,,,,,8113774.986839642,,,,0,660.0,80584.46574920612,501.1922698217161,501.1922698217161,,
51,site_HARYANA_8697,51,2075,SAFProductionSite,site_HARYANA_8697,HARYANA,inv_23,0.0,0.0,0.0,0.0,0.0,1495.71,285.71,600.0,250.0,100000.0,False,site_HARYANA_8697,1.0,,,,,,,,,,,,,,,0,445.50000000000006,80548.00324073785,511.79298437821285,511.79298437821285,,
52,site_GUJARAT_001,52,2076,SAFProductionSite,site_GUJARAT_001,GUJARAT,inv_01,86524.15564991602,82673.96587417445,3850.189775741572,0.0,0.0,1540.71,285.71,600.0,250.0,100000.0,True,site_GUJARAT_001,1.0,,,,,,,,,,,34086457.9357032,,,,0,495.00000000000006,86562.40829619016,450.0,450.0,,
52,site_PUNJAB_020,52,2076,SAFProductionSite,site_PUNJAB_020,PUNJAB,inv_02,93290.06021005186,83111.30580116638,10178.754408885477,0.0,0.0,1495.71,285.71,600.0,250.0,100000.0,True,site_PUNJAB_020,1.0,,,,,,,,,,,38368737.27853519,,,,0,660.0,85109.34684683023,400.0,400.0,,
52,site_CHHATTISGARH_245,52,2076,SAFProductionSite,site_CHHATTISGARH_245,CHHATTISGARH,inv_06,4911.117180067202,4911.117180067202,0.0,72162.22699304843,21648668.097914528,1495.71,285.71,600.0,250.0,100000.0,True,site_CHHATTISGARH_245,1.0,,,,,,,,,,,-19691524.070472337,,,,0,660.0,80197.30664774435,400.0,400.0,,
52,site_HARYANA_525,52,2076,SAFProductionSite,site_HARYANA_525,HARYANA,inv_10,91417.16407330349,82444.94207299431,8972.222000309179,0.0,0.0,1495.71,285.71,600.0,250.0,100000.0,True,site_HARYANA_525,1.0,,,,,,,,,,,37476465.32032211,,,,0,665.5,86545.10098269311,405.0,405.0,,
52,site_ODISHA_624,52,2076,SAFProductionSite,site_ODISHA_624,ODISHA,inv_11,92425.44322336337,85345.5042006685,7079.939022694874,0.0,0.0,1495.71,285.71,600.0,250.0,100000.0,True,site_ODISHA_624,1.0,,,,,,,,,,,40732717.435884684,,,,0,445.50000000000006,89404.74534625192,405.0,405.0,,
52,site_BIHAR_725,52,2076,SAFProductionSite,site_BIHAR_725,BIHAR,inv_12,91681.40973929127,82622.58842495437,9058.821314336892,0.0,0.0,1525.71,285.71,600.0,250.0,100000.0,True,site_BIHAR_725,1.0,,,,,,,,,,,38436943.44510272,,,,0,467.50000000000006,0.0,425.0,425.0,,
52,site_MADHYA_PRADESH_1615,52,2076,SAFProductionSite,site_MADHYA_PRADESH_1615,MADHYA_PRADESH,inv_19,90517.92553498583,78585.80590871282,11932.119626273008,0.0,0.0,1525.71,285.71,600.0,250.0,100000.0,True,site_MADHYA_PRADESH_1615,1.0,,,,,,,,,,,37323750.33012454,,,,0,473.00000000000006,82175.48493991613,430.0,430.0,,
52,site_UTTAR_PRADESH_2182,52,2076,SAFProductionSite,site_UTTAR_PRADESH_2182,UTTAR_PRADESH,inv_23,91858.03989053435,85125.03821530925,6733.001675225096,0.0,0.0,1525.71,285.71,600.0,250.0,100000.0,True,site_UTTAR_PRADESH_2182,1.0,,,,,,,,,,,38122900.25708023,,,,0,473.00000000000006,88418.01075474071,430.0,430.0,,
52,site_TELANGANA_2516,52,2076,SAFProductionSite,site_TELANGANA_2516,TELANGANA,inv_25,92628.11044552129,86377.5469667446,6250.56347877669,0.0,0.0,1525.71,285.71,600.0,250.0,100000.0,True,site_TELANGANA_2516,1.0,,,,,,,,,,,38022874.47215968,,,,0,478.50000000000006,89631.22631233465,435.0,435.0,,
52,site_KARNATAKA_3051,52,2076,SAFProductionSite,site_KARNATAKA_3051,KARNATAKA,inv_28,92901.6381330244,86815.29128040164,6086.346852622766,0.0,0.0,1540.71,285.71,600.0,250.0,100000.0,True,site_KARNATAKA_3051,1.0,,,,,,,,,,,37185811.73958434,,,,0,489.50000000000006,89372.55337479417,445.00000000000006,445.00000000000006,,
52,site_ANDHRA_PRADESH_3930,52,2076,SAFProductionSite,site_ANDHRA_PRADESH_3930,ANDHRA_PRADESH,inv_11,90493.20876061717,78412.47570336203,12080.733057255144,0.0,0.0,1540.71,285.71,600.0,250.0,100000.0,True,site_ANDHRA_PRADESH_3930,1.0,,,,,,,,,,,35462693.603269085,,,,0,495.00000000000006,0.0,450.0,450.0,,
52,site_WEST_BENGAL_4276,52,2076,SAFProductionSite,site_WEST_BENGAL_4276,WEST_BENGAL,inv_02,92481.54873279067,86006.69004504479,6474.858687745887,0.0,0.0,1540.71,285.71,600.0,250.0,100000.0,True,site_WEST_BENGAL_4276,1.0,,,,,,,,,,,36058140.499154925,,,,0,500.50000000000006,88781.33805457133,454.99999999999994,454.99999999999994,,
52,site_MAHARASHTRA_4310,52,2076,SAFProductionSite,site_MAHARASHTRA_4310,MAHARASHTRA,inv_10,90487.12775825473,78592.080364486,11895.047393768735,0.0,0.0,1570.71,285.71,600.0,250.0,100000.0,True,site_MAHARASHTRA_4310,1.0,,,,,,,,,,,33629036.76637106,,,,0,517.0,82222.18557144729,470.00000000000006,470.00000000000006,,
52,site_TAMIL_NADU_4435,52,2076,SAFProductionSite,site_TAMIL_NADU_4435,TAMIL_NADU,inv_35,89699.71435338547,78855.99620275044,10843.718150635032,0.0,0.0,1570.71,285.71,600.0,250.0,100000.0,True,site_TAMIL_NADU_4435,1.0,,,,,,,,,,,32840600.735869393,,,,0,522.5,81299.19183205116,475.00000000000006,475.00000000000006,,
52,site_JHARKHAND_4876,52,2076,SAFProductionSite,site_JHARKHAND_4876,JHARKHAND,inv_37,90926.96869588124,80491.24047748848,10435.72821839276,0.0,0.0,1570.71,285.71,600.0,250.0,100000.0,True,site_JHARKHAND_4876,1.0,,,,,,,,,,,32883242.041701302,,,,0,528.0,82592.79794654396,480.0,480.0,,
52,site_RAJASTHAN_5813,52,2076,SAFProductionSite,site_RAJASTHAN_5813,RAJASTHAN,inv_41,92140.81848076628,85314.77427053153,6826.044210234744,0.0,0.0,1570.71,285.71,600.0,250.0,100000.0,True,site_RAJASTHAN_5813,1.0,,,,,,,,,,,33173005.272638485,,,,0,533.5,89742.42689939626,484.99999999999994,484.99999999999994,,
52,site_CHHATTISGARH_6311,52,2076,SAFProductionSite,site_CHHATTISGARH_6311,CHHATTISGARH,inv_43,83074.82910105184,78023.15124753039,5051.677853521454,0.0,0.0,1495.71,285.71,600.0,250.0,100000.0,True,site_CHHATTISGARH_6311,1.0,,,,,,,,,,,27174497.131396577,,,,0,660.0,81891.07885224825,492.5719050036115,492.5719050036115,,
52,site_PUNJAB_7112,52,2076,SAFProductionSite,site_PUNJAB_7112,PUNJAB,inv_46,82756.94017915562,77178.46618989867,5578.473989256949,0.0,0.0,1495.71,285.71,600.0,250.0,100000.0,True,site_PUNJAB_7112,1.0,,,,,,,,,,,26314585.16620533,,,,0,660.0,80584.46574920612,501.1922698217161,501.1922698217161,,
52,site_HARYANA_8697,52,2076,SAFProductionSite,site_HARYANA_8697,HARYANA,inv_23,0.0,0.0,0.0,0.0,0.0,1495.71,285.71,600.0,250.0,100000.0,False,site_HARYANA_8697,1.0,,,,,,,,,,,-125000000.0,,,,0,665.5,80548.00324073785,511.79298437821285,511.79298437821285,,
52,site_ASSAM_8961,52,2076,SAFProductionSite,site_ASSAM_8961,ASSAM,inv_12,0.0,0.0,0.0,0.0,0.0,1615.71,285.71,600.0,250.0,100000.0,False,site_ASSAM_8961,1.0,,,,,,,,,,,,,,,0,572.0,81976.2481996464,520.0,520.0,,
53,site_GUJARAT_001,53,2077,SAFProductionSite,site_GUJARAT_001,GUJARAT,inv_01,86524.15564991602,84773.11082881241,1751.0448211036128,0.0,0.0,1540.71,285.71,600.0,250.0,100000.0,True,site_GUJARAT_001,1.0,,,,,,,,,,,34086457.9357032,,,,0,495.00000000000006,86562.40829619016,450.0,450.0,,
53,site_PUNJAB_020,53,2077,SAFProductionSite,site_PUNJAB_020,PUNJAB,inv_02,93056.66364846904,82903.37482803833,10153.28882043071,0.0,0.0,1495.71,285.71,600.0,250.0,100000.0,True,site_PUNJAB_020,1.0,,,,,,,,,,,38272744.93666169,,,,0,660.0,85109.34684683023,400.0,400.0,,
53,site_CHHATTISGARH_245,53,2077,SAFProductionSite,site_CHHATTISGARH_245,CHHATTISGARH,inv_06,43448.707609839956,43448.707609839956,0.0,33900.107354269145,10170032.206280744,1495.71,285.71,600.0,250.0,100000.0,True,site_CHHATTISGARH_245,1.0,,,,,,,,,,,7144842.491438599,,,,0,660.0,80197.30664774435,400.0,400.0,,
53,site_HARYANA_525,53,2077,SAFProductionSite,site_HARYANA_525,HARYANA,inv_10,91417.16407330349,83805.37475907255,7611.789314230933,0.0,0.0,1495.71,285.71,600.0,250.0,100000.0,True,site_HARYANA_525,1.0,,,,,,,,,,,37476465.32032211,,,,0,665.5,86545.10098269311,405.0,405.0,,
53,site_ODISHA_624,53,2077,SAFProductionSite,site_ODISHA_624,ODISHA,inv_11,92425.44322336337,85605.76402830085,6819.679195062519,0.0,0.0,1495.71,285.71,600.0,250.0,100000.0,True,site_ODISHA_624,1.0,,,,,,,,,,,40732717.435884684,,,,0,445.50000000000006,89404.74534625192,405.0,405.0,,
53,site_BIHAR_725,53,2077,SAFProductionSite,site_BIHAR_725,BIHAR,inv_12,91681.40973929127,82623.74399995166,9057.665739339602,0.0,0.0,1525.71,285.71,600.0,250.0,100000.0,True,site_BIHAR_725,1.0,,,,,,,,,,,38436943.44510272,,,,0,467.50000000000006,86458.07461765366,425.0,425.0,,
53,site_MADHYA_PRADESH_1615,53,2077,SAFProductionSite,site_MADHYA_PRADESH_1615,MADHYA_PRADESH,inv_19,90517.92553498583,80423.46288411052,10094.462650875314,0.0,0.0,1525.71,285.71,600.0,250.0,100000.0,True,site_MADHYA_PRADESH_1615,1.0,,,,,,,,,,,37323750.33012454,,,,0,473.00000000000006,82175.48493991613,430.0,430.0,,
53,site_UTTAR_PRADESH_2182,53,2077,SAFProductionSite,site_UTTAR_PRADESH_2182,UTTAR_PRADESH,inv_23,88470.22977310214,85942.26505896277,2527.9647141393652,0.0,0.0,1525.71,285.71,600.0,250.0,100000.0,True,site_UTTAR_PRADESH_2182,1.0,,,,,,,,,,,36716892.167307094,,,,0,473.00000000000006,88418.01075474071,430.0,430.0,,
53,site_TELANGANA_2516,53,2077,SAFProductionSite,site_TELANGANA_2516,TELANGANA,inv_25,92783.94828532316,85833.35042538213,6950.59785994103,0.0,0.0,1525.71,285.71,600.0,250.0,100000.0,True,site_TELANGANA_2516,1.0,,,,,,,,,,,38086844.28210506,,,,0,478.50000000000006,89631.22631233465,435.0,435.0,,
53,site_KARNATAKA_3051,53,2077,SAFProductionSite,site_KARNATAKA_3051,KARNATAKA,inv_28,94008.40601418033,86784.60924989432,7223.796764286017,0.0,0.0,1540.71,285.71,600.0,250.0,100000.0,True,site_KARNATAKA_3051,1.0,,,,,,,,,,,37628818.58957285,,,,0,489.50000000000006,89372.55337479417,445.00000000000006,445.00000000000006,,
53,site_ANDHRA_PRADESH_3930,53,2077,SAFProductionSite,site_ANDHRA_PRADESH_3930,ANDHRA_PRADESH,inv_11,90493.20876061717,80235.50667232418,10257.702088292994,0.0,0.0,1540.71,285.71,600.0,250.0,100000.0,True,site_ANDHRA_PRADESH_3930,1.0,,,,,,,,,,,35462693.603269085,,,,0,495.00000000000006,81960.83413849205,450.0,450.0,,
53,site_WEST_BENGAL_4276,53,2077,SAFProductionSite,site_WEST_BENGAL_4276,WEST_BENGAL,inv_02,92046.01083097499,84565.8262935653,7480.184537409688,0.0,0.0,1540.71,285.71,600.0,250.0,100000.0,True,site_WEST_BENGAL_4276,1.0,,,,,,,,,,,35888326.22731836,,,,0,500.50000000000006,88781.33805457133,454.99999999999994,454.99999999999994,,
53,site_MAHARASHTRA_4310,53,2077,SAFProductionSite,site_MAHARASHTRA_4310,MAHARASHTRA,inv_10,90487.12775825473,79081.80310278703,11405.324655467703,0.0,0.0,1570.71,285.71,600.0,250.0,100000.0,True,site_MAHARASHTRA_4310,1.0,,,,,,,,,,,33629036.76637106,,,,0,517.0,82222.18557144729,470.00000000000006,470.00000000000006,,
53,site_TAMIL_NADU_4435,53,2077,SAFProductionSite,site_TAMIL_NADU_4435,TAMIL_NADU,inv_35,91553.16547656771,79218.37912837081,12334.786348196896,0.0,0.0,1570.71,285.71,600.0,250.0,100000.0,True,site_TAMIL_NADU_4435,1.0,,,,,,,,,,,33519180.915958673,,,,0,522.5,81299.19183205116,475.00000000000006,475.00000000000006,,
53,site_JHARKHAND_4876,53,2077,SAFProductionSite,site_JHARKHAND_4876,JHARKHAND,inv_37,91948.53517046345,80127.2410953458,11821.29407511765,0.0,0.0,1570.71,285.71,600.0,250.0,100000.0,True,site_JHARKHAND_4876,1.0,,,,,,,,,,,33252685.98256032,,,,0,528.0,82592.79794654396,480.0,480.0,,
53,site_RAJASTHAN_5813,53,2077,SAFProductionSite,site_RAJASTHAN_5813,RAJASTHAN,inv_41,92140.81848076628,87715.94095658185,4424.877524184427,0.0,0.0,1570.71,285.71,600.0,250.0,100000.0,True,site_RAJASTHAN_5813,1.0,,,,,,,,,,,33173005.272638485,,,,0,533.5,89742.42689939626,484.99999999999994,484.99999999999994,,
53,site_CHHATTISGARH_6311,53,2077,SAFProductionSite,site_CHHATTISGARH_6311,CHHATTISGARH,inv_43,83199.22822725812,78673.26038156434,4525.967845693784,0.0,0.0,1495.71,285.71,600.0,250.0,100000.0,True,site_CHHATTISGARH_6311,1.0,,,,,,,,,,,27215189.16452889,,,,0,660.0,81891.07885224825,492.5719050036115,492.5719050036115,,
53,site_PUNJAB_7112,53,2077,SAFProductionSite,site_PUNJAB_7112,PUNJAB,inv_46,82709.85320180413,77134.55324819687,5575.29995360726,0.0,0.0,1495.71,285.71,600.0,250.0,100000.0,True,site_PUNJAB_7112,1.0,,,,,,,,,,,26299612.714673728,,,,0,660.0,80584.46574920612,501.1922698217161,501.1922698217161,,
53,site_HARYANA_8697,53,2077,SAFProductionSite,site_HARYANA_8697,HARYANA,inv_23,0.0,0.0,0.0,0.0,0.0,1495.71,285.71,600.0,250.0,100000.0,False,site_HARYANA_8697,1.0,,,,,,,,,,,-125000000.0,,,,0,665.5,80548.00324073785,511.79298437821285,511.79298437821285,,
53,site_ASSAM_8961,53,2077,SAFProductionSite,site_ASSAM_8961,ASSAM,inv_12,0.0,0.0,0.0,0.0,0.0,1615.71,285.71,600.0,250.0,100000.0,False,site_ASSAM_8961,1.0,,,,,,,,,,,-125000000.0,,,,0,572.0,81976.2481996464,520.0,520.0,,
54,site_GUJARAT_001,54,2078,SAFProductionSite,site_GUJARAT_001,GUJARAT,inv_01,87855.87142078312,83946.4223733772,3909.4490474059276,0.0,0.0,1540.71,285.71,600.0,250.0,100000.0,True,site_GUJARAT_001,1.0,,,,,,,,,,,34611091.47029255,,,,0,495.00000000000006,86562.40829619016,450.0,450.0,,
54,site_PUNJAB_020,54,2078,SAFProductionSite,site_PUNJAB_020,PUNJAB,inv_02,91008.06698640116,81078.29782346773,9929.76916293343,0.0,0.0,1495.71,285.71,600.0,250.0,100000.0,True,site_PUNJAB_020,1.0,,,,,,,,,,,37430189.28882967,,,,0,660.0,85109.34684683023,400.0,400.0,,
54,site_CHHATTISGARH_245,54,2078,SAFProductionSite,site_CHHATTISGARH_245,CHHATTISGARH,inv_06,68883.710559473,68883.710559473,0.0,8447.413897989856,2534224.169396957,1495.71,285.71,600.0,250.0,100000.0,True,site_CHHATTISGARH_245,1.0,,,,,,,,,,,24916829.78971147,,,,0,660.0,80197.30664774435,400.0,400.0,,
54,site_HARYANA_525,54,2078,SAFProductionSite,site_HARYANA_525,HARYANA,inv_10,92894.69516756326,83777.45951336926,9117.235654193995,0.0,0.0,1495.71,285.71,600.0,250.0,100000.0,True,site_HARYANA_525,1.0,,,,,,,,,,,38082179.174772054,,,,0,665.5,86545.10098269311,405.0,405.0,,
54,site_ODISHA_624,54,2078,SAFProductionSite,site_ODISHA_624,ODISHA,inv_11,92707.29321824532,87466.88892057986,5240.40429766546,0.0,0.0,1495.71,285.71,600.0,250.0,100000.0,True,site_ODISHA_624,1.0,,,,,,,,,,,40856931.24325682,,,,0,445.50000000000006,89404.74534625192,405.0,405.0,,
54,site_BIHAR_725,54,2078,SAFProductionSite,site_BIHAR_725,BIHAR,inv_12,86506.15029111247,83563.57188294089,2942.578408171583,0.0,0.0,1525.71,285.71,600.0,250.0,100000.0,True,site_BIHAR_725,1.0,,,,,,,,,,,36267243.44497138,,,,0,467.50000000000006,86458.07461765366,425.0,425.0,,
54,site_MADHYA_PRADESH_1615,54,2078,SAFProductionSite,site_MADHYA_PRADESH_1615,MADHYA_PRADESH,inv_19,91145.96792425554,79131.05942633258,12014.908497922966,0.0,0.0,1525.71,285.71,600.0,250.0,100000.0,True,site_MADHYA_PRADESH_1615,1.0,,,,,,,,,,,37582714.47667666,,,,0,473.00000000000006,82175.48493991613,430.0,430.0,,
54,site_UTTAR_PRADESH_2182,54,2078,SAFProductionSite,site_UTTAR_PRADESH_2182,UTTAR_PRADESH,inv_23,88977.05265338982,85612.69736532538,3364.355288064442,0.0,0.0,1525.71,285.71,600.0,250.0,100000.0,True,site_UTTAR_PRADESH_2182,1.0,,,,,,,,,,,36927233.66965397,,,,0,473.00000000000006,88418.01075474071,430.0,430.0,,
54,site_TELANGANA_2516,54,2078,SAFProductionSite,site_TELANGANA_2516,TELANGANA,inv_25,92783.94828532316,86115.2786348828,6668.669650440366,0.0,0.0,1525.71,285.71,600.0,250.0,100000.0,True,site_TELANGANA_2516,1.0,,,,,,,,,,,38086844.28210506,,,,0,478.50000000000006,89631.22631233465,435.0,435.0,,
54,site_KARNATAKA_3051,54,2078,SAFProductionSite,site_KARNATAKA_3051,KARNATAKA,inv_28,93381.88192237166,86206.22854120472,7175.653381166936,0.0,0.0,1540.71,285.71,600.0,250.0,100000.0,True,site_KARNATAKA_3051,1.0,,,,,,,,,,,37378039.29873891,,,,0,489.50000000000006,89372.55337479417,445.00000000000006,445.00000000000006,,
54,site_ANDHRA_PRADESH_3930,54,2078,SAFProductionSite,site_ANDHRA_PRADESH_3930,ANDHRA_PRADESH,inv_11,92002.57430365858,79720.34278634177,12282.231517316803,0.0,0.0,1540.71,285.71,600.0,250.0,100000.0,True,site_ANDHRA_PRADESH_3930,1.0,,,,,,,,,,,36054187.35756621,,,,0,495.00000000000006,81960.83413849205,450.0,450.0,,
54,site_WEST_BENGAL_4276,54,2078,SAFProductionSite,site_WEST_BENGAL_4276,WEST_BENGAL,inv_02,92046.01083097499,84643.65836838882,7402.3524625861755,0.0,0.0,1540.71,285.71,600.0,250.0,100000.0,True,site_WEST_BENGAL_4276,1.0,,,,,,,,,,,35888326.22731836,,,,0,500.50000000000006,0.0,454.99999999999994,454.99999999999994,,
54,site_MAHARASHTRA_4310,54,2078,SAFProductionSite,site_MAHARASHTRA_4310,MAHARASHTRA,inv_10,91050.97088063112,79618.25831583029,11432.712564800837,0.0,0.0,1570.71,285.71,600.0,250.0,100000.0,True,site_MAHARASHTRA_4310,1.0,,,,,,,,,,,33838585.92062779,,,,0,517.0,0.0,470.00000000000006,470.00000000000006,,
54,site_TAMIL_NADU_4435,54,2078,SAFProductionSite,site_TAMIL_NADU_4435,TAMIL_NADU,inv_35,91546.40456701905,78850.17293869483,12696.231628324225,0.0,0.0,1570.71,285.71,600.0,250.0,100000.0,True,site_TAMIL_NADU_4435,1.0,,,,,,,,,,,33516705.631252363,,,,0,522.5,0.0,475.00000000000006,475.00000000000006,,
54,site_JHARKHAND_4876,54,2078,SAFProductionSite,site_JHARKHAND_4876,JHARKHAND,inv_37,90170.05611846581,78577.41086131056,11592.64525715525,0.0,0.0,1570.71,285.71,600.0,250.0,100000.0,True,site_JHARKHAND_4876,1.0,,,,,,,,,,,32609508.73854007,,,,0,528.0,82592.79794654396,480.0,480.0,,
54,site_RAJASTHAN_5813,54,2078,SAFProductionSite,site_RAJASTHAN_5813,RAJASTHAN,inv_41,94734.10277007191,87926.08593138547,6808.016838686439,0.0,0.0,1570.71,285.71,600.0,250.0,100000.0,True,site_RAJASTHAN_5813,1.0,,,,,,,,,,,34106652.64869848,,,,0,533.5,89742.42689939626,484.99999999999994,484.99999999999994,,
54,site_CHHATTISGARH_6311,54,2078,SAFProductionSite,site_CHHATTISGARH_6311,CHHATTISGARH,inv_43,83861.42024593412,78644.14628713507,5217.273958799051,0.0,0.0,1495.71,285.71,600.0,250.0,100000.0,True,site_CHHATTISGARH_6311,1.0,,,,,,,,,,,27431797.91722408,,,,0,660.0,81891.07885224825,492.5719050036115,492.5719050036115,,
54,site_PUNJAB_7112,54,2078,SAFProductionSite,site_PUNJAB_7112,PUNJAB,inv_46,82690.53059709021,77116.53314025927,5573.997456830941,0.0,0.0,1495.71,285.71,600.0,250.0,100000.0,True,site_PUNJAB_7112,1.0,,,,,,,,,,,26293468.62178828,,,,0,660.0,80584.46574920612,501.1922698217161,501.1922698217161,,
54,site_HARYANA_8697,54,2078,SAFProductionSite,site_HARYANA_8697,HARYANA,inv_23,0.0,0.0,0.0,0.0,0.0,1495.71,285.71,600.0,250.0,100000.0,True,site_HARYANA_8697,1.0,,,,,,,,,,,-125000000.0,,,,0,665.5,80548.00324073785,511.79298437821285,511.79298437821285,,
54,site_ASSAM_8961,54,2078,SAFProductionSite,site_ASSAM_8961,ASSAM,inv_12,0.0,0.0,0.0,0.0,0.0,1615.71,285.71,600.0,250.0,100000.0,False,site_ASSAM_8961,1.0,,,,,,,,,,,-125000000.0,,,,0,572.0,81976.2481996464,520.0,520.0,,
54,site_KERALA_9594,54,2078,SAFProductionSite,site_KERALA_9594,KERALA,inv_25,0.0,0.0,0.0,0.0,0.0,1615.71,285.71,600.0,250.0,100000.0,False,site_KERALA_9594,1.0,,,,,,,,,,,,,,,0,577.5,85933.74841798336,525.0,525.0,,
55,site_GUJARAT_001,55,2079,SAFProductionSite,site_GUJARAT_001,GUJARAT,inv_01,86450.55692947144,82603.64218182849,3846.91474764295,0.0,0.0,1540.71,285.71,600.0,250.0,100000.0,True,site_GUJARAT_001,1.0,,,,,,,,,,,34057463.492825255,,,,0,495.00000000000006,86562.40829619016,450.0,450.0,,
55,site_PUNJAB_020,55,2079,SAFProductionSite,site_PUNJAB_020,PUNJAB,inv_02,90836.21025832024,80925.19215444617,9911.01810387407,0.0,0.0,1495.71,285.71,600.0,250.0,100000.0,True,site_PUNJAB_020,1.0,,,,,,,,,,,37359507.314410985,,,,0,660.0,85109.34684683023,400.0,400.0,,
55,site_CHHATTISGARH_245,55,2079,SAFProductionSite,site_CHHATTISGARH_245,CHHATTISGARH,inv_06,21724.48013967836,21724.48013967836,0.0,55384.69658094739,16615408.974284217,1495.71,285.71,600.0,250.0,100000.0,True,site_CHHATTISGARH_245,1.0,,,,,,,,,,,-7957921.279381324,,,,0,660.0,80197.30664774435,400.0,400.0,,
55,site_HARYANA_525,55,2079,SAFProductionSite,site_HARYANA_525,HARYANA,inv_10,91476.25266260371,82498.23135812381,8978.021304479902,0.0,0.0,1495.71,285.71,600.0,250.0,100000.0,True,site_HARYANA_525,1.0,,,,,,,,,,,37500688.68680021,,,,0,665.5,86545.10098269311,405.0,405.0,,
55,site_ODISHA_624,55,2079,SAFProductionSite,site_ODISHA_624,ODISHA,inv_11,94722.80996601064,87482.83727341508,7239.972692595562,0.0,0.0,1495.71,285.71,600.0,250.0,100000.0,True,site_ODISHA_624,1.0,,,,,,,,,,,41745187.45616582,,,,0,445.50000000000006,89404.74534625192,405.0,405.0,,
55,site_BIHAR_725,55,2079,SAFProductionSite,site_BIHAR_725,BIHAR,inv_12,87490.1397372176,84213.288309451,3276.8514277665963,0.0,0.0,1525.71,285.71,600.0,250.0,100000.0,True,site_BIHAR_725,1.0,,,,,,,,,,,36679775.78711219,,,,0,467.50000000000006,86458.07461765366,425.0,425.0,,
55,site_MADHYA_PRADESH_1615,55,2079,SAFProductionSite,site_MADHYA_PRADESH_1615,MADHYA_PRADESH,inv_19,91145.96792425554,79809.44566630347,11336.522257952078,0.0,0.0,1525.71,285.71,600.0,250.0,100000.0,True,site_MADHYA_PRADESH_1615,1.0,,,,,,,,,,,37582714.47667666,,,,0,473.00000000000006,82175.48493991613,430.0,430.0,,
55,site_UTTAR_PRADESH_2182,55,2079,SAFProductionSite,site_UTTAR_PRADESH_2182,UTTAR_PRADESH,inv_23,88977.05265338982,85921.27031972178,3055.782333668045,0.0,0.0,1525.71,285.71,600.0,250.0,100000.0,True,site_UTTAR_PRADESH_2182,1.0,,,,,,,,,,,36927233.66965397,,,,0,473.00000000000006,88418.01075474071,430.0,430.0,,
55,site_TELANGANA_2516,55,2079,SAFProductionSite,site_TELANGANA_2516,TELANGANA,inv_25,92847.41234756866,85892.06029055607,6955.352057012598,0.0,0.0,1525.71,285.71,600.0,250.0,100000.0,True,site_TELANGANA_2516,1.0,,,,,,,,,,,38112895.61858,,,,0,478.50000000000006,89631.22631233465,435.0,435.0,,
55,site_KARNATAKA_3051,55,2079,SAFProductionSite,site_KARNATAKA_3051,KARNATAKA,inv_28,92883.90824368839,85746.5201709262,7137.388072762187,0.0,0.0,1540.71,285.71,600.0,250.0,100000.0,True,site_KARNATAKA_3051,1.0,,,,,,,,,,,37178714.98283966,,,,0,489.50000000000006,89372.55337479417,445.00000000000006,445.00000000000006,,
55,site_ANDHRA_PRADESH_3930,55,2079,SAFProductionSite,site_ANDHRA_PRADESH_3930,ANDHRA_PRADESH,inv_11,90621.12601356504,78523.31615897399,12097.809854591047,0.0,0.0,1540.71,285.71,600.0,250.0,100000.0,True,site_ANDHRA_PRADESH_3930,1.0,,,,,,,,,,,35512822.12020412,,,,0,495.00000000000006,81960.83413849205,450.0,450.0,,
55,site_WEST_BENGAL_4276,55,2079,SAFProductionSite,site_WEST_BENGAL_4276,WEST_BENGAL,inv_02,92130.7274631679,85361.01588847075,6769.711574697154,0.0,0.0,1540.71,285.71,600.0,250.0,100000.0,True,site_WEST_BENGAL_4276,1.0,,,,,,,,,,,35921356.861732274,,,,0,500.50000000000006,88781.33805457133,454.99999999999994,454.99999999999994,,
55,site_MAHARASHTRA_4310,55,2079,SAFProductionSite,site_MAHARASHTRA_4310,MAHARASHTRA,inv_10,91668.61951868857,80288.83025926529,11379.789259423284,0.0,0.0,1570.71,285.71,600.0,250.0,100000.0,True,site_MAHARASHTRA_4310,1.0,,,,,,,,,,,34068131.59494099,,,,0,517.0,82222.18557144729,470.00000000000006,470.00000000000006,,
55,site_TAMIL_NADU_4435,55,2079,SAFProductionSite,site_TAMIL_NADU_4435,TAMIL_NADU,inv_35,91365.93254684219,78694.72991426536,12671.202632576824,0.0,0.0,1570.71,285.71,600.0,250.0,100000.0,True,site_TAMIL_NADU_4435,1.0,,,,,,,,,,,33450631.735684827,,,,0,522.5,81299.19183205116,475.00000000000006,475.00000000000006,,
55,site_JHARKHAND_4876,55,2079,SAFProductionSite,site_JHARKHAND_4876,JHARKHAND,inv_37,90170.05611846581,80577.39314784417,9592.662970621648,0.0,0.0,1570.71,285.71,600.0,250.0,100000.0,True,site_JHARKHAND_4876,1.0,,,,,,,,,,,32609508.73854007,,,,0,528.0,82592.79794654396,480.0,480.0,,
55,site_RAJASTHAN_5813,55,2079,SAFProductionSite,site_RAJASTHAN_5813,RAJASTHAN,inv_41,92743.26493540329,85872.58984168546,6870.675093717829,0.0,0.0,1570.71,285.71,600.0,250.0,100000.0,True,site_RAJASTHAN_5813,1.0,,,,,,,,,,,33389901.103885397,,,,0,533.5,89742.42689939626,484.99999999999994,484.99999999999994,,
55,site_CHHATTISGARH_6311,55,2079,SAFProductionSite,site_CHHATTISGARH_6311,CHHATTISGARH,inv_43,83861.42024593412,79404.02694986187,4457.393296072245,0.0,0.0,1495.71,285.71,600.0,250.0,100000.0,True,site_CHHATTISGARH_6311,1.0,,,,,,,,,,,27431797.91722408,,,,0,660.0,81891.07885224825,492.5719050036115,492.5719050036115,,
55,site_PUNJAB_7112,55,2079,SAFProductionSite,site_PUNJAB_7112,PUNJAB,inv_46,82690.53059709021,78848.4739868059,3842.056610284315,0.0,0.0,1495.71,285.71,600.0,250.0,100000.0,True,site_PUNJAB_7112,1.0,,,,,,,,,,,26293468.62178828,,,,0,660.0,80584.46574920612,501.1922698217161,501.1922698217161,,
55,site_HARYANA_8697,55,2079,SAFProductionSite,site_HARYANA_8697,HARYANA,inv_23,82078.9333740517,76828.13974630392,5250.793627747786,0.0,0.0,1495.71,285.71,600.0,250.0,100000.0,True,site_HARYANA_8697,1.0,,,,,,,,,,,25305586.20310451,,,,0,665.5,80548.00324073785,511.79298437821285,511.79298437821285,,
55,site_ASSAM_8961,55,2079,SAFProductionSite,site_ASSAM_8961,ASSAM,inv_12,0.0,0.0,0.0,0.0,0.0,1615.71,285.71,600.0,250.0,100000.0,True,site_ASSAM_8961,1.0,,,,,,,,,,,-125000000.0,,,,0,572.0,81976.2481996464,520.0,520.0,,
55,site_KERALA_9594,55,2079,SAFProductionSite,site_KERALA_9594,KERALA,inv_25,0.0,0.0,0.0,0.0,0.0,1615.71,285.71,600.0,250.0,100000.0,False,site_KERALA_9594,1.0,,,,,,,,,,,-125000000.0,,,,0,577.5,85933.74841798336,525.0,525.0,,
56,site_GUJARAT_001,56,2080,SAFProductionSite,site_GUJARAT_001,GUJARAT,inv_01,86447.75291294271,82600.96293965542,3846.78997328729,0.0,0.0,1540.71,285.71,600.0,250.0,100000.0,True,site_GUJARAT_001,1.0,,,,,,,,,,,34056358.841866925,,,,0,495.00000000000006,86562.40829619016,450.0,450.0,,
56,site_PUNJAB_020,56,2080,SAFProductionSite,site_PUNJAB_020,PUNJAB,inv_02,90836.21025832024,82041.12702555116,8795.083232769073,0.0,0.0,1495.71,285.71,600.0,250.0,100000.0,True,site_PUNJAB_020,1.0,,,,,,,,,,,37359507.314410985,,,,0,660.0,85109.34684683023,400.0,400.0,,
56,site_CHHATTISGARH_245,56,2080,SAFProductionSite,site_CHHATTISGARH_245,CHHATTISGARH,inv_06,0.0,0.0,0.0,77227.98054436018,23168394.163308054,1495.71,285.71,600.0,250.0,100000.0,True,site_CHHATTISGARH_245,1.0,,,,,,,,,,,-23168394.163308054,,,,0,660.0,80197.30664774435,400.0,400.0,,
56,site_HARYANA_525,56,2080,SAFProductionSite,site_HARYANA_525,HARYANA,inv_10,91476.25266260371,83610.00438773693,7866.248274866783,0.0,0.0,1495.71,285.71,600.0,250.0,100000.0,True,site_HARYANA_525,1.0,,,,,,,,,,,37500688.68680021,,,,0,665.5,86545.10098269311,405.0,405.0,,
56,site_ODISHA_624,56,2080,SAFProductionSite,site_ODISHA_624,ODISHA,inv_11,93724.91688146415,86545.43606659504,7179.480814869108,0.0,0.0,1495.71,285.71,600.0,250.0,100000.0,True,site_ODISHA_624,1.0,,,,,,,,,,,41305407.070738554,,,,0,445.50000000000006,89404.74534625192,405.0,405.0,,
56,site_BIHAR_725,56,2080,SAFProductionSite,site_BIHAR_725,BIHAR,inv_12,87362.74294832467,83441.89267705225,3920.850271272415,0.0,0.0,1525.71,285.71,600.0,250.0,100000.0,True,site_BIHAR_725,1.0,,,,,,,,,,,36626365.36090158,,,,0,467.50000000000006,86458.07461765366,425.0,425.0,,
56,site_MADHYA_PRADESH_1615,56,2080,SAFProductionSite,site_MADHYA_PRADESH_1615,MADHYA_PRADESH,inv_19,91927.35731695294,80158.6956637442,11768.661653208736,0.0,0.0,1525.71,285.71,600.0,250.0,100000.0,True,site_MADHYA_PRADESH_1615,1.0,,,,,,,,,,,37904909.03020045,,,,0,473.00000000000006,82175.48493991613,430.0,430.0,,
56,site_UTTAR_PRADESH_2182,56,2080,SAFProductionSite,site_UTTAR_PRADESH_2182,UTTAR_PRADESH,inv_23,92187.0000565878,84444.00012844977,7742.99992813803,0.0,0.0,1525.71,285.71,600.0,250.0,100000.0,True,site_UTTAR_PRADESH_2182,1.0,,,,,,,,,,,38259425.22118738,,,,0,473.00000000000006,88418.01075474071,430.0,430.0,,
56,site_TELANGANA_2516,56,2080,SAFProductionSite,site_TELANGANA_2516,TELANGANA,inv_25,88872.92545784717,87619.44999457487,1253.4754632723052,0.0,0.0,1525.71,285.71,600.0,250.0,100000.0,True,site_TELANGANA_2516,1.0,,,,,,,,,,,36481410.15080716,,,,0,478.50000000000006,89631.22631233465,435.0,435.0,,
56,site_KARNATAKA_3051,56,2080,SAFProductionSite,site_KARNATAKA_3051,KARNATAKA,inv_28,92537.5066043038,85426.73673674076,7110.769867563038,0.0,0.0,1540.71,285.71,600.0,250.0,100000.0,True,site_KARNATAKA_3051,1.0,,,,,,,,,,,37040060.52628428,,,,0,489.50000000000006,89372.55337479417,445.00000000000006,445.00000000000006,,
56,site_ANDHRA_PRADESH_3930,56,2080,SAFProductionSite,site_ANDHRA_PRADESH_3930,ANDHRA_PRADESH,inv_11,90621.12601356504,78900.74182746428,11720.384186100753,0.0,0.0,1540.71,285.71,600.0,250.0,100000.0,True,site_ANDHRA_PRADESH_3930,1.0,,,,,,,,,,,35512822.12020412,,,,0,495.00000000000006,81960.83413849205,450.0,450.0,,
56,site_WEST_BENGAL_4276,56,2080,SAFProductionSite,site_WEST_BENGAL_4276,WEST_BENGAL,inv_02,92201.68949164201,84708.85361714762,7492.835874494398,0.0,0.0,1540.71,285.71,600.0,250.0,100000.0,True,site_WEST_BENGAL_4276,1.0,,,,,,,,,,,35949024.637930736,,,,0,500.50000000000006,88781.33805457133,454.99999999999994,454.99999999999994,,
56,site_MAHARASHTRA_4310,56,2080,SAFProductionSite,site_MAHARASHTRA_4310,MAHARASHTRA,inv_10,90798.0011453244,78862.08767740494,11935.913467919454,0.0,0.0,1570.71,285.71,600.0,250.0,100000.0,True,site_MAHARASHTRA_4310,1.0,,,,,,,,,,,33744571.128246054,,,,0,517.0,82222.18557144729,470.00000000000006,470.00000000000006,,
56,site_TAMIL_NADU_4435,56,2080,SAFProductionSite,site_TAMIL_NADU_4435,TAMIL_NADU,inv_35,90569.522951417,78008.77141456984,12560.751536847165,0.0,0.0,1570.71,285.71,600.0,250.0,100000.0,True,site_TAMIL_NADU_4435,1.0,,,,,,,,,,,33159052.551357254,,,,0,522.5,81299.19183205116,475.00000000000006,475.00000000000006,,
56,site_JHARKHAND_4876,56,2080,SAFProductionSite,site_JHARKHAND_4876,JHARKHAND,inv_37,92465.09884176159,80704.99499796274,11760.103843798846,0.0,0.0,1570.71,285.71,600.0,250.0,100000.0,True,site_JHARKHAND_4876,1.0,,,,,,,,,,,33439498.41540478,,,,0,528.0,0.0,480.0,480.0,,
56,site_RAJASTHAN_5813,56,2080,SAFProductionSite,site_RAJASTHAN_5813,RAJASTHAN,inv_41,92743.26493540329,86069.72487334165,6673.540062061642,0.0,0.0,1570.71,285.71,600.0,250.0,100000.0,True,site_RAJASTHAN_5813,1.0,,,,,,,,,,,33389901.103885397,,,,0,533.5,89742.42689939626,484.99999999999994,484.99999999999994,,
56,site_CHHATTISGARH_6311,56,2080,SAFProductionSite,site_CHHATTISGARH_6311,CHHATTISGARH,inv_43,84671.71159757559,79908.08124453164,4763.630353043947,0.0,0.0,1495.71,285.71,600.0,250.0,100000.0,True,site_CHHATTISGARH_6311,1.0,,,,,,,,,,,27696851.24624136,,,,0,660.0,81891.07885224825,492.5719050036115,492.5719050036115,,
56,site_PUNJAB_7112,56,2080,SAFProductionSite,site_PUNJAB_7112,PUNJAB,inv_46,83165.66009410964,77559.6351416401,5606.024952469539,0.0,0.0,1495.71,285.71,600.0,250.0,100000.0,True,site_PUNJAB_7112,1.0,,,,,,,,,,,26444547.61996326,,,,0,660.0,80584.46574920612,501.1922698217161,501.1922698217161,,
56,site_HARYANA_8697,56,2080,SAFProductionSite,site_HARYANA_8697,HARYANA,inv_23,49407.11344800441,49407.11344800441,0.0,27804.944191789997,8341483.257536999,1495.71,285.71,600.0,250.0,100000.0,True,site_HARYANA_8697,1.0,,,,,,,,,,,6891121.711965465,,,,0,665.5,80548.00324073785,511.79298437821285,511.79298437821285,,
56,site_ASSAM_8961,56,2080,SAFProductionSite,site_ASSAM_8961,ASSAM,inv_12,83635.05761137168,78459.87111187213,5175.186499499556,0.0,0.0,1615.71,285.71,600.0,250.0,100000.0,True,site_ASSAM_8961,1.0,,,,,,,,,,,26815711.901250914,,,,0,572.0,81976.2481996464,520.0,520.0,,
56,site_KERALA_9594,56,2080,SAFProductionSite,site_KERALA_9594,KERALA,inv_25,0.0,0.0,0.0,0.0,0.0,1615.71,285.71,600.0,250.0,100000.0,False,site_KERALA_9594,1.0,,,,,,,,,,,-125000000.0,,,,0,577.5,85933.74841798336,525.0,525.0,,
56,site_ODISHA_10038,56,2080,SAFProductionSite,site_ODISHA_10038,ODISHA,inv_02,0.0,0.0,0.0,0.0,0.0,1495.71,285.71,600.0,250.0,100000.0,False,site_ODISHA_10038,1.0,,,,,,,,,,,,,,,0,445.50000000000006,83516.17937270824,522.4497194627018,522.4497194627018,,
56,site_MADHYA_PRADESH_10183,56,2080,SAFProductionSite,site_MADHYA_PRADESH_10183,MADHYA_PRADESH,inv_28,0.0,0.0,0.0,0.0,0.0,1525.71,285.71,600.0,250.0,100000.0,False,site_MADHYA_PRADESH_10183,1.0,,,,,,,,,,,,,,,0,473.00000000000006,82850.5352138366,530.7049189666487,530.7049189666487,,
57,site_GUJARAT_001,57,2081,SAFProductionSite,site_GUJARAT_001,GUJARAT,inv_01,86447.75291294271,82888.65623124788,3559.096681694835,0.0,0.0,1540.71,285.71,600.0,250.0,100000.0,True,site_GUJARAT_001,1.0,,,,,,,,,,,34488597.60643162,,,,0,495.00000000000006,86562.40829619016,450.0,450.0,,
57,site_PUNJAB_020,57,2081,SAFProductionSite,site_PUNJAB_020,PUNJAB,inv_02,91518.73437019081,81533.2469681168,9985.48740207401,0.0,0.0,1495.71,285.71,600.0,250.0,100000.0,True,site_PUNJAB_020,1.0,,,,,,,,,,,38097812.439075485,,,,0,660.0,85109.34684683023,400.0,400.0,,
57,site_CHHATTISGARH_245,57,2081,SAFProductionSite,site_CHHATTISGARH_245,CHHATTISGARH,inv_06,0.0,0.0,0.0,77481.25996235774,23244377.988707323,1495.71,285.71,600.0,250.0,100000.0,True,site_CHHATTISGARH_245,1.0,,,,,,,,,,,-23244377.988707323,,,,0,660.0,80197.30664774435,400.0,400.0,,
57,site_HARYANA_525,57,2081,SAFProductionSite,site_HARYANA_525,HARYANA,inv_10,91886.89034421022,82868.56662520659,9018.32371900363,0.0,0.0,1495.71,285.71,600.0,250.0,100000.0,True,site_HARYANA_525,1.0,,,,,,,,,,,38128464.05119279,,,,0,665.5,86545.10098269311,405.0,405.0,,
57,site_ODISHA_624,57,2081,SAFProductionSite,site_ODISHA_624,ODISHA,inv_11,92982.51136868834,85859.90002154646,7122.611347141879,0.0,0.0,1495.71,285.71,600.0,250.0,100000.0,True,site_ODISHA_624,1.0,,,,,,,,,,,39275753.44460794,,,,0,665.5,89404.74534625192,405.0,405.0,,
57,site_BIHAR_725,57,2081,SAFProductionSite,site_BIHAR_725,BIHAR,inv_12,91719.76575398116,82657.15457336283,9062.611180618333,0.0,0.0,1525.71,285.71,600.0,250.0,100000.0,True,site_BIHAR_725,1.0,,,,,,,,,,,38911622.829043046,,,,0,467.50000000000006,86458.07461765366,425.0,425.0,,
57,site_MADHYA_PRADESH_1615,57,2081,SAFProductionSite,site_MADHYA_PRADESH_1615,MADHYA_PRADESH,inv_19,90233.39127752982,78338.77910381576,11894.612173714064,0.0,0.0,1525.71,285.71,600.0,250.0,100000.0,True,site_MADHYA_PRADESH_1615,1.0,,,,,,,,,,,34119187.55115092,,,,0,693.0,82175.48493991613,430.0,430.0,,
57,site_UTTAR_PRADESH_2182,57,2081,SAFProductionSite,site_UTTAR_PRADESH_2182,UTTAR_PRADESH,inv_23,87762.42866908036,86580.27565863368,1182.1530104466801,0.0,0.0,1525.71,285.71,600.0,250.0,100000.0,True,site_UTTAR_PRADESH_2182,1.0,,,,,,,,,,,36861952.87721641,,,,0,473.00000000000006,88418.01075474071,430.0,430.0,,
57,site_TELANGANA_2516,57,2081,SAFProductionSite,site_TELANGANA_2516,TELANGANA,inv_25,89441.93711321245,86441.9868644466,2999.9502487658465,0.0,0.0,1525.71,285.71,600.0,250.0,100000.0,True,site_TELANGANA_2516,1.0,,,,,,,,,,,37162193.19375995,,,,0,478.50000000000006,89631.22631233465,435.0,435.0,,
57,site_KARNATAKA_3051,57,2081,SAFProductionSite,site_KARNATAKA_3051,KARNATAKA,inv_28,92537.5066043038,85982.41737955883,6555.0892247449665,0.0,0.0,1540.71,285.71,600.0,250.0,100000.0,True,site_KARNATAKA_3051,1.0,,,,,,,,,,,37502748.05930582,,,,0,489.50000000000006,89372.55337479417,445.00000000000006,445.00000000000006,,
57,site_ANDHRA_PRADESH_3930,57,2081,SAFProductionSite,site_ANDHRA_PRADESH_3930,ANDHRA_PRADESH,inv_11,91056.70032114736,79380.14242047312,11676.557900674248,0.0,0.0,1540.71,285.71,600.0,250.0,100000.0,True,site_ANDHRA_PRADESH_3930,1.0,,,,,,,,,,,36138799.516112015,,,,0,495.00000000000006,81960.83413849205,450.0,450.0,,
57,site_WEST_BENGAL_4276,57,2081,SAFProductionSite,site_WEST_BENGAL_4276,WEST_BENGAL,inv_02,92201.68949164201,86671.16607464681,5530.523416995202,0.0,0.0,1540.71,285.71,600.0,250.0,100000.0,True,site_WEST_BENGAL_4276,1.0,,,,,,,,,,,36410033.08538894,,,,0,500.50000000000006,88781.33805457133,454.99999999999994,454.99999999999994,,
57,site_MAHARASHTRA_4310,57,2081,SAFProductionSite,site_MAHARASHTRA_4310,MAHARASHTRA,inv_10,90798.0011453244,78952.53631339382,11845.46483193057,0.0,0.0,1570.71,285.71,600.0,250.0,100000.0,True,site_MAHARASHTRA_4310,1.0,,,,,,,,,,,34198561.13397269,,,,0,517.0,82222.18557144729,470.00000000000006,470.00000000000006,,
57,site_TAMIL_NADU_4435,57,2081,SAFProductionSite,site_TAMIL_NADU_4435,TAMIL_NADU,inv_35,90569.522951417,78027.7496753215,12541.773276095511,0.0,0.0,1570.71,285.71,600.0,250.0,100000.0,True,site_TAMIL_NADU_4435,1.0,,,,,,,,,,,33611900.166114345,,,,0,522.5,81299.19183205116,475.00000000000006,475.00000000000006,,
57,site_JHARKHAND_4876,57,2081,SAFProductionSite,site_JHARKHAND_4876,JHARKHAND,inv_37,90711.14433493902,79048.93447933038,11662.209855608642,0.0,0.0,1570.71,285.71,600.0,250.0,100000.0,True,site_JHARKHAND_4876,1.0,,,,,,,,,,,33258746.060991675,,,,0,528.0,82592.79794654396,480.0,480.0,,
57,site_RAJASTHAN_5813,57,2081,SAFProductionSite,site_RAJASTHAN_5813,RAJASTHAN,inv_41,92956.17276201765,87802.0557317164,5154.117030301248,0.0,0.0,1570.71,285.71,600.0,250.0,100000.0,True,site_RAJASTHAN_5813,1.0,,,,,,,,,,,33931334.12437606,,,,0,533.5,89742.42689939626,484.99999999999994,484.99999999999994,,
57,site_CHHATTISGARH_6311,57,2081,SAFProductionSite,site_CHHATTISGARH_6311,CHHATTISGARH,inv_43,83504.0379358003,78308.99781724064,5195.040118559657,0.0,0.0,1495.71,285.71,600.0,250.0,100000.0,True,site_CHHATTISGARH_6311,1.0,,,,,,,,,,,27732415.253576353,,,,0,660.0,81891.07885224825,492.5719050036115,492.5719050036115,,
57,site_PUNJAB_7112,57,2081,SAFProductionSite,site_PUNJAB_7112,PUNJAB,inv_46,83165.66009410964,77830.4773599956,5335.182734114045,0.0,0.0,1495.71,285.71,600.0,250.0,100000.0,True,site_PUNJAB_7112,1.0,,,,,,,,,,,26860375.92043382,,,,0,660.0,80584.46574920612,501.1922698217161,501.1922698217161,,
57,site_HARYANA_8697,57,2081,SAFProductionSite,site_HARYANA_8697,HARYANA,inv_23,76245.33625669022,76245.33625669022,0.0,996.7493171804672,299024.79515414016,1495.71,285.71,600.0,250.0,100000.0,True,site_HARYANA_8697,1.0,,,,,,,,,,,23589243.82630068,,,,0,665.5,80548.00324073785,511.79298437821285,511.79298437821285,,
57,site_ASSAM_8961,57,2081,SAFProductionSite,site_ASSAM_8961,ASSAM,inv_12,89973.11053518188,77972.66001947608,12000.450515705801,0.0,0.0,1615.71,285.71,600.0,250.0,100000.0,True,site_ASSAM_8961,1.0,,,,,,,,,,,29297732.46253015,,,,0,572.0,81976.2481996464,520.0,520.0,,
57,site_KERALA_9594,57,2081,SAFProductionSite,site_KERALA_9594,KERALA,inv_25,0.0,0.0,0.0,0.0,0.0,1615.71,285.71,600.0,250.0,100000.0,True,site_KERALA_9594,1.0,,,,,,,,,,,-125000000.0,,,,0,577.5,85933.74841798336,525.0,525.0,,
57,site_ODISHA_10038,57,2081,SAFProductionSite,site_ODISHA_10038,ODISHA,inv_02,0.0,0.0,0.0,0.0,0.0,1495.71,285.71,600.0,250.0,100000.0,False,site_ODISHA_10038,1.0,,,,,,,,,,,-125000000.0,,,,0,665.5,83516.17937270824,522.4497194627018,522.4497194627018,,
57,site_MADHYA_PRADESH_10183,57,2081,SAFProductionSite,site_MADHYA_PRADESH_10183,MADHYA_PRADESH,inv_28,0.0,0.0,0.0,0.0,0.0,1525.71,285.71,600.0,250.0,100000.0,False,site_MADHYA_PRADESH_10183,1.0,,,,,,,,,,,-125000000.0,,,,0,693.0,82850.5352138366,530.7049189666487,530.7049189666487,,
58,site_GUJARAT_001,58,2082,SAFProductionSite,site_GUJARAT_001,GUJARAT,inv_01,86748.84430099912,83823.37676149388,2925.4675395052327,0.0,0.0,1540.71,285.71,600.0,250.0,100000.0,True,site_GUJARAT_001,1.0,,,,,,,,,,,34608718.94418226,,,,0,495.00000000000006,86562.40829619016,450.0,450.0,,
58,site_PUNJAB_020,58,2082,SAFProductionSite,site_PUNJAB_020,PUNJAB,inv_02,85812.74156900567,83137.98806093301,2674.753508072652,0.0,0.0,1495.71,285.71,600.0,250.0,100000.0,True,site_PUNJAB_020,1.0,,,,,,,,,,,35722497.20974825,,,,0,660.0,85109.34684683023,400.0,400.0,,
58,site_CHHATTISGARH_245,58,2082,SAFProductionSite,site_CHHATTISGARH_245,CHHATTISGARH,inv_06,0.0,0.0,0.0,77131.86467088887,23139559.40126666,1495.71,285.71,600.0,250.0,100000.0,True,site_CHHATTISGARH_245,1.0,,,,,,,,,,,-23139559.40126666,,,,0,660.0,80197.30664774435,400.0,400.0,,
58,site_HARYANA_525,58,2082,SAFProductionSite,site_HARYANA_525,HARYANA,inv_10,91886.89034421022,84588.19756586755,7298.692778342665,0.0,0.0,1495.71,285.71,600.0,250.0,100000.0,True,site_HARYANA_525,1.0,,,,,,,,,,,38128464.05119279,,,,0,665.5,86545.10098269311,405.0,405.0,,
58,site_ODISHA_624,58,2082,SAFProductionSite,site_ODISHA_624,ODISHA,inv_11,92982.51136868834,87612.40952420427,5370.101844484074,0.0,0.0,1495.71,285.71,600.0,250.0,100000.0,True,site_ODISHA_624,1.0,,,,,,,,,,,39275753.44460794,,,,0,665.5,89404.74534625192,405.0,405.0,,
58,site_BIHAR_725,58,2082,SAFProductionSite,site_BIHAR_725,BIHAR,inv_12,91250.58813748918,82234.33527754428,9016.2528599449,0.0,0.0,1525.71,285.71,600.0,250.0,100000.0,True,site_BIHAR_725,1.0,,,,,,,,,,,38712576.72046779,,,,0,467.50000000000006,86458.07461765366,425.0,425.0,,
58,site_MADHYA_PRADESH_1615,58,2082,SAFProductionSite,site_MADHYA_PRADESH_1615,MADHYA_PRADESH,inv_19,90233.39127752982,79123.82247162044,11109.56880590938,0.0,0.0,1525.71,285.71,600.0,250.0,100000.0,True,site_MADHYA_PRADESH_1615,1.0,,,,,,,,,,,34119187.55115092,,,,0,693.0,82175.48493991613,430.0,430.0,,
58,site_UTTAR_PRADESH_2182,58,2082,SAFProductionSite,site_UTTAR_PRADESH_2182,UTTAR_PRADESH,inv_23,93985.32218994363,86091.27701528715,7894.0451746564795,0.0,0.0,1525.71,285.71,600.0,250.0,100000.0,True,site_UTTAR_PRADESH_2182,1.0,,,,,,,,,,,39475691.0246751,,,,0,473.00000000000006,88418.01075474071,430.0,430.0,,
58,site_TELANGANA_2516,58,2082,SAFProductionSite,site_TELANGANA_2516,TELANGANA,inv_25,89441.93711321245,87120.14104546336,2321.796067749092,0.0,0.0,1525.71,285.71,600.0,250.0,100000.0,True,site_TELANGANA_2516,1.0,,,,,,,,,,,37162193.19375995,,,,0,478.50000000000006,89631.22631233465,435.0,435.0,,
58,site_KARNATAKA_3051,58,2082,SAFProductionSite,site_KARNATAKA_3051,KARNATAKA,inv_28,89049.71326706273,86655.00369578152,2394.709571281215,0.0,0.0,1540.71,285.71,600.0,250.0,100000.0,True,site_KARNATAKA_3051,1.0,,,,,,,,,,,36089247.31123838,,,,0,489.50000000000006,89372.55337479417,445.00000000000006,445.00000000000006,,
58,site_ANDHRA_PRADESH_3930,58,2082,SAFProductionSite,site_ANDHRA_PRADESH_3930,ANDHRA_PRADESH,inv_11,90959.51154042999,78816.52763049841,12142.983909931572,0.0,0.0,1540.71,285.71,600.0,250.0,100000.0,True,site_ANDHRA_PRADESH_3930,1.0,,,,,,,,,,,36100227.00196236,,,,0,495.00000000000006,81960.83413849205,450.0,450.0,,
58,site_WEST_BENGAL_4276,58,2082,SAFProductionSite,site_WEST_BENGAL_4276,WEST_BENGAL,inv_02,88093.62147380596,84876.0672232174,3217.554250588568,0.0,0.0,1540.71,285.71,600.0,250.0,100000.0,True,site_WEST_BENGAL_4276,1.0,,,,,,,,,,,34787775.475239635,,,,0,500.50000000000006,88781.33805457133,454.99999999999994,454.99999999999994,,
58,site_MAHARASHTRA_4310,58,2082,SAFProductionSite,site_MAHARASHTRA_4310,MAHARASHTRA,inv_10,90369.98535540301,78490.33699648334,11879.648358919672,0.0,0.0,1570.71,285.71,600.0,250.0,100000.0,True,site_MAHARASHTRA_4310,1.0,,,,,,,,,,,34037351.371937245,,,,0,517.0,82222.18557144729,470.00000000000006,470.00000000000006,,
58,site_TAMIL_NADU_4435,58,2082,SAFProductionSite,site_TAMIL_NADU_4435,TAMIL_NADU,inv_35,89995.42853186332,77514.29602278306,12481.132509080257,0.0,0.0,1570.71,285.71,600.0,250.0,100000.0,True,site_TAMIL_NADU_4435,1.0,,,,,,,,,,,33398843.90074888,,,,0,522.5,81299.19183205116,475.00000000000006,475.00000000000006,,
58,site_JHARKHAND_4876,58,2082,SAFProductionSite,site_JHARKHAND_4876,JHARKHAND,inv_37,90711.14433493902,79190.08119869107,11521.063136247947,0.0,0.0,1570.71,285.71,600.0,250.0,100000.0,True,site_JHARKHAND_4876,1.0,,,,,,,,,,,33258746.060991675,,,,0,528.0,82592.79794654396,480.0,480.0,,
58,site_RAJASTHAN_5813,58,2082,SAFProductionSite,site_RAJASTHAN_5813,RAJASTHAN,inv_41,94345.25370305976,87355.89889352623,6989.354809533528,0.0,0.0,1570.71,285.71,600.0,250.0,100000.0,True,site_RAJASTHAN_5813,1.0,,,,,,,,,,,34438383.50190337,,,,0,533.5,89742.42689939626,484.99999999999994,484.99999999999994,,
58,site_CHHATTISGARH_6311,58,2082,SAFProductionSite,site_CHHATTISGARH_6311,CHHATTISGARH,inv_43,83504.0379358003,79723.71351319834,3780.3244226019597,0.0,0.0,1495.71,285.71,600.0,250.0,100000.0,True,site_CHHATTISGARH_6311,1.0,,,,,,,,,,,27732415.253576353,,,,0,660.0,81891.07885224825,492.5719050036115,492.5719050036115,,
58,site_PUNJAB_7112,58,2082,SAFProductionSite,site_PUNJAB_7112,PUNJAB,inv_46,83456.07883872793,78349.33292599401,5106.745912733924,0.0,0.0,1495.71,285.71,600.0,250.0,100000.0,True,site_PUNJAB_7112,1.0,,,,,,,,,,,26954173.728879765,,,,0,660.0,80584.46574920612,501.1922698217161,501.1922698217161,,
58,site_HARYANA_8697,58,2082,SAFProductionSite,site_HARYANA_8697,HARYANA,inv_23,31091.900150108457,31091.900150108457,0.0,46019.7170070649,13805915.10211947,1495.71,285.71,600.0,250.0,100000.0,True,site_HARYANA_8697,1.0,,,,,,,,,,,-4064576.1664928216,,,,0,665.5,80548.00324073785,511.79298437821285,511.79298437821285,,
58,site_ASSAM_8961,58,2082,SAFProductionSite,site_ASSAM_8961,ASSAM,inv_12,89973.11053518188,79236.9631861268,10736.147349055085,0.0,0.0,1615.71,285.71,600.0,250.0,100000.0,True,site_ASSAM_8961,1.0,,,,,,,,,,,29297732.46253015,,,,0,572.0,81976.2481996464,520.0,520.0,,
58,site_KERALA_9594,58,2082,SAFProductionSite,site_KERALA_9594,KERALA,inv_25,87193.59917913472,83112.27538058226,4081.323798552461,0.0,0.0,1615.71,285.71,600.0,250.0,100000.0,True,site_KERALA_9594,1.0,,,,,,,,,,,28129982.000356972,,,,0,577.5,85933.74841798336,525.0,525.0,,
58,site_ODISHA_10038,58,2082,SAFProductionSite,site_ODISHA_10038,ODISHA,inv_02,0.0,0.0,0.0,0.0,0.0,1495.71,285.71,600.0,250.0,100000.0,False,site_ODISHA_10038,1.0,,,,,,,,,,,-125000000.0,,,,0,665.5,83516.17937270824,522.4497194627018,522.4497194627018,,
58,site_MADHYA_PRADESH_10183,58,2082,SAFProductionSite,site_MADHYA_PRADESH_10183,MADHYA_PRADESH,inv_28,0.0,0.0,0.0,0.0,0.0,1525.71,285.71,600.0,250.0,100000.0,False,site_MADHYA_PRADESH_10183,1.0,,,,,,,,,,,-125000000.0,,,,0,693.0,82850.5352138366,530.7049189666487,530.7049189666487,,
59,site_GUJARAT_001,59,2083,SAFProductionSite,site_GUJARAT_001,GUJARAT,inv_01,87401.66007712924,83512.42272503806,3889.2373520911788,0.0,0.0,1540.71,285.71,600.0,250.0,100000.0,True,site_GUJARAT_001,1.0,,,,,,,,,,,34869161.81117913,,,,0,495.00000000000006,86562.40829619016,450.0,450.0,,
59,site_PUNJAB_020,59,2083,SAFProductionSite,site_PUNJAB_020,PUNJAB,inv_02,86167.55708377718,81870.36777867525,4297.189305101929,0.0,0.0,1495.71,285.71,600.0,250.0,100000.0,True,site_PUNJAB_020,1.0,,,,,,,,,,,35870201.338583365,,,,0,660.0,85109.34684683023,400.0,400.0,,
59,site_CHHATTISGARH_245,59,2083,SAFProductionSite,site_CHHATTISGARH_245,CHHATTISGARH,inv_06,0.0,0.0,0.0,78365.4526593548,23509635.79780644,1495.71,285.71,600.0,250.0,100000.0,True,site_CHHATTISGARH_245,1.0,,,,,,,,,,,-23509635.79780644,,,,0,660.0,80197.30664774435,400.0,400.0,,
59,site_HARYANA_525,59,2083,SAFProductionSite,site_HARYANA_525,HARYANA,inv_10,91697.28068092074,82697.56637744298,8999.714303477755,0.0,0.0,1495.71,285.71,600.0,250.0,100000.0,True,site_HARYANA_525,1.0,,,,,,,,,,,38049785.5236748,,,,0,665.5,86545.10098269311,405.0,405.0,,
59,site_ODISHA_624,59,2083,SAFProductionSite,site_ODISHA_624,ODISHA,inv_11,94710.52967481795,87455.54931963213,7254.98035518582,0.0,0.0,1495.71,285.71,600.0,250.0,100000.0,True,site_ODISHA_624,1.0,,,,,,,,,,,40005667.27399683,,,,0,665.5,89404.74534625192,405.0,405.0,,
59,site_BIHAR_725,59,2083,SAFProductionSite,site_BIHAR_725,BIHAR,inv_12,91250.58813748918,83012.60731022677,8237.980827262407,0.0,0.0,1525.71,285.71,600.0,250.0,100000.0,True,site_BIHAR_725,1.0,,,,,,,,,,,38712576.72046779,,,,0,467.50000000000006,86458.07461765366,425.0,425.0,,
59,site_MADHYA_PRADESH_1615,59,2083,SAFProductionSite,site_MADHYA_PRADESH_1615,MADHYA_PRADESH,inv_19,91137.63214249244,79220.52749088351,11917.104651608926,0.0,0.0,1525.71,285.71,600.0,250.0,100000.0,True,site_MADHYA_PRADESH_1615,1.0,,,,,,,,,,,34461100.48633234,,,,0,693.0,0.0,430.0,430.0,,
59,site_UTTAR_PRADESH_2182,59,2083,SAFProductionSite,site_UTTAR_PRADESH_2182,UTTAR_PRADESH,inv_23,88709.97940189342,85355.72255246204,3354.2568494313746,0.0,0.0,1525.71,285.71,600.0,250.0,100000.0,True,site_UTTAR_PRADESH_2182,1.0,,,,,,,,,,,37259942.894031346,,,,0,473.00000000000006,88418.01075474071,430.0,430.0,,
59,site_TELANGANA_2516,59,2083,SAFProductionSite,site_TELANGANA_2516,TELANGANA,inv_25,94020.10093021067,86976.90084664262,7043.200083568052,0.0,0.0,1525.71,285.71,600.0,250.0,100000.0,True,site_TELANGANA_2516,1.0,,,,,,,,,,,39064372.57103148,,,,0,478.50000000000006,89631.22631233465,435.0,435.0,,
59,site_KARNATAKA_3051,59,2083,SAFProductionSite,site_KARNATAKA_3051,KARNATAKA,inv_28,89666.13379261819,86577.60544884192,3088.52834377627,0.0,0.0,1540.71,285.71,600.0,250.0,100000.0,True,site_KARNATAKA_3051,1.0,,,,,,,,,,,36339064.542292,,,,0,489.50000000000006,89372.55337479417,445.00000000000006,445.00000000000006,,
59,site_ANDHRA_PRADESH_3930,59,2083,SAFProductionSite,site_ANDHRA_PRADESH_3930,ANDHRA_PRADESH,inv_11,90746.24047542007,78631.72799268737,12114.512482732694,0.0,0.0,1540.71,285.71,600.0,250.0,100000.0,True,site_ANDHRA_PRADESH_3930,1.0,,,,,,,,,,,36015583.47508517,,,,0,495.00000000000006,81960.83413849205,450.0,450.0,,
59,site_WEST_BENGAL_4276,59,2083,SAFProductionSite,site_WEST_BENGAL_4276,WEST_BENGAL,inv_02,88093.62147380596,84957.89496205813,3135.7265117478382,0.0,0.0,1540.71,285.71,600.0,250.0,100000.0,True,site_WEST_BENGAL_4276,1.0,,,,,,,,,,,34787775.475239635,,,,0,500.50000000000006,88781.33805457133,454.99999999999994,454.99999999999994,,
59,site_MAHARASHTRA_4310,59,2083,SAFProductionSite,site_MAHARASHTRA_4310,MAHARASHTRA,inv_10,90369.98535540301,79904.49735558828,10465.487999814737,0.0,0.0,1570.71,285.71,600.0,250.0,100000.0,True,site_MAHARASHTRA_4310,1.0,,,,,,,,,,,34037351.371937245,,,,0,517.0,82222.18557144729,470.00000000000006,470.00000000000006,,
59,site_TAMIL_NADU_4435,59,2083,SAFProductionSite,site_TAMIL_NADU_4435,TAMIL_NADU,inv_35,89995.42853186332,77760.09756227948,12235.33096958384,0.0,0.0,1570.71,285.71,600.0,250.0,100000.0,True,site_TAMIL_NADU_4435,1.0,,,,,,,,,,,33398843.90074888,,,,0,522.5,81299.19183205116,475.00000000000006,475.00000000000006,,
59,site_JHARKHAND_4876,59,2083,SAFProductionSite,site_JHARKHAND_4876,JHARKHAND,inv_37,90873.11464505976,80358.38287930789,10514.731765751872,0.0,0.0,1570.71,285.71,600.0,250.0,100000.0,True,site_JHARKHAND_4876,1.0,,,,,,,,,,,33318131.591327786,,,,0,528.0,82592.79794654396,480.0,480.0,,
59,site_RAJASTHAN_5813,59,2083,SAFProductionSite,site_RAJASTHAN_5813,RAJASTHAN,inv_41,93920.11366021291,86962.2543895281,6957.859270684814,0.0,0.0,1570.71,285.71,600.0,250.0,100000.0,True,site_RAJASTHAN_5813,1.0,,,,,,,,,,,34283196.72500779,,,,0,533.5,89742.42689939626,484.99999999999994,484.99999999999994,,
59,site_CHHATTISGARH_6311,59,2083,SAFProductionSite,site_CHHATTISGARH_6311,CHHATTISGARH,inv_43,85012.60625408383,80050.83797195638,4961.76828212745,0.0,0.0,1495.71,285.71,600.0,250.0,100000.0,True,site_CHHATTISGARH_6311,1.0,,,,,,,,,,,28233423.876335308,,,,0,660.0,81891.07885224825,492.5719050036115,492.5719050036115,,
59,site_PUNJAB_7112,59,2083,SAFProductionSite,site_PUNJAB_7112,PUNJAB,inv_46,83463.81351941254,77837.6906618699,5626.122857542636,0.0,0.0,1495.71,285.71,600.0,250.0,100000.0,True,site_PUNJAB_7112,1.0,,,,,,,,,,,26956671.83243087,,,,0,660.0,80584.46574920612,501.1922698217161,501.1922698217161,,
59,site_HARYANA_8697,59,2083,SAFProductionSite,site_HARYANA_8697,HARYANA,inv_23,49583.913420579716,49583.913420579716,0.0,27488.941579901337,8246682.473970401,1495.71,285.71,600.0,250.0,100000.0,True,site_HARYANA_8697,1.0,,,,,,,,,,,7288350.896543917,,,,0,665.5,80548.00324073785,511.79298437821285,511.79298437821285,,
59,site_ASSAM_8961,59,2083,SAFProductionSite,site_ASSAM_8961,ASSAM,inv_12,91431.99738776113,79840.12384086114,11591.873546899995,0.0,0.0,1615.71,285.71,600.0,250.0,100000.0,True,site_ASSAM_8961,1.0,,,,,,,,,,,29772786.358585626,,,,0,572.0,81976.2481996464,520.0,520.0,,
59,site_KERALA_9594,59,2083,SAFProductionSite,site_KERALA_9594,KERALA,inv_25,91833.39175271959,82392.74716286204,9440.644589857548,0.0,0.0,1615.71,285.71,600.0,250.0,100000.0,True,site_KERALA_9594,1.0,,,,,,,,,,,29626849.69258505,,,,0,577.5,85933.74841798336,525.0,525.0,,
59,site_ODISHA_10038,59,2083,SAFProductionSite,site_ODISHA_10038,ODISHA,inv_02,0.0,0.0,0.0,0.0,0.0,1495.71,285.71,600.0,250.0,100000.0,True,site_ODISHA_10038,1.0,,,,,,,,,,,-125000000.0,,,,0,665.5,83516.17937270824,522.4497194627018,522.4497194627018,,
59,site_MADHYA_PRADESH_10183,59,2083,SAFProductionSite,site_MADHYA_PRADESH_10183,MADHYA_PRADESH,inv_28,0.0,0.0,0.0,0.0,0.0,1525.71,285.71,600.0,250.0,100000.0,True,site_MADHYA_PRADESH_10183,1.0,,,,,,,,,,,-125000000.0,,,,0,693.0,82850.5352138366,530.7049189666487,530.7049189666487,,
60,site_GUJARAT_001,60,2084,SAFProductionSite,site_GUJARAT_001,GUJARAT,inv_01,87268.8300816867,83385.50345691234,3883.3266247743595,0.0,0.0,1540.71,285.71,600.0,250.0,100000.0,True,site_GUJARAT_001,1.0,,,,,,,,,,,34816168.87488504,,,,0,495.00000000000006,86562.40829619016,450.0,450.0,,
60,site_PUNJAB_020,60,2084,SAFProductionSite,site_PUNJAB_020,PUNJAB,inv_02,86167.55708377718,83060.38597167184,3107.1711121053377,0.0,0.0,1495.71,285.71,600.0,250.0,100000.0,True,site_PUNJAB_020,1.0,,,,,,,,,,,35870201.338583365,,,,0,660.0,85109.34684683023,400.0,400.0,,
60,site_CHHATTISGARH_245,60,2084,SAFProductionSite,site_CHHATTISGARH_245,CHHATTISGARH,inv_06,0.0,0.0,0.0,76373.5520686401,22912065.62059203,1495.71,285.71,600.0,250.0,100000.0,True,site_CHHATTISGARH_245,1.0,,,,,,,,,,,-22912065.62059203,,,,0,660.0,80197.30664774435,400.0,400.0,,
60,site_HARYANA_525,60,2084,SAFProductionSite,site_HARYANA_525,HARYANA,inv_10,91697.28068092074,83824.14437658191,7873.136304338826,0.0,0.0,1495.71,285.71,600.0,250.0,100000.0,True,site_HARYANA_525,1.0,,,,,,,,,,,38049785.5236748,,,,0,665.5,86545.10098269311,405.0,405.0,,
60,site_ODISHA_624,60,2084,SAFProductionSite,site_ODISHA_624,ODISHA,inv_11,94710.52967481795,87553.8410439148,7156.688630903154,0.0,0.0,1495.71,285.71,600.0,250.0,100000.0,True,site_ODISHA_624,1.0,,,,,,,,,,,40005667.27399683,,,,0,665.5,89404.74534625192,405.0,405.0,,
60,site_BIHAR_725,60,2084,SAFProductionSite,site_BIHAR_725,BIHAR,inv_12,92114.19067617996,83306.49008562096,8807.700590559005,0.0,0.0,1525.71,285.71,600.0,250.0,100000.0,True,site_BIHAR_725,1.0,,,,,,,,,,,39078955.504620746,,,,0,467.50000000000006,86458.07461765366,425.0,425.0,,
60,site_MADHYA_PRADESH_1615,60,2084,SAFProductionSite,site_MADHYA_PRADESH_1615,MADHYA_PRADESH,inv_19,91249.02042223704,80181.53181210408,11067.488610132961,0.0,0.0,1525.71,285.71,600.0,250.0,100000.0,True,site_MADHYA_PRADESH_1615,1.0,,,,,,,,,,,34503218.79258016,,,,0,693.0,82175.48493991613,430.0,430.0,,
60,site_UTTAR_PRADESH_2182,60,2084,SAFProductionSite,site_UTTAR_PRADESH_2182,UTTAR_PRADESH,inv_23,87560.62668236179,84249.82857633104,3310.79810603075,0.0,0.0,1525.71,285.71,600.0,250.0,100000.0,True,site_UTTAR_PRADESH_2182,1.0,,,,,,,,,,,36777192.05829017,,,,0,473.00000000000006,88418.01075474071,430.0,430.0,,
60,site_TELANGANA_2516,60,2084,SAFProductionSite,site_TELANGANA_2516,TELANGANA,inv_25,94020.10093021067,87230.23206842954,6789.868861781128,0.0,0.0,1525.71,285.71,600.0,250.0,100000.0,True,site_TELANGANA_2516,1.0,,,,,,,,,,,39064372.57103148,,,,0,478.50000000000006,89631.22631233465,435.0,435.0,,
60,site_KARNATAKA_3051,60,2084,SAFProductionSite,site_KARNATAKA_3051,KARNATAKA,inv_28,88534.24470592629,85484.7040086381,3049.54069728819,0.0,0.0,1540.71,285.71,600.0,250.0,100000.0,True,site_KARNATAKA_3051,1.0,,,,,,,,,,,35880342.96217854,,,,0,489.50000000000006,89372.55337479417,445.00000000000006,445.00000000000006,,
60,site_ANDHRA_PRADESH_3930,60,2084,SAFProductionSite,site_ANDHRA_PRADESH_3930,ANDHRA_PRADESH,inv_11,90746.24047542007,78904.6047440847,11841.635731335366,0.0,0.0,1540.71,285.71,600.0,250.0,100000.0,True,site_ANDHRA_PRADESH_3930,1.0,,,,,,,,,,,36015583.47508517,,,,0,495.00000000000006,81960.83413849205,450.0,450.0,,
60,site_WEST_BENGAL_4276,60,2084,SAFProductionSite,site_WEST_BENGAL_4276,WEST_BENGAL,inv_02,88178.5512082685,85914.8372213313,2263.713986937204,0.0,0.0,1540.71,285.71,600.0,250.0,100000.0,True,site_WEST_BENGAL_4276,1.0,,,,,,,,,,,34821313.84594372,,,,0,500.50000000000006,88781.33805457133,454.99999999999994,454.99999999999994,,
60,site_MAHARASHTRA_4310,60,2084,SAFProductionSite,site_MAHARASHTRA_4310,MAHARASHTRA,inv_10,91998.18133254896,80521.42506105531,11476.75627149365,0.0,0.0,1570.71,285.71,600.0,250.0,100000.0,True,site_MAHARASHTRA_4310,1.0,,,,,,,,,,,34650602.31314899,,,,0,517.0,82222.18557144729,470.00000000000006,470.00000000000006,,
60,site_TAMIL_NADU_4435,60,2084,SAFProductionSite,site_TAMIL_NADU_4435,TAMIL_NADU,inv_35,84555.48192368403,78821.81321483733,5733.668708846701,0.0,0.0,1570.71,285.71,600.0,250.0,100000.0,True,site_TAMIL_NADU_4435,1.0,,,,,,,,,,,31379986.603673384,,,,0,522.5,81299.19183205116,475.00000000000006,475.00000000000006,,
60,site_JHARKHAND_4876,60,2084,SAFProductionSite,site_JHARKHAND_4876,JHARKHAND,inv_37,90311.13935152086,78700.35583491514,11610.78351660572,0.0,0.0,1570.71,285.71,600.0,250.0,100000.0,True,site_JHARKHAND_4876,1.0,,,,,,,,,,,33112086.41664286,,,,0,528.0,82592.79794654396,480.0,480.0,,
60,site_RAJASTHAN_5813,60,2084,SAFProductionSite,site_RAJASTHAN_5813,RAJASTHAN,inv_41,93346.36986935603,86431.01511020379,6915.3547591522365,0.0,0.0,1570.71,285.71,600.0,250.0,100000.0,True,site_RAJASTHAN_5813,1.0,,,,,,,,,,,34073765.85354544,,,,0,533.5,0.0,484.99999999999994,484.99999999999994,,
60,site_CHHATTISGARH_6311,60,2084,SAFProductionSite,site_CHHATTISGARH_6311,CHHATTISGARH,inv_43,85138.41310261407,79841.6935351288,5296.71956748527,0.0,0.0,1495.71,285.71,600.0,250.0,100000.0,True,site_CHHATTISGARH_6311,1.0,,,,,,,,,,,28275205.421892032,,,,0,660.0,81891.07885224825,492.5719050036115,492.5719050036115,,
60,site_PUNJAB_7112,60,2084,SAFProductionSite,site_PUNJAB_7112,PUNJAB,inv_46,0.0,0.0,0.0,78814.80663795253,23644441.991385758,1495.71,285.71,600.0,250.0,100000.0,True,site_PUNJAB_7112,1.0,,,,,,,,,,,-23644441.991385758,,,,0,660.0,80584.46574920612,501.1922698217161,501.1922698217161,,
60,site_HARYANA_8697,60,2084,SAFProductionSite,site_HARYANA_8697,HARYANA,inv_23,0.0,0.0,0.0,76858.8482872927,23057654.48618781,1495.71,285.71,600.0,250.0,100000.0,True,site_HARYANA_8697,1.0,,,,,,,,,,,-23057654.48618781,,,,0,665.5,80548.00324073785,511.79298437821285,511.79298437821285,,
60,site_ASSAM_8961,60,2084,SAFProductionSite,site_ASSAM_8961,ASSAM,inv_12,91245.20433868894,79075.0842556033,12170.12008308564,0.0,0.0,1615.71,285.71,600.0,250.0,100000.0,True,site_ASSAM_8961,1.0,,,,,,,,,,,29711961.377154782,,,,0,572.0,81976.2481996464,520.0,520.0,,
60,site_KERALA_9594,60,2084,SAFProductionSite,site_KERALA_9594,KERALA,inv_25,91833.39175271959,83915.13963246525,7918.252120254343,0.0,0.0,1615.71,285.71,600.0,250.0,100000.0,True,site_KERALA_9594,1.0,,,,,,,,,,,29626849.69258505,,,,0,577.5,85933.74841798336,525.0,525.0,,
60,site_ODISHA_10038,60,2084,SAFProductionSite,site_ODISHA_10038,ODISHA,inv_02,85637.71682764536,81603.4002507159,4034.3165769294574,0.0,0.0,1495.71,285.71,600.0,250.0,100000.0,True,site_ODISHA_10038,1.0,,,,,,,,,,,26459496.405799657,,,,0,665.5,83516.17937270824,522.4497194627018,522.4497194627018,,
60,site_MADHYA_PRADESH_10183,60,2084,SAFProductionSite,site_MADHYA_PRADESH_10183,MADHYA_PRADESH,inv_28,85344.05697180134,80354.23254441665,4989.824427384694,0.0,0.0,1525.71,285.71,600.0,250.0,100000.0,True,site_MADHYA_PRADESH_10183,1.0,,,,,,,,,,,25301299.113334015,,,,0,693.0,82850.5352138366,530.7049189666487,530.7049189666487,,
61,site_GUJARAT_001,61,2085,SAFProductionSite,site_GUJARAT_001,GUJARAT,inv_01,86814.19939797049,82951.10312848864,3863.0962694818445,0.0,0.0,1540.71,285.71,600.0,250.0,100000.0,True,site_GUJARAT_001,1.0,,,,,,,,,,,34634792.56165667,,,,0,495.00000000000006,86562.40829619016,450.0,450.0,,
61,site_PUNJAB_020,61,2085,SAFProductionSite,site_PUNJAB_020,PUNJAB,inv_02,91934.0653755053,81903.26175976424,10030.803615741068,0.0,0.0,1495.71,285.71,600.0,250.0,100000.0,True,site_PUNJAB_020,1.0,,,,,,,,,,,38270708.21663946,,,,0,660.0,85109.34684683023,400.0,400.0,,
61,site_CHHATTISGARH_245,61,2085,SAFProductionSite,site_CHHATTISGARH_245,CHHATTISGARH,inv_06,0.0,0.0,0.0,78404.14391233124,23521243.173699375,1495.71,285.71,600.0,250.0,100000.0,True,site_CHHATTISGARH_245,1.0,,,,,,,,,,,-23521243.173699375,,,,0,660.0,80197.30664774435,400.0,400.0,,
61,site_HARYANA_525,61,2085,SAFProductionSite,site_HARYANA_525,HARYANA,inv_10,92946.46059662102,84811.353177967,8135.107418654021,0.0,0.0,1495.71,285.71,600.0,250.0,100000.0,True,site_HARYANA_525,1.0,,,,,,,,,,,38568132.71477932,,,,0,665.5,86545.10098269311,405.0,405.0,,
61,site_ODISHA_624,61,2085,SAFProductionSite,site_ODISHA_624,ODISHA,inv_11,93853.84582832998,86664.4888467882,7189.356981541787,0.0,0.0,1495.71,285.71,600.0,250.0,100000.0,True,site_ODISHA_624,1.0,,,,,,,,,,,39643804.56412417,,,,0,665.5,89404.74534625192,405.0,405.0,,
61,site_BIHAR_725,61,2085,SAFProductionSite,site_BIHAR_725,BIHAR,inv_12,92440.29504618172,83643.91101009736,8796.38403608436,0.0,0.0,1525.71,285.71,600.0,250.0,100000.0,True,site_BIHAR_725,1.0,,,,,,,,,,,39217303.549277216,,,,0,467.50000000000006,86458.07461765366,425.0,425.0,,
61,site_MADHYA_PRADESH_1615,61,2085,SAFProductionSite,site_MADHYA_PRADESH_1615,MADHYA_PRADESH,inv_19,90587.01664463396,78645.78939265519,11941.227251978766,0.0,0.0,1525.71,285.71,600.0,250.0,100000.0,True,site_MADHYA_PRADESH_1615,1.0,,,,,,,,,,,34252900.914377615,,,,0,693.0,82175.48493991613,430.0,430.0,,
61,site_UTTAR_PRADESH_2182,61,2085,SAFProductionSite,site_UTTAR_PRADESH_2182,UTTAR_PRADESH,inv_23,87560.62668236179,85473.52827522284,2087.098407138954,0.0,0.0,1525.71,285.71,600.0,250.0,100000.0,True,site_UTTAR_PRADESH_2182,1.0,,,,,,,,,,,36777192.05829017,,,,0,473.00000000000006,88418.01075474071,430.0,430.0,,
61,site_TELANGANA_2516,61,2085,SAFProductionSite,site_TELANGANA_2516,TELANGANA,inv_25,93972.26544469788,86932.6487958659,7039.616648831987,0.0,0.0,1525.71,285.71,600.0,250.0,100000.0,True,site_TELANGANA_2516,1.0,,,,,,,,,,,39044497.42508185,,,,0,478.50000000000006,89631.22631233465,435.0,435.0,,
61,site_KARNATAKA_3051,61,2085,SAFProductionSite,site_KARNATAKA_3051,KARNATAKA,inv_28,92600.29896897722,85502.98249488545,7097.316474091771,0.0,0.0,1540.71,285.71,600.0,250.0,100000.0,True,site_KARNATAKA_3051,1.0,,,,,,,,,,,37528195.97030762,,,,0,489.50000000000006,89372.55337479417,445.00000000000006,445.00000000000006,,
61,site_ANDHRA_PRADESH_3930,61,2085,SAFProductionSite,site_ANDHRA_PRADESH_3930,ANDHRA_PRADESH,inv_11,90261.69754497812,78211.87095279589,12049.826592182231,0.0,0.0,1540.71,285.71,600.0,250.0,100000.0,True,site_ANDHRA_PRADESH_3930,1.0,,,,,,,,,,,35823276.92588632,,,,0,495.00000000000006,81960.83413849205,450.0,450.0,,
61,site_WEST_BENGAL_4276,61,2085,SAFProductionSite,site_WEST_BENGAL_4276,WEST_BENGAL,inv_02,92055.47231741894,84574.51888558395,7480.953431834991,0.0,0.0,1540.71,285.71,600.0,250.0,100000.0,True,site_WEST_BENGAL_4276,1.0,,,,,,,,,,,36352292.57997663,,,,0,500.50000000000006,88781.33805457133,454.99999999999994,454.99999999999994,,
61,site_MAHARASHTRA_4310,61,2085,SAFProductionSite,site_MAHARASHTRA_4310,MAHARASHTRA,inv_10,91438.4572480377,79418.35218420687,12020.105063830822,0.0,0.0,1570.71,285.71,600.0,250.0,100000.0,True,site_MAHARASHTRA_4310,1.0,,,,,,,,,,,34439785.35593778,,,,0,517.0,82222.18557144729,470.00000000000006,470.00000000000006,,
61,site_TAMIL_NADU_4435,61,2085,SAFProductionSite,site_TAMIL_NADU_4435,TAMIL_NADU,inv_35,85453.42809003363,78765.12041917501,6688.307670858616,0.0,0.0,1570.71,285.71,600.0,250.0,100000.0,True,site_TAMIL_NADU_4435,1.0,,,,,,,,,,,31713229.795360267,,,,0,522.5,81299.19183205116,475.00000000000006,475.00000000000006,,
61,site_JHARKHAND_4876,61,2085,SAFProductionSite,site_JHARKHAND_4876,JHARKHAND,inv_37,90311.13935152086,78984.65858142827,11326.480770092589,0.0,0.0,1570.71,285.71,600.0,250.0,100000.0,True,site_JHARKHAND_4876,1.0,,,,,,,,,,,33112086.41664286,,,,0,528.0,82592.79794654396,480.0,480.0,,
61,site_RAJASTHAN_5813,61,2085,SAFProductionSite,site_RAJASTHAN_5813,RAJASTHAN,inv_41,93346.36986935603,87286.20141140677,6060.168457949258,0.0,0.0,1570.71,285.71,600.0,250.0,100000.0,True,site_RAJASTHAN_5813,1.0,,,,,,,,,,,34073765.85354544,,,,0,533.5,89742.42689939626,484.99999999999994,484.99999999999994,,
61,site_CHHATTISGARH_6311,61,2085,SAFProductionSite,site_CHHATTISGARH_6311,CHHATTISGARH,inv_43,84703.36859530589,79433.71446950096,5269.654125804926,0.0,0.0,1495.71,285.71,600.0,250.0,100000.0,True,site_CHHATTISGARH_6311,1.0,,,,,,,,,,,28130723.36774595,,,,0,660.0,81891.07885224825,492.5719050036115,492.5719050036115,,
61,site_PUNJAB_7112,61,2085,SAFProductionSite,site_PUNJAB_7112,PUNJAB,inv_46,0.0,0.0,0.0,77952.9432488242,23385882.97464726,1495.71,285.71,600.0,250.0,100000.0,True,site_PUNJAB_7112,1.0,,,,,,,,,,,-23385882.97464726,,,,0,660.0,80584.46574920612,501.1922698217161,501.1922698217161,,
61,site_HARYANA_8697,61,2085,SAFProductionSite,site_HARYANA_8697,HARYANA,inv_23,0.0,0.0,0.0,76809.52170979713,23042856.51293914,1495.71,285.71,600.0,250.0,100000.0,True,site_HARYANA_8697,1.0,,,,,,,,,,,-23042856.51293914,,,,0,665.5,80548.00324073785,511.79298437821285,511.79298437821285,,
61,site_ASSAM_8961,61,2085,SAFProductionSite,site_ASSAM_8961,ASSAM,inv_12,91245.20433868894,79784.15955573415,11461.044782954792,0.0,0.0,1615.71,285.71,600.0,250.0,100000.0,True,site_ASSAM_8961,1.0,,,,,,,,,,,29711961.377154782,,,,0,572.0,81976.2481996464,520.0,520.0,,
61,site_KERALA_9594,61,2085,SAFProductionSite,site_KERALA_9594,KERALA,inv_25,91143.18818381429,81773.49781294314,9369.690370871147,0.0,0.0,1615.71,285.71,600.0,250.0,100000.0,True,site_KERALA_9594,1.0,,,,,,,,,,,29404179.51779391,,,,0,577.5,85933.74841798336,525.0,525.0,,
61,site_ODISHA_10038,61,2085,SAFProductionSite,site_ODISHA_10038,ODISHA,inv_02,92070.22255011252,80893.8514239744,11176.371126138125,0.0,0.0,1495.71,285.71,600.0,250.0,100000.0,True,site_ODISHA_10038,1.0,,,,,,,,,,,28446948.52793473,,,,0,665.5,83516.17937270824,522.4497194627018,522.4497194627018,,
61,site_MADHYA_PRADESH_10183,61,2085,SAFProductionSite,site_MADHYA_PRADESH_10183,MADHYA_PRADESH,inv_28,91974.52031066803,80334.46138780395,11640.058922864075,0.0,0.0,1525.71,285.71,600.0,250.0,100000.0,True,site_MADHYA_PRADESH_10183,1.0,,,,,,,,,,,27266981.811686322,,,,0,693.0,82850.5352138366,530.7049189666487,530.7049189666487,,
62,site_GUJARAT_001,62,2086,SAFProductionSite,site_GUJARAT_001,GUJARAT,inv_01,86074.11578708279,82243.9520822753,3830.1637048074917,0.0,0.0,1540.71,285.71,600.0,250.0,100000.0,True,site_GUJARAT_001,1.0,,,,,,,,,,,34339533.92287257,,,,0,495.00000000000006,86562.40829619016,450.0,450.0,,
62,site_PUNJAB_020,62,2086,SAFProductionSite,site_PUNJAB_020,PUNJAB,inv_02,90828.74611332137,80918.54241238203,9910.203700939339,0.0,0.0,1495.71,285.71,600.0,250.0,100000.0,True,site_PUNJAB_020,1.0,,,,,,,,,,,37810581.15931319,,,,0,660.0,85109.34684683023,400.0,400.0,,
62,site_CHHATTISGARH_245,62,2086,SAFProductionSite,site_CHHATTISGARH_245,CHHATTISGARH,inv_06,0.0,0.0,0.0,77117.28950731507,23135186.85219452,1495.71,285.71,600.0,250.0,100000.0,True,site_CHHATTISGARH_245,1.0,,,,,,,,,,,-23135186.85219452,,,,0,660.0,80197.30664774435,400.0,400.0,,
62,site_HARYANA_525,62,2086,SAFProductionSite,site_HARYANA_525,HARYANA,inv_10,91394.86622716635,82424.83266956046,8970.033557605886,0.0,0.0,1495.71,285.71,600.0,250.0,100000.0,True,site_HARYANA_525,1.0,,,,,,,,,,,37924298.64970024,,,,0,665.5,86545.10098269311,405.0,405.0,,
62,site_ODISHA_624,62,2086,SAFProductionSite,site_ODISHA_624,ODISHA,inv_11,93853.84582832998,87398.06766410629,6455.778164223695,0.0,0.0,1495.71,285.71,600.0,250.0,100000.0,True,site_ODISHA_624,1.0,,,,,,,,,,,39643804.56412417,,,,0,665.5,89404.74534625192,405.0,405.0,,
62,site_BIHAR_725,62,2086,SAFProductionSite,site_BIHAR_725,BIHAR,inv_12,91258.02330267515,82241.03579180098,9016.987510874169,0.0,0.0,1525.71,285.71,600.0,250.0,100000.0,True,site_BIHAR_725,1.0,,,,,,,,,,,38715731.04975559,,,,0,467.50000000000006,86458.07461765366,425.0,425.0,,
62,site_MADHYA_PRADESH_1615,62,2086,SAFProductionSite,site_MADHYA_PRADESH_1615,MADHYA_PRADESH,inv_19,90587.01664463396,78800.45718489289,11786.559459741067,0.0,0.0,1525.71,285.71,600.0,250.0,100000.0,True,site_MADHYA_PRADESH_1615,1.0,,,,,,,,,,,34252900.914377615,,,,0,693.0,82175.48493991613,430.0,430.0,,
62,site_UTTAR_PRADESH_2182,62,2086,SAFProductionSite,site_UTTAR_PRADESH_2182,UTTAR_PRADESH,inv_23,88832.41458171527,85723.83094020911,3108.583641506164,0.0,0.0,1525.71,285.71,600.0,250.0,100000.0,True,site_UTTAR_PRADESH_2182,1.0,,,,,,,,,,,37311368.0869932,,,,0,473.00000000000006,88418.01075474071,430.0,430.0,,
62,site_TELANGANA_2516,62,2086,SAFProductionSite,site_TELANGANA_2516,TELANGANA,inv_25,93972.26544469788,86955.94250141608,7016.322943281804,0.0,0.0,1525.71,285.71,600.0,250.0,100000.0,True,site_TELANGANA_2516,1.0,,,,,,,,,,,39044497.42508185,,,,0,478.50000000000006,89631.22631233465,435.0,435.0,,
62,site_KARNATAKA_3051,62,2086,SAFProductionSite,site_KARNATAKA_3051,KARNATAKA,inv_28,92620.09892396137,86495.07285618031,6125.026067781058,0.0,0.0,1540.71,285.71,600.0,250.0,100000.0,True,site_KARNATAKA_3051,1.0,,,,,,,,,,,37536220.31363179,,,,0,489.50000000000006,89372.55337479417,445.00000000000006,445.00000000000006,,
62,site_ANDHRA_PRADESH_3930,62,2086,SAFProductionSite,site_ANDHRA_PRADESH_3930,ANDHRA_PRADESH,inv_11,90261.69754497812,78809.2157954781,11452.481749500017,0.0,0.0,1540.71,285.71,600.0,250.0,100000.0,True,site_ANDHRA_PRADESH_3930,1.0,,,,,,,,,,,35823276.92588632,,,,0,495.00000000000006,81960.83413849205,450.0,450.0,,
62,site_WEST_BENGAL_4276,62,2086,SAFProductionSite,site_WEST_BENGAL_4276,WEST_BENGAL,inv_02,92055.47231741894,86880.99711280937,5174.475204609567,0.0,0.0,1540.71,285.71,600.0,250.0,100000.0,True,site_WEST_BENGAL_4276,1.0,,,,,,,,,,,36352292.57997663,,,,0,500.50000000000006,88781.33805457133,454.99999999999994,454.99999999999994,,
62,site_MAHARASHTRA_4310,62,2086,SAFProductionSite,site_MAHARASHTRA_4310,MAHARASHTRA,inv_10,91438.4572480377,79603.75727128534,11834.699976752352,0.0,0.0,1570.71,285.71,600.0,250.0,100000.0,True,site_MAHARASHTRA_4310,1.0,,,,,,,,,,,34439785.35593778,,,,0,517.0,82222.18557144729,470.00000000000006,470.00000000000006,,
62,site_TAMIL_NADU_4435,62,2086,SAFProductionSite,site_TAMIL_NADU_4435,TAMIL_NADU,inv_35,91447.65713158275,79506.57058122456,11941.086550358188,0.0,0.0,1570.71,285.71,600.0,250.0,100000.0,True,site_TAMIL_NADU_4435,1.0,,,,,,,,,,,33937790.79062405,,,,0,522.5,81299.19183205116,475.00000000000006,475.00000000000006,,
62,site_JHARKHAND_4876,62,2086,SAFProductionSite,site_JHARKHAND_4876,JHARKHAND,inv_37,90243.84227210369,78641.71075375669,11602.131518347,0.0,0.0,1570.71,285.71,600.0,250.0,100000.0,True,site_JHARKHAND_4876,1.0,,,,,,,,,,,33087412.309713736,,,,0,528.0,82592.79794654396,480.0,480.0,,
62,site_RAJASTHAN_5813,62,2086,SAFProductionSite,site_RAJASTHAN_5813,RAJASTHAN,inv_41,94269.97971794469,87578.05145578709,6691.9282621575985,0.0,0.0,1570.71,285.71,600.0,250.0,100000.0,True,site_RAJASTHAN_5813,1.0,,,,,,,,,,,34410906.60968715,,,,0,533.5,89742.42689939626,484.99999999999994,484.99999999999994,,
62,site_CHHATTISGARH_6311,62,2086,SAFProductionSite,site_CHHATTISGARH_6311,CHHATTISGARH,inv_43,84703.36859530589,79918.31566319244,4785.052932113453,0.0,0.0,1495.71,285.71,600.0,250.0,100000.0,True,site_CHHATTISGARH_6311,1.0,,,,,,,,,,,28130723.36774595,,,,0,660.0,0.0,492.5719050036115,492.5719050036115,,
62,site_PUNJAB_7112,62,2086,SAFProductionSite,site_PUNJAB_7112,PUNJAB,inv_46,32664.91865722298,32664.91865722298,0.0,45025.82544950073,13507747.634850219,1495.71,285.71,600.0,250.0,100000.0,True,site_PUNJAB_7112,1.0,,,,,,,,,,,-2957816.406617902,,,,0,660.0,80584.46574920612,501.1922698217161,501.1922698217161,,
62,site_HARYANA_8697,62,2086,SAFProductionSite,site_HARYANA_8697,HARYANA,inv_23,0.0,0.0,0.0,78222.17640603443,23466652.92181033,1495.71,285.71,600.0,250.0,100000.0,True,site_HARYANA_8697,1.0,,,,,,,,,,,-23466652.92181033,,,,0,665.5,80548.00324073785,511.79298437821285,511.79298437821285,,
62,site_ASSAM_8961,62,2086,SAFProductionSite,site_ASSAM_8961,ASSAM,inv_12,90309.05596213002,78263.79765387277,12045.258308257253,0.0,0.0,1615.71,285.71,600.0,250.0,100000.0,True,site_ASSAM_8961,1.0,,,,,,,,,,,29407125.582121,,,,0,572.0,81976.2481996464,520.0,520.0,,
62,site_KERALA_9594,62,2086,SAFProductionSite,site_KERALA_9594,KERALA,inv_25,91143.18818381429,82475.56547179433,8667.622712019962,0.0,0.0,1615.71,285.71,600.0,250.0,100000.0,True,site_KERALA_9594,1.0,,,,,,,,,,,29404179.51779391,,,,0,577.5,85933.74841798336,525.0,525.0,,
62,site_ODISHA_10038,62,2086,SAFProductionSite,site_ODISHA_10038,ODISHA,inv_02,91040.57465386909,79989.19211469132,11051.382539177765,0.0,0.0,1495.71,285.71,600.0,250.0,100000.0,True,site_ODISHA_10038,1.0,,,,,,,,,,,28128818.08472447,,,,0,665.5,83516.17937270824,522.4497194627018,522.4497194627018,,
62,site_MADHYA_PRADESH_10183,62,2086,SAFProductionSite,site_MADHYA_PRADESH_10183,MADHYA_PRADESH,inv_28,90334.10691899993,78901.65449924536,11432.452419754569,0.0,0.0,1525.71,285.71,600.0,250.0,100000.0,True,site_MADHYA_PRADESH_10183,1.0,,,,,,,,,,,26780661.013674244,,,,0,693.0,82850.5352138366,530.7049189666487,530.7049189666487,,
63,site_GUJARAT_001,63,2087,SAFProductionSite,site_GUJARAT_001,GUJARAT,inv_01,86074.11578708279,82403.2626324827,3670.8531546000886,0.0,0.0,1540.71,285.71,600.0,250.0,100000.0,True,site_GUJARAT_001,1.0,,,,,,,,,,,34339533.92287257,,,,0,495.00000000000006,0.0,450.0,450.0,,
63,site_PUNJAB_020,63,2087,SAFProductionSite,site_PUNJAB_020,PUNJAB,inv_02,90828.74611332137,81389.72662583846,9439.019487482903,0.0,0.0,1495.71,285.71,600.0,250.0,100000.0,True,site_PUNJAB_020,1.0,,,,,,,,,,,37810581.15931319,,,,0,660.0,0.0,400.0,400.0,,
63,site_CHHATTISGARH_245,63,2087,SAFProductionSite,site_CHHATTISGARH_245,CHHATTISGARH,inv_06,0.0,0.0,0.0,76997.35185340409,23099205.55602123,1495.71,285.71,600.0,250.0,100000.0,True,site_CHHATTISGARH_245,1.0,,,,,,,,,,,-23099205.55602123,,,,0,660.0,80197.30664774435,400.0,400.0,,
63,site_HARYANA_525,63,2087,SAFProductionSite,site_HARYANA_525,HARYANA,inv_10,91394.86622716635,82620.06175675611,8774.804470410236,0.0,0.0,1495.71,285.71,600.0,250.0,100000.0,True,site_HARYANA_525,1.0,,,,,,,,,,,37924298.64970024,,,,0,665.5,86545.10098269311,405.0,405.0,,
63,site_ODISHA_624,63,2087,SAFProductionSite,site_ODISHA_624,ODISHA,inv_11,93398.36171669581,86243.89555767768,7154.466159018135,0.0,0.0,1495.71,285.71,600.0,250.0,100000.0,True,site_ODISHA_624,1.0,,,,,,,,,,,39451408.36613865,,,,0,665.5,89404.74534625192,405.0,405.0,,
63,site_BIHAR_725,63,2087,SAFProductionSite,site_BIHAR_725,BIHAR,inv_12,91176.20372086589,82167.30060762186,9008.903113244029,0.0,0.0,1525.71,285.71,600.0,250.0,100000.0,True,site_BIHAR_725,1.0,,,,,,,,,,,38681019.52731307,,,,0,467.50000000000006,86458.07461765366,425.0,425.0,,
63,site_MADHYA_PRADESH_1615,63,2087,SAFProductionSite,site_MADHYA_PRADESH_1615,MADHYA_PRADESH,inv_19,89959.79181541069,78101.24566389494,11858.546151515751,0.0,0.0,1525.71,285.71,600.0,250.0,100000.0,True,site_MADHYA_PRADESH_1615,1.0,,,,,,,,,,,34015733.705188006,,,,0,693.0,82175.48493991613,430.0,430.0,,
63,site_UTTAR_PRADESH_2182,63,2087,SAFProductionSite,site_UTTAR_PRADESH_2182,UTTAR_PRADESH,inv_23,88510.84940060656,85164.12195401404,3346.7274465925148,0.0,0.0,1525.71,285.71,600.0,250.0,100000.0,True,site_UTTAR_PRADESH_2182,1.0,,,,,,,,,,,37176304.36174376,,,,0,473.00000000000006,0.0,430.0,430.0,,
63,site_TELANGANA_2516,63,2087,SAFProductionSite,site_TELANGANA_2516,TELANGANA,inv_25,93997.4454238136,87533.53541833535,6463.910005478247,0.0,0.0,1525.71,285.71,600.0,250.0,100000.0,True,site_TELANGANA_2516,1.0,,,,,,,,,,,39054959.44411582,,,,0,478.50000000000006,89631.22631233465,435.0,435.0,,
63,site_KARNATAKA_3051,63,2087,SAFProductionSite,site_KARNATAKA_3051,KARNATAKA,inv_28,93156.06774925928,85997.76638757891,7158.3013616803655,0.0,0.0,1540.71,285.71,600.0,250.0,100000.0,True,site_KARNATAKA_3051,1.0,,,,,,,,,,,37753432.820866704,,,,0,489.50000000000006,89372.55337479417,445.00000000000006,445.00000000000006,,
63,site_ANDHRA_PRADESH_3930,63,2087,SAFProductionSite,site_ANDHRA_PRADESH_3930,ANDHRA_PRADESH,inv_11,90899.49945428513,78764.52708469846,12134.97236958667,0.0,0.0,1540.71,285.71,600.0,250.0,100000.0,True,site_ANDHRA_PRADESH_3930,1.0,,,,,,,,,,,36076409.26266274,,,,0,495.00000000000006,81960.83413849205,450.0,450.0,,
63,site_WEST_BENGAL_4276,63,2087,SAFProductionSite,site_WEST_BENGAL_4276,WEST_BENGAL,inv_02,92552.92610141306,85031.54673401047,7521.379367402595,0.0,0.0,1540.71,285.71,600.0,250.0,100000.0,True,site_WEST_BENGAL_4276,1.0,,,,,,,,,,,36548734.845118865,,,,0,500.50000000000006,88781.33805457133,454.99999999999994,454.99999999999994,,
63,site_MAHARASHTRA_4310,63,2087,SAFProductionSite,site_MAHARASHTRA_4310,MAHARASHTRA,inv_10,89991.84263023967,78161.9032824121,11829.939347827574,0.0,0.0,1570.71,285.71,600.0,250.0,100000.0,True,site_MAHARASHTRA_4310,1.0,,,,,,,,,,,33894926.02181123,,,,0,517.0,82222.18557144729,470.00000000000006,470.00000000000006,,
63,site_TAMIL_NADU_4435,63,2087,SAFProductionSite,site_TAMIL_NADU_4435,TAMIL_NADU,inv_35,92194.26573162849,79408.18463900493,12786.081092623557,0.0,0.0,1570.71,285.71,600.0,250.0,100000.0,True,site_TAMIL_NADU_4435,1.0,,,,,,,,,,,34214870.0211436,,,,0,522.5,81299.19183205116,475.00000000000006,475.00000000000006,,
63,site_JHARKHAND_4876,63,2087,SAFProductionSite,site_JHARKHAND_4876,JHARKHAND,inv_37,90243.84227210369,78683.6168195321,11560.225452571598,0.0,0.0,1570.71,285.71,600.0,250.0,100000.0,True,site_JHARKHAND_4876,1.0,,,,,,,,,,,33087412.309713736,,,,0,528.0,82592.79794654396,480.0,480.0,,
63,site_RAJASTHAN_5813,63,2087,SAFProductionSite,site_RAJASTHAN_5813,RAJASTHAN,inv_41,94519.91500742972,87517.62081006456,7002.294197365161,0.0,0.0,1570.71,285.71,600.0,250.0,100000.0,True,site_RAJASTHAN_5813,1.0,,,,,,,,,,,34502139.257988006,,,,0,533.5,89742.42689939626,484.99999999999994,484.99999999999994,,
63,site_CHHATTISGARH_6311,63,2087,SAFProductionSite,site_CHHATTISGARH_6311,CHHATTISGARH,inv_43,83509.2764957721,78313.9104704672,5195.366025304887,0.0,0.0,1495.71,285.71,600.0,250.0,100000.0,True,site_CHHATTISGARH_6311,1.0,,,,,,,,,,,27734155.02477856,,,,0,660.0,81891.07885224825,492.5719050036115,492.5719050036115,,
63,site_PUNJAB_7112,63,2087,SAFProductionSite,site_PUNJAB_7112,PUNJAB,inv_46,66709.99595977963,66709.99595977963,0.0,10007.619003769243,3002285.701130773,1495.71,285.71,600.0,250.0,100000.0,True,site_PUNJAB_7112,1.0,,,,,,,,,,,18543332.611796115,,,,0,660.0,80584.46574920612,501.1922698217161,501.1922698217161,,
63,site_HARYANA_8697,63,2087,SAFProductionSite,site_HARYANA_8697,HARYANA,inv_23,0.0,0.0,0.0,76845.32379484728,23053597.138454184,1495.71,285.71,600.0,250.0,100000.0,True,site_HARYANA_8697,1.0,,,,,,,,,,,-23053597.138454184,,,,0,665.5,80548.00324073785,511.79298437821285,511.79298437821285,,
63,site_ASSAM_8961,63,2087,SAFProductionSite,site_ASSAM_8961,ASSAM,inv_12,90309.05596213002,78878.05831140137,11430.997650728648,0.0,0.0,1615.71,285.71,600.0,250.0,100000.0,True,site_ASSAM_8961,1.0,,,,,,,,,,,29407125.582121,,,,0,572.0,81976.2481996464,520.0,520.0,,
63,site_KERALA_9594,63,2087,SAFProductionSite,site_KERALA_9594,KERALA,inv_25,91077.0349022501,81714.14521256671,9362.88968968339,0.0,0.0,1615.71,285.71,600.0,250.0,100000.0,True,site_KERALA_9594,1.0,,,,,,,,,,,29382837.462446004,,,,0,577.5,85933.74841798336,525.0,525.0,,
63,site_ODISHA_10038,63,2087,SAFProductionSite,site_ODISHA_10038,ODISHA,inv_02,91040.57465386909,81393.12303807968,9647.45161578941,0.0,0.0,1495.71,285.71,600.0,250.0,100000.0,True,site_ODISHA_10038,1.0,,,,,,,,,,,28128818.08472447,,,,0,665.5,83516.17937270824,522.4497194627018,522.4497194627018,,
63,site_MADHYA_PRADESH_10183,63,2087,SAFProductionSite,site_MADHYA_PRADESH_10183,MADHYA_PRADESH,inv_28,90334.10691899993,78910.2408884157,11423.86603058422,0.0,0.0,1525.71,285.71,600.0,250.0,100000.0,True,site_MADHYA_PRADESH_10183,1.0,,,,,,,,,,,26780661.013674244,,,,0,693.0,82850.5352138366,530.7049189666487,530.7049189666487,,
64,site_GUJARAT_001,64,2088,SAFProductionSite,site_GUJARAT_001,GUJARAT,inv_01,86240.84555136914,84278.43193835192,1962.4136130172265,0.0,0.0,1540.71,285.71,600.0,250.0,100000.0,True,site_GUJARAT_001,1.0,,,,,,,,,,,34406051.27648473,,,,0,495.00000000000006,86562.40829619016,450.0,450.0,,
64,site_PUNJAB_020,64,2088,SAFProductionSite,site_PUNJAB_020,PUNJAB,inv_02,91357.63689682726,82257.452241532,9100.184655295263,0.0,0.0,1495.71,285.71,600.0,250.0,100000.0,True,site_PUNJAB_020,1.0,,,,,,,,,,,38030750.08985433,,,,0,660.0,85109.34684683023,400.0,400.0,,
64,site_CHHATTISGARH_245,64,2088,SAFProductionSite,site_CHHATTISGARH_245,CHHATTISGARH,inv_06,0.0,0.0,0.0,77447.75555799002,23234326.667397007,1495.71,285.71,600.0,250.0,100000.0,True,site_CHHATTISGARH_245,1.0,,,,,,,,,,,-23234326.667397007,,,,0,660.0,80197.30664774435,400.0,400.0,,
64,site_HARYANA_525,64,2088,SAFProductionSite,site_HARYANA_525,HARYANA,inv_10,91611.34147776748,83099.50037822558,8511.841099541896,0.0,0.0,1495.71,285.71,600.0,250.0,100000.0,True,site_HARYANA_525,1.0,,,,,,,,,,,38014125.05235246,,,,0,665.5,86545.10098269311,405.0,405.0,,
64,site_ODISHA_624,64,2088,SAFProductionSite,site_ODISHA_624,ODISHA,inv_11,93398.36171669581,86773.8676141788,6624.494102517012,0.0,0.0,1495.71,285.71,600.0,250.0,100000.0,True,site_ODISHA_624,1.0,,,,,,,,,,,39451408.36613865,,,,0,665.5,89404.74534625192,405.0,405.0,,
64,site_BIHAR_725,64,2088,SAFProductionSite,site_BIHAR_725,BIHAR,inv_12,91176.20372086589,83652.78134648953,7523.422374376358,0.0,0.0,1525.71,285.71,600.0,250.0,100000.0,True,site_BIHAR_725,1.0,,,,,,,,,,,38681019.52731307,,,,0,467.50000000000006,86458.07461765366,425.0,425.0,,
64,site_MADHYA_PRADESH_1615,64,2088,SAFProductionSite,site_MADHYA_PRADESH_1615,MADHYA_PRADESH,inv_19,89959.79181541069,80377.16165271998,9582.630162690708,0.0,0.0,1525.71,285.71,600.0,250.0,100000.0,True,site_MADHYA_PRADESH_1615,1.0,,,,,,,,,,,34015733.705188006,,,,0,693.0,82175.48493991613,430.0,430.0,,
64,site_UTTAR_PRADESH_2182,64,2088,SAFProductionSite,site_UTTAR_PRADESH_2182,UTTAR_PRADESH,inv_23,88510.84940060656,86367.5759926329,2143.2734079736547,0.0,0.0,1525.71,285.71,600.0,250.0,100000.0,True,site_UTTAR_PRADESH_2182,1.0,,,,,,,,,,,37176304.36174376,,,,0,473.00000000000006,88418.01075474071,430.0,430.0,,
64,site_TELANGANA_2516,64,2088,SAFProductionSite,site_TELANGANA_2516,TELANGANA,inv_25,93294.76923706903,86305.90494118049,6988.864295888547,0.0,0.0,1525.71,285.71,600.0,250.0,100000.0,True,site_TELANGANA_2516,1.0,,,,,,,,,,,38763004.80798797,,,,0,478.50000000000006,89631.22631233465,435.0,435.0,,
64,site_KARNATAKA_3051,64,2088,SAFProductionSite,site_KARNATAKA_3051,KARNATAKA,inv_28,93156.06774925928,87076.24060699802,6079.82714226126,0.0,0.0,1540.71,285.71,600.0,250.0,100000.0,True,site_KARNATAKA_3051,1.0,,,,,,,,,,,37753432.820866704,,,,0,489.50000000000006,89372.55337479417,445.00000000000006,445.00000000000006,,
64,site_ANDHRA_PRADESH_3930,64,2088,SAFProductionSite,site_ANDHRA_PRADESH_3930,ANDHRA_PRADESH,inv_11,90899.49945428513,79894.52796253303,11004.971491752105,0.0,0.0,1540.71,285.71,600.0,250.0,100000.0,True,site_ANDHRA_PRADESH_3930,1.0,,,,,,,,,,,36076409.26266274,,,,0,495.00000000000006,81960.83413849205,450.0,450.0,,
64,site_WEST_BENGAL_4276,64,2088,SAFProductionSite,site_WEST_BENGAL_4276,WEST_BENGAL,inv_02,92552.92610141306,86839.06700466617,5713.859096746892,0.0,0.0,1540.71,285.71,600.0,250.0,100000.0,True,site_WEST_BENGAL_4276,1.0,,,,,,,,,,,36548734.845118865,,,,0,500.50000000000006,88781.33805457133,454.99999999999994,454.99999999999994,,
64,site_MAHARASHTRA_4310,64,2088,SAFProductionSite,site_MAHARASHTRA_4310,MAHARASHTRA,inv_10,89991.84263023967,78967.70582166889,11024.13680857078,0.0,0.0,1570.71,285.71,600.0,250.0,100000.0,True,site_MAHARASHTRA_4310,1.0,,,,,,,,,,,33894926.02181123,,,,0,517.0,82222.18557144729,470.00000000000006,470.00000000000006,,
64,site_TAMIL_NADU_4435,64,2088,SAFProductionSite,site_TAMIL_NADU_4435,TAMIL_NADU,inv_35,89847.44901121537,77386.83923352233,12460.60977769304,0.0,0.0,1570.71,285.71,600.0,250.0,100000.0,True,site_TAMIL_NADU_4435,1.0,,,,,,,,,,,33343926.167801157,,,,0,522.5,81299.19183205116,475.00000000000006,475.00000000000006,,
64,site_JHARKHAND_4876,64,2088,SAFProductionSite,site_JHARKHAND_4876,JHARKHAND,inv_37,90291.93080367088,78885.95135034327,11405.979453327614,0.0,0.0,1570.71,285.71,600.0,250.0,100000.0,True,site_JHARKHAND_4876,1.0,,,,,,,,,,,33105043.70739445,,,,0,528.0,82592.79794654396,480.0,480.0,,
64,site_RAJASTHAN_5813,64,2088,SAFProductionSite,site_RAJASTHAN_5813,RAJASTHAN,inv_41,93766.342031588,86819.87458433803,6946.4674472499755,0.0,0.0,1570.71,285.71,600.0,250.0,100000.0,True,site_RAJASTHAN_5813,1.0,,,,,,,,,,,34227066.22442146,,,,0,533.5,89742.42689939626,484.99999999999994,484.99999999999994,,
64,site_CHHATTISGARH_6311,64,2088,SAFProductionSite,site_CHHATTISGARH_6311,CHHATTISGARH,inv_43,83261.8199016327,78081.84890351373,5179.970998118966,0.0,0.0,1495.71,285.71,600.0,250.0,100000.0,True,site_CHHATTISGARH_6311,1.0,,,,,,,,,,,27651972.54360099,,,,0,660.0,81891.07885224825,492.5719050036115,492.5719050036115,,
64,site_PUNJAB_7112,64,2088,SAFProductionSite,site_PUNJAB_7112,PUNJAB,inv_46,82262.77853986261,78033.96583574582,4228.81270411679,0.0,0.0,1495.71,285.71,600.0,250.0,100000.0,True,site_PUNJAB_7112,1.0,,,,,,,,,,,26568768.327453047,,,,0,660.0,80584.46574920612,501.1922698217161,501.1922698217161,,
64,site_HARYANA_8697,64,2088,SAFProductionSite,site_HARYANA_8697,HARYANA,inv_23,21667.355066888253,21667.355066888253,0.0,55573.336015190056,16672000.804557016,1495.71,285.71,600.0,250.0,100000.0,True,site_HARYANA_8697,1.0,,,,,,,,,,,-9883446.598281221,,,,0,665.5,80548.00324073785,511.79298437821285,511.79298437821285,,
64,site_ASSAM_8961,64,2088,SAFProductionSite,site_ASSAM_8961,ASSAM,inv_12,91017.85494402226,79301.78271726855,11716.072226753706,0.0,0.0,1615.71,285.71,600.0,250.0,100000.0,True,site_ASSAM_8961,1.0,,,,,,,,,,,29637930.1282534,,,,0,572.0,81976.2481996464,520.0,520.0,,
64,site_KERALA_9594,64,2088,SAFProductionSite,site_KERALA_9594,KERALA,inv_25,91077.0349022501,82419.47808474203,8657.55681750807,0.0,0.0,1615.71,285.71,600.0,250.0,100000.0,True,site_KERALA_9594,1.0,,,,,,,,,,,29382837.462446004,,,,0,577.5,85933.74841798336,525.0,525.0,,
64,site_ODISHA_10038,64,2088,SAFProductionSite,site_ODISHA_10038,ODISHA,inv_02,91095.83888785858,80037.74784323834,11058.091044620247,0.0,0.0,1495.71,285.71,600.0,250.0,100000.0,True,site_ODISHA_10038,1.0,,,,,,,,,,,28145893.082223043,,,,0,665.5,83516.17937270824,522.4497194627018,522.4497194627018,,
64,site_MADHYA_PRADESH_10183,64,2088,SAFProductionSite,site_MADHYA_PRADESH_10183,MADHYA_PRADESH,inv_28,90343.93743272344,80636.62053177875,9707.316900944686,0.0,0.0,1525.71,285.71,600.0,250.0,100000.0,True,site_MADHYA_PRADESH_10183,1.0,,,,,,,,,,,26783575.390808195,,,,0,693.0,82850.5352138366,530.7049189666487,530.7049189666487,,
65,site_GUJARAT_001,65,2089,SAFProductionSite,site_GUJARAT_001,GUJARAT,inv_01,88203.34292494266,84377.023223523,3826.3197014196485,0.0,0.0,1540.71,285.71,600.0,250.0,100000.0,True,site_GUJARAT_001,1.0,,,,,,,,,,,35188995.65549037,,,,0,495.00000000000006,86562.40829619016,450.0,450.0,,
65,site_PUNJAB_020,65,2089,SAFProductionSite,site_PUNJAB_020,PUNJAB,inv_02,92331.63404623455,83335.75209883359,8995.881947400965,0.0,0.0,1495.71,285.71,600.0,250.0,100000.0,True,site_PUNJAB_020,1.0,,,,,,,,,,,38436209.813152224,,,,0,660.0,85109.34684683023,400.0,400.0,,
65,site_CHHATTISGARH_245,65,2089,SAFProductionSite,site_CHHATTISGARH_245,CHHATTISGARH,inv_06,0.0,0.0,0.0,77288.71391841039,23186614.175523117,1495.71,285.71,600.0,250.0,100000.0,True,site_CHHATTISGARH_245,1.0,,,,,,,,,,,-23186614.175523117,,,,0,660.0,80197.30664774435,400.0,400.0,,
65,site_HARYANA_525,65,2089,SAFProductionSite,site_HARYANA_525,HARYANA,inv_10,91489.11125234596,82509.82792969969,8979.283322646268,0.0,0.0,1495.71,285.71,600.0,250.0,100000.0,True,site_HARYANA_525,1.0,,,,,,,,,,,37963405.62177323,,,,0,665.5,86545.10098269311,405.0,405.0,,
65,site_ODISHA_624,65,2089,SAFProductionSite,site_ODISHA_624,ODISHA,inv_11,92753.00530541394,85647.97449536934,7105.030810044598,0.0,0.0,1495.71,285.71,600.0,250.0,100000.0,True,site_ODISHA_624,1.0,,,,,,,,,,,39178810.22999133,,,,0,665.5,89404.74534625192,405.0,405.0,,
65,site_BIHAR_725,65,2089,SAFProductionSite,site_BIHAR_725,BIHAR,inv_12,92453.5088255036,83318.39824294046,9135.110582563138,0.0,0.0,1525.71,285.71,600.0,250.0,100000.0,True,site_BIHAR_725,1.0,,,,,,,,,,,39222909.424879834,,,,0,467.50000000000006,86458.07461765366,425.0,425.0,,
65,site_MADHYA_PRADESH_1615,65,2089,SAFProductionSite,site_MADHYA_PRADESH_1615,MADHYA_PRADESH,inv_19,90164.80718096721,78279.23579823248,11885.571382734735,0.0,0.0,1525.71,285.71,600.0,250.0,100000.0,True,site_MADHYA_PRADESH_1615,1.0,,,,,,,,,,,34093254.42794104,,,,0,693.0,82175.48493991613,430.0,430.0,,
65,site_UTTAR_PRADESH_2182,65,2089,SAFProductionSite,site_UTTAR_PRADESH_2182,UTTAR_PRADESH,inv_23,87718.70679398272,84401.93144276786,3316.775351214863,0.0,0.0,1525.71,285.71,600.0,250.0,100000.0,True,site_UTTAR_PRADESH_2182,1.0,,,,,,,,,,,36843588.82640341,,,,0,473.00000000000006,88418.01075474071,430.0,430.0,,
65,site_TELANGANA_2516,65,2089,SAFProductionSite,site_TELANGANA_2516,TELANGANA,inv_25,92892.37820492299,85933.65768172983,6958.720523193158,0.0,0.0,1525.71,285.71,600.0,250.0,100000.0,True,site_TELANGANA_2516,1.0,,,,,,,,,,,38595815.52565928,,,,0,478.50000000000006,0.0,435.0,435.0,,
65,site_KARNATAKA_3051,65,2089,SAFProductionSite,site_KARNATAKA_3051,KARNATAKA,inv_28,94324.31224757856,87215.7327465487,7108.579501029861,0.0,0.0,1540.71,285.71,600.0,250.0,100000.0,True,site_KARNATAKA_3051,1.0,,,,,,,,,,,38226888.18723489,,,,0,489.50000000000006,89372.55337479417,445.00000000000006,445.00000000000006,,
65,site_ANDHRA_PRADESH_3930,65,2089,SAFProductionSite,site_ANDHRA_PRADESH_3930,ANDHRA_PRADESH,inv_11,92203.59557445368,80233.65503597539,11969.940538478288,0.0,0.0,1540.71,285.71,600.0,250.0,100000.0,True,site_ANDHRA_PRADESH_3930,1.0,,,,,,,,,,,36593982.02853602,,,,0,495.00000000000006,81960.83413849205,450.0,450.0,,
65,site_WEST_BENGAL_4276,65,2089,SAFProductionSite,site_WEST_BENGAL_4276,WEST_BENGAL,inv_02,93963.31692269024,86327.32114206367,7635.995780626574,0.0,0.0,1540.71,285.71,600.0,250.0,100000.0,True,site_WEST_BENGAL_4276,1.0,,,,,,,,,,,37105691.84611489,,,,0,500.50000000000006,88781.33805457133,454.99999999999994,454.99999999999994,,
65,site_MAHARASHTRA_4310,65,2089,SAFProductionSite,site_MAHARASHTRA_4310,MAHARASHTRA,inv_10,90919.6047785312,79625.26099554922,11294.343782981974,0.0,0.0,1570.71,285.71,600.0,250.0,100000.0,True,site_MAHARASHTRA_4310,1.0,,,,,,,,,,,34244362.46474956,,,,0,517.0,82222.18557144729,470.00000000000006,470.00000000000006,,
65,site_TAMIL_NADU_4435,65,2089,SAFProductionSite,site_TAMIL_NADU_4435,TAMIL_NADU,inv_35,89847.44901121537,79557.87712101062,10289.571890204752,0.0,0.0,1570.71,285.71,600.0,250.0,100000.0,True,site_TAMIL_NADU_4435,1.0,,,,,,,,,,,33343926.167801157,,,,0,522.5,81299.19183205116,475.00000000000006,475.00000000000006,,
65,site_JHARKHAND_4876,65,2089,SAFProductionSite,site_JHARKHAND_4876,JHARKHAND,inv_37,90524.11605637854,79506.05008592716,11018.065970451382,0.0,0.0,1570.71,285.71,600.0,250.0,100000.0,True,site_JHARKHAND_4876,1.0,,,,,,,,,,,33190173.163268104,,,,0,528.0,82592.79794654396,480.0,480.0,,
65,site_RAJASTHAN_5813,65,2089,SAFProductionSite,site_RAJASTHAN_5813,RAJASTHAN,inv_41,93766.342031588,86834.79072327579,6931.5513083122205,0.0,0.0,1570.71,285.71,600.0,250.0,100000.0,True,site_RAJASTHAN_5813,1.0,,,,,,,,,,,34227066.22442146,,,,0,533.5,89742.42689939626,484.99999999999994,484.99999999999994,,
65,site_CHHATTISGARH_6311,65,2089,SAFProductionSite,site_CHHATTISGARH_6311,CHHATTISGARH,inv_43,83194.23239767093,78018.4662236931,5175.766173977827,0.0,0.0,1495.71,285.71,600.0,250.0,100000.0,True,site_CHHATTISGARH_6311,1.0,,,,,,,,,,,27629526.147328973,,,,0,660.0,81891.07885224825,492.5719050036115,492.5719050036115,,
65,site_PUNJAB_7112,65,2089,SAFProductionSite,site_PUNJAB_7112,PUNJAB,inv_46,83674.27549961225,78722.74324761124,4951.532252001009,0.0,0.0,1495.71,285.71,600.0,250.0,100000.0,True,site_PUNJAB_7112,1.0,,,,,,,,,,,27024645.655986503,,,,0,660.0,0.0,501.1922698217161,501.1922698217161,,
65,site_HARYANA_8697,65,2089,SAFProductionSite,site_HARYANA_8697,HARYANA,inv_23,39459.454742877715,39459.454742877715,0.0,38951.53427571969,11685460.282715907,1495.71,285.71,600.0,250.0,100000.0,True,site_HARYANA_8697,1.0,,,,,,,,,,,677499.877634773,,,,0,665.5,80548.00324073785,511.79298437821285,511.79298437821285,,
65,site_ASSAM_8961,65,2089,SAFProductionSite,site_ASSAM_8961,ASSAM,inv_12,90080.41674908838,78065.65392493451,12014.762824153877,0.0,0.0,1615.71,285.71,600.0,250.0,100000.0,True,site_ASSAM_8961,1.0,,,,,,,,,,,29332674.332694456,,,,0,572.0,81976.2481996464,520.0,520.0,,
65,site_KERALA_9594,65,2089,SAFProductionSite,site_KERALA_9594,KERALA,inv_25,91863.18553075765,83398.75391121303,8464.431619544615,0.0,0.0,1615.71,285.71,600.0,250.0,100000.0,True,site_KERALA_9594,1.0,,,,,,,,,,,29636461.618779466,,,,0,577.5,85933.74841798336,525.0,525.0,,
65,site_ODISHA_10038,65,2089,SAFProductionSite,site_ODISHA_10038,ODISHA,inv_02,91095.83888785858,80768.9228801039,10326.916007754684,0.0,0.0,1495.71,285.71,600.0,250.0,100000.0,True,site_ODISHA_10038,1.0,,,,,,,,,,,28145893.082223043,,,,0,665.5,83516.17937270824,522.4497194627018,522.4497194627018,,
65,site_MADHYA_PRADESH_10183,65,2089,SAFProductionSite,site_MADHYA_PRADESH_10183,MADHYA_PRADESH,inv_28,91386.77695099972,79821.10131727869,11565.675633721024,0.0,0.0,1525.71,285.71,600.0,250.0,100000.0,True,site_MADHYA_PRADESH_10183,1.0,,,,,,,,,,,27092738.03804244,,,,0,693.0,82850.5352138366,530.7049189666487,530.7049189666487,,
66,site_GUJARAT_001,66,2090,SAFProductionSite,site_GUJARAT_001,GUJARAT,inv_01,88306.52568161422,84748.72772899333,3557.7979526208946,0.0,0.0,1540.71,285.71,600.0,250.0,100000.0,True,site_GUJARAT_001,1.0,,,,,,,,,,,35230160.734452575,,,,0,495.00000000000006,86562.40829619016,450.0,450.0,,
66,site_PUNJAB_020,66,2090,SAFProductionSite,site_PUNJAB_020,PUNJAB,inv_02,90785.82883323172,80880.30777964994,9905.521053581775,0.0,0.0,1495.71,285.71,600.0,250.0,100000.0,True,site_PUNJAB_020,1.0,,,,,,,,,,,37792715.36933583,,,,0,660.0,85109.34684683023,400.0,400.0,,
66,site_CHHATTISGARH_245,66,2090,SAFProductionSite,site_CHHATTISGARH_245,CHHATTISGARH,inv_06,0.0,0.0,0.0,76780.27441221887,23034082.323665664,1495.71,285.71,600.0,250.0,100000.0,True,site_CHHATTISGARH_245,1.0,,,,,,,,,,,-23034082.323665664,,,,0,660.0,80197.30664774435,400.0,400.0,,
66,site_HARYANA_525,66,2090,SAFProductionSite,site_HARYANA_525,HARYANA,inv_10,91489.11125234596,84575.96999002779,6913.141262318168,0.0,0.0,1495.71,285.71,600.0,250.0,100000.0,True,site_HARYANA_525,1.0,,,,,,,,,,,37963405.62177323,,,,0,665.5,86545.10098269311,405.0,405.0,,
66,site_ODISHA_624,66,2090,SAFProductionSite,site_ODISHA_624,ODISHA,inv_11,92753.00530541394,87052.42773575324,5700.577569660702,0.0,0.0,1495.71,285.71,600.0,250.0,100000.0,True,site_ODISHA_624,1.0,,,,,,,,,,,39178810.22999133,,,,0,665.5,89404.74534625192,405.0,405.0,,
66,site_BIHAR_725,66,2090,SAFProductionSite,site_BIHAR_725,BIHAR,inv_12,92434.66902521385,83301.41995835939,9133.249066854463,0.0,0.0,1525.71,285.71,600.0,250.0,100000.0,True,site_BIHAR_725,1.0,,,,,,,,,,,39214916.73980239,,,,0,467.50000000000006,86458.07461765366,425.0,425.0,,
66,site_MADHYA_PRADESH_1615,66,2090,SAFProductionSite,site_MADHYA_PRADESH_1615,MADHYA_PRADESH,inv_19,90164.80718096721,79163.67414893062,11001.133032036596,0.0,0.0,1525.71,285.71,600.0,250.0,100000.0,True,site_MADHYA_PRADESH_1615,1.0,,,,,,,,,,,34093254.42794104,,,,0,693.0,82175.48493991613,430.0,430.0,,
66,site_UTTAR_PRADESH_2182,66,2090,SAFProductionSite,site_UTTAR_PRADESH_2182,UTTAR_PRADESH,inv_23,87718.70679398272,85377.14667329159,2341.560120691138,0.0,0.0,1525.71,285.71,600.0,250.0,100000.0,True,site_UTTAR_PRADESH_2182,1.0,,,,,,,,,,,36843588.82640341,,,,0,473.00000000000006,88418.01075474071,430.0,430.0,,
66,site_TELANGANA_2516,66,2090,SAFProductionSite,site_TELANGANA_2516,TELANGANA,inv_25,92892.37820492299,87378.55013049123,5513.82807443176,0.0,0.0,1525.71,285.71,600.0,250.0,100000.0,True,site_TELANGANA_2516,1.0,,,,,,,,,,,38595815.52565928,,,,0,478.50000000000006,89631.22631233465,435.0,435.0,,
66,site_KARNATAKA_3051,66,2090,SAFProductionSite,site_KARNATAKA_3051,KARNATAKA,inv_28,92728.53126729422,85603.08267682846,7125.448590465763,0.0,0.0,1540.71,285.71,600.0,250.0,100000.0,True,site_KARNATAKA_3051,1.0,,,,,,,,,,,37580164.77466942,,,,0,489.50000000000006,89372.55337479417,445.00000000000006,445.00000000000006,,
66,site_ANDHRA_PRADESH_3930,66,2090,SAFProductionSite,site_ANDHRA_PRADESH_3930,ANDHRA_PRADESH,inv_11,90494.15672844308,78413.29711863876,12080.85960980432,0.0,0.0,1540.71,285.71,600.0,250.0,100000.0,True,site_ANDHRA_PRADESH_3930,1.0,,,,,,,,,,,35915535.878794685,,,,0,495.00000000000006,81960.83413849205,450.0,450.0,,
66,site_WEST_BENGAL_4276,66,2090,SAFProductionSite,site_WEST_BENGAL_4276,WEST_BENGAL,inv_02,93963.31692269024,86999.6266274726,6963.690295217646,0.0,0.0,1540.71,285.71,600.0,250.0,100000.0,True,site_WEST_BENGAL_4276,1.0,,,,,,,,,,,37105691.84611489,,,,0,500.50000000000006,88781.33805457133,454.99999999999994,454.99999999999994,,
66,site_MAHARASHTRA_4310,66,2090,SAFProductionSite,site_MAHARASHTRA_4310,MAHARASHTRA,inv_10,90861.14838452876,78916.93385300245,11944.214531526304,0.0,0.0,1570.71,285.71,600.0,250.0,100000.0,True,site_MAHARASHTRA_4310,1.0,,,,,,,,,,,34222345.189713255,,,,0,517.0,82222.18557144729,470.00000000000006,470.00000000000006,,
66,site_TAMIL_NADU_4435,66,2090,SAFProductionSite,site_TAMIL_NADU_4435,TAMIL_NADU,inv_35,91169.00573526537,78525.11415248271,12643.891582782657,0.0,0.0,1570.71,285.71,600.0,250.0,100000.0,True,site_TAMIL_NADU_4435,1.0,,,,,,,,,,,33834378.4880199,,,,0,522.5,81299.19183205116,475.00000000000006,475.00000000000006,,
66,site_JHARKHAND_4876,66,2090,SAFProductionSite,site_JHARKHAND_4876,JHARKHAND,inv_37,91235.69890409132,80761.91409439943,10473.78480969189,0.0,0.0,1570.71,285.71,600.0,250.0,100000.0,True,site_JHARKHAND_4876,1.0,,,,,,,,,,,33451071.131284595,,,,0,528.0,82592.79794654396,480.0,480.0,,
66,site_RAJASTHAN_5813,66,2090,SAFProductionSite,site_RAJASTHAN_5813,RAJASTHAN,inv_41,93420.27153897496,86499.4419417179,6920.829597257063,0.0,0.0,1570.71,285.71,600.0,250.0,100000.0,True,site_RAJASTHAN_5813,1.0,,,,,,,,,,,34100741.81619194,,,,0,533.5,89742.42689939626,484.99999999999994,484.99999999999994,,
66,site_CHHATTISGARH_6311,66,2090,SAFProductionSite,site_CHHATTISGARH_6311,CHHATTISGARH,inv_43,83194.23239767093,80213.2200213056,2981.0123763653246,0.0,0.0,1495.71,285.71,600.0,250.0,100000.0,True,site_CHHATTISGARH_6311,1.0,,,,,,,,,,,27629526.147328973,,,,0,660.0,81891.07885224825,492.5719050036115,492.5719050036115,,
66,site_PUNJAB_7112,66,2090,SAFProductionSite,site_PUNJAB_7112,PUNJAB,inv_46,83898.01733773784,78242.62569982077,5655.39163791707,0.0,0.0,1495.71,285.71,600.0,250.0,100000.0,True,site_PUNJAB_7112,1.0,,,,,,,,,,,27096908.533169016,,,,0,660.0,80584.46574920612,501.1922698217161,501.1922698217161,,
66,site_HARYANA_8697,66,2090,SAFProductionSite,site_HARYANA_8697,HARYANA,inv_23,72226.3994982247,72226.3994982247,0.0,5427.740967840175,1628322.2903520523,1495.71,285.71,600.0,250.0,100000.0,True,site_HARYANA_8697,1.0,,,,,,,,,,,21000781.56677348,,,,0,665.5,80548.00324073785,511.79298437821285,511.79298437821285,,
66,site_ASSAM_8961,66,2090,SAFProductionSite,site_ASSAM_8961,ASSAM,inv_12,90080.41674908838,79033.66856143784,11046.748187650548,0.0,0.0,1615.71,285.71,600.0,250.0,100000.0,True,site_ASSAM_8961,1.0,,,,,,,,,,,29332674.332694456,,,,0,572.0,81976.2481996464,520.0,520.0,,
66,site_KERALA_9594,66,2090,SAFProductionSite,site_KERALA_9594,KERALA,inv_25,91675.1947142614,82250.8130761118,9424.3816381496,0.0,0.0,1615.71,285.71,600.0,250.0,100000.0,True,site_KERALA_9594,1.0,,,,,,,,,,,29575812.920548648,,,,0,577.5,85933.74841798336,525.0,525.0,,
66,site_ODISHA_10038,66,2090,SAFProductionSite,site_ODISHA_10038,ODISHA,inv_02,91928.03376030285,80997.49940691555,10930.534353387295,0.0,0.0,1495.71,285.71,600.0,250.0,100000.0,True,site_ODISHA_10038,1.0,,,,,,,,,,,28403016.439220995,,,,0,665.5,83516.17937270824,522.4497194627018,522.4497194627018,,
66,site_MADHYA_PRADESH_10183,66,2090,SAFProductionSite,site_MADHYA_PRADESH_10183,MADHYA_PRADESH,inv_28,91184.8382088683,79644.71942338393,11540.118785484374,0.0,0.0,1525.71,285.71,600.0,250.0,100000.0,True,site_MADHYA_PRADESH_10183,1.0,,,,,,,,,,,27032870.80535482,,,,0,693.0,82850.5352138366,530.7049189666487,530.7049189666487,,
67,site_GUJARAT_001,67,2091,SAFProductionSite,site_GUJARAT_001,GUJARAT,inv_01,87676.61554130094,83775.14310053439,3901.472440766549,0.0,0.0,1540.71,285.71,600.0,250.0,100000.0,True,site_GUJARAT_001,1.0,,,,,,,,,,,34978856.14149973,,,,0,495.00000000000006,86562.40829619016,450.0,450.0,,
67,site_PUNJAB_020,67,2091,SAFProductionSite,site_PUNJAB_020,PUNJAB,inv_02,90785.82883323172,81332.0897904022,9453.739042829518,0.0,0.0,1495.71,285.71,600.0,250.0,100000.0,True,site_PUNJAB_020,1.0,,,,,,,,,,,37792715.36933583,,,,0,660.0,85109.34684683023,400.0,400.0,,
67,site_CHHATTISGARH_245,67,2091,SAFProductionSite,site_CHHATTISGARH_245,CHHATTISGARH,inv_06,17456.463017360977,17456.463017360977,0.0,60427.952721977286,18128385.816593185,1495.71,285.71,600.0,250.0,100000.0,True,site_CHHATTISGARH_245,1.0,,,,,,,,,,,-11084476.102478195,,,,0,660.0,0.0,400.0,400.0,,
67,site_HARYANA_525,67,2091,SAFProductionSite,site_HARYANA_525,HARYANA,inv_10,92319.91554188609,83259.09216491714,9060.823376968954,0.0,0.0,1495.71,285.71,600.0,250.0,100000.0,True,site_HARYANA_525,1.0,,,,,,,,,,,38308147.85179806,,,,0,665.5,86545.10098269311,405.0,405.0,,
67,site_ODISHA_624,67,2091,SAFProductionSite,site_ODISHA_624,ODISHA,inv_11,92052.94040355147,85001.53570168941,7051.404701862062,0.0,0.0,1495.71,285.71,600.0,250.0,100000.0,True,site_ODISHA_624,1.0,,,,,,,,,,,38883103.26234715,,,,0,665.5,89404.74534625192,405.0,405.0,,
67,site_BIHAR_725,67,2091,SAFProductionSite,site_BIHAR_725,BIHAR,inv_12,92434.66902521385,84385.81547259138,8048.853552622473,0.0,0.0,1525.71,285.71,600.0,250.0,100000.0,True,site_BIHAR_725,1.0,,,,,,,,,,,39214916.73980239,,,,0,467.50000000000006,86458.07461765366,425.0,425.0,,
67,site_MADHYA_PRADESH_1615,67,2091,SAFProductionSite,site_MADHYA_PRADESH_1615,MADHYA_PRADESH,inv_19,90401.54673248273,78484.768219975,11916.778512507735,0.0,0.0,1525.71,285.71,600.0,250.0,100000.0,True,site_MADHYA_PRADESH_1615,1.0,,,,,,,,,,,34182770.748280704,,,,0,693.0,82175.48493991613,430.0,430.0,,
67,site_UTTAR_PRADESH_2182,67,2091,SAFProductionSite,site_UTTAR_PRADESH_2182,UTTAR_PRADESH,inv_23,87596.84075789107,84284.67334356255,3312.16741432852,0.0,0.0,1525.71,285.71,600.0,250.0,100000.0,True,site_UTTAR_PRADESH_2182,1.0,,,,,,,,,,,36792402.68504578,,,,0,473.00000000000006,88418.01075474071,430.0,430.0,,
67,site_TELANGANA_2516,67,2091,SAFProductionSite,site_TELANGANA_2516,TELANGANA,inv_25,92258.54047933311,85347.30178053363,6911.238698799483,0.0,0.0,1525.71,285.71,600.0,250.0,100000.0,True,site_TELANGANA_2516,1.0,,,,,,,,,,,38332462.55308165,,,,0,478.50000000000006,89631.22631233465,435.0,435.0,,
67,site_KARNATAKA_3051,67,2091,SAFProductionSite,site_KARNATAKA_3051,KARNATAKA,inv_28,92728.53126729422,86359.92746488772,6368.603802406506,0.0,0.0,1540.71,285.71,600.0,250.0,100000.0,True,site_KARNATAKA_3051,1.0,,,,,,,,,,,37580164.77466942,,,,0,489.50000000000006,89372.55337479417,445.00000000000006,445.00000000000006,,
67,site_ANDHRA_PRADESH_3930,67,2091,SAFProductionSite,site_ANDHRA_PRADESH_3930,ANDHRA_PRADESH,inv_11,90494.15672844308,80063.08160910796,10431.075119335117,0.0,0.0,1540.71,285.71,600.0,250.0,100000.0,True,site_ANDHRA_PRADESH_3930,1.0,,,,,,,,,,,35915535.878794685,,,,0,495.00000000000006,81960.83413849205,450.0,450.0,,
67,site_WEST_BENGAL_4276,67,2091,SAFProductionSite,site_WEST_BENGAL_4276,WEST_BENGAL,inv_02,93303.85421729276,85721.45014245961,7582.404074833146,0.0,0.0,1540.71,285.71,600.0,250.0,100000.0,True,site_WEST_BENGAL_4276,1.0,,,,,,,,,,,36845272.98552255,,,,0,500.50000000000006,88781.33805457133,454.99999999999994,454.99999999999994,,
67,site_MAHARASHTRA_4310,67,2091,SAFProductionSite,site_MAHARASHTRA_4310,MAHARASHTRA,inv_10,90861.14838452876,79081.82497024274,11779.323414286016,0.0,0.0,1570.71,285.71,600.0,250.0,100000.0,True,site_MAHARASHTRA_4310,1.0,,,,,,,,,,,34222345.189713255,,,,0,517.0,82222.18557144729,470.00000000000006,470.00000000000006,,
67,site_TAMIL_NADU_4435,67,2091,SAFProductionSite,site_TAMIL_NADU_4435,TAMIL_NADU,inv_35,91169.00573526537,78845.06758812655,12323.938147138819,0.0,0.0,1570.71,285.71,600.0,250.0,100000.0,True,site_TAMIL_NADU_4435,1.0,,,,,,,,,,,33834378.4880199,,,,0,522.5,81299.19183205116,475.00000000000006,475.00000000000006,,
67,site_JHARKHAND_4876,67,2091,SAFProductionSite,site_JHARKHAND_4876,JHARKHAND,inv_37,91919.1813160463,80101.66109708264,11817.520218963662,0.0,0.0,1570.71,285.71,600.0,250.0,100000.0,True,site_JHARKHAND_4876,1.0,,,,,,,,,,,33701666.227874175,,,,0,528.0,82592.79794654396,480.0,480.0,,
67,site_RAJASTHAN_5813,67,2091,SAFProductionSite,site_RAJASTHAN_5813,RAJASTHAN,inv_41,92579.319995187,85720.79039169177,6858.5296034952335,0.0,0.0,1570.71,285.71,600.0,250.0,100000.0,True,site_RAJASTHAN_5813,1.0,,,,,,,,,,,33793773.41412863,,,,0,533.5,89742.42689939626,484.99999999999994,484.99999999999994,,
67,site_CHHATTISGARH_6311,67,2091,SAFProductionSite,site_CHHATTISGARH_6311,CHHATTISGARH,inv_43,85085.31642143184,79791.90015993899,5293.41626149285,0.0,0.0,1495.71,285.71,600.0,250.0,100000.0,True,site_CHHATTISGARH_6311,1.0,,,,,,,,,,,28257571.553548276,,,,0,660.0,81891.07885224825,492.5719050036115,492.5719050036115,,
67,site_PUNJAB_7112,67,2091,SAFProductionSite,site_PUNJAB_7112,PUNJAB,inv_46,83898.01733773784,78881.51558520884,5016.501752529002,0.0,0.0,1495.71,285.71,600.0,250.0,100000.0,True,site_PUNJAB_7112,1.0,,,,,,,,,,,27096908.533169016,,,,0,660.0,80584.46574920612,501.1922698217161,501.1922698217161,,
67,site_HARYANA_8697,67,2091,SAFProductionSite,site_HARYANA_8697,HARYANA,inv_23,83280.08286531191,78557.30296019245,4722.77990511946,0.0,0.0,1495.71,285.71,600.0,250.0,100000.0,True,site_HARYANA_8697,1.0,,,,,,,,,,,26092310.533013433,,,,0,665.5,80548.00324073785,511.79298437821285,511.79298437821285,,
67,site_ASSAM_8961,67,2091,SAFProductionSite,site_ASSAM_8961,ASSAM,inv_12,90996.28369437477,78859.36419596005,12136.919498414718,0.0,0.0,1615.71,285.71,600.0,250.0,100000.0,True,site_ASSAM_8961,1.0,,,,,,,,,,,29630905.932943314,,,,0,572.0,81976.2481996464,520.0,520.0,,
67,site_KERALA_9594,67,2091,SAFProductionSite,site_KERALA_9594,KERALA,inv_25,91675.1947142614,83569.72583470569,8105.468879555701,0.0,0.0,1615.71,285.71,600.0,250.0,100000.0,True,site_KERALA_9594,1.0,,,,,,,,,,,29575812.920548648,,,,0,577.5,85933.74841798336,525.0,525.0,,
67,site_ODISHA_10038,67,2091,SAFProductionSite,site_ODISHA_10038,ODISHA,inv_02,90397.60336077555,79424.27087508989,10973.332485685663,0.0,0.0,1495.71,285.71,600.0,250.0,100000.0,True,site_ODISHA_10038,1.0,,,,,,,,,,,27930159.161426947,,,,0,665.5,83516.17937270824,522.4497194627018,522.4497194627018,,
67,site_MADHYA_PRADESH_10183,67,2091,SAFProductionSite,site_MADHYA_PRADESH_10183,MADHYA_PRADESH,inv_28,91184.8382088683,80101.236901458,11083.601307410296,0.0,0.0,1525.71,285.71,600.0,250.0,100000.0,True,site_MADHYA_PRADESH_10183,1.0,,,,,,,,,,,27032870.80535482,,,,0,693.0,82850.5352138366,530.7049189666487,530.7049189666487,,
68,site_GUJARAT_001,68,2092,SAFProductionSite,site_GUJARAT_001,GUJARAT,inv_01,87676.61554130094,84502.54530910874,3174.0702321922,0.0,0.0,1540.71,285.71,600.0,250.0,100000.0,True,site_GUJARAT_001,1.0,,,,,,,,,,,34978856.14149973,,,,0,495.00000000000006,86562.40829619016,450.0,450.0,,
68,site_PUNJAB_020,68,2092,SAFProductionSite,site_PUNJAB_020,PUNJAB,inv_02,91292.9411999382,83170.13136119078,8122.8098387474165,0.0,0.0,1495.71,285.71,600.0,250.0,100000.0,True,site_PUNJAB_020,1.0,,,,,,,,,,,38003818.28684527,,,,0,660.0,85109.34684683023,400.0,400.0,,
68,site_CHHATTISGARH_245,68,2092,SAFProductionSite,site_CHHATTISGARH_245,CHHATTISGARH,inv_06,41353.955308800214,41353.955308800214,0.0,35766.95656699578,10730086.970098734,1495.71,285.71,600.0,250.0,100000.0,True,site_CHHATTISGARH_245,1.0,,,,,,,,,,,5956771.486109421,,,,0,660.0,80197.30664774435,400.0,400.0,,
68,site_HARYANA_525,68,2092,SAFProductionSite,site_HARYANA_525,HARYANA,inv_10,91512.35314203394,82530.78872265818,8981.564419375762,0.0,0.0,1495.71,285.71,600.0,250.0,100000.0,True,site_HARYANA_525,1.0,,,,,,,,,,,37973049.843621776,,,,0,665.5,86545.10098269311,405.0,405.0,,
68,site_ODISHA_624,68,2092,SAFProductionSite,site_ODISHA_624,ODISHA,inv_11,92052.94040355147,87176.67390072263,4876.266502828847,0.0,0.0,1495.71,285.71,600.0,250.0,100000.0,True,site_ODISHA_624,1.0,,,,,,,,,,,38883103.26234715,,,,0,665.5,89404.74534625192,405.0,405.0,,
68,site_BIHAR_725,68,2092,SAFProductionSite,site_BIHAR_725,BIHAR,inv_12,91456.9126503697,82420.27335766524,9036.639292704465,0.0,0.0,1525.71,285.71,600.0,250.0,100000.0,True,site_BIHAR_725,1.0,,,,,,,,,,,38800108.79776426,,,,0,467.50000000000006,86458.07461765366,425.0,425.0,,
68,site_MADHYA_PRADESH_1615,68,2092,SAFProductionSite,site_MADHYA_PRADESH_1615,MADHYA_PRADESH,inv_19,90401.54673248273,80313.83531188895,10087.711420593783,0.0,0.0,1525.71,285.71,600.0,250.0,100000.0,True,site_MADHYA_PRADESH_1615,1.0,,,,,,,,,,,34182770.748280704,,,,0,693.0,82175.48493991613,430.0,430.0,,
68,site_UTTAR_PRADESH_2182,68,2092,SAFProductionSite,site_UTTAR_PRADESH_2182,UTTAR_PRADESH,inv_23,92013.06397699575,86180.80041650662,5832.263560489126,0.0,0.0,1525.71,285.71,600.0,250.0,100000.0,True,site_UTTAR_PRADESH_2182,1.0,,,,,,,,,,,38647303.6337391,,,,0,473.00000000000006,88418.01075474071,430.0,430.0,,
68,site_TELANGANA_2516,68,2092,SAFProductionSite,site_TELANGANA_2516,TELANGANA,inv_25,92258.54047933311,85784.54358399175,6473.996895341363,0.0,0.0,1525.71,285.71,600.0,250.0,100000.0,True,site_TELANGANA_2516,1.0,,,,,,,,,,,38332462.55308165,,,,0,478.50000000000006,89631.22631233465,435.0,435.0,,
68,site_KARNATAKA_3051,68,2092,SAFProductionSite,site_KARNATAKA_3051,KARNATAKA,inv_28,93548.37447152779,87160.63612664903,6387.738344878759,0.0,0.0,1540.71,285.71,600.0,250.0,100000.0,True,site_KARNATAKA_3051,1.0,,,,,,,,,,,37912423.27465232,,,,0,489.50000000000006,0.0,445.00000000000006,445.00000000000006,,
68,site_ANDHRA_PRADESH_3930,68,2092,SAFProductionSite,site_ANDHRA_PRADESH_3930,ANDHRA_PRADESH,inv_11,90755.04859093798,78639.36023552084,12115.688355417136,0.0,0.0,1540.71,285.71,600.0,250.0,100000.0,True,site_ANDHRA_PRADESH_3930,1.0,,,,,,,,,,,36019079.26089436,,,,0,495.00000000000006,81960.83413849205,450.0,450.0,,
68,site_WEST_BENGAL_4276,68,2092,SAFProductionSite,site_WEST_BENGAL_4276,WEST_BENGAL,inv_02,93303.85421729276,86055.21259851244,7248.641618780312,0.0,0.0,1540.71,285.71,600.0,250.0,100000.0,True,site_WEST_BENGAL_4276,1.0,,,,,,,,,,,36845272.98552255,,,,0,500.50000000000006,88781.33805457133,454.99999999999994,454.99999999999994,,
68,site_MAHARASHTRA_4310,68,2092,SAFProductionSite,site_MAHARASHTRA_4310,MAHARASHTRA,inv_10,91050.9960577641,80269.51453550137,10781.481522262737,0.0,0.0,1570.71,285.71,600.0,250.0,100000.0,True,site_MAHARASHTRA_4310,1.0,,,,,,,,,,,34293850.257857755,,,,0,517.0,82222.18557144729,470.00000000000006,470.00000000000006,,
68,site_TAMIL_NADU_4435,68,2092,SAFProductionSite,site_TAMIL_NADU_4435,TAMIL_NADU,inv_35,90484.2104753318,77935.29060967136,12548.919865660442,0.0,0.0,1570.71,285.71,600.0,250.0,100000.0,True,site_TAMIL_NADU_4435,1.0,,,,,,,,,,,33580239.246020526,,,,0,522.5,81299.19183205116,475.00000000000006,475.00000000000006,,
68,site_JHARKHAND_4876,68,2092,SAFProductionSite,site_JHARKHAND_4876,JHARKHAND,inv_37,91919.1813160463,80427.01518388589,11492.166132160419,0.0,0.0,1570.71,285.71,600.0,250.0,100000.0,True,site_JHARKHAND_4876,1.0,,,,,,,,,,,33701666.227874175,,,,0,528.0,82592.79794654396,480.0,480.0,,
68,site_RAJASTHAN_5813,68,2092,SAFProductionSite,site_RAJASTHAN_5813,RAJASTHAN,inv_41,92579.319995187,86945.60707685167,5633.712918335339,0.0,0.0,1570.71,285.71,600.0,250.0,100000.0,True,site_RAJASTHAN_5813,1.0,,,,,,,,,,,33793773.41412863,,,,0,533.5,89742.42689939626,484.99999999999994,484.99999999999994,,
68,site_CHHATTISGARH_6311,68,2092,SAFProductionSite,site_CHHATTISGARH_6311,CHHATTISGARH,inv_43,83142.87022496515,77970.29944793314,5172.570777032015,0.0,0.0,1495.71,285.71,600.0,250.0,100000.0,True,site_CHHATTISGARH_6311,1.0,,,,,,,,,,,27612468.32429415,,,,0,660.0,81891.07885224825,492.5719050036115,492.5719050036115,,
68,site_PUNJAB_7112,68,2092,SAFProductionSite,site_PUNJAB_7112,PUNJAB,inv_46,82825.10959493113,77242.0404465015,5583.069148429626,0.0,0.0,1495.71,285.71,600.0,250.0,100000.0,True,site_PUNJAB_7112,1.0,,,,,,,,,,,26750386.840596333,,,,0,660.0,80584.46574920612,501.1922698217161,501.1922698217161,,
68,site_HARYANA_8697,68,2092,SAFProductionSite,site_HARYANA_8697,HARYANA,inv_23,90713.75812292079,77596.33160540207,13117.426517518717,0.0,0.0,1495.71,285.71,600.0,250.0,100000.0,True,site_HARYANA_8697,1.0,,,,,,,,,,,28421339.95457153,,,,0,665.5,80548.00324073785,511.79298437821285,511.79298437821285,,
68,site_ASSAM_8961,68,2092,SAFProductionSite,site_ASSAM_8961,ASSAM,inv_12,90191.94935204547,78162.31051132716,12029.638840718311,0.0,0.0,1615.71,285.71,600.0,250.0,100000.0,True,site_ASSAM_8961,1.0,,,,,,,,,,,29368992.431989342,,,,0,572.0,81976.2481996464,520.0,520.0,,
68,site_KERALA_9594,68,2092,SAFProductionSite,site_KERALA_9594,KERALA,inv_25,93145.22983529214,83693.02424832487,9452.205586967262,0.0,0.0,1615.71,285.71,600.0,250.0,100000.0,True,site_KERALA_9594,1.0,,,,,,,,,,,30050068.621469244,,,,0,577.5,85933.74841798336,525.0,525.0,,
68,site_ODISHA_10038,68,2092,SAFProductionSite,site_ODISHA_10038,ODISHA,inv_02,90397.60336077555,79521.33849612325,10876.264864652301,0.0,0.0,1495.71,285.71,600.0,250.0,100000.0,True,site_ODISHA_10038,1.0,,,,,,,,,,,27930159.161426947,,,,0,665.5,83516.17937270824,522.4497194627018,522.4497194627018,,
68,site_MADHYA_PRADESH_10183,68,2092,SAFProductionSite,site_MADHYA_PRADESH_10183,MADHYA_PRADESH,inv_28,91707.50277067581,80406.17124050729,11301.331530168522,0.0,0.0,1525.71,285.71,600.0,250.0,100000.0,True,site_MADHYA_PRADESH_10183,1.0,,,,,,,,,,,27187821.16608821,,,,0,693.0,82850.5352138366,530.7049189666487,530.7049189666487,,
69,site_GUJARAT_001,69,2093,SAFProductionSite,site_GUJARAT_001,GUJARAT,inv_01,88420.25129245821,84485.68822232378,3934.5630701344344,0.0,0.0,1540.71,285.71,600.0,250.0,100000.0,True,site_GUJARAT_001,1.0,,,,,,,,,,,35275531.91759823,,,,0,495.00000000000006,86562.40829619016,450.0,450.0,,
69,site_PUNJAB_020,69,2093,SAFProductionSite,site_PUNJAB_020,PUNJAB,inv_02,91540.37831052055,81552.5293669001,9987.848943620455,0.0,0.0,1495.71,285.71,600.0,250.0,100000.0,True,site_PUNJAB_020,1.0,,,,,,,,,,,38106822.47166389,,,,0,660.0,85109.34684683023,400.0,400.0,,
69,site_CHHATTISGARH_245,69,2093,SAFProductionSite,site_CHHATTISGARH_245,CHHATTISGARH,inv_06,68049.36496242831,68049.36496242831,0.0,8786.33941721746,2635901.8251652378,1495.71,285.71,600.0,250.0,100000.0,True,site_CHHATTISGARH_245,1.0,,,,,,,,,,,24822901.394106228,,,,0,660.0,80197.30664774435,400.0,400.0,,
69,site_HARYANA_525,69,2093,SAFProductionSite,site_HARYANA_525,HARYANA,inv_10,91512.35314203394,82789.89764585503,8722.45549617891,0.0,0.0,1495.71,285.71,600.0,250.0,100000.0,True,site_HARYANA_525,1.0,,,,,,,,,,,37973049.843621776,,,,0,665.5,86545.10098269311,405.0,405.0,,
69,site_ODISHA_624,69,2093,SAFProductionSite,site_ODISHA_624,ODISHA,inv_11,94115.3595824692,86905.97022273879,7209.389359730412,0.0,0.0,1495.71,285.71,600.0,250.0,100000.0,True,site_ODISHA_624,1.0,,,,,,,,,,,39754267.80692926,,,,0,665.5,89404.74534625192,405.0,405.0,,
69,site_BIHAR_725,69,2093,SAFProductionSite,site_BIHAR_725,BIHAR,inv_12,91334.48646374299,82309.94381038996,9024.542653353026,0.0,0.0,1525.71,285.71,600.0,250.0,100000.0,True,site_BIHAR_725,1.0,,,,,,,,,,,38748170.13918555,,,,0,467.50000000000006,86458.07461765366,425.0,425.0,,
69,site_MADHYA_PRADESH_1615,69,2093,SAFProductionSite,site_MADHYA_PRADESH_1615,MADHYA_PRADESH,inv_19,90318.1204421486,78412.33922625764,11905.781215890966,0.0,0.0,1525.71,285.71,600.0,250.0,100000.0,True,site_MADHYA_PRADESH_1615,1.0,,,,,,,,,,,34151225.472121775,,,,0,693.0,82175.48493991613,430.0,430.0,,
69,site_UTTAR_PRADESH_2182,69,2093,SAFProductionSite,site_UTTAR_PRADESH_2182,UTTAR_PRADESH,inv_23,93647.18620802333,85781.5418586687,7865.644349354625,0.0,0.0,1525.71,285.71,600.0,250.0,100000.0,True,site_UTTAR_PRADESH_2182,1.0,,,,,,,,,,,39333667.23590058,,,,0,473.00000000000006,88418.01075474071,430.0,430.0,,
69,site_TELANGANA_2516,69,2093,SAFProductionSite,site_TELANGANA_2516,TELANGANA,inv_25,92731.18917216851,87314.57761863212,5416.611553536393,0.0,0.0,1525.71,285.71,600.0,250.0,100000.0,True,site_TELANGANA_2516,1.0,,,,,,,,,,,38528843.16158408,,,,0,478.50000000000006,89631.22631233465,435.0,435.0,,
69,site_KARNATAKA_3051,69,2093,SAFProductionSite,site_KARNATAKA_3051,KARNATAKA,inv_28,94415.73270041813,87341.19009854806,7074.542601870067,0.0,0.0,1540.71,285.71,600.0,250.0,100000.0,True,site_KARNATAKA_3051,1.0,,,,,,,,,,,38263938.22603667,,,,0,489.50000000000006,89372.55337479417,445.00000000000006,445.00000000000006,,
69,site_ANDHRA_PRADESH_3930,69,2093,SAFProductionSite,site_ANDHRA_PRADESH_3930,ANDHRA_PRADESH,inv_11,90755.04859093798,79500.0561272898,11254.992463648174,0.0,0.0,1540.71,285.71,600.0,250.0,100000.0,True,site_ANDHRA_PRADESH_3930,1.0,,,,,,,,,,,36019079.26089436,,,,0,495.00000000000006,81960.83413849205,450.0,450.0,,
69,site_WEST_BENGAL_4276,69,2093,SAFProductionSite,site_WEST_BENGAL_4276,WEST_BENGAL,inv_02,93569.3810698127,85965.39876645498,7603.982303357727,0.0,0.0,1540.71,285.71,600.0,250.0,100000.0,True,site_WEST_BENGAL_4276,1.0,,,,,,,,,,,36950128.34705241,,,,0,500.50000000000006,88781.33805457133,454.99999999999994,454.99999999999994,,
69,site_MAHARASHTRA_4310,69,2093,SAFProductionSite,site_MAHARASHTRA_4310,MAHARASHTRA,inv_10,91064.39575337125,79093.46319968053,11970.932553690727,0.0,0.0,1570.71,285.71,600.0,250.0,100000.0,True,site_MAHARASHTRA_4310,1.0,,,,,,,,,,,34298897.17853463,,,,0,517.0,82222.18557144729,470.00000000000006,470.00000000000006,,
69,site_TAMIL_NADU_4435,69,2093,SAFProductionSite,site_TAMIL_NADU_4435,TAMIL_NADU,inv_35,89735.76941095396,77290.64806319746,12445.121347756503,0.0,0.0,1570.71,285.71,600.0,250.0,100000.0,True,site_TAMIL_NADU_4435,1.0,,,,,,,,,,,33302479.956622675,,,,0,522.5,81299.19183205116,475.00000000000006,475.00000000000006,,
69,site_JHARKHAND_4876,69,2093,SAFProductionSite,site_JHARKHAND_4876,JHARKHAND,inv_37,91277.28358004434,79542.28845938011,11734.995120664229,0.0,0.0,1570.71,285.71,600.0,250.0,100000.0,True,site_JHARKHAND_4876,1.0,,,,,,,,,,,33466317.92579578,,,,0,528.0,82592.79794654396,480.0,480.0,,
69,site_RAJASTHAN_5813,69,2093,SAFProductionSite,site_RAJASTHAN_5813,RAJASTHAN,inv_41,93869.77303227494,86915.64313319266,6954.129899082283,0.0,0.0,1570.71,285.71,600.0,250.0,100000.0,True,site_RAJASTHAN_5813,1.0,,,,,,,,,,,34264821.133416146,,,,0,533.5,89742.42689939626,484.99999999999994,484.99999999999994,,
69,site_CHHATTISGARH_6311,69,2093,SAFProductionSite,site_CHHATTISGARH_6311,CHHATTISGARH,inv_43,83142.87022496515,79350.10412449643,3792.766100468725,0.0,0.0,1495.71,285.71,600.0,250.0,100000.0,True,site_CHHATTISGARH_6311,1.0,,,,,,,,,,,27612468.32429415,,,,0,660.0,81891.07885224825,492.5719050036115,492.5719050036115,,
69,site_PUNJAB_7112,69,2093,SAFProductionSite,site_PUNJAB_7112,PUNJAB,inv_46,82825.10959493113,77397.39567078806,5427.7139241430705,0.0,0.0,1495.71,285.71,600.0,250.0,100000.0,True,site_PUNJAB_7112,1.0,,,,,,,,,,,26750386.840596333,,,,0,660.0,80584.46574920612,501.1922698217161,501.1922698217161,,
69,site_HARYANA_8697,69,2093,SAFProductionSite,site_HARYANA_8697,HARYANA,inv_23,89690.41209874074,76720.96386535381,12969.448233386924,0.0,0.0,1495.71,285.71,600.0,250.0,100000.0,True,site_HARYANA_8697,1.0,,,,,,,,,,,28100717.528092742,,,,0,665.5,80548.00324073785,511.79298437821285,511.79298437821285,,
69,site_ASSAM_8961,69,2093,SAFProductionSite,site_ASSAM_8961,ASSAM,inv_12,90191.94935204547,78956.88461207389,11235.064739971582,0.0,0.0,1615.71,285.71,600.0,250.0,100000.0,True,site_ASSAM_8961,1.0,,,,,,,,,,,29368992.431989342,,,,0,572.0,81976.2481996464,520.0,520.0,,
69,site_KERALA_9594,69,2093,SAFProductionSite,site_KERALA_9594,KERALA,inv_25,91204.36577477521,81828.38623302513,9375.979541750086,0.0,0.0,1615.71,285.71,600.0,250.0,100000.0,True,site_KERALA_9594,1.0,,,,,,,,,,,29423916.339633554,,,,0,577.5,85933.74841798336,525.0,525.0,,
69,site_ODISHA_10038,69,2093,SAFProductionSite,site_ODISHA_10038,ODISHA,inv_02,90508.08193626223,80391.60065847122,10116.481277791012,0.0,0.0,1495.71,285.71,600.0,250.0,100000.0,True,site_ODISHA_10038,1.0,,,,,,,,,,,27964293.74113427,,,,0,665.5,83516.17937270824,522.4497194627018,522.4497194627018,,
69,site_MADHYA_PRADESH_10183,69,2093,SAFProductionSite,site_MADHYA_PRADESH_10183,MADHYA_PRADESH,inv_28,92056.62055992593,80965.72598903069,11090.894570895238,0.0,0.0,1525.71,285.71,600.0,250.0,100000.0,True,site_MADHYA_PRADESH_10183,1.0,,,,,,,,,,,27291321.443963677,,,,0,693.0,82850.5352138366,530.7049189666487,530.7049189666487,,
70,site_GUJARAT_001,70,2094,SAFProductionSite,site_GUJARAT_001,GUJARAT,inv_01,86705.7697577359,82847.49843787747,3858.271319858439,0.0,0.0,1540.71,285.71,600.0,250.0,100000.0,True,site_GUJARAT_001,1.0,,,,,,,,,,,36759178.46626042,,,,0,495.00000000000006,86562.40829619016,450.0,450.0,,
70,site_PUNJAB_020,70,2094,SAFProductionSite,site_PUNJAB_020,PUNJAB,inv_02,91540.37831052055,83042.07092724333,8498.30738327722,0.0,0.0,1495.71,285.71,600.0,250.0,100000.0,True,site_PUNJAB_020,1.0,,,,,,,,,,,40395331.92942691,,,,0,660.0,85109.34684683023,400.0,400.0,,
70,site_CHHATTISGARH_245,70,2094,SAFProductionSite,site_CHHATTISGARH_245,CHHATTISGARH,inv_06,82527.49362769836,77576.88688933356,4950.606738364804,0.0,0.0,1495.71,285.71,600.0,250.0,100000.0,True,site_CHHATTISGARH_245,1.0,,,,,,,,,,,35364103.652752414,,,,0,660.0,80197.30664774435,400.0,400.0,,
70,site_HARYANA_525,70,2094,SAFProductionSite,site_HARYANA_525,HARYANA,inv_10,91799.6600689255,83531.7712894739,8267.888779451605,0.0,0.0,1495.71,285.71,600.0,250.0,100000.0,True,site_HARYANA_525,1.0,,,,,,,,,,,40387259.35122807,,,,0,665.5,86545.10098269311,405.0,405.0,,
70,site_ODISHA_624,70,2094,SAFProductionSite,site_ODISHA_624,ODISHA,inv_11,93401.64795243525,86246.93006242359,7154.717890011656,0.0,0.0,1495.71,285.71,600.0,250.0,100000.0,True,site_ODISHA_624,1.0,,,,,,,,,,,41787837.66882804,,,,0,665.5,89404.74534625192,405.0,405.0,,
70,site_BIHAR_725,70,2094,SAFProductionSite,site_BIHAR_725,BIHAR,inv_12,91334.48646374299,84392.83094545898,6941.655518284009,0.0,0.0,1525.71,285.71,600.0,250.0,100000.0,True,site_BIHAR_725,1.0,,,,,,,,,,,41031532.300779134,,,,0,467.50000000000006,86458.07461765366,425.0,425.0,,
70,site_MADHYA_PRADESH_1615,70,2094,SAFProductionSite,site_MADHYA_PRADESH_1615,MADHYA_PRADESH,inv_19,90318.1204421486,78663.76544692223,11654.354995226371,0.0,0.0,1525.71,285.71,600.0,250.0,100000.0,True,site_MADHYA_PRADESH_1615,1.0,,,,,,,,,,,36409178.48317549,,,,0,693.0,82175.48493991613,430.0,430.0,,
70,site_UTTAR_PRADESH_2182,70,2094,SAFProductionSite,site_UTTAR_PRADESH_2182,UTTAR_PRADESH,inv_23,91764.34017659667,84056.84043198114,7707.499744615532,0.0,0.0,1525.71,285.71,600.0,250.0,100000.0,True,site_UTTAR_PRADESH_2182,1.0,,,,,,,,,,,40836943.23102833,,,,0,473.00000000000006,88418.01075474071,430.0,430.0,,
70,site_TELANGANA_2516,70,2094,SAFProductionSite,site_TELANGANA_2516,TELANGANA,inv_25,92149.82047437153,85246.72616959477,6903.094304776765,0.0,0.0,1525.71,285.71,600.0,250.0,100000.0,True,site_TELANGANA_2516,1.0,,,,,,,,,,,40591036.035367206,,,,0,478.50000000000006,89631.22631233465,435.0,435.0,,
70,site_KARNATAKA_3051,70,2094,SAFProductionSite,site_KARNATAKA_3051,KARNATAKA,inv_28,94132.31240985687,86898.9944265851,7233.317983271772,0.0,0.0,1540.71,285.71,600.0,250.0,100000.0,True,site_KARNATAKA_3051,1.0,,,,,,,,,,,40502384.072287634,,,,0,489.50000000000006,89372.55337479417,445.00000000000006,445.00000000000006,,
70,site_ANDHRA_PRADESH_3930,70,2094,SAFProductionSite,site_ANDHRA_PRADESH_3930,ANDHRA_PRADESH,inv_11,91748.34885744027,79813.14879571795,11935.200061722324,0.0,0.0,1540.71,285.71,600.0,250.0,100000.0,True,site_ANDHRA_PRADESH_3930,1.0,,,,,,,,,,,38707011.35154782,,,,0,495.00000000000006,81960.83413849205,450.0,450.0,,
70,site_WEST_BENGAL_4276,70,2094,SAFProductionSite,site_WEST_BENGAL_4276,WEST_BENGAL,inv_02,92411.03616117362,84901.18758068304,7509.8485804905795,0.0,0.0,1540.71,285.71,600.0,250.0,100000.0,True,site_WEST_BENGAL_4276,1.0,,,,,,,,,,,38802979.049001664,,,,0,500.50000000000006,88781.33805457133,454.99999999999994,454.99999999999994,,
70,site_MAHARASHTRA_4310,70,2094,SAFProductionSite,site_MAHARASHTRA_4310,MAHARASHTRA,inv_10,90706.72537073297,78782.81062231722,11923.914748415744,0.0,0.0,1570.71,285.71,600.0,250.0,100000.0,True,site_MAHARASHTRA_4310,1.0,,,,,,,,,,,36431850.75640109,,,,0,517.0,82222.18557144729,470.00000000000006,470.00000000000006,,
70,site_TAMIL_NADU_4435,70,2094,SAFProductionSite,site_TAMIL_NADU_4435,TAMIL_NADU,inv_35,89735.76941095396,78654.50853795049,11081.26087300347,0.0,0.0,1570.71,285.71,600.0,250.0,100000.0,True,site_TAMIL_NADU_4435,1.0,,,,,,,,,,,35545874.19189654,,,,0,522.5,81299.19183205116,475.00000000000006,475.00000000000006,,
70,site_JHARKHAND_4876,70,2094,SAFProductionSite,site_JHARKHAND_4876,JHARKHAND,inv_37,90460.22101492863,78830.27092670668,11629.950088221944,0.0,0.0,1570.71,285.71,600.0,250.0,100000.0,True,site_JHARKHAND_4876,1.0,,,,,,,,,,,35428251.920368046,,,,0,528.0,82592.79794654396,480.0,480.0,,
70,site_RAJASTHAN_5813,70,2094,SAFProductionSite,site_RAJASTHAN_5813,RAJASTHAN,inv_41,92958.37346393068,86071.76254122915,6886.610922701526,0.0,0.0,1570.71,285.71,600.0,250.0,100000.0,True,site_RAJASTHAN_5813,1.0,,,,,,,,,,,36256096.772359684,,,,0,533.5,89742.42689939626,484.99999999999994,484.99999999999994,,
70,site_CHHATTISGARH_6311,70,2094,SAFProductionSite,site_CHHATTISGARH_6311,CHHATTISGARH,inv_43,84614.21151737496,79467.00644551375,5147.205071861215,0.0,0.0,1495.71,285.71,600.0,250.0,100000.0,True,site_CHHATTISGARH_6311,1.0,,,,,,,,,,,30216468.81681387,,,,0,660.0,81891.07885224825,492.5719050036115,492.5719050036115,,
70,site_PUNJAB_7112,70,2094,SAFProductionSite,site_PUNJAB_7112,PUNJAB,inv_46,82991.69392392217,77826.41466229613,5165.279261626041,0.0,0.0,1495.71,285.71,600.0,250.0,100000.0,True,site_PUNJAB_7112,1.0,,,,,,,,,,,28878981.65589167,,,,0,660.0,80584.46574920612,501.1922698217161,501.1922698217161,,
70,site_HARYANA_8697,70,2094,SAFProductionSite,site_HARYANA_8697,HARYANA,inv_23,89690.41209874074,78280.35929892941,11410.052799811325,0.0,0.0,1495.71,285.71,600.0,250.0,100000.0,True,site_HARYANA_8697,1.0,,,,,,,,,,,30342977.83056128,,,,0,665.5,80548.00324073785,511.79298437821285,511.79298437821285,,
70,site_ASSAM_8961,70,2094,SAFProductionSite,site_ASSAM_8961,ASSAM,inv_12,91108.81307552266,79962.22555184795,11146.587523674709,0.0,0.0,1615.71,285.71,600.0,250.0,100000.0,True,site_ASSAM_8961,1.0,,,,,,,,,,,31945268.93766518,,,,0,572.0,81976.2481996464,520.0,520.0,,
70,site_KERALA_9594,70,2094,SAFProductionSite,site_KERALA_9594,KERALA,inv_25,91204.36577477521,82617.06599277492,8587.299782000293,0.0,0.0,1615.71,285.71,600.0,250.0,100000.0,True,site_KERALA_9594,1.0,,,,,,,,,,,31704025.484002918,,,,0,577.5,85933.74841798336,525.0,525.0,,
70,site_ODISHA_10038,70,2094,SAFProductionSite,site_ODISHA_10038,ODISHA,inv_02,91470.22286180043,80366.68548154028,11103.537380260153,0.0,0.0,1495.71,285.71,600.0,250.0,100000.0,True,site_ODISHA_10038,1.0,,,,,,,,,,,30548322.11844997,,,,0,665.5,83516.17937270824,522.4497194627018,522.4497194627018,,
70,site_MADHYA_PRADESH_10183,70,2094,SAFProductionSite,site_MADHYA_PRADESH_10183,MADHYA_PRADESH,inv_28,90460.35458267426,79011.92458305214,11448.429999622123,0.0,0.0,1525.71,285.71,600.0,250.0,100000.0,True,site_MADHYA_PRADESH_10183,1.0,,,,,,,,,,,29079597.55644533,,,,0,693.0,82850.5352138366,530.7049189666487,530.7049189666487,,
71,site_GUJARAT_001,71,2095,SAFProductionSite,site_GUJARAT_001,GUJARAT,inv_01,86705.7697577359,82923.85028694771,3781.919470788198,0.0,0.0,1540.71,285.71,600.0,250.0,100000.0,True,site_GUJARAT_001,1.0,,,,,,,,,,,36759178.46626042,,,,0,495.00000000000006,86562.40829619016,450.0,450.0,,
71,site_PUNJAB_020,71,2095,SAFProductionSite,site_PUNJAB_020,PUNJAB,inv_02,91223.00324072558,81269.78266891313,9953.220571812446,0.0,0.0,1495.71,285.71,600.0,250.0,100000.0,True,site_PUNJAB_020,1.0,,,,,,,,,,,40255279.29334316,,,,0,660.0,85109.34684683023,400.0,400.0,,
71,site_CHHATTISGARH_245,71,2095,SAFProductionSite,site_CHHATTISGARH_245,CHHATTISGARH,inv_06,89705.1880421405,76484.96995108455,13220.21809105594,0.0,0.0,1495.71,285.71,600.0,250.0,100000.0,True,site_CHHATTISGARH_245,1.0,,,,,,,,,,,38439838.99987459,,,,0,660.0,80197.30664774435,400.0,400.0,,
71,site_HARYANA_525,71,2095,SAFProductionSite,site_HARYANA_525,HARYANA,inv_10,92622.26947218421,84503.97265118941,8118.296820994801,0.0,0.0,1495.71,285.71,600.0,250.0,100000.0,True,site_HARYANA_525,1.0,,,,,,,,,,,40749166.34836972,,,,0,665.5,0.0,405.0,405.0,,
71,site_ODISHA_624,71,2095,SAFProductionSite,site_ODISHA_624,ODISHA,inv_11,92741.84415440852,85637.66830665337,7104.175847755148,0.0,0.0,1495.71,285.71,600.0,250.0,100000.0,True,site_ODISHA_624,1.0,,,,,,,,,,,41492641.87079181,,,,0,665.5,89404.74534625192,405.0,405.0,,
71,site_BIHAR_725,71,2095,SAFProductionSite,site_BIHAR_725,BIHAR,inv_12,91602.40871073569,82551.39329950792,9051.015411227767,0.0,0.0,1525.71,285.71,600.0,250.0,100000.0,True,site_BIHAR_725,1.0,,,,,,,,,,,41151894.945353046,,,,0,467.50000000000006,86458.07461765366,425.0,425.0,,
71,site_MADHYA_PRADESH_1615,71,2095,SAFProductionSite,site_MADHYA_PRADESH_1615,MADHYA_PRADESH,inv_19,90607.72210311645,78978.93312513194,11628.788977984514,0.0,0.0,1525.71,285.71,600.0,250.0,100000.0,True,site_MADHYA_PRADESH_1615,1.0,,,,,,,,,,,36525923.146500885,,,,0,693.0,82175.48493991613,430.0,430.0,,
71,site_UTTAR_PRADESH_2182,71,2095,SAFProductionSite,site_UTTAR_PRADESH_2182,UTTAR_PRADESH,inv_23,91764.34017659667,85441.0176677029,6323.322508893776,0.0,0.0,1525.71,285.71,600.0,250.0,100000.0,True,site_UTTAR_PRADESH_2182,1.0,,,,,,,,,,,40836943.23102833,,,,0,473.00000000000006,88418.01075474071,430.0,430.0,,
71,site_TELANGANA_2516,71,2095,SAFProductionSite,site_TELANGANA_2516,TELANGANA,inv_25,92149.82047437153,86984.80927441757,5165.011199953966,0.0,0.0,1525.71,285.71,600.0,250.0,100000.0,True,site_TELANGANA_2516,1.0,,,,,,,,,,,40591036.035367206,,,,0,478.50000000000006,89631.22631233465,435.0,435.0,,
71,site_KARNATAKA_3051,71,2095,SAFProductionSite,site_KARNATAKA_3051,KARNATAKA,inv_28,94030.3844483473,86804.89881656154,7225.485631785748,0.0,0.0,1540.71,285.71,600.0,250.0,100000.0,True,site_KARNATAKA_3051,1.0,,,,,,,,,,,40458527.44814786,,,,0,489.50000000000006,89372.55337479417,445.00000000000006,445.00000000000006,,
71,site_ANDHRA_PRADESH_3930,71,2095,SAFProductionSite,site_ANDHRA_PRADESH_3930,ANDHRA_PRADESH,inv_11,90362.57005023322,78299.2771015642,12063.292948669012,0.0,0.0,1540.71,285.71,600.0,250.0,100000.0,True,site_ANDHRA_PRADESH_3930,1.0,,,,,,,,,,,38122375.69663654,,,,0,495.00000000000006,81960.83413849205,450.0,450.0,,
71,site_WEST_BENGAL_4276,71,2095,SAFProductionSite,site_WEST_BENGAL_4276,WEST_BENGAL,inv_02,92046.08265754915,84565.89228310183,7480.190374447324,0.0,0.0,1540.71,285.71,600.0,250.0,100000.0,True,site_WEST_BENGAL_4276,1.0,,,,,,,,,,,38649736.71190351,,,,0,500.50000000000006,88781.33805457133,454.99999999999994,454.99999999999994,,
71,site_MAHARASHTRA_4310,71,2095,SAFProductionSite,site_MAHARASHTRA_4310,MAHARASHTRA,inv_10,90706.72537073297,79562.4194582455,11144.30591248747,0.0,0.0,1570.71,285.71,600.0,250.0,100000.0,True,site_MAHARASHTRA_4310,1.0,,,,,,,,,,,36431850.75640109,,,,0,517.0,82222.18557144729,470.00000000000006,470.00000000000006,,
71,site_TAMIL_NADU_4435,71,2095,SAFProductionSite,site_TAMIL_NADU_4435,TAMIL_NADU,inv_35,91319.23483837646,79216.64311304147,12102.59172533499,0.0,0.0,1570.71,285.71,600.0,250.0,100000.0,True,site_TAMIL_NADU_4435,1.0,,,,,,,,,,,36173111.95048322,,,,0,522.5,81299.19183205116,475.00000000000006,475.00000000000006,,
71,site_JHARKHAND_4876,71,2095,SAFProductionSite,site_JHARKHAND_4876,JHARKHAND,inv_37,90460.22101492863,80377.27677615786,10082.944238770768,0.0,0.0,1570.71,285.71,600.0,250.0,100000.0,True,site_JHARKHAND_4876,1.0,,,,,,,,,,,35428251.920368046,,,,0,528.0,82592.79794654396,480.0,480.0,,
71,site_RAJASTHAN_5813,71,2095,SAFProductionSite,site_RAJASTHAN_5813,RAJASTHAN,inv_41,92586.70394024525,85727.6273138752,6859.07662637005,0.0,0.0,1570.71,285.71,600.0,250.0,100000.0,True,site_RAJASTHAN_5813,1.0,,,,,,,,,,,36111136.33774854,,,,0,533.5,89742.42689939626,484.99999999999994,484.99999999999994,,
71,site_CHHATTISGARH_6311,71,2095,SAFProductionSite,site_CHHATTISGARH_6311,CHHATTISGARH,inv_43,91766.02137912402,79465.27618860049,12300.745190523536,0.0,0.0,1495.71,285.71,600.0,250.0,100000.0,True,site_CHHATTISGARH_6311,1.0,,,,,,,,,,,32770442.14819625,,,,0,660.0,81891.07885224825,492.5719050036115,492.5719050036115,,
71,site_PUNJAB_7112,71,2095,SAFProductionSite,site_PUNJAB_7112,PUNJAB,inv_46,82764.99286145349,77185.9760575559,5579.016803897583,0.0,0.0,1495.71,285.71,600.0,250.0,100000.0,True,site_PUNJAB_7112,1.0,,,,,,,,,,,28800095.49855639,,,,0,660.0,80584.46574920612,501.1922698217161,501.1922698217161,,
71,site_HARYANA_8697,71,2095,SAFProductionSite,site_HARYANA_8697,HARYANA,inv_23,91133.61866292158,77955.47930652341,13178.13935639817,0.0,0.0,1495.71,285.71,600.0,250.0,100000.0,True,site_HARYANA_8697,1.0,,,,,,,,,,,30831226.058628842,,,,0,665.5,0.0,511.79298437821285,511.79298437821285,,
71,site_ASSAM_8961,71,2095,SAFProductionSite,site_ASSAM_8961,ASSAM,inv_12,90330.28761507658,78282.19746740602,12048.090147670562,0.0,0.0,1615.71,285.71,600.0,250.0,100000.0,True,site_ASSAM_8961,1.0,,,,,,,,,,,31672296.38573265,,,,0,572.0,81976.2481996464,520.0,520.0,,
71,site_KERALA_9594,71,2095,SAFProductionSite,site_KERALA_9594,KERALA,inv_25,92083.4132618238,82938.52716354988,9144.886098273928,0.0,0.0,1615.71,285.71,600.0,250.0,100000.0,True,site_KERALA_9594,1.0,,,,,,,,,,,32009595.767774865,,,,0,577.5,85933.74841798336,525.0,525.0,,
71,site_ODISHA_10038,71,2095,SAFProductionSite,site_ODISHA_10038,ODISHA,inv_02,91470.22286180043,81165.79146309219,10304.431398708242,0.0,0.0,1495.71,285.71,600.0,250.0,100000.0,True,site_ODISHA_10038,1.0,,,,,,,,,,,30548322.11844997,,,,0,665.5,83516.17937270824,522.4497194627018,522.4497194627018,,
71,site_MADHYA_PRADESH_10183,71,2095,SAFProductionSite,site_MADHYA_PRADESH_10183,MADHYA_PRADESH,inv_28,90460.35458267426,79173.93951334,11286.415069334267,0.0,0.0,1525.71,285.71,600.0,250.0,100000.0,True,site_MADHYA_PRADESH_10183,1.0,,,,,,,,,,,29079597.55644533,,,,0,693.0,82850.5352138366,530.7049189666487,530.7049189666487,,
72,site_GUJARAT_001,72,2096,SAFProductionSite,site_GUJARAT_001,GUJARAT,inv_01,86785.67737077054,84248.64410195261,2537.0332688179333,0.0,0.0,1540.71,285.71,600.0,250.0,100000.0,True,site_GUJARAT_001,1.0,,,,,,,,,,,36793055.54522018,,,,0,495.00000000000006,86562.40829619016,450.0,450.0,,
72,site_PUNJAB_020,72,2096,SAFProductionSite,site_PUNJAB_020,PUNJAB,inv_02,91223.00324072558,82859.34966454848,8363.653576177094,0.0,0.0,1495.71,285.71,600.0,250.0,100000.0,True,site_PUNJAB_020,1.0,,,,,,,,,,,40255279.29334316,,,,0,660.0,85109.34684683023,400.0,400.0,,
72,site_CHHATTISGARH_245,72,2096,SAFProductionSite,site_CHHATTISGARH_245,CHHATTISGARH,inv_06,89705.1880421405,77373.16809690717,12332.019945233318,0.0,0.0,1495.71,285.71,600.0,250.0,100000.0,True,site_CHHATTISGARH_245,1.0,,,,,,,,,,,38439838.99987459,,,,0,660.0,80197.30664774435,400.0,400.0,,
72,site_HARYANA_525,72,2096,SAFProductionSite,site_HARYANA_525,HARYANA,inv_10,93153.47539922442,84010.8415201862,9142.633879038229,0.0,0.0,1495.71,285.71,600.0,250.0,100000.0,True,site_HARYANA_525,1.0,,,,,,,,,,,40982870.389628425,,,,0,665.5,86545.10098269311,405.0,405.0,,
72,site_ODISHA_624,72,2096,SAFProductionSite,site_ODISHA_624,ODISHA,inv_11,92653.4676840488,85556.06161742064,7097.406066628158,0.0,0.0,1495.71,285.71,600.0,250.0,100000.0,True,site_ODISHA_624,1.0,,,,,,,,,,,41453102.294370025,,,,0,665.5,0.0,405.0,405.0,,
72,site_BIHAR_725,72,2096,SAFProductionSite,site_BIHAR_725,BIHAR,inv_12,91315.4284634733,82292.76888564827,9022.659577825034,0.0,0.0,1525.71,285.71,600.0,250.0,100000.0,True,site_BIHAR_725,1.0,,,,,,,,,,,41022970.595513895,,,,0,467.50000000000006,86458.07461765366,425.0,425.0,,
72,site_MADHYA_PRADESH_1615,72,2096,SAFProductionSite,site_MADHYA_PRADESH_1615,MADHYA_PRADESH,inv_19,90945.71576633904,78957.20461114743,11988.511155191605,0.0,0.0,1525.71,285.71,600.0,250.0,100000.0,True,site_MADHYA_PRADESH_1615,1.0,,,,,,,,,,,36662175.667592004,,,,0,693.0,82175.48493991613,430.0,430.0,,
72,site_UTTAR_PRADESH_2182,72,2096,SAFProductionSite,site_UTTAR_PRADESH_2182,UTTAR_PRADESH,inv_23,93275.43802503716,85822.24718469966,7453.190840337498,0.0,0.0,1525.71,285.71,600.0,250.0,100000.0,True,site_UTTAR_PRADESH_2182,1.0,,,,,,,,,,,41509411.60964401,,,,0,473.00000000000006,88418.01075474071,430.0,430.0,,
72,site_TELANGANA_2516,72,2096,SAFProductionSite,site_TELANGANA_2516,TELANGANA,inv_25,94028.64976525035,87774.93894352524,6253.710821725108,0.0,0.0,1525.71,285.71,600.0,250.0,100000.0,True,site_TELANGANA_2516,1.0,,,,,,,,,,,41418640.767072335,,,,0,478.50000000000006,89631.22631233465,435.0,435.0,,
72,site_KARNATAKA_3051,72,2096,SAFProductionSite,site_KARNATAKA_3051,KARNATAKA,inv_28,93653.84766638879,86457.29588533481,7196.551781053975,0.0,0.0,1540.71,285.71,600.0,250.0,100000.0,True,site_KARNATAKA_3051,1.0,,,,,,,,,,,40296514.67092186,,,,0,489.50000000000006,89372.55337479417,445.00000000000006,445.00000000000006,,
72,site_ANDHRA_PRADESH_3930,72,2096,SAFProductionSite,site_ANDHRA_PRADESH_3930,ANDHRA_PRADESH,inv_11,90362.57005023322,79563.66857078968,10798.901479443535,0.0,0.0,1540.71,285.71,600.0,250.0,100000.0,True,site_ANDHRA_PRADESH_3930,1.0,,,,,,,,,,,38122375.69663654,,,,0,495.00000000000006,81960.83413849205,450.0,450.0,,
72,site_WEST_BENGAL_4276,72,2096,SAFProductionSite,site_WEST_BENGAL_4276,WEST_BENGAL,inv_02,92046.08265754915,85478.30055941858,6567.78209813057,0.0,0.0,1540.71,285.71,600.0,250.0,100000.0,True,site_WEST_BENGAL_4276,1.0,,,,,,,,,,,38649736.71190351,,,,0,500.50000000000006,88781.33805457133,454.99999999999994,454.99999999999994,,
72,site_MAHARASHTRA_4310,72,2096,SAFProductionSite,site_MAHARASHTRA_4310,MAHARASHTRA,inv_10,90940.52681355547,78985.87753624037,11954.649277315097,0.0,0.0,1570.71,285.71,600.0,250.0,100000.0,True,site_MAHARASHTRA_4310,1.0,,,,,,,,,,,36525755.8029864,,,,0,517.0,82222.18557144729,470.00000000000006,470.00000000000006,,
72,site_TAMIL_NADU_4435,72,2096,SAFProductionSite,site_TAMIL_NADU_4435,TAMIL_NADU,inv_35,90413.07865436564,77874.02379737924,12539.054856986404,0.0,0.0,1570.71,285.71,600.0,250.0,100000.0,True,site_TAMIL_NADU_4435,1.0,,,,,,,,,,,35814167.97611834,,,,0,522.5,81299.19183205116,475.00000000000006,475.00000000000006,,
72,site_JHARKHAND_4876,72,2096,SAFProductionSite,site_JHARKHAND_4876,JHARKHAND,inv_37,90263.69071527984,78659.00739680592,11604.683318473923,0.0,0.0,1570.71,285.71,600.0,250.0,100000.0,True,site_JHARKHAND_4876,1.0,,,,,,,,,,,35351281.90097362,,,,0,528.0,82592.79794654396,480.0,480.0,,
72,site_RAJASTHAN_5813,72,2096,SAFProductionSite,site_RAJASTHAN_5813,RAJASTHAN,inv_41,92586.70394024525,87441.64305424198,5145.060886003266,0.0,0.0,1570.71,285.71,600.0,250.0,100000.0,True,site_RAJASTHAN_5813,1.0,,,,,,,,,,,36111136.33774854,,,,0,533.5,89742.42689939626,484.99999999999994,484.99999999999994,,
72,site_CHHATTISGARH_6311,72,2096,SAFProductionSite,site_CHHATTISGARH_6311,CHHATTISGARH,inv_43,91766.02137912402,79994.51431269136,11771.507066432663,0.0,0.0,1495.71,285.71,600.0,250.0,100000.0,True,site_CHHATTISGARH_6311,1.0,,,,,,,,,,,32770442.14819625,,,,0,660.0,81891.07885224825,492.5719050036115,492.5719050036115,,
72,site_PUNJAB_7112,72,2096,SAFProductionSite,site_PUNJAB_7112,PUNJAB,inv_46,82764.99286145349,78662.48157952656,4102.511281926927,0.0,0.0,1495.71,285.71,600.0,250.0,100000.0,True,site_PUNJAB_7112,1.0,,,,,,,,,,,28800095.49855639,,,,0,660.0,80584.46574920612,501.1922698217161,501.1922698217161,,
72,site_HARYANA_8697,72,2096,SAFProductionSite,site_HARYANA_8697,HARYANA,inv_23,91133.61866292158,78756.9706254689,12376.648037452687,0.0,0.0,1495.71,285.71,600.0,250.0,100000.0,True,site_HARYANA_8697,1.0,,,,,,,,,,,30831226.058628842,,,,0,665.5,80548.00324073785,511.79298437821285,511.79298437821285,,
72,site_ASSAM_8961,72,2096,SAFProductionSite,site_ASSAM_8961,ASSAM,inv_12,90330.28761507658,80301.90472190024,10028.382893176342,0.0,0.0,1615.71,285.71,600.0,250.0,100000.0,True,site_ASSAM_8961,1.0,,,,,,,,,,,31672296.38573265,,,,0,572.0,0.0,520.0,520.0,,
72,site_KERALA_9594,72,2096,SAFProductionSite,site_KERALA_9594,KERALA,inv_25,92441.7077797953,83181.59104219587,9260.116737599426,0.0,0.0,1615.71,285.71,600.0,250.0,100000.0,True,site_KERALA_9594,1.0,,,,,,,,,,,32134144.39471887,,,,0,577.5,85933.74841798336,525.0,525.0,,
72,site_ODISHA_10038,72,2096,SAFProductionSite,site_ODISHA_10038,ODISHA,inv_02,91644.57706693554,80519.87489256477,11124.702174370774,0.0,0.0,1495.71,285.71,600.0,250.0,100000.0,True,site_ODISHA_10038,1.0,,,,,,,,,,,30606551.214810878,,,,0,665.5,83516.17937270824,522.4497194627018,522.4497194627018,,
72,site_MADHYA_PRADESH_10183,72,2096,SAFProductionSite,site_MADHYA_PRADESH_10183,MADHYA_PRADESH,inv_28,90645.84466051841,80748.88298943272,9896.961671085694,0.0,0.0,1525.71,285.71,600.0,250.0,100000.0,True,site_MADHYA_PRADESH_10183,1.0,,,,,,,,,,,29139225.63152094,,,,0,693.0,82850.5352138366,530.7049189666487,530.7049189666487,,
73,site_GUJARAT_001,73,2097,SAFProductionSite,site_GUJARAT_001,GUJARAT,inv_01,87584.04081815992,83686.6878079715,3897.3530101884244,0.0,0.0,1540.71,285.71,600.0,250.0,100000.0,True,site_GUJARAT_001,1.0,,,,,,,,,,,37131524.19068088,,,,0,495.00000000000006,86562.40829619016,450.0,450.0,,
73,site_PUNJAB_020,73,2097,SAFProductionSite,site_PUNJAB_020,PUNJAB,inv_02,92553.69490904223,82455.28433890361,10098.410570138614,0.0,0.0,1495.71,285.71,600.0,250.0,100000.0,True,site_PUNJAB_020,1.0,,,,,,,,,,,40842492.63710967,,,,0,660.0,85109.34684683023,400.0,400.0,,
73,site_CHHATTISGARH_245,73,2097,SAFProductionSite,site_CHHATTISGARH_245,CHHATTISGARH,inv_06,90746.90881081772,77645.20107336015,13101.707737457575,0.0,0.0,1495.71,285.71,600.0,250.0,100000.0,True,site_CHHATTISGARH_245,1.0,,,,,,,,,,,38886229.8887936,,,,0,660.0,80197.30664774435,400.0,400.0,,
73,site_HARYANA_525,73,2097,SAFProductionSite,site_HARYANA_525,HARYANA,inv_10,93153.47539922442,84073.16544165541,9080.309957569014,0.0,0.0,1495.71,285.71,600.0,250.0,100000.0,True,site_HARYANA_525,1.0,,,,,,,,,,,40982870.389628425,,,,0,665.5,86545.10098269311,405.0,405.0,,
73,site_ODISHA_624,73,2097,SAFProductionSite,site_ODISHA_624,ODISHA,inv_11,92653.4676840488,87384.19749039946,5269.2701936493395,0.0,0.0,1495.71,285.71,600.0,250.0,100000.0,True,site_ODISHA_624,1.0,,,,,,,,,,,41453102.294370025,,,,0,665.5,89404.74534625192,405.0,405.0,,
73,site_BIHAR_725,73,2097,SAFProductionSite,site_BIHAR_725,BIHAR,inv_12,91282.701635216,82263.27571719409,9019.425918021909,0.0,0.0,1525.71,285.71,600.0,250.0,100000.0,True,site_BIHAR_725,1.0,,,,,,,,,,,41008268.24196997,,,,0,467.50000000000006,0.0,425.0,425.0,,
73,site_MADHYA_PRADESH_1615,73,2097,SAFProductionSite,site_MADHYA_PRADESH_1615,MADHYA_PRADESH,inv_19,90472.51026832107,78546.37730592155,11926.132962399526,0.0,0.0,1525.71,285.71,600.0,250.0,100000.0,True,site_MADHYA_PRADESH_1615,1.0,,,,,,,,,,,36471416.34540711,,,,0,693.0,82175.48493991613,430.0,430.0,,
73,site_UTTAR_PRADESH_2182,73,2097,SAFProductionSite,site_UTTAR_PRADESH_2182,UTTAR_PRADESH,inv_23,93691.62396425717,85845.98980952468,7845.634154732499,0.0,0.0,1525.71,285.71,600.0,250.0,100000.0,True,site_UTTAR_PRADESH_2182,1.0,,,,,,,,,,,41694622.570032015,,,,0,473.00000000000006,88418.01075474071,430.0,430.0,,
73,site_TELANGANA_2516,73,2097,SAFProductionSite,site_TELANGANA_2516,TELANGANA,inv_25,92527.3832183273,85596.00506867618,6931.378149651122,0.0,0.0,1525.71,285.71,600.0,250.0,100000.0,True,site_TELANGANA_2516,1.0,,,,,,,,,,,40757348.49117696,,,,0,478.50000000000006,89631.22631233465,435.0,435.0,,
73,site_KARNATAKA_3051,73,2097,SAFProductionSite,site_KARNATAKA_3051,KARNATAKA,inv_28,92493.56665064725,85386.17321832554,7107.393432321711,0.0,0.0,1540.71,285.71,600.0,250.0,100000.0,True,site_KARNATAKA_3051,1.0,,,,,,,,,,,39797279.64600572,,,,0,489.50000000000006,89372.55337479417,445.00000000000006,445.00000000000006,,
73,site_ANDHRA_PRADESH_3930,73,2097,SAFProductionSite,site_ANDHRA_PRADESH_3930,ANDHRA_PRADESH,inv_11,90908.27984440752,78772.1353034429,12136.144540964611,0.0,0.0,1540.71,285.71,600.0,250.0,100000.0,True,site_ANDHRA_PRADESH_3930,1.0,,,,,,,,,,,38352601.04086129,,,,0,495.00000000000006,0.0,450.0,450.0,,
73,site_WEST_BENGAL_4276,73,2097,SAFProductionSite,site_WEST_BENGAL_4276,WEST_BENGAL,inv_02,93009.72513399555,85451.22366831428,7558.501465681271,0.0,0.0,1540.71,285.71,600.0,250.0,100000.0,True,site_WEST_BENGAL_4276,1.0,,,,,,,,,,,39054365.859866545,,,,0,500.50000000000006,88781.33805457133,454.99999999999994,454.99999999999994,,
73,site_MAHARASHTRA_4310,73,2097,SAFProductionSite,site_MAHARASHTRA_4310,MAHARASHTRA,inv_10,90940.52681355547,79300.32136101402,11640.205452541442,0.0,0.0,1570.71,285.71,600.0,250.0,100000.0,True,site_MAHARASHTRA_4310,1.0,,,,,,,,,,,36525755.8029864,,,,0,517.0,82222.18557144729,470.00000000000006,470.00000000000006,,
73,site_TAMIL_NADU_4435,73,2097,SAFProductionSite,site_TAMIL_NADU_4435,TAMIL_NADU,inv_35,90401.38180664551,77863.94914212727,12537.432664518245,0.0,0.0,1570.71,285.71,600.0,250.0,100000.0,True,site_TAMIL_NADU_4435,1.0,,,,,,,,,,,35809534.65453173,,,,0,522.5,81299.19183205116,475.00000000000006,475.00000000000006,,
73,site_JHARKHAND_4876,73,2097,SAFProductionSite,site_JHARKHAND_4876,JHARKHAND,inv_37,90263.69071527984,80243.50216615907,10020.188549120765,0.0,0.0,1570.71,285.71,600.0,250.0,100000.0,True,site_JHARKHAND_4876,1.0,,,,,,,,,,,35351281.90097362,,,,0,528.0,82592.79794654396,480.0,480.0,,
73,site_RAJASTHAN_5813,73,2097,SAFProductionSite,site_RAJASTHAN_5813,RAJASTHAN,inv_41,92677.00448128884,85811.23814350169,6865.76633778715,0.0,0.0,1570.71,285.71,600.0,250.0,100000.0,True,site_RAJASTHAN_5813,1.0,,,,,,,,,,,36146355.81322637,,,,0,533.5,89742.42689939626,484.99999999999994,484.99999999999994,,
73,site_CHHATTISGARH_6311,73,2097,SAFProductionSite,site_CHHATTISGARH_6311,CHHATTISGARH,inv_43,90693.2037398108,78536.2640256364,12156.939714174398,0.0,0.0,1495.71,285.71,600.0,250.0,100000.0,True,site_CHHATTISGARH_6311,1.0,,,,,,,,,,,32387329.664334357,,,,0,660.0,81891.07885224825,492.5719050036115,492.5719050036115,,
73,site_PUNJAB_7112,73,2097,SAFProductionSite,site_PUNJAB_7112,PUNJAB,inv_46,83008.50082538693,77413.06965382377,5595.431171563163,0.0,0.0,1495.71,285.71,600.0,250.0,100000.0,True,site_PUNJAB_7112,1.0,,,,,,,,,,,28884830.026688144,,,,0,660.0,80584.46574920612,501.1922698217161,501.1922698217161,,
73,site_HARYANA_8697,73,2097,SAFProductionSite,site_HARYANA_8697,HARYANA,inv_23,91452.97109397707,78228.65261178538,13224.318482191695,0.0,0.0,1495.71,285.71,600.0,250.0,100000.0,True,site_HARYANA_8697,1.0,,,,,,,,,,,30939265.519134223,,,,0,665.5,80548.00324073785,511.79298437821285,511.79298437821285,,
73,site_ASSAM_8961,73,2097,SAFProductionSite,site_ASSAM_8961,ASSAM,inv_12,90590.52462601951,78507.72453719431,12082.800088825199,0.0,0.0,1615.71,285.71,600.0,250.0,100000.0,True,site_ASSAM_8961,1.0,,,,,,,,,,,31763542.677078947,,,,0,572.0,81976.2481996464,520.0,520.0,,
73,site_KERALA_9594,73,2097,SAFProductionSite,site_KERALA_9594,KERALA,inv_25,92712.6221643407,83653.55872728328,9059.063437057426,0.0,0.0,1615.71,285.71,600.0,250.0,100000.0,True,site_KERALA_9594,1.0,,,,,,,,,,,32228318.357540116,,,,0,577.5,85933.74841798336,525.0,525.0,,
73,site_ODISHA_10038,73,2097,SAFProductionSite,site_ODISHA_10038,ODISHA,inv_02,90370.6475011913,79400.5871775836,10970.0603236077,0.0,0.0,1495.71,285.71,600.0,250.0,100000.0,True,site_ODISHA_10038,1.0,,,,,,,,,,,30181096.793546706,,,,0,665.5,83516.17937270824,522.4497194627018,522.4497194627018,,
73,site_MADHYA_PRADESH_10183,73,2097,SAFProductionSite,site_MADHYA_PRADESH_10183,MADHYA_PRADESH,inv_28,90369.7425643573,78932.78018890724,11436.96237545005,0.0,0.0,1525.71,285.71,600.0,250.0,100000.0,True,site_MADHYA_PRADESH_10183,1.0,,,,,,,,,,,29050469.20470947,,,,0,693.0,82850.5352138366,530.7049189666487,530.7049189666487,,
74,site_GUJARAT_001,74,2098,SAFProductionSite,site_GUJARAT_001,GUJARAT,inv_01,87584.04081815992,83698.1413480438,3885.8994701161137,0.0,0.0,1540.71,285.71,600.0,250.0,100000.0,True,site_GUJARAT_001,1.0,,,,,,,,,,,37131524.19068088,,,,0,495.00000000000006,86562.40829619016,450.0,450.0,,
74,site_PUNJAB_020,74,2098,SAFProductionSite,site_PUNJAB_020,PUNJAB,inv_02,92553.69490904223,82509.68858162429,10044.006327417941,0.0,0.0,1495.71,285.71,600.0,250.0,100000.0,True,site_PUNJAB_020,1.0,,,,,,,,,,,40842492.63710967,,,,0,660.0,85109.34684683023,400.0,400.0,,
74,site_CHHATTISGARH_245,74,2098,SAFProductionSite,site_CHHATTISGARH_245,CHHATTISGARH,inv_06,91065.96194402786,78241.6272643753,12824.334679652558,0.0,0.0,1495.71,285.71,600.0,250.0,100000.0,True,site_CHHATTISGARH_245,1.0,,,,,,,,,,,39022948.30319837,,,,0,660.0,80197.30664774435,400.0,400.0,,
74,site_HARYANA_525,74,2098,SAFProductionSite,site_HARYANA_525,HARYANA,inv_10,91796.34531109847,82786.90821799643,9009.437093102038,0.0,0.0,1495.71,285.71,600.0,250.0,100000.0,True,site_HARYANA_525,1.0,,,,,,,,,,,40385801.02356164,,,,0,665.5,86545.10098269311,405.0,405.0,,
74,site_ODISHA_624,74,2098,SAFProductionSite,site_ODISHA_624,ODISHA,inv_11,93462.11411408675,86302.76441791329,7159.349696173464,0.0,0.0,1495.71,285.71,600.0,250.0,100000.0,True,site_ODISHA_624,1.0,,,,,,,,,,,41814890.190950945,,,,0,665.5,89404.74534625192,405.0,405.0,,
74,site_BIHAR_725,74,2098,SAFProductionSite,site_BIHAR_725,BIHAR,inv_12,91282.701635216,83769.97894703894,7512.722688177062,0.0,0.0,1525.71,285.71,600.0,250.0,100000.0,True,site_BIHAR_725,1.0,,,,,,,,,,,41008268.24196997,,,,0,467.50000000000006,86458.07461765366,425.0,425.0,,
74,site_MADHYA_PRADESH_1615,74,2098,SAFProductionSite,site_MADHYA_PRADESH_1615,MADHYA_PRADESH,inv_19,90472.51026832107,78760.84473790321,11711.665530417857,0.0,0.0,1525.71,285.71,600.0,250.0,100000.0,True,site_MADHYA_PRADESH_1615,1.0,,,,,,,,,,,36471416.34540711,,,,0,693.0,82175.48493991613,430.0,430.0,,
74,site_UTTAR_PRADESH_2182,74,2098,SAFProductionSite,site_UTTAR_PRADESH_2182,UTTAR_PRADESH,inv_23,93717.54364301183,86324.45696642256,7393.0866765892715,0.0,0.0,1525.71,285.71,600.0,250.0,100000.0,True,site_UTTAR_PRADESH_2182,1.0,,,,,,,,,,,41706157.33885218,,,,0,473.00000000000006,88418.01075474071,430.0,430.0,,
74,site_TELANGANA_2516,74,2098,SAFProductionSite,site_TELANGANA_2516,TELANGANA,inv_25,92286.81001841213,85373.45360203912,6913.356416373004,0.0,0.0,1525.71,285.71,600.0,250.0,100000.0,True,site_TELANGANA_2516,1.0,,,,,,,,,,,40651378.5025581,,,,0,478.50000000000006,89631.22631233465,435.0,435.0,,
74,site_KARNATAKA_3051,74,2098,SAFProductionSite,site_KARNATAKA_3051,KARNATAKA,inv_28,92047.33161006848,84974.22778416512,7073.103825903352,0.0,0.0,1540.71,285.71,600.0,250.0,100000.0,True,site_KARNATAKA_3051,1.0,,,,,,,,,,,39605277.74424282,,,,0,489.50000000000006,89372.55337479417,445.00000000000006,445.00000000000006,,
74,site_ANDHRA_PRADESH_3930,74,2098,SAFProductionSite,site_ANDHRA_PRADESH_3930,ANDHRA_PRADESH,inv_11,90693.86194650213,78586.34193352994,12107.520012972192,0.0,0.0,1540.71,285.71,600.0,250.0,100000.0,True,site_ANDHRA_PRADESH_3930,1.0,,,,,,,,,,,38262141.90877278,,,,0,495.00000000000006,81960.83413849205,450.0,450.0,,
74,site_WEST_BENGAL_4276,74,2098,SAFProductionSite,site_WEST_BENGAL_4276,WEST_BENGAL,inv_02,92638.61087733512,85110.26827567437,7528.342601660741,0.0,0.0,1540.71,285.71,600.0,250.0,100000.0,True,site_WEST_BENGAL_4276,1.0,,,,,,,,,,,38898536.65023768,,,,0,500.50000000000006,88781.33805457133,454.99999999999994,454.99999999999994,,
74,site_MAHARASHTRA_4310,74,2098,SAFProductionSite,site_MAHARASHTRA_4310,MAHARASHTRA,inv_10,91129.57675736203,79150.07579012065,11979.500967241373,0.0,0.0,1570.71,285.71,600.0,250.0,100000.0,True,site_MAHARASHTRA_4310,1.0,,,,,,,,,,,36601686.65938231,,,,0,517.0,82222.18557144729,470.00000000000006,470.00000000000006,,
74,site_TAMIL_NADU_4435,74,2098,SAFProductionSite,site_TAMIL_NADU_4435,TAMIL_NADU,inv_35,90180.85976654768,77674.01048663614,12506.849279911548,0.0,0.0,1570.71,285.71,600.0,250.0,100000.0,True,site_TAMIL_NADU_4435,1.0,,,,,,,,,,,35722182.09996724,,,,0,522.5,81299.19183205116,475.00000000000006,475.00000000000006,,
74,site_JHARKHAND_4876,74,2098,SAFProductionSite,site_JHARKHAND_4876,JHARKHAND,inv_37,91061.63807998168,79354.36726038968,11707.270819591999,0.0,0.0,1570.71,285.71,600.0,250.0,100000.0,True,site_JHARKHAND_4876,1.0,,,,,,,,,,,35663793.63197175,,,,0,528.0,82592.79794654396,480.0,480.0,,
74,site_RAJASTHAN_5813,74,2098,SAFProductionSite,site_RAJASTHAN_5813,RAJASTHAN,inv_41,92677.00448128884,87807.4879821321,4869.5164991567435,0.0,0.0,1570.71,285.71,600.0,250.0,100000.0,True,site_RAJASTHAN_5813,1.0,,,,,,,,,,,36146355.81322637,,,,0,533.5,89742.42689939626,484.99999999999994,484.99999999999994,,
74,site_CHHATTISGARH_6311,74,2098,SAFProductionSite,site_CHHATTISGARH_6311,CHHATTISGARH,inv_43,90693.2037398108,80015.94875504567,10677.254984765124,0.0,0.0,1495.71,285.71,600.0,250.0,100000.0,True,site_CHHATTISGARH_6311,1.0,,,,,,,,,,,32387329.664334357,,,,0,660.0,81891.07885224825,492.5719050036115,492.5719050036115,,
74,site_PUNJAB_7112,74,2098,SAFProductionSite,site_PUNJAB_7112,PUNJAB,inv_46,83008.50082538693,77430.65144620194,5577.8493791849905,0.0,0.0,1495.71,285.71,600.0,250.0,100000.0,True,site_PUNJAB_7112,1.0,,,,,,,,,,,28884830.026688144,,,,0,660.0,80584.46574920612,501.1922698217161,501.1922698217161,,
74,site_HARYANA_8697,74,2098,SAFProductionSite,site_HARYANA_8697,HARYANA,inv_23,91452.97109397707,78262.87464345983,13190.096450517245,0.0,0.0,1495.71,285.71,600.0,250.0,100000.0,True,site_HARYANA_8697,1.0,,,,,,,,,,,30939265.519134223,,,,0,665.5,80548.00324073785,511.79298437821285,511.79298437821285,,
74,site_ASSAM_8961,74,2098,SAFProductionSite,site_ASSAM_8961,ASSAM,inv_12,90298.60663963453,78254.74204308496,12043.864596549567,0.0,0.0,1615.71,285.71,600.0,250.0,100000.0,True,site_ASSAM_8961,1.0,,,,,,,,,,,31661188.159793362,,,,0,572.0,81976.2481996464,520.0,520.0,,
74,site_KERALA_9594,74,2098,SAFProductionSite,site_KERALA_9594,KERALA,inv_25,91754.84739373281,82322.27731101892,9432.570082713893,0.0,0.0,1615.71,285.71,600.0,250.0,100000.0,True,site_KERALA_9594,1.0,,,,,,,,,,,31895381.27193752,,,,0,577.5,0.0,525.0,525.0,,
74,site_ODISHA_10038,74,2098,SAFProductionSite,site_ODISHA_10038,ODISHA,inv_02,90370.6475011913,80664.60286172637,9706.044639464933,0.0,0.0,1495.71,285.71,600.0,250.0,100000.0,True,site_ODISHA_10038,1.0,,,,,,,,,,,30181096.793546706,,,,0,665.5,83516.17937270824,522.4497194627018,522.4497194627018,,
74,site_MADHYA_PRADESH_10183,74,2098,SAFProductionSite,site_MADHYA_PRADESH_10183,MADHYA_PRADESH,inv_28,90369.7425643573,79997.43830021641,10372.304264140883,0.0,0.0,1525.71,285.71,600.0,250.0,100000.0,True,site_MADHYA_PRADESH_10183,1.0,,,,,,,,,,,29050469.20470947,,,,0,693.0,82850.5352138366,530.7049189666487,530.7049189666487,,
75,site_GUJARAT_001,75,2099,SAFProductionSite,site_GUJARAT_001,GUJARAT,inv_01,86517.77936512932,82667.87332410099,3849.9060410283273,0.0,0.0,1540.71,285.71,600.0,250.0,100000.0,True,site_GUJARAT_001,1.0,,,,,,,,,,,36679479.3596026,,,,0,495.00000000000006,86562.40829619016,450.0,450.0,,
75,site_PUNJAB_020,75,2099,SAFProductionSite,site_PUNJAB_020,PUNJAB,inv_02,90909.64766643448,80990.6169046209,9919.030761813585,0.0,0.0,1495.71,285.71,600.0,250.0,100000.0,True,site_PUNJAB_020,1.0,,,,,,,,,,,40117000.3975264,,,,0,660.0,85109.34684683023,400.0,400.0,,
75,site_CHHATTISGARH_245,75,2099,SAFProductionSite,site_CHHATTISGARH_245,CHHATTISGARH,inv_06,89804.60691802287,76569.73706322596,13234.86985479691,0.0,0.0,1495.71,285.71,600.0,250.0,100000.0,True,site_CHHATTISGARH_245,1.0,,,,,,,,,,,38482441.28036556,,,,0,660.0,80197.30664774435,400.0,400.0,,
75,site_HARYANA_525,75,2099,SAFProductionSite,site_HARYANA_525,HARYANA,inv_10,91796.34531109847,83785.89074898523,8010.454562113242,0.0,0.0,1495.71,285.71,600.0,250.0,100000.0,True,site_HARYANA_525,1.0,,,,,,,,,,,40385801.02356164,,,,0,665.5,86545.10098269311,405.0,405.0,,
75,site_ODISHA_624,75,2099,SAFProductionSite,site_ODISHA_624,ODISHA,inv_11,93462.11411408675,86734.87616259408,6727.237951492672,0.0,0.0,1495.71,285.71,600.0,250.0,100000.0,True,site_ODISHA_624,1.0,,,,,,,,,,,41814890.190950945,,,,0,665.5,89404.74534625192,405.0,405.0,,
75,site_BIHAR_725,75,2099,SAFProductionSite,site_BIHAR_725,BIHAR,inv_12,92954.60127917823,84196.4354044505,8758.165874727725,0.0,0.0,1525.71,285.71,600.0,250.0,100000.0,True,site_BIHAR_725,1.0,,,,,,,,,,,41759360.26537703,,,,0,467.50000000000006,86458.07461765366,425.0,425.0,,
75,site_MADHYA_PRADESH_1615,75,2099,SAFProductionSite,site_MADHYA_PRADESH_1615,MADHYA_PRADESH,inv_19,90611.00122629595,78666.61231439309,11944.38891190286,0.0,0.0,1525.71,285.71,600.0,250.0,100000.0,True,site_MADHYA_PRADESH_1615,1.0,,,,,,,,,,,36527245.03163895,,,,0,693.0,82175.48493991613,430.0,430.0,,
75,site_UTTAR_PRADESH_2182,75,2099,SAFProductionSite,site_UTTAR_PRADESH_2182,UTTAR_PRADESH,inv_23,93630.82612539998,85766.555897326,7864.270228073976,0.0,0.0,1525.71,285.71,600.0,250.0,100000.0,True,site_UTTAR_PRADESH_2182,1.0,,,,,,,,,,,41667566.33131008,,,,0,473.00000000000006,88418.01075474071,430.0,430.0,,
75,site_TELANGANA_2516,75,2099,SAFProductionSite,site_TELANGANA_2516,TELANGANA,inv_25,92286.81001841213,87776.67048220447,4510.139536207658,0.0,0.0,1525.71,285.71,600.0,250.0,100000.0,True,site_TELANGANA_2516,1.0,,,,,,,,,,,40651378.5025581,,,,0,478.50000000000006,89631.22631233465,435.0,435.0,,
75,site_KARNATAKA_3051,75,2099,SAFProductionSite,site_KARNATAKA_3051,KARNATAKA,inv_28,92047.33161006848,85440.94696854986,6606.384641518613,0.0,0.0,1540.71,285.71,600.0,250.0,100000.0,True,site_KARNATAKA_3051,1.0,,,,,,,,,,,39605277.74424282,,,,0,489.50000000000006,89372.55337479417,445.00000000000006,445.00000000000006,,
75,site_ANDHRA_PRADESH_3930,75,2099,SAFProductionSite,site_ANDHRA_PRADESH_3930,ANDHRA_PRADESH,inv_11,90693.86194650213,79212.3467631847,11481.515183317431,0.0,0.0,1540.71,285.71,600.0,250.0,100000.0,True,site_ANDHRA_PRADESH_3930,1.0,,,,,,,,,,,38262141.90877278,,,,0,495.00000000000006,81960.83413849205,450.0,450.0,,
75,site_WEST_BENGAL_4276,75,2099,SAFProductionSite,site_WEST_BENGAL_4276,WEST_BENGAL,inv_02,92387.65562776275,84879.70708294908,7507.948544813669,0.0,0.0,1540.71,285.71,600.0,250.0,100000.0,True,site_WEST_BENGAL_4276,1.0,,,,,,,,,,,38793161.66802873,,,,0,500.50000000000006,0.0,454.99999999999994,454.99999999999994,,
75,site_MAHARASHTRA_4310,75,2099,SAFProductionSite,site_MAHARASHTRA_4310,MAHARASHTRA,inv_10,91129.57675736203,79723.32811335052,11406.248644011503,0.0,0.0,1570.71,285.71,600.0,250.0,100000.0,True,site_MAHARASHTRA_4310,1.0,,,,,,,,,,,36601686.65938231,,,,0,517.0,0.0,470.00000000000006,470.00000000000006,,
75,site_TAMIL_NADU_4435,75,2099,SAFProductionSite,site_TAMIL_NADU_4435,TAMIL_NADU,inv_35,90180.85976654768,77703.25009820667,12477.609668341014,0.0,0.0,1570.71,285.71,600.0,250.0,100000.0,True,site_TAMIL_NADU_4435,1.0,,,,,,,,,,,35722182.09996724,,,,0,522.5,0.0,475.00000000000006,475.00000000000006,,
75,site_JHARKHAND_4876,75,2099,SAFProductionSite,site_JHARKHAND_4876,JHARKHAND,inv_37,91061.63807998168,80018.51967495322,11043.118405028465,0.0,0.0,1570.71,285.71,600.0,250.0,100000.0,True,site_JHARKHAND_4876,1.0,,,,,,,,,,,35663793.63197175,,,,0,528.0,82592.79794654396,480.0,480.0,,
75,site_RAJASTHAN_5813,75,2099,SAFProductionSite,site_RAJASTHAN_5813,RAJASTHAN,inv_41,92352.89529799385,85511.13985625247,6841.755441741378,0.0,0.0,1570.71,285.71,600.0,250.0,100000.0,True,site_RAJASTHAN_5813,1.0,,,,,,,,,,,36019945.104040384,,,,0,533.5,89742.42689939626,484.99999999999994,484.99999999999994,,
75,site_CHHATTISGARH_6311,75,2099,SAFProductionSite,site_CHHATTISGARH_6311,CHHATTISGARH,inv_43,90705.4594085306,78546.87688740222,12158.58252112838,0.0,0.0,1495.71,285.71,600.0,250.0,100000.0,True,site_CHHATTISGARH_6311,1.0,,,,,,,,,,,32391706.269931212,,,,0,660.0,81891.07885224825,492.5719050036115,492.5719050036115,,
75,site_PUNJAB_7112,75,2099,SAFProductionSite,site_PUNJAB_7112,PUNJAB,inv_46,82568.82746321504,77003.03376265233,5565.793700562717,0.0,0.0,1495.71,285.71,600.0,250.0,100000.0,True,site_PUNJAB_7112,1.0,,,,,,,,,,,28731834.969467282,,,,0,660.0,80584.46574920612,501.1922698217161,501.1922698217161,,
75,site_HARYANA_8697,75,2099,SAFProductionSite,site_HARYANA_8697,HARYANA,inv_23,91476.68477886848,78248.93724109075,13227.74753777773,0.0,0.0,1495.71,285.71,600.0,250.0,100000.0,True,site_HARYANA_8697,1.0,,,,,,,,,,,30947288.046828136,,,,0,665.5,80548.00324073785,511.79298437821285,511.79298437821285,,
75,site_ASSAM_8961,75,2099,SAFProductionSite,site_ASSAM_8961,ASSAM,inv_12,90298.60663963453,79927.79562384682,10370.811015787709,0.0,0.0,1615.71,285.71,600.0,250.0,100000.0,True,site_ASSAM_8961,1.0,,,,,,,,,,,31661188.159793362,,,,0,572.0,81976.2481996464,520.0,520.0,,
75,site_KERALA_9594,75,2099,SAFProductionSite,site_KERALA_9594,KERALA,inv_25,91754.84739373281,82491.20078484008,9263.646608892726,0.0,0.0,1615.71,285.71,600.0,250.0,100000.0,True,site_KERALA_9594,1.0,,,,,,,,,,,31895381.27193752,,,,0,577.5,85933.74841798336,525.0,525.0,,
75,site_ODISHA_10038,75,2099,SAFProductionSite,site_ODISHA_10038,ODISHA,inv_02,91809.3007893863,81179.39398464715,10629.906804739148,0.0,0.0,1495.71,285.71,600.0,250.0,100000.0,True,site_ODISHA_10038,1.0,,,,,,,,,,,30661564.017628446,,,,0,665.5,83516.17937270824,522.4497194627018,522.4497194627018,,
75,site_MADHYA_PRADESH_10183,75,2099,SAFProductionSite,site_MADHYA_PRADESH_10183,MADHYA_PRADESH,inv_28,91442.18456252717,79869.49668388464,11572.687878642522,0.0,0.0,1525.71,285.71,600.0,250.0,100000.0,True,site_MADHYA_PRADESH_10183,1.0,,,,,,,,,,,29395218.922453612,,,,0,693.0,82850.5352138366,530.7049189666487,530.7049189666487,,
76,site_GUJARAT_001,76,2100,SAFProductionSite,site_GUJARAT_001,GUJARAT,inv_01,86517.77936512932,84830.6208331533,1687.1585319760197,0.0,0.0,1540.71,285.71,600.0,250.0,100000.0,True,site_GUJARAT_001,1.0,,,,,,,,,,,36679479.3596026,,,,0,495.00000000000006,86562.40829619016,450.0,450.0,,
76,site_PUNJAB_020,76,2100,SAFProductionSite,site_PUNJAB_020,PUNJAB,inv_02,90909.64766643448,82115.00349493856,8794.644171495922,0.0,0.0,1495.71,285.71,600.0,250.0,100000.0,True,site_PUNJAB_020,1.0,,,,,,,,,,,40117000.3975264,,,,0,660.0,85109.34684683023,400.0,400.0,,
76,site_CHHATTISGARH_245,76,2100,SAFProductionSite,site_CHHATTISGARH_245,CHHATTISGARH,inv_06,89804.60691802287,76678.74768919528,13125.859228827583,0.0,0.0,1495.71,285.71,600.0,250.0,100000.0,True,site_CHHATTISGARH_245,1.0,,,,,,,,,,,38482441.28036556,,,,0,660.0,80197.30664774435,400.0,400.0,,
76,site_HARYANA_525,76,2100,SAFProductionSite,site_HARYANA_525,HARYANA,inv_10,91480.00722716865,82501.61742748183,8978.389799686818,0.0,0.0,1495.71,285.71,600.0,250.0,100000.0,True,site_HARYANA_525,1.0,,,,,,,,,,,40246628.087313846,,,,0,665.5,86545.10098269311,405.0,405.0,,
76,site_ODISHA_624,76,2100,SAFProductionSite,site_ODISHA_624,ODISHA,inv_11,93396.1073865782,86241.81391290744,7154.293473670754,0.0,0.0,1495.71,285.71,600.0,250.0,100000.0,True,site_ODISHA_624,1.0,,,,,,,,,,,41785358.82320054,,,,0,665.5,89404.74534625192,405.0,405.0,,
76,site_BIHAR_725,76,2100,SAFProductionSite,site_BIHAR_725,BIHAR,inv_12,93427.81483921368,84629.11704702038,8798.6977921933,0.0,0.0,1525.71,285.71,600.0,250.0,100000.0,True,site_BIHAR_725,1.0,,,,,,,,,,,41971948.9405372,,,,0,467.50000000000006,86458.07461765366,425.0,425.0,,
76,site_MADHYA_PRADESH_1615,76,2100,SAFProductionSite,site_MADHYA_PRADESH_1615,MADHYA_PRADESH,inv_19,90611.00122629595,79628.98976398208,10982.011462313865,0.0,0.0,1525.71,285.71,600.0,250.0,100000.0,True,site_MADHYA_PRADESH_1615,1.0,,,,,,,,,,,36527245.03163895,,,,0,693.0,82175.48493991613,430.0,430.0,,
76,site_UTTAR_PRADESH_2182,76,2100,SAFProductionSite,site_UTTAR_PRADESH_2182,UTTAR_PRADESH,inv_23,92342.40893658347,84586.35585620163,7756.05308038184,0.0,0.0,1525.71,285.71,600.0,250.0,100000.0,True,site_UTTAR_PRADESH_2182,1.0,,,,,,,,,,,41094195.24297309,,,,0,473.00000000000006,88418.01075474071,430.0,430.0,,
76,site_TELANGANA_2516,76,2100,SAFProductionSite,site_TELANGANA_2516,TELANGANA,inv_25,94668.24821168352,87576.49435140316,7091.753860280354,0.0,0.0,1525.71,285.71,600.0,250.0,100000.0,True,site_TELANGANA_2516,1.0,,,,,,,,,,,41700377.22031431,,,,0,478.50000000000006,89631.22631233465,435.0,435.0,,
76,site_KARNATAKA_3051,76,2100,SAFProductionSite,site_KARNATAKA_3051,KARNATAKA,inv_28,92552.89967057457,86011.82701579275,6541.072654781819,0.0,0.0,1540.71,285.71,600.0,250.0,100000.0,True,site_KARNATAKA_3051,1.0,,,,,,,,,,,39822808.91114053,,,,0,489.50000000000006,89372.55337479417,445.00000000000006,445.00000000000006,,
76,site_ANDHRA_PRADESH_3930,76,2100,SAFProductionSite,site_ANDHRA_PRADESH_3930,ANDHRA_PRADESH,inv_11,91416.31312824276,79681.57087311966,11734.7422551231,0.0,0.0,1540.71,285.71,600.0,250.0,100000.0,True,site_ANDHRA_PRADESH_3930,1.0,,,,,,,,,,,38566931.329408824,,,,0,495.00000000000006,81960.83413849205,450.0,450.0,,
76,site_WEST_BENGAL_4276,76,2100,SAFProductionSite,site_WEST_BENGAL_4276,WEST_BENGAL,inv_02,92387.65562776275,86310.90323043177,6076.752397330987,0.0,0.0,1540.71,285.71,600.0,250.0,100000.0,True,site_WEST_BENGAL_4276,1.0,,,,,,,,,,,38793161.66802873,,,,0,500.50000000000006,88781.33805457133,454.99999999999994,454.99999999999994,,
76,site_MAHARASHTRA_4310,76,2100,SAFProductionSite,site_MAHARASHTRA_4310,MAHARASHTRA,inv_10,91789.59181192289,80148.76465210045,11640.827159822438,0.0,0.0,1570.71,285.71,600.0,250.0,100000.0,True,site_MAHARASHTRA_4310,1.0,,,,,,,,,,,36866778.02792704,,,,0,517.0,82222.18557144729,470.00000000000006,470.00000000000006,,
76,site_TAMIL_NADU_4435,76,2100,SAFProductionSite,site_TAMIL_NADU_4435,TAMIL_NADU,inv_35,90214.8074575984,77740.09929519882,12474.708162399591,0.0,0.0,1570.71,285.71,600.0,250.0,100000.0,True,site_TAMIL_NADU_4435,1.0,,,,,,,,,,,35735629.3614452,,,,0,522.5,81299.19183205116,475.00000000000006,475.00000000000006,,
76,site_JHARKHAND_4876,76,2100,SAFProductionSite,site_JHARKHAND_4876,JHARKHAND,inv_37,91823.7739131171,80619.03239728711,11204.741515829985,0.0,0.0,1570.71,285.71,600.0,250.0,100000.0,True,site_JHARKHAND_4876,1.0,,,,,,,,,,,35962279.97205494,,,,0,528.0,82592.79794654396,480.0,480.0,,
76,site_RAJASTHAN_5813,76,2100,SAFProductionSite,site_RAJASTHAN_5813,RAJASTHAN,inv_41,92352.89529799385,86832.56385535718,5520.3314426366705,0.0,0.0,1570.71,285.71,600.0,250.0,100000.0,True,site_RAJASTHAN_5813,1.0,,,,,,,,,,,36019945.104040384,,,,0,533.5,89742.42689939626,484.99999999999994,484.99999999999994,,
76,site_CHHATTISGARH_6311,76,2100,SAFProductionSite,site_CHHATTISGARH_6311,CHHATTISGARH,inv_43,90705.4594085306,79884.07602959909,10821.38337893151,0.0,0.0,1495.71,285.71,600.0,250.0,100000.0,True,site_CHHATTISGARH_6311,1.0,,,,,,,,,,,32391706.269931212,,,,0,660.0,81891.07885224825,492.5719050036115,492.5719050036115,,
76,site_PUNJAB_7112,76,2100,SAFProductionSite,site_PUNJAB_7112,PUNJAB,inv_46,82568.82746321504,77324.40965020118,5244.417813013861,0.0,0.0,1495.71,285.71,600.0,250.0,100000.0,True,site_PUNJAB_7112,1.0,,,,,,,,,,,28731834.969467282,,,,0,660.0,80584.46574920612,501.1922698217161,501.1922698217161,,
76,site_HARYANA_8697,76,2100,SAFProductionSite,site_HARYANA_8697,HARYANA,inv_23,91476.68477886848,78715.61266988565,12761.07210898283,0.0,0.0,1495.71,285.71,600.0,250.0,100000.0,True,site_HARYANA_8697,1.0,,,,,,,,,,,30947288.046828136,,,,0,665.5,80548.00324073785,511.79298437821285,511.79298437821285,,
76,site_ASSAM_8961,76,2100,SAFProductionSite,site_ASSAM_8961,ASSAM,inv_12,91880.4902375108,79625.63687192788,12254.853365582923,0.0,0.0,1615.71,285.71,600.0,250.0,100000.0,True,site_ASSAM_8961,1.0,,,,,,,,,,,32215840.286809325,,,,0,572.0,81976.2481996464,520.0,520.0,,
76,site_KERALA_9594,76,2100,SAFProductionSite,site_KERALA_9594,KERALA,inv_25,91276.53720390069,81893.1383041272,9383.398899773485,0.0,0.0,1615.71,285.71,600.0,250.0,100000.0,True,site_KERALA_9594,1.0,,,,,,,,,,,31729113.371065944,,,,0,577.5,85933.74841798336,525.0,525.0,,
76,site_ODISHA_10038,76,2100,SAFProductionSite,site_ODISHA_10038,ODISHA,inv_02,91495.29328721124,80388.71261704779,11106.580670163457,0.0,0.0,1495.71,285.71,600.0,250.0,100000.0,True,site_ODISHA_10038,1.0,,,,,,,,,,,30556694.89165567,,,,0,665.5,0.0,522.4497194627018,522.4497194627018,,
76,site_MADHYA_PRADESH_10183,76,2100,SAFProductionSite,site_MADHYA_PRADESH_10183,MADHYA_PRADESH,inv_28,90244.20181954105,78823.1275581246,11421.074261416448,0.0,0.0,1525.71,285.71,600.0,250.0,100000.0,True,site_MADHYA_PRADESH_10183,1.0,,,,,,,,,,,29010112.58270599,,,,0,693.0,0.0,530.7049189666487,530.7049189666487,,
77,site_GUJARAT_001,77,2101,SAFProductionSite,site_GUJARAT_001,GUJARAT,inv_01,88474.09095808124,84537.13210692411,3936.9588511571346,0.0,0.0,1540.71,285.71,600.0,250.0,100000.0,True,site_GUJARAT_001,1.0,,,,,,,,,,,37508863.69217776,,,,0,495.00000000000006,86562.40829619016,450.0,450.0,,
77,site_PUNJAB_020,77,2101,SAFProductionSite,site_PUNJAB_020,PUNJAB,inv_02,92033.96690953911,81992.26317027243,10041.703739266683,0.0,0.0,1495.71,285.71,600.0,250.0,100000.0,True,site_PUNJAB_020,1.0,,,,,,,,,,,40613144.82972211,,,,0,660.0,85109.34684683023,400.0,400.0,,
77,site_CHHATTISGARH_245,77,2101,SAFProductionSite,site_CHHATTISGARH_245,CHHATTISGARH,inv_06,89359.24824800025,76190.01271018037,13169.235537819884,0.0,0.0,1495.71,285.71,600.0,250.0,100000.0,True,site_CHHATTISGARH_245,1.0,,,,,,,,,,,38291599.3018077,,,,0,660.0,80197.30664774435,400.0,400.0,,
77,site_HARYANA_525,77,2101,SAFProductionSite,site_HARYANA_525,HARYANA,inv_10,91480.00722716865,83319.85467833153,8160.152548837126,0.0,0.0,1495.71,285.71,600.0,250.0,100000.0,True,site_HARYANA_525,1.0,,,,,,,,,,,40246628.087313846,,,,0,665.5,86545.10098269311,405.0,405.0,,
77,site_ODISHA_624,77,2101,SAFProductionSite,site_ODISHA_624,ODISHA,inv_11,92688.02246866799,85587.96944943118,7100.053019236802,0.0,0.0,1495.71,285.71,600.0,250.0,100000.0,True,site_ODISHA_624,1.0,,,,,,,,,,,41468562.08294982,,,,0,665.5,89404.74534625192,405.0,405.0,,
77,site_BIHAR_725,77,2101,SAFProductionSite,site_BIHAR_725,BIHAR,inv_12,93777.12597637853,84511.23194172338,9265.894034655154,0.0,0.0,1525.71,285.71,600.0,250.0,100000.0,True,site_BIHAR_725,1.0,,,,,,,,,,,42128875.111171454,,,,0,467.50000000000006,86458.07461765366,425.0,425.0,,
77,site_MADHYA_PRADESH_1615,77,2101,SAFProductionSite,site_MADHYA_PRADESH_1615,MADHYA_PRADESH,inv_19,91158.01395069358,79141.51753935312,12016.496411340457,0.0,0.0,1525.71,285.71,600.0,250.0,100000.0,True,site_MADHYA_PRADESH_1615,1.0,,,,,,,,,,,36747757.63550696,,,,0,693.0,82175.48493991613,430.0,430.0,,
77,site_UTTAR_PRADESH_2182,77,2101,SAFProductionSite,site_UTTAR_PRADESH_2182,UTTAR_PRADESH,inv_23,91957.21618966425,84233.51634140716,7723.6998482570925,0.0,0.0,1525.71,285.71,600.0,250.0,100000.0,True,site_UTTAR_PRADESH_2182,1.0,,,,,,,,,,,40922776.86510785,,,,0,473.00000000000006,88418.01075474071,430.0,430.0,,
77,site_TELANGANA_2516,77,2101,SAFProductionSite,site_TELANGANA_2516,TELANGANA,inv_25,92864.78713190515,85908.13350127926,6956.653630625893,0.0,0.0,1525.71,285.71,600.0,250.0,100000.0,True,site_TELANGANA_2516,1.0,,,,,,,,,,,40905971.400521874,,,,0,478.50000000000006,89631.22631233465,435.0,435.0,,
77,site_KARNATAKA_3051,77,2101,SAFProductionSite,site_KARNATAKA_3051,KARNATAKA,inv_28,92313.17978090499,85219.64764185707,7093.532139047922,0.0,0.0,1540.71,285.71,600.0,250.0,100000.0,True,site_KARNATAKA_3051,1.0,,,,,,,,,,,39719664.44573222,,,,0,489.50000000000006,89372.55337479417,445.00000000000006,445.00000000000006,,
77,site_ANDHRA_PRADESH_3930,77,2101,SAFProductionSite,site_ANDHRA_PRADESH_3930,ANDHRA_PRADESH,inv_11,91853.41071713253,79591.0923567848,12262.318360347737,0.0,0.0,1540.71,285.71,600.0,250.0,100000.0,True,site_ANDHRA_PRADESH_3930,1.0,,,,,,,,,,,38751335.09847477,,,,0,495.00000000000006,81960.83413849205,450.0,450.0,,
77,site_WEST_BENGAL_4276,77,2101,SAFProductionSite,site_WEST_BENGAL_4276,WEST_BENGAL,inv_02,91976.5588379373,84502.01836613918,7474.540471798115,0.0,0.0,1540.71,285.71,600.0,250.0,100000.0,True,site_WEST_BENGAL_4276,1.0,,,,,,,,,,,38620543.972292826,,,,0,500.50000000000006,88781.33805457133,454.99999999999994,454.99999999999994,,
77,site_MAHARASHTRA_4310,77,2101,SAFProductionSite,site_MAHARASHTRA_4310,MAHARASHTRA,inv_10,91875.10109189528,79797.59671232135,12077.504379573933,0.0,0.0,1570.71,285.71,600.0,250.0,100000.0,True,site_MAHARASHTRA_4310,1.0,,,,,,,,,,,36901122.353703424,,,,0,517.0,82222.18557144729,470.00000000000006,470.00000000000006,,
77,site_TAMIL_NADU_4435,77,2101,SAFProductionSite,site_TAMIL_NADU_4435,TAMIL_NADU,inv_35,90257.59000797322,79512.42466805446,10745.165339918763,0.0,0.0,1570.71,285.71,600.0,250.0,100000.0,True,site_TAMIL_NADU_4435,1.0,,,,,,,,,,,35752576.261919945,,,,0,522.5,81299.19183205116,475.00000000000006,475.00000000000006,,
77,site_JHARKHAND_4876,77,2101,SAFProductionSite,site_JHARKHAND_4876,JHARKHAND,inv_37,90893.80924005335,79208.11520868751,11685.694031365842,0.0,0.0,1570.71,285.71,600.0,250.0,100000.0,True,site_JHARKHAND_4876,1.0,,,,,,,,,,,35598064.382653385,,,,0,528.0,0.0,480.0,480.0,,
77,site_RAJASTHAN_5813,77,2101,SAFProductionSite,site_RAJASTHAN_5813,RAJASTHAN,inv_41,93780.04657253799,87397.50449051666,6382.542082021333,0.0,0.0,1570.71,285.71,600.0,250.0,100000.0,True,site_RAJASTHAN_5813,1.0,,,,,,,,,,,36576569.88985105,,,,0,533.5,89742.42689939626,484.99999999999994,484.99999999999994,,
77,site_CHHATTISGARH_6311,77,2101,SAFProductionSite,site_CHHATTISGARH_6311,CHHATTISGARH,inv_43,91488.61612758711,79225.05562985493,12263.560497732178,0.0,0.0,1495.71,285.71,600.0,250.0,100000.0,True,site_CHHATTISGARH_6311,1.0,,,,,,,,,,,32671378.326855034,,,,0,660.0,81891.07885224825,492.5719050036115,492.5719050036115,,
77,site_PUNJAB_7112,77,2101,SAFProductionSite,site_PUNJAB_7112,PUNJAB,inv_46,82913.43246009933,77800.20238137174,5113.230078727589,0.0,0.0,1495.71,285.71,600.0,250.0,100000.0,True,site_PUNJAB_7112,1.0,,,,,,,,,,,28851748.673032254,,,,0,660.0,80584.46574920612,501.1922698217161,501.1922698217161,,
77,site_HARYANA_8697,77,2101,SAFProductionSite,site_HARYANA_8697,HARYANA,inv_23,91184.56264844269,77999.05666982083,13185.505978621863,0.0,0.0,1495.71,285.71,600.0,250.0,100000.0,True,site_HARYANA_8697,1.0,,,,,,,,,,,30848460.813014477,,,,0,665.5,80548.00324073785,511.79298437821285,511.79298437821285,,
77,site_ASSAM_8961,77,2101,SAFProductionSite,site_ASSAM_8961,ASSAM,inv_12,90531.67366941736,78456.72301458755,12074.950654829809,0.0,0.0,1615.71,285.71,600.0,250.0,100000.0,True,site_ASSAM_8961,1.0,,,,,,,,,,,31742907.904520378,,,,0,572.0,81976.2481996464,520.0,520.0,,
77,site_KERALA_9594,77,2101,SAFProductionSite,site_KERALA_9594,KERALA,inv_25,91276.53720390069,83619.95978873532,7656.577415165375,0.0,0.0,1615.71,285.71,600.0,250.0,100000.0,True,site_KERALA_9594,1.0,,,,,,,,,,,31729113.371065944,,,,0,577.5,85933.74841798336,525.0,525.0,,
77,site_ODISHA_10038,77,2101,SAFProductionSite,site_ODISHA_10038,ODISHA,inv_02,90582.49357210679,79586.71733031634,10995.776241790445,0.0,0.0,1495.71,285.71,600.0,250.0,100000.0,True,site_ODISHA_10038,1.0,,,,,,,,,,,30251847.0531545,,,,0,665.5,83516.17937270824,522.4497194627018,522.4497194627018,,
77,site_MADHYA_PRADESH_10183,77,2101,SAFProductionSite,site_MADHYA_PRADESH_10183,MADHYA_PRADESH,inv_28,90244.20181954105,79751.46950874284,10492.732310798208,0.0,0.0,1525.71,285.71,600.0,250.0,100000.0,True,site_MADHYA_PRADESH_10183,1.0,,,,,,,,,,,29010112.58270599,,,,0,693.0,82850.5352138366,530.7049189666487,530.7049189666487,,
78,site_GUJARAT_001,78,2102,SAFProductionSite,site_GUJARAT_001,GUJARAT,inv_01,88175.47340450867,84251.80256804507,3923.6708364635997,0.0,0.0,1540.71,285.71,600.0,250.0,100000.0,True,site_GUJARAT_001,1.0,,,,,,,,,,,37382263.85948376,,,,0,495.00000000000006,86562.40829619016,450.0,450.0,,
78,site_PUNJAB_020,78,2102,SAFProductionSite,site_PUNJAB_020,PUNJAB,inv_02,91566.68362185698,81575.96454069839,9990.71908115859,0.0,0.0,1495.71,285.71,600.0,250.0,100000.0,True,site_PUNJAB_020,1.0,,,,,,,,,,,40406940.05037367,,,,0,660.0,85109.34684683023,400.0,400.0,,
78,site_CHHATTISGARH_245,78,2102,SAFProductionSite,site_CHHATTISGARH_245,CHHATTISGARH,inv_06,89359.24824800025,77176.63886314533,12182.60938485492,0.0,0.0,1495.71,285.71,600.0,250.0,100000.0,True,site_CHHATTISGARH_245,1.0,,,,,,,,,,,38291599.3018077,,,,0,660.0,80197.30664774435,400.0,400.0,,
78,site_HARYANA_525,78,2102,SAFProductionSite,site_HARYANA_525,HARYANA,inv_10,92387.29064724297,84604.1489680876,7783.141679155378,0.0,0.0,1495.71,285.71,600.0,250.0,100000.0,True,site_HARYANA_525,1.0,,,,,,,,,,,40645787.41714248,,,,0,665.5,86545.10098269311,405.0,405.0,,
78,site_ODISHA_624,78,2102,SAFProductionSite,site_ODISHA_624,ODISHA,inv_11,92458.78811153818,85376.2948162668,7082.493295271372,0.0,0.0,1495.71,285.71,600.0,250.0,100000.0,True,site_ODISHA_624,1.0,,,,,,,,,,,41366002.77790697,,,,0,665.5,89404.74534625192,405.0,405.0,,
78,site_BIHAR_725,78,2102,SAFProductionSite,site_BIHAR_725,BIHAR,inv_12,91579.83220968815,82531.04752865393,9048.784681034216,0.0,0.0,1525.71,285.71,600.0,250.0,100000.0,True,site_BIHAR_725,1.0,,,,,,,,,,,41141752.572325766,,,,0,467.50000000000006,86458.07461765366,425.0,425.0,,
78,site_MADHYA_PRADESH_1615,78,2102,SAFProductionSite,site_MADHYA_PRADESH_1615,MADHYA_PRADESH,inv_19,90143.65389276318,78260.87094738876,11882.78294537442,0.0,0.0,1525.71,285.71,600.0,250.0,100000.0,True,site_MADHYA_PRADESH_1615,1.0,,,,,,,,,,,36338847.26165733,,,,0,693.0,82175.48493991613,430.0,430.0,,
78,site_UTTAR_PRADESH_2182,78,2102,SAFProductionSite,site_UTTAR_PRADESH_2182,UTTAR_PRADESH,inv_23,91957.21618966425,85478.8653142535,6478.350875410746,0.0,0.0,1525.71,285.71,600.0,250.0,100000.0,True,site_UTTAR_PRADESH_2182,1.0,,,,,,,,,,,40922776.86510785,,,,0,473.00000000000006,88418.01075474071,430.0,430.0,,
78,site_TELANGANA_2516,78,2102,SAFProductionSite,site_TELANGANA_2516,TELANGANA,inv_25,92864.78713190515,86067.75828486563,6797.028847039517,0.0,0.0,1525.71,285.71,600.0,250.0,100000.0,True,site_TELANGANA_2516,1.0,,,,,,,,,,,40905971.400521874,,,,0,478.50000000000006,89631.22631233465,435.0,435.0,,
78,site_KARNATAKA_3051,78,2102,SAFProductionSite,site_KARNATAKA_3051,KARNATAKA,inv_28,92313.17978090499,86837.81635146415,5475.36342944084,0.0,0.0,1540.71,285.71,600.0,250.0,100000.0,True,site_KARNATAKA_3051,1.0,,,,,,,,,,,39719664.44573222,,,,0,489.50000000000006,89372.55337479417,445.00000000000006,445.00000000000006,,
78,site_ANDHRA_PRADESH_3930,78,2102,SAFProductionSite,site_ANDHRA_PRADESH_3930,ANDHRA_PRADESH,inv_11,91853.41071713253,80079.27312188936,11774.13759524317,0.0,0.0,1540.71,285.71,600.0,250.0,100000.0,True,site_ANDHRA_PRADESH_3930,1.0,,,,,,,,,,,38751335.09847477,,,,0,495.00000000000006,81960.83413849205,450.0,450.0,,
78,site_WEST_BENGAL_4276,78,2102,SAFProductionSite,site_WEST_BENGAL_4276,WEST_BENGAL,inv_02,91976.5588379373,85620.1353173344,6356.423520602897,0.0,0.0,1540.71,285.71,600.0,250.0,100000.0,True,site_WEST_BENGAL_4276,1.0,,,,,,,,,,,38620543.972292826,,,,0,500.50000000000006,88781.33805457133,454.99999999999994,454.99999999999994,,
78,site_MAHARASHTRA_4310,78,2102,SAFProductionSite,site_MAHARASHTRA_4310,MAHARASHTRA,inv_10,90764.91501532095,78833.35090729629,11931.564108024657,0.0,0.0,1570.71,285.71,600.0,250.0,100000.0,True,site_MAHARASHTRA_4310,1.0,,,,,,,,,,,36455222.302871674,,,,0,517.0,82222.18557144729,470.00000000000006,470.00000000000006,,
78,site_TAMIL_NADU_4435,78,2102,SAFProductionSite,site_TAMIL_NADU_4435,TAMIL_NADU,inv_35,90596.67328812667,78032.15637168559,12564.516916441076,0.0,0.0,1570.71,285.71,600.0,250.0,100000.0,True,site_TAMIL_NADU_4435,1.0,,,,,,,,,,,35886892.952978894,,,,0,522.5,81299.19183205116,475.00000000000006,475.00000000000006,,
78,site_JHARKHAND_4876,78,2102,SAFProductionSite,site_JHARKHAND_4876,JHARKHAND,inv_37,90893.80924005335,79208.284570051,11685.524670002356,0.0,0.0,1570.71,285.71,600.0,250.0,100000.0,True,site_JHARKHAND_4876,1.0,,,,,,,,,,,35598064.382653385,,,,0,528.0,82592.79794654396,480.0,480.0,,
78,site_RAJASTHAN_5813,78,2102,SAFProductionSite,site_RAJASTHAN_5813,RAJASTHAN,inv_41,93294.74332781167,86383.21320426409,6911.530123547578,0.0,0.0,1570.71,285.71,600.0,250.0,100000.0,True,site_RAJASTHAN_5813,1.0,,,,,,,,,,,36387289.4544359,,,,0,533.5,89742.42689939626,484.99999999999994,484.99999999999994,,
78,site_CHHATTISGARH_6311,78,2102,SAFProductionSite,site_CHHATTISGARH_6311,CHHATTISGARH,inv_43,90857.27872823563,78678.34563792462,12178.93309031101,0.0,0.0,1495.71,285.71,600.0,250.0,100000.0,True,site_CHHATTISGARH_6311,1.0,,,,,,,,,,,32445922.265771523,,,,0,660.0,81891.07885224825,492.5719050036115,492.5719050036115,,
78,site_PUNJAB_7112,78,2102,SAFProductionSite,site_PUNJAB_7112,PUNJAB,inv_46,82678.11963533581,77104.95877573984,5573.16085959597,0.0,0.0,1495.71,285.71,600.0,250.0,100000.0,True,site_PUNJAB_7112,1.0,,,,,,,,,,,28769865.843215942,,,,0,660.0,80584.46574920612,501.1922698217161,501.1922698217161,,
78,site_HARYANA_8697,78,2102,SAFProductionSite,site_HARYANA_8697,HARYANA,inv_23,89696.51098078184,76726.18083445614,12970.330146325694,0.0,0.0,1495.71,285.71,600.0,250.0,100000.0,True,site_HARYANA_8697,1.0,,,,,,,,,,,30345041.130731657,,,,0,665.5,80548.00324073785,511.79298437821285,511.79298437821285,,
78,site_ASSAM_8961,78,2102,SAFProductionSite,site_ASSAM_8961,ASSAM,inv_12,90531.67366941736,79830.50519932245,10701.168470094912,0.0,0.0,1615.71,285.71,600.0,250.0,100000.0,True,site_ASSAM_8961,1.0,,,,,,,,,,,31742907.904520378,,,,0,572.0,81976.2481996464,520.0,520.0,,
78,site_KERALA_9594,78,2102,SAFProductionSite,site_KERALA_9594,KERALA,inv_25,92767.4887057461,83230.8172004313,9536.671505314807,0.0,0.0,1615.71,285.71,600.0,250.0,100000.0,True,site_KERALA_9594,1.0,,,,,,,,,,,32247390.80228725,,,,0,577.5,85933.74841798336,525.0,525.0,,
78,site_ODISHA_10038,78,2102,SAFProductionSite,site_ODISHA_10038,ODISHA,inv_02,90582.49357210679,81058.57282816054,9523.920743946248,0.0,0.0,1495.71,285.71,600.0,250.0,100000.0,True,site_ODISHA_10038,1.0,,,,,,,,,,,30251847.0531545,,,,0,665.5,83516.17937270824,522.4497194627018,522.4497194627018,,
78,site_MADHYA_PRADESH_10183,78,2102,SAFProductionSite,site_MADHYA_PRADESH_10183,MADHYA_PRADESH,inv_28,91307.05584404498,79795.08187319018,11511.9739708548,0.0,0.0,1525.71,285.71,600.0,250.0,100000.0,True,site_MADHYA_PRADESH_10183,1.0,,,,,,,,,,,29351780.127968356,,,,0,693.0,82850.5352138366,530.7049189666487,530.7049189666487,,
79,site_GUJARAT_001,79,2103,SAFProductionSite,site_GUJARAT_001,GUJARAT,inv_01,87558.26405080108,83662.05806649683,3896.2059843042516,0.0,0.0,1540.71,285.71,600.0,250.0,100000.0,True,site_GUJARAT_001,1.0,,,,,,,,,,,37120596.0506704,,,,0,495.00000000000006,86562.40829619016,450.0,450.0,,
79,site_PUNJAB_020,79,2103,SAFProductionSite,site_PUNJAB_020,PUNJAB,inv_02,91566.68362185698,82501.26754673828,9065.416075118701,0.0,0.0,1495.71,285.71,600.0,250.0,100000.0,True,site_PUNJAB_020,1.0,,,,,,,,,,,40406940.05037367,,,,0,660.0,85109.34684683023,400.0,400.0,,
79,site_CHHATTISGARH_245,79,2103,SAFProductionSite,site_CHHATTISGARH_245,CHHATTISGARH,inv_06,89959.19471968632,76701.54263236962,13257.652087316703,0.0,0.0,1495.71,285.71,600.0,250.0,100000.0,True,site_CHHATTISGARH_245,1.0,,,,,,,,,,,38548684.16259995,,,,0,660.0,80197.30664774435,400.0,400.0,,
79,site_HARYANA_525,79,2103,SAFProductionSite,site_HARYANA_525,HARYANA,inv_10,91215.78165897579,82263.32452171638,8952.457137259407,0.0,0.0,1495.71,285.71,600.0,250.0,100000.0,True,site_HARYANA_525,1.0,,,,,,,,,,,40130382.051742256,,,,0,665.5,86545.10098269311,405.0,405.0,,
79,site_ODISHA_624,79,2103,SAFProductionSite,site_ODISHA_624,ODISHA,inv_11,92458.78811153818,86402.8839610191,6055.904150519069,0.0,0.0,1495.71,285.71,600.0,250.0,100000.0,True,site_ODISHA_624,1.0,,,,,,,,,,,41366002.77790697,,,,0,665.5,89404.74534625192,405.0,405.0,,
79,site_BIHAR_725,79,2103,SAFProductionSite,site_BIHAR_725,BIHAR,inv_12,91579.83220968815,84374.56801101509,7205.26419867306,0.0,0.0,1525.71,285.71,600.0,250.0,100000.0,True,site_BIHAR_725,1.0,,,,,,,,,,,41141752.572325766,,,,0,467.50000000000006,86458.07461765366,425.0,425.0,,
79,site_MADHYA_PRADESH_1615,79,2103,SAFProductionSite,site_MADHYA_PRADESH_1615,MADHYA_PRADESH,inv_19,90143.65389276318,78770.96059414098,11372.693298622195,0.0,0.0,1525.71,285.71,600.0,250.0,100000.0,True,site_MADHYA_PRADESH_1615,1.0,,,,,,,,,,,36338847.26165733,,,,0,693.0,82175.48493991613,430.0,430.0,,
79,site_UTTAR_PRADESH_2182,79,2103,SAFProductionSite,site_UTTAR_PRADESH_2182,UTTAR_PRADESH,inv_23,93316.75607000655,86004.33117114102,7312.424898865531,0.0,0.0,1525.71,285.71,600.0,250.0,100000.0,True,site_UTTAR_PRADESH_2182,1.0,,,,,,,,,,,41527798.95546466,,,,0,473.00000000000006,88418.01075474071,430.0,430.0,,
79,site_TELANGANA_2516,79,2103,SAFProductionSite,site_TELANGANA_2516,TELANGANA,inv_25,93037.33798296636,87638.38522452618,5398.95275844018,0.0,0.0,1525.71,285.71,600.0,250.0,100000.0,True,site_TELANGANA_2516,1.0,,,,,,,,,,,40981978.25302908,,,,0,478.50000000000006,89631.22631233465,435.0,435.0,,
79,site_KARNATAKA_3051,79,2103,SAFProductionSite,site_KARNATAKA_3051,KARNATAKA,inv_28,93143.09443895757,85985.78997277786,7157.304466179718,0.0,0.0,1540.71,285.71,600.0,250.0,100000.0,True,site_KARNATAKA_3051,1.0,,,,,,,,,,,40076752.47817439,,,,0,489.50000000000006,89372.55337479417,445.00000000000006,445.00000000000006,,
79,site_ANDHRA_PRADESH_3930,79,2103,SAFProductionSite,site_ANDHRA_PRADESH_3930,ANDHRA_PRADESH,inv_11,89885.51606841566,77885.90924478487,11999.606823630791,0.0,0.0,1540.71,285.71,600.0,250.0,100000.0,True,site_ANDHRA_PRADESH_3930,1.0,,,,,,,,,,,37921115.029611304,,,,0,495.00000000000006,81960.83413849205,450.0,450.0,,
79,site_WEST_BENGAL_4276,79,2103,SAFProductionSite,site_WEST_BENGAL_4276,WEST_BENGAL,inv_02,92237.7195835623,84741.95569802179,7495.763885540509,0.0,0.0,1540.71,285.71,600.0,250.0,100000.0,True,site_WEST_BENGAL_4276,1.0,,,,,,,,,,,38730204.19645952,,,,0,500.50000000000006,88781.33805457133,454.99999999999994,454.99999999999994,,
79,site_MAHARASHTRA_4310,79,2103,SAFProductionSite,site_MAHARASHTRA_4310,MAHARASHTRA,inv_10,90764.91501532095,79178.59180867375,11586.323206647197,0.0,0.0,1570.71,285.71,600.0,250.0,100000.0,True,site_MAHARASHTRA_4310,1.0,,,,,,,,,,,36455222.302871674,,,,0,517.0,82222.18557144729,470.00000000000006,470.00000000000006,,
79,site_TAMIL_NADU_4435,79,2103,SAFProductionSite,site_TAMIL_NADU_4435,TAMIL_NADU,inv_35,90364.33014042904,77832.03603420508,12532.294106223955,0.0,0.0,1570.71,285.71,600.0,250.0,100000.0,True,site_TAMIL_NADU_4435,1.0,,,,,,,,,,,35794857.855362624,,,,0,522.5,81299.19183205116,475.00000000000006,475.00000000000006,,
79,site_JHARKHAND_4876,79,2103,SAFProductionSite,site_JHARKHAND_4876,JHARKHAND,inv_37,90529.91107678495,78891.00133832183,11638.909738463117,0.0,0.0,1570.71,285.71,600.0,250.0,100000.0,True,site_JHARKHAND_4876,1.0,,,,,,,,,,,35455545.6527964,,,,0,528.0,82592.79794654396,480.0,480.0,,
79,site_RAJASTHAN_5813,79,2103,SAFProductionSite,site_RAJASTHAN_5813,RAJASTHAN,inv_41,93135.49200334706,86235.7596541112,6899.7323492358555,0.0,0.0,1570.71,285.71,600.0,250.0,100000.0,True,site_RAJASTHAN_5813,1.0,,,,,,,,,,,36325177.44434187,,,,0,533.5,89742.42689939626,484.99999999999994,484.99999999999994,,
79,site_CHHATTISGARH_6311,79,2103,SAFProductionSite,site_CHHATTISGARH_6311,CHHATTISGARH,inv_43,90200.41136853062,78109.52784051154,12090.883528019083,0.0,0.0,1495.71,285.71,600.0,250.0,100000.0,True,site_CHHATTISGARH_6311,1.0,,,,,,,,,,,32211349.234416947,,,,0,660.0,81891.07885224825,492.5719050036115,492.5719050036115,,
79,site_PUNJAB_7112,79,2103,SAFProductionSite,site_PUNJAB_7112,PUNJAB,inv_46,82678.11963533581,77590.51286713676,5087.6067681990535,0.0,0.0,1495.71,285.71,600.0,250.0,100000.0,True,site_PUNJAB_7112,1.0,,,,,,,,,,,28769865.843215942,,,,0,660.0,80584.46574920612,501.1922698217161,501.1922698217161,,
79,site_HARYANA_8697,79,2103,SAFProductionSite,site_HARYANA_8697,HARYANA,inv_23,89658.63633449178,76693.78295265988,12964.853381831897,0.0,0.0,1495.71,285.71,600.0,250.0,100000.0,True,site_HARYANA_8697,1.0,,,,,,,,,,,30332227.837472886,,,,0,665.5,80548.00324073785,511.79298437821285,511.79298437821285,,
79,site_ASSAM_8961,79,2103,SAFProductionSite,site_ASSAM_8961,ASSAM,inv_12,91432.06402120137,79237.02093211947,12195.043089081897,0.0,0.0,1615.71,285.71,600.0,250.0,100000.0,True,site_ASSAM_8961,1.0,,,,,,,,,,,32058609.656806156,,,,0,572.0,81976.2481996464,520.0,520.0,,
79,site_KERALA_9594,79,2103,SAFProductionSite,site_KERALA_9594,KERALA,inv_25,92767.4887057461,84146.60238372513,8620.886322020975,0.0,0.0,1615.71,285.71,600.0,250.0,100000.0,True,site_KERALA_9594,1.0,,,,,,,,,,,32247390.80228725,,,,0,577.5,85933.74841798336,525.0,525.0,,
79,site_ODISHA_10038,79,2103,SAFProductionSite,site_ODISHA_10038,ODISHA,inv_02,92102.42484166649,80922.14469096482,11180.28015070167,0.0,0.0,1495.71,285.71,600.0,250.0,100000.0,True,site_ODISHA_10038,1.0,,,,,,,,,,,30759458.69514826,,,,0,665.5,83516.17937270824,522.4497194627018,522.4497194627018,,
79,site_MADHYA_PRADESH_10183,79,2103,SAFProductionSite,site_MADHYA_PRADESH_10183,MADHYA_PRADESH,inv_28,90452.29817398803,79004.88777274487,11447.410401243164,0.0,0.0,1525.71,285.71,600.0,250.0,100000.0,True,site_MADHYA_PRADESH_10183,1.0,,,,,,,,,,,29077007.72443077,,,,0,693.0,82850.5352138366,530.7049189666487,530.7049189666487,,
80,site_GUJARAT_001,80,2104,SAFProductionSite,site_GUJARAT_001,GUJARAT,inv_01,86376.13414401219,82532.53109407383,3843.6030499383633,0.0,0.0,1540.71,285.71,600.0,250.0,100000.0,True,site_GUJARAT_001,1.0,,,,,,,,,,,36619428.43131392,,,,0,495.00000000000006,86562.40829619016,450.0,450.0,,
80,site_PUNJAB_020,80,2104,SAFProductionSite,site_PUNJAB_020,PUNJAB,inv_02,91301.51229762695,81339.72570702029,9961.786590606658,0.0,0.0,1495.71,285.71,600.0,250.0,100000.0,True,site_PUNJAB_020,1.0,,,,,,,,,,,40289924.10770297,,,,0,660.0,85109.34684683023,400.0,400.0,,
80,site_CHHATTISGARH_245,80,2104,SAFProductionSite,site_CHHATTISGARH_245,CHHATTISGARH,inv_06,89959.19471968632,77705.33662971764,12253.858089968679,0.0,0.0,1495.71,285.71,600.0,250.0,100000.0,True,site_CHHATTISGARH_245,1.0,,,,,,,,,,,38548684.16259995,,,,0,660.0,80197.30664774435,400.0,400.0,,
80,site_HARYANA_525,80,2104,SAFProductionSite,site_HARYANA_525,HARYANA,inv_10,91215.78165897579,82751.57492579677,8464.206733179017,0.0,0.0,1495.71,285.71,600.0,250.0,100000.0,True,site_HARYANA_525,1.0,,,,,,,,,,,40130382.051742256,,,,0,665.5,86545.10098269311,405.0,405.0,,
80,site_ODISHA_624,80,2104,SAFProductionSite,site_ODISHA_624,ODISHA,inv_11,92442.15573397683,85360.93650583277,7081.219228144066,0.0,0.0,1495.71,285.71,600.0,250.0,100000.0,True,site_ODISHA_624,1.0,,,,,,,,,,,41358561.46280368,,,,0,665.5,89404.74534625192,405.0,405.0,,
80,site_BIHAR_725,80,2104,SAFProductionSite,site_BIHAR_725,BIHAR,inv_12,93625.47807879144,84546.92467081216,9078.55340797927,0.0,0.0,1525.71,285.71,600.0,250.0,100000.0,True,site_BIHAR_725,1.0,,,,,,,,,,,42060748.09968756,,,,0,467.50000000000006,86458.07461765366,425.0,425.0,,
80,site_MADHYA_PRADESH_1615,80,2104,SAFProductionSite,site_MADHYA_PRADESH_1615,MADHYA_PRADESH,inv_19,90627.59982510662,78681.02287734824,11946.576947758382,0.0,0.0,1525.71,285.71,600.0,250.0,100000.0,True,site_MADHYA_PRADESH_1615,1.0,,,,,,,,,,,36533936.284110874,,,,0,693.0,0.0,430.0,430.0,,
80,site_UTTAR_PRADESH_2182,80,2104,SAFProductionSite,site_UTTAR_PRADESH_2182,UTTAR_PRADESH,inv_23,91838.2181485909,84124.51322177515,7713.7049268157425,0.0,0.0,1525.71,285.71,600.0,250.0,100000.0,True,site_UTTAR_PRADESH_2182,1.0,,,,,,,,,,,40869820.38725859,,,,0,473.00000000000006,88418.01075474071,430.0,430.0,,
80,site_TELANGANA_2516,80,2104,SAFProductionSite,site_TELANGANA_2516,TELANGANA,inv_25,92649.27782169312,85708.76834722827,6940.509474464852,0.0,0.0,1525.71,285.71,600.0,250.0,100000.0,True,site_TELANGANA_2516,1.0,,,,,,,,,,,40811041.79423788,,,,0,478.50000000000006,89631.22631233465,435.0,435.0,,
80,site_KARNATAKA_3051,80,2104,SAFProductionSite,site_KARNATAKA_3051,KARNATAKA,inv_28,92556.66391782566,85444.4219634004,7112.2419544252625,0.0,0.0,1540.71,285.71,600.0,250.0,100000.0,True,site_KARNATAKA_3051,1.0,,,,,,,,,,,39824428.55676493,,,,0,489.50000000000006,89372.55337479417,445.00000000000006,445.00000000000006,,
80,site_ANDHRA_PRADESH_3930,80,2104,SAFProductionSite,site_ANDHRA_PRADESH_3930,ANDHRA_PRADESH,inv_11,89885.51606841566,79066.56069915304,10818.955369262621,0.0,0.0,1540.71,285.71,600.0,250.0,100000.0,True,site_ANDHRA_PRADESH_3930,1.0,,,,,,,,,,,37921115.029611304,,,,0,495.00000000000006,81960.83413849205,450.0,450.0,,
80,site_WEST_BENGAL_4276,80,2104,SAFProductionSite,site_WEST_BENGAL_4276,WEST_BENGAL,inv_02,92237.7195835623,85059.8060706736,7177.913512888699,0.0,0.0,1540.71,285.71,600.0,250.0,100000.0,True,site_WEST_BENGAL_4276,1.0,,,,,,,,,,,38730204.19645952,,,,0,500.50000000000006,88781.33805457133,454.99999999999994,454.99999999999994,,
80,site_MAHARASHTRA_4310,80,2104,SAFProductionSite,site_MAHARASHTRA_4310,MAHARASHTRA,inv_10,90585.85622533366,78677.83041326265,11908.025812071006,0.0,0.0,1570.71,285.71,600.0,250.0,100000.0,True,site_MAHARASHTRA_4310,1.0,,,,,,,,,,,36383304.33772878,,,,0,517.0,82222.18557144729,470.00000000000006,470.00000000000006,,
80,site_TAMIL_NADU_4435,80,2104,SAFProductionSite,site_TAMIL_NADU_4435,TAMIL_NADU,inv_35,90223.39629227616,77710.6477792285,12512.748513047656,0.0,0.0,1570.71,285.71,600.0,250.0,100000.0,True,site_TAMIL_NADU_4435,1.0,,,,,,,,,,,35739031.545868576,,,,0,522.5,81299.19183205116,475.00000000000006,475.00000000000006,,
80,site_JHARKHAND_4876,80,2104,SAFProductionSite,site_JHARKHAND_4876,JHARKHAND,inv_37,90529.91107678495,79928.11616909804,10601.794907686912,0.0,0.0,1570.71,285.71,600.0,250.0,100000.0,True,site_JHARKHAND_4876,1.0,,,,,,,,,,,35455545.6527964,,,,0,528.0,82592.79794654396,480.0,480.0,,
80,site_RAJASTHAN_5813,80,2104,SAFProductionSite,site_RAJASTHAN_5813,RAJASTHAN,inv_41,92382.77504594186,85538.80603063075,6843.969015311115,0.0,0.0,1570.71,285.71,600.0,250.0,100000.0,True,site_RAJASTHAN_5813,1.0,,,,,,,,,,,36031598.95503591,,,,0,533.5,89742.42689939626,484.99999999999994,484.99999999999994,,
80,site_CHHATTISGARH_6311,80,2104,SAFProductionSite,site_CHHATTISGARH_6311,CHHATTISGARH,inv_43,90200.41136853062,78384.97350643393,11815.437862096689,0.0,0.0,1495.71,285.71,600.0,250.0,100000.0,True,site_CHHATTISGARH_6311,1.0,,,,,,,,,,,32211349.234416947,,,,0,660.0,81891.07885224825,492.5719050036115,492.5719050036115,,
80,site_PUNJAB_7112,80,2104,SAFProductionSite,site_PUNJAB_7112,PUNJAB,inv_46,83198.7696673876,78062.66675625401,5136.102911133596,0.0,0.0,1495.71,285.71,600.0,250.0,100000.0,True,site_PUNJAB_7112,1.0,,,,,,,,,,,28951038.70538871,,,,0,660.0,80584.46574920612,501.1922698217161,501.1922698217161,,
80,site_HARYANA_8697,80,2104,SAFProductionSite,site_HARYANA_8697,HARYANA,inv_23,89658.63633449178,78725.53981687556,10933.096517616214,0.0,0.0,1495.71,285.71,600.0,250.0,100000.0,True,site_HARYANA_8697,1.0,,,,,,,,,,,30332227.837472886,,,,0,665.5,80548.00324073785,511.79298437821285,511.79298437821285,,
80,site_ASSAM_8961,80,2104,SAFProductionSite,site_ASSAM_8961,ASSAM,inv_12,91432.06402120137,80126.07929295392,11305.984728247451,0.0,0.0,1615.71,285.71,600.0,250.0,100000.0,True,site_ASSAM_8961,1.0,,,,,,,,,,,32058609.656806156,,,,0,572.0,81976.2481996464,520.0,520.0,,
80,site_KERALA_9594,80,2104,SAFProductionSite,site_KERALA_9594,KERALA,inv_25,93591.49560245051,83970.1146455636,9621.380956886904,0.0,0.0,1615.71,285.71,600.0,250.0,100000.0,True,site_KERALA_9594,1.0,,,,,,,,,,,32533828.139252275,,,,0,577.5,85933.74841798336,525.0,525.0,,
80,site_ODISHA_10038,80,2104,SAFProductionSite,site_ODISHA_10038,ODISHA,inv_02,92102.42484166649,80983.21651063902,11119.208331027476,0.0,0.0,1495.71,285.71,600.0,250.0,100000.0,True,site_ODISHA_10038,1.0,,,,,,,,,,,30759458.69514826,,,,0,665.5,83516.17937270824,522.4497194627018,522.4497194627018,,
80,site_MADHYA_PRADESH_10183,80,2104,SAFProductionSite,site_MADHYA_PRADESH_10183,MADHYA_PRADESH,inv_28,90452.29817398803,80909.46770070538,9542.830473282651,0.0,0.0,1525.71,285.71,600.0,250.0,100000.0,True,site_MADHYA_PRADESH_10183,1.0,,,,,,,,,,,29077007.72443077,,,,0,693.0,82850.5352138366,530.7049189666487,530.7049189666487,,
81,site_GUJARAT_001,81,2105,SAFProductionSite,site_GUJARAT_001,GUJARAT,inv_01,86376.13414401219,83370.69960268268,3005.4345413295086,0.0,0.0,1540.71,285.71,600.0,250.0,100000.0,True,site_GUJARAT_001,1.0,,,,,,,,,,,36619428.43131392,,,,0,495.00000000000006,86562.40829619016,450.0,450.0,,
81,site_PUNJAB_020,81,2105,SAFProductionSite,site_PUNJAB_020,PUNJAB,inv_02,91137.65005581756,81193.74225650456,9943.907799313005,0.0,0.0,1495.71,285.71,600.0,250.0,100000.0,True,site_PUNJAB_020,1.0,,,,,,,,,,,40217614.27273445,,,,0,660.0,85109.34684683023,400.0,400.0,,
81,site_CHHATTISGARH_245,81,2105,SAFProductionSite,site_CHHATTISGARH_245,CHHATTISGARH,inv_06,90420.38603977415,77094.76631350217,13325.61972627198,0.0,0.0,1495.71,285.71,600.0,250.0,100000.0,True,site_CHHATTISGARH_245,1.0,,,,,,,,,,,38746310.637492195,,,,0,660.0,80197.30664774435,400.0,400.0,,
81,site_HARYANA_525,81,2105,SAFProductionSite,site_HARYANA_525,HARYANA,inv_10,91757.16680858456,82799.57485563167,8957.591952952891,0.0,0.0,1495.71,285.71,600.0,250.0,100000.0,True,site_HARYANA_525,1.0,,,,,,,,,,,40368564.44184846,,,,0,665.5,86545.10098269311,405.0,405.0,,
81,site_ODISHA_624,81,2105,SAFProductionSite,site_ODISHA_624,ODISHA,inv_11,92442.15573397683,86749.87554053876,5692.28019343807,0.0,0.0,1495.71,285.71,600.0,250.0,100000.0,True,site_ODISHA_624,1.0,,,,,,,,,,,41358561.46280368,,,,0,665.5,89404.74534625192,405.0,405.0,,
81,site_BIHAR_725,81,2105,SAFProductionSite,site_BIHAR_725,BIHAR,inv_12,92852.25876804268,83677.7486552058,9174.510112836884,0.0,0.0,1525.71,285.71,600.0,250.0,100000.0,True,site_BIHAR_725,1.0,,,,,,,,,,,41713383.43653628,,,,0,467.50000000000006,86458.07461765366,425.0,425.0,,
81,site_MADHYA_PRADESH_1615,81,2105,SAFProductionSite,site_MADHYA_PRADESH_1615,MADHYA_PRADESH,inv_19,90627.59982510662,79681.77793420051,10945.82189090611,0.0,0.0,1525.71,285.71,600.0,250.0,100000.0,True,site_MADHYA_PRADESH_1615,1.0,,,,,,,,,,,36533936.284110874,,,,0,693.0,82175.48493991613,430.0,430.0,,
81,site_UTTAR_PRADESH_2182,81,2105,SAFProductionSite,site_UTTAR_PRADESH_2182,UTTAR_PRADESH,inv_23,91838.2181485909,86303.8311186224,5534.387029968493,0.0,0.0,1525.71,285.71,600.0,250.0,100000.0,True,site_UTTAR_PRADESH_2182,1.0,,,,,,,,,,,40869820.38725859,,,,0,473.00000000000006,88418.01075474071,430.0,430.0,,
81,site_TELANGANA_2516,81,2105,SAFProductionSite,site_TELANGANA_2516,TELANGANA,inv_25,92649.27782169312,86380.27151727965,6269.006304413473,0.0,0.0,1525.71,285.71,600.0,250.0,100000.0,True,site_TELANGANA_2516,1.0,,,,,,,,,,,40811041.79423788,,,,0,478.50000000000006,89631.22631233465,435.0,435.0,,
81,site_KARNATAKA_3051,81,2105,SAFProductionSite,site_KARNATAKA_3051,KARNATAKA,inv_28,92556.66391782566,87403.40892421019,5153.254993615468,0.0,0.0,1540.71,285.71,600.0,250.0,100000.0,True,site_KARNATAKA_3051,1.0,,,,,,,,,,,39824428.55676493,,,,0,489.50000000000006,89372.55337479417,445.00000000000006,445.00000000000006,,
81,site_ANDHRA_PRADESH_3930,81,2105,SAFProductionSite,site_ANDHRA_PRADESH_3930,ANDHRA_PRADESH,inv_11,91161.24737675255,78991.33197859027,12169.91539816228,0.0,0.0,1540.71,285.71,600.0,250.0,100000.0,True,site_ANDHRA_PRADESH_3930,1.0,,,,,,,,,,,38459323.58429657,,,,0,495.00000000000006,81960.83413849205,450.0,450.0,,
81,site_WEST_BENGAL_4276,81,2105,SAFProductionSite,site_WEST_BENGAL_4276,WEST_BENGAL,inv_02,92583.68508908666,85546.83391582659,7036.851173260075,0.0,0.0,1540.71,285.71,600.0,250.0,100000.0,True,site_WEST_BENGAL_4276,1.0,,,,,,,,,,,38875473.558434024,,,,0,500.50000000000006,88781.33805457133,454.99999999999994,454.99999999999994,,
81,site_MAHARASHTRA_4310,81,2105,SAFProductionSite,site_MAHARASHTRA_4310,MAHARASHTRA,inv_10,90585.85622533366,80261.51923487785,10324.336990455806,0.0,0.0,1570.71,285.71,600.0,250.0,100000.0,True,site_MAHARASHTRA_4310,1.0,,,,,,,,,,,36383304.33772878,,,,0,517.0,82222.18557144729,470.00000000000006,470.00000000000006,,
81,site_TAMIL_NADU_4435,81,2105,SAFProductionSite,site_TAMIL_NADU_4435,TAMIL_NADU,inv_35,90223.39629227616,79121.06061242534,11102.335679850818,0.0,0.0,1570.71,285.71,600.0,250.0,100000.0,True,site_TAMIL_NADU_4435,1.0,,,,,,,,,,,35739031.545868576,,,,0,522.5,81299.19183205116,475.00000000000006,475.00000000000006,,
81,site_JHARKHAND_4876,81,2105,SAFProductionSite,site_JHARKHAND_4876,JHARKHAND,inv_37,91624.97470436027,79845.27893653263,11779.695767827638,0.0,0.0,1570.71,285.71,600.0,250.0,100000.0,True,site_JHARKHAND_4876,1.0,,,,,,,,,,,35884421.34678976,,,,0,528.0,82592.79794654396,480.0,480.0,,
81,site_RAJASTHAN_5813,81,2105,SAFProductionSite,site_RAJASTHAN_5813,RAJASTHAN,inv_41,92382.77504594186,87028.86329759157,5353.911748350292,0.0,0.0,1570.71,285.71,600.0,250.0,100000.0,True,site_RAJASTHAN_5813,1.0,,,,,,,,,,,36031598.95503591,,,,0,533.5,0.0,484.99999999999994,484.99999999999994,,
81,site_CHHATTISGARH_6311,81,2105,SAFProductionSite,site_CHHATTISGARH_6311,CHHATTISGARH,inv_43,90518.49436125605,79506.89197332323,11011.602387932813,0.0,0.0,1495.71,285.71,600.0,250.0,100000.0,True,site_CHHATTISGARH_6311,1.0,,,,,,,,,,,32324939.429946616,,,,0,660.0,81891.07885224825,492.5719050036115,492.5719050036115,,
81,site_PUNJAB_7112,81,2105,SAFProductionSite,site_PUNJAB_7112,PUNJAB,inv_46,83705.05092802954,78961.18880212311,4743.862125906424,0.0,0.0,1495.71,285.71,600.0,250.0,100000.0,True,site_PUNJAB_7112,1.0,,,,,,,,,,,29127211.60351275,,,,0,660.0,80584.46574920612,501.1922698217161,501.1922698217161,,
81,site_HARYANA_8697,81,2105,SAFProductionSite,site_HARYANA_8697,HARYANA,inv_23,89962.62314062552,76953.81253913626,13008.81060148927,0.0,0.0,1495.71,285.71,600.0,250.0,100000.0,True,site_HARYANA_8697,1.0,,,,,,,,,,,30435068.985188276,,,,0,665.5,80548.00324073785,511.79298437821285,511.79298437821285,,
81,site_ASSAM_8961,81,2105,SAFProductionSite,site_ASSAM_8961,ASSAM,inv_12,92457.9536875486,80242.547573868,12215.406113680598,0.0,0.0,1615.71,285.71,600.0,250.0,100000.0,True,site_ASSAM_8961,1.0,,,,,,,,,,,32418314.938716352,,,,0,572.0,81976.2481996464,520.0,520.0,,
81,site_KERALA_9594,81,2105,SAFProductionSite,site_KERALA_9594,KERALA,inv_25,92475.49135185199,82968.83772115425,9506.653630697736,0.0,0.0,1615.71,285.71,600.0,250.0,100000.0,True,site_KERALA_9594,1.0,,,,,,,,,,,32145888.078481466,,,,0,577.5,85933.74841798336,525.0,525.0,,
81,site_ODISHA_10038,81,2105,SAFProductionSite,site_ODISHA_10038,ODISHA,inv_02,92082.99218264518,80905.07095541708,11177.9212272281,0.0,0.0,1495.71,285.71,600.0,250.0,100000.0,True,site_ODISHA_10038,1.0,,,,,,,,,,,30752968.76751031,,,,0,665.5,83516.17937270824,522.4497194627018,522.4497194627018,,
81,site_MADHYA_PRADESH_10183,81,2105,SAFProductionSite,site_MADHYA_PRADESH_10183,MADHYA_PRADESH,inv_28,92632.84214280699,81059.34249484302,11573.499647963967,0.0,0.0,1525.71,285.71,600.0,250.0,100000.0,True,site_MADHYA_PRADESH_10183,1.0,,,,,,,,,,,29777970.49823284,,,,0,693.0,82850.5352138366,530.7049189666487,530.7049189666487,,
82,site_GUJARAT_001,82,2106,SAFProductionSite,site_GUJARAT_001,GUJARAT,inv_01,87253.33680065146,83563.81302509976,3689.523775551701,0.0,0.0,1540.71,285.71,600.0,250.0,100000.0,True,site_GUJARAT_001,1.0,,,,,,,,,,,36991321.20265515,,,,0,495.00000000000006,86562.40829619016,450.0,450.0,,
82,site_PUNJAB_020,82,2106,SAFProductionSite,site_PUNJAB_020,PUNJAB,inv_02,91026.99303969377,81095.15888025417,9931.834159439604,0.0,0.0,1495.71,285.71,600.0,250.0,100000.0,True,site_PUNJAB_020,1.0,,,,,,,,,,,40168783.06863479,,,,0,660.0,85109.34684683023,400.0,400.0,,
82,site_CHHATTISGARH_245,82,2106,SAFProductionSite,site_CHHATTISGARH_245,CHHATTISGARH,inv_06,90420.38603977415,78402.10275156374,12018.283288210412,0.0,0.0,1495.71,285.71,600.0,250.0,100000.0,True,site_CHHATTISGARH_245,1.0,,,,,,,,,,,38746310.637492195,,,,0,660.0,80197.30664774435,400.0,400.0,,
82,site_HARYANA_525,82,2106,SAFProductionSite,site_HARYANA_525,HARYANA,inv_10,91810.39041880117,82833.54818636409,8976.842232437077,0.0,0.0,1495.71,285.71,600.0,250.0,100000.0,True,site_HARYANA_525,1.0,,,,,,,,,,,40391980.16852775,,,,0,665.5,86545.10098269311,405.0,405.0,,
82,site_ODISHA_624,82,2106,SAFProductionSite,site_ODISHA_624,ODISHA,inv_11,92193.63987947661,85131.45736930404,7062.18251017257,0.0,0.0,1495.71,285.71,600.0,250.0,100000.0,True,site_ODISHA_624,1.0,,,,,,,,,,,41247375.6281461,,,,0,665.5,89404.74534625192,405.0,405.0,,
82,site_BIHAR_725,82,2106,SAFProductionSite,site_BIHAR_725,BIHAR,inv_12,92852.25876804268,83839.43981000611,9012.818958036572,0.0,0.0,1525.71,285.71,600.0,250.0,100000.0,True,site_BIHAR_725,1.0,,,,,,,,,,,41713383.43653628,,,,0,467.50000000000006,86458.07461765366,425.0,425.0,,
82,site_MADHYA_PRADESH_1615,82,2106,SAFProductionSite,site_MADHYA_PRADESH_1615,MADHYA_PRADESH,inv_19,91780.30508361274,80417.40540510272,11362.899678510017,0.0,0.0,1525.71,285.71,600.0,250.0,100000.0,True,site_MADHYA_PRADESH_1615,1.0,,,,,,,,,,,36998616.586247206,,,,0,693.0,82175.48493991613,430.0,430.0,,
82,site_UTTAR_PRADESH_2182,82,2106,SAFProductionSite,site_UTTAR_PRADESH_2182,UTTAR_PRADESH,inv_23,91741.4669351502,84035.88836712971,7705.578568020486,0.0,0.0,1525.71,285.71,600.0,250.0,100000.0,True,site_UTTAR_PRADESH_2182,1.0,,,,,,,,,,,40826764.1869611,,,,0,473.00000000000006,88418.01075474071,430.0,430.0,,
82,site_TELANGANA_2516,82,2106,SAFProductionSite,site_TELANGANA_2516,TELANGANA,inv_25,92903.88951523788,85944.30666089458,6959.582854343302,0.0,0.0,1525.71,285.71,600.0,250.0,100000.0,True,site_TELANGANA_2516,1.0,,,,,,,,,,,40923195.59306787,,,,0,478.50000000000006,89631.22631233465,435.0,435.0,,
82,site_KARNATAKA_3051,82,2106,SAFProductionSite,site_KARNATAKA_3051,KARNATAKA,inv_28,92311.91739558097,85218.4822607841,7093.435134796862,0.0,0.0,1540.71,285.71,600.0,250.0,100000.0,True,site_KARNATAKA_3051,1.0,,,,,,,,,,,39719121.27820632,,,,0,489.50000000000006,89372.55337479417,445.00000000000006,445.00000000000006,,
82,site_ANDHRA_PRADESH_3930,82,2106,SAFProductionSite,site_ANDHRA_PRADESH_3930,ANDHRA_PRADESH,inv_11,91161.24737675255,80300.04371674242,10861.203660010127,0.0,0.0,1540.71,285.71,600.0,250.0,100000.0,True,site_ANDHRA_PRADESH_3930,1.0,,,,,,,,,,,38459323.58429657,,,,0,495.00000000000006,81960.83413849205,450.0,450.0,,
82,site_WEST_BENGAL_4276,82,2106,SAFProductionSite,site_WEST_BENGAL_4276,WEST_BENGAL,inv_02,93113.79248914111,86940.59947439353,6173.19301474758,0.0,0.0,1540.71,285.71,600.0,250.0,100000.0,True,site_WEST_BENGAL_4276,1.0,,,,,,,,,,,39098063.27490641,,,,0,500.50000000000006,88781.33805457133,454.99999999999994,454.99999999999994,,
82,site_MAHARASHTRA_4310,82,2106,SAFProductionSite,site_MAHARASHTRA_4310,MAHARASHTRA,inv_10,89994.89949265862,78164.55830288677,11830.341189771847,0.0,0.0,1570.71,285.71,600.0,250.0,100000.0,True,site_MAHARASHTRA_4310,1.0,,,,,,,,,,,36145949.85932256,,,,0,517.0,82222.18557144729,470.00000000000006,470.00000000000006,,
82,site_TAMIL_NADU_4435,82,2106,SAFProductionSite,site_TAMIL_NADU_4435,TAMIL_NADU,inv_35,91582.7555747133,78881.48255982899,12701.273014884311,0.0,0.0,1570.71,285.71,600.0,250.0,100000.0,True,site_TAMIL_NADU_4435,1.0,,,,,,,,,,,36277497.02459882,,,,0,522.5,81299.19183205116,475.00000000000006,475.00000000000006,,
82,site_JHARKHAND_4876,82,2106,SAFProductionSite,site_JHARKHAND_4876,JHARKHAND,inv_37,91624.97470436027,80573.07081117285,11051.903893187424,0.0,0.0,1570.71,285.71,600.0,250.0,100000.0,True,site_JHARKHAND_4876,1.0,,,,,,,,,,,35884421.34678976,,,,0,528.0,82592.79794654396,480.0,480.0,,
82,site_RAJASTHAN_5813,82,2106,SAFProductionSite,site_RAJASTHAN_5813,RAJASTHAN,inv_41,92798.14355546457,85923.40290325799,6874.740652206587,0.0,0.0,1570.71,285.71,600.0,250.0,100000.0,True,site_RAJASTHAN_5813,1.0,,,,,,,,,,,36193603.089965075,,,,0,533.5,89742.42689939626,484.99999999999994,484.99999999999994,,
82,site_CHHATTISGARH_6311,82,2106,SAFProductionSite,site_CHHATTISGARH_6311,CHHATTISGARH,inv_43,89998.38860203553,77934.58514718508,12063.803454850451,0.0,0.0,1495.71,285.71,600.0,250.0,100000.0,True,site_CHHATTISGARH_6311,1.0,,,,,,,,,,,32139205.15229863,,,,0,660.0,81891.07885224825,492.5719050036115,492.5719050036115,,
82,site_PUNJAB_7112,82,2106,SAFProductionSite,site_PUNJAB_7112,PUNJAB,inv_46,84651.72362489454,78945.52620670888,5706.197418185664,0.0,0.0,1495.71,285.71,600.0,250.0,100000.0,True,site_PUNJAB_7112,1.0,,,,,,,,,,,29456629.4302167,,,,0,660.0,80584.46574920612,501.1922698217161,501.1922698217161,,
82,site_HARYANA_8697,82,2106,SAFProductionSite,site_HARYANA_8697,HARYANA,inv_23,89962.62314062552,77718.73854178816,12243.884598837365,0.0,0.0,1495.71,285.71,600.0,250.0,100000.0,True,site_HARYANA_8697,1.0,,,,,,,,,,,30435068.985188276,,,,0,665.5,80548.00324073785,511.79298437821285,511.79298437821285,,
82,site_ASSAM_8961,82,2106,SAFProductionSite,site_ASSAM_8961,ASSAM,inv_12,91280.13892640329,79105.35933128501,12174.779595118278,0.0,0.0,1615.71,285.71,600.0,250.0,100000.0,True,site_ASSAM_8961,1.0,,,,,,,,,,,32005340.517983317,,,,0,572.0,81976.2481996464,520.0,520.0,,
82,site_KERALA_9594,82,2106,SAFProductionSite,site_KERALA_9594,KERALA,inv_25,92474.92579384835,82968.33030357215,9506.595490276202,0.0,0.0,1615.71,285.71,600.0,250.0,100000.0,True,site_KERALA_9594,1.0,,,,,,,,,,,32145691.481912762,,,,0,577.5,85933.74841798336,525.0,525.0,,
82,site_ODISHA_10038,82,2106,SAFProductionSite,site_ODISHA_10038,ODISHA,inv_02,92082.99218264518,81148.56780860822,10934.424374036957,0.0,0.0,1495.71,285.71,600.0,250.0,100000.0,True,site_ODISHA_10038,1.0,,,,,,,,,,,30752968.76751031,,,,0,665.5,83516.17937270824,522.4497194627018,522.4497194627018,,
82,site_MADHYA_PRADESH_10183,82,2106,SAFProductionSite,site_MADHYA_PRADESH_10183,MADHYA_PRADESH,inv_28,91057.56574335173,79533.55423402239,11524.011509329343,0.0,0.0,1525.71,285.71,600.0,250.0,100000.0,True,site_MADHYA_PRADESH_10183,1.0,,,,,,,,,,,29271578.455578834,,,,0,693.0,82850.5352138366,530.7049189666487,530.7049189666487,,
83,site_GUJARAT_001,83,2107,SAFProductionSite,site_GUJARAT_001,GUJARAT,inv_01,86363.05544170749,82520.03437359276,3843.021068114729,0.0,0.0,1540.71,285.71,600.0,250.0,100000.0,True,site_GUJARAT_001,1.0,,,,,,,,,,,36613883.675140604,,,,0,495.00000000000006,86562.40829619016,450.0,450.0,,
83,site_PUNJAB_020,83,2107,SAFProductionSite,site_PUNJAB_020,PUNJAB,inv_02,91026.99303969377,81609.46513534134,9417.527904352435,0.0,0.0,1495.71,285.71,600.0,250.0,100000.0,True,site_PUNJAB_020,1.0,,,,,,,,,,,40168783.06863479,,,,0,660.0,85109.34684683023,400.0,400.0,,
83,site_CHHATTISGARH_245,83,2107,SAFProductionSite,site_CHHATTISGARH_245,CHHATTISGARH,inv_06,91953.69200937389,78502.93709322851,13450.754916145379,0.0,0.0,1495.71,285.71,600.0,250.0,100000.0,True,site_CHHATTISGARH_245,1.0,,,,,,,,,,,39403352.174279034,,,,0,660.0,80197.30664774435,400.0,400.0,,
83,site_HARYANA_525,83,2107,SAFProductionSite,site_HARYANA_525,HARYANA,inv_10,91848.06095954741,83725.37829630612,8122.682663241285,0.0,0.0,1495.71,285.71,600.0,250.0,100000.0,True,site_HARYANA_525,1.0,,,,,,,,,,,40408553.32247929,,,,0,665.5,86545.10098269311,405.0,405.0,,
83,site_ODISHA_624,83,2107,SAFProductionSite,site_ODISHA_624,ODISHA,inv_11,92193.63987947661,85189.34906456977,7004.290814906839,0.0,0.0,1495.71,285.71,600.0,250.0,100000.0,True,site_ODISHA_624,1.0,,,,,,,,,,,41247375.6281461,,,,0,665.5,89404.74534625192,405.0,405.0,,
83,site_BIHAR_725,83,2107,SAFProductionSite,site_BIHAR_725,BIHAR,inv_12,93031.67789902199,84063.22931174444,8968.448587277555,0.0,0.0,1525.71,285.71,600.0,250.0,100000.0,True,site_BIHAR_725,1.0,,,,,,,,,,,41793986.526926205,,,,0,467.50000000000006,86458.07461765366,425.0,425.0,,
83,site_MADHYA_PRADESH_1615,83,2107,SAFProductionSite,site_MADHYA_PRADESH_1615,MADHYA_PRADESH,inv_19,90849.23984325644,78873.44619400051,11975.793649255924,0.0,0.0,1525.71,285.71,600.0,250.0,100000.0,True,site_MADHYA_PRADESH_1615,1.0,,,,,,,,,,,36623284.146315336,,,,0,693.0,82175.48493991613,430.0,430.0,,
83,site_UTTAR_PRADESH_2182,83,2107,SAFProductionSite,site_UTTAR_PRADESH_2182,UTTAR_PRADESH,inv_23,91741.4669351502,84960.07885183036,6781.388083319835,0.0,0.0,1525.71,285.71,600.0,250.0,100000.0,True,site_UTTAR_PRADESH_2182,1.0,,,,,,,,,,,40826764.1869611,,,,0,473.00000000000006,88418.01075474071,430.0,430.0,,
83,site_TELANGANA_2516,83,2107,SAFProductionSite,site_TELANGANA_2516,TELANGANA,inv_25,92903.88951523788,86896.67263026394,6007.216884973939,0.0,0.0,1525.71,285.71,600.0,250.0,100000.0,True,site_TELANGANA_2516,1.0,,,,,,,,,,,40923195.59306787,,,,0,478.50000000000006,89631.22631233465,435.0,435.0,,
83,site_KARNATAKA_3051,83,2107,SAFProductionSite,site_KARNATAKA_3051,KARNATAKA,inv_28,92311.91739558097,86211.60367987097,6100.313715709999,0.0,0.0,1540.71,285.71,600.0,250.0,100000.0,True,site_KARNATAKA_3051,1.0,,,,,,,,,,,39719121.27820632,,,,0,489.50000000000006,89372.55337479417,445.00000000000006,445.00000000000006,,
83,site_ANDHRA_PRADESH_3930,83,2107,SAFProductionSite,site_ANDHRA_PRADESH_3930,ANDHRA_PRADESH,inv_11,90368.50713103816,78304.42158931906,12064.085541719105,0.0,0.0,1540.71,285.71,600.0,250.0,100000.0,True,site_ANDHRA_PRADESH_3930,1.0,,,,,,,,,,,38124880.44638926,,,,0,495.00000000000006,81960.83413849205,450.0,450.0,,
83,site_WEST_BENGAL_4276,83,2107,SAFProductionSite,site_WEST_BENGAL_4276,WEST_BENGAL,inv_02,92609.83573293693,85083.83156385188,7526.0041690850485,0.0,0.0,1540.71,285.71,600.0,250.0,100000.0,True,site_WEST_BENGAL_4276,1.0,,,,,,,,,,,38886454.096339375,,,,0,500.50000000000006,88781.33805457133,454.99999999999994,454.99999999999994,,
83,site_MAHARASHTRA_4310,83,2107,SAFProductionSite,site_MAHARASHTRA_4310,MAHARASHTRA,inv_10,89994.89949265862,79832.18161483512,10162.717877823496,0.0,0.0,1570.71,285.71,600.0,250.0,100000.0,True,site_MAHARASHTRA_4310,1.0,,,,,,,,,,,36145949.85932256,,,,0,517.0,82222.18557144729,470.00000000000006,470.00000000000006,,
83,site_TAMIL_NADU_4435,83,2107,SAFProductionSite,site_TAMIL_NADU_4435,TAMIL_NADU,inv_35,91212.14591945798,78562.27138438365,12649.874535074327,0.0,0.0,1570.71,285.71,600.0,250.0,100000.0,True,site_TAMIL_NADU_4435,1.0,,,,,,,,,,,36130692.19675279,,,,0,522.5,81299.19183205116,475.00000000000006,475.00000000000006,,
83,site_JHARKHAND_4876,83,2107,SAFProductionSite,site_JHARKHAND_4876,JHARKHAND,inv_37,92323.37237688033,80453.88763902798,11869.484737852355,0.0,0.0,1570.71,285.71,600.0,250.0,100000.0,True,site_JHARKHAND_4876,1.0,,,,,,,,,,,36157944.984086156,,,,0,528.0,82592.79794654396,480.0,480.0,,
83,site_RAJASTHAN_5813,83,2107,SAFProductionSite,site_RAJASTHAN_5813,RAJASTHAN,inv_41,92798.14355546457,87410.01776582045,5388.125789644124,0.0,0.0,1570.71,285.71,600.0,250.0,100000.0,True,site_RAJASTHAN_5813,1.0,,,,,,,,,,,36193603.089965075,,,,0,533.5,89742.42689939626,484.99999999999994,484.99999999999994,,
83,site_CHHATTISGARH_6311,83,2107,SAFProductionSite,site_CHHATTISGARH_6311,CHHATTISGARH,inv_43,89911.3510328794,77859.21449944605,12052.136533433339,0.0,0.0,1495.71,285.71,600.0,250.0,100000.0,True,site_CHHATTISGARH_6311,1.0,,,,,,,,,,,32108123.281450525,,,,0,660.0,0.0,492.5719050036115,492.5719050036115,,
83,site_PUNJAB_7112,83,2107,SAFProductionSite,site_PUNJAB_7112,PUNJAB,inv_46,84295.73036562884,78613.52971596635,5682.200649662496,0.0,0.0,1495.71,285.71,600.0,250.0,100000.0,True,site_PUNJAB_7112,1.0,,,,,,,,,,,29332752.90332739,,,,0,660.0,80584.46574920612,501.1922698217161,501.1922698217161,,
83,site_HARYANA_8697,83,2107,SAFProductionSite,site_HARYANA_8697,HARYANA,inv_23,89576.00177371848,76623.09754713251,12952.904226585975,0.0,0.0,1495.71,285.71,600.0,250.0,100000.0,True,site_HARYANA_8697,1.0,,,,,,,,,,,30304271.910112202,,,,0,665.5,80548.00324073785,511.79298437821285,511.79298437821285,,
83,site_ASSAM_8961,83,2107,SAFProductionSite,site_ASSAM_8961,ASSAM,inv_12,91280.13892640329,80109.91360652105,11170.225319882244,0.0,0.0,1615.71,285.71,600.0,250.0,100000.0,True,site_ASSAM_8961,1.0,,,,,,,,,,,32005340.517983317,,,,0,572.0,81976.2481996464,520.0,520.0,,
83,site_KERALA_9594,83,2107,SAFProductionSite,site_KERALA_9594,KERALA,inv_25,92474.92579384835,84109.40173615681,8365.524057691538,0.0,0.0,1615.71,285.71,600.0,250.0,100000.0,True,site_KERALA_9594,1.0,,,,,,,,,,,32145691.481912762,,,,0,577.5,85933.74841798336,525.0,525.0,,
83,site_ODISHA_10038,83,2107,SAFProductionSite,site_ODISHA_10038,ODISHA,inv_02,92360.13079168557,81617.05833068173,10743.072461003845,0.0,0.0,1495.71,285.71,600.0,250.0,100000.0,True,site_ODISHA_10038,1.0,,,,,,,,,,,30845524.784491017,,,,0,665.5,83516.17937270824,522.4497194627018,522.4497194627018,,
83,site_MADHYA_PRADESH_10183,83,2107,SAFProductionSite,site_MADHYA_PRADESH_10183,MADHYA_PRADESH,inv_28,90529.59786375512,79072.40461242947,11457.193251325647,0.0,0.0,1525.71,285.71,600.0,250.0,100000.0,True,site_MADHYA_PRADESH_10183,1.0,,,,,,,,,,,29101856.663836718,,,,0,693.0,82850.5352138366,530.7049189666487,530.7049189666487,,
84,site_GUJARAT_001,84,2108,SAFProductionSite,site_GUJARAT_001,GUJARAT,inv_01,86363.05544170749,82995.68180684824,3367.37363485925,0.0,0.0,1540.71,285.71,600.0,250.0,100000.0,True,site_GUJARAT_001,1.0,,,,,,,,,,,36613883.675140604,,,,0,495.00000000000006,0.0,450.0,450.0,,
84,site_PUNJAB_020,84,2108,SAFProductionSite,site_PUNJAB_020,PUNJAB,inv_02,91604.28707978831,82242.39622683129,9361.890852957018,0.0,0.0,1495.71,285.71,600.0,250.0,100000.0,True,site_PUNJAB_020,1.0,,,,,,,,,,,40423533.86605224,,,,0,660.0,0.0,400.0,400.0,,
84,site_CHHATTISGARH_245,84,2108,SAFProductionSite,site_CHHATTISGARH_245,CHHATTISGARH,inv_06,90841.08029709544,77453.46114857345,13387.61914852199,0.0,0.0,1495.71,285.71,600.0,250.0,100000.0,True,site_CHHATTISGARH_245,1.0,,,,,,,,,,,38926583.59463717,,,,0,660.0,80197.30664774435,400.0,400.0,,
84,site_HARYANA_525,84,2108,SAFProductionSite,site_HARYANA_525,HARYANA,inv_10,92592.50863210626,83504.93135453232,9087.577277573931,0.0,0.0,1495.71,285.71,600.0,250.0,100000.0,True,site_HARYANA_525,1.0,,,,,,,,,,,40736073.067132756,,,,0,665.5,86545.10098269311,405.0,405.0,,
84,site_ODISHA_624,84,2108,SAFProductionSite,site_ODISHA_624,ODISHA,inv_11,92256.33405000147,87040.98937175218,5215.344678249297,0.0,0.0,1495.71,285.71,600.0,250.0,100000.0,True,site_ODISHA_624,1.0,,,,,,,,,,,41275424.96001667,,,,0,665.5,89404.74534625192,405.0,405.0,,
84,site_BIHAR_725,84,2108,SAFProductionSite,site_BIHAR_725,BIHAR,inv_12,92170.08197139988,83062.97611994103,9107.105851458851,0.0,0.0,1525.71,285.71,600.0,250.0,100000.0,True,site_BIHAR_725,1.0,,,,,,,,,,,41406919.138656825,,,,0,467.50000000000006,86458.07461765366,425.0,425.0,,
84,site_MADHYA_PRADESH_1615,84,2108,SAFProductionSite,site_MADHYA_PRADESH_1615,MADHYA_PRADESH,inv_19,90849.23984325644,79775.34327338531,11073.896569871125,0.0,0.0,1525.71,285.71,600.0,250.0,100000.0,True,site_MADHYA_PRADESH_1615,1.0,,,,,,,,,,,36623284.146315336,,,,0,693.0,82175.48493991613,430.0,430.0,,
84,site_UTTAR_PRADESH_2182,84,2108,SAFProductionSite,site_UTTAR_PRADESH_2182,UTTAR_PRADESH,inv_23,92750.40005219581,85955.31613870044,6795.083913495371,0.0,0.0,1525.71,285.71,600.0,250.0,100000.0,True,site_UTTAR_PRADESH_2182,1.0,,,,,,,,,,,41275759.34505199,,,,0,473.00000000000006,0.0,430.0,430.0,,
84,site_TELANGANA_2516,84,2108,SAFProductionSite,site_TELANGANA_2516,TELANGANA,inv_25,92935.64773665153,85973.68582181477,6961.961914836764,0.0,0.0,1525.71,285.71,600.0,250.0,100000.0,True,site_TELANGANA_2516,1.0,,,,,,,,,,,40937184.75878933,,,,0,478.50000000000006,89631.22631233465,435.0,435.0,,
84,site_KARNATAKA_3051,84,2108,SAFProductionSite,site_KARNATAKA_3051,KARNATAKA,inv_28,92025.97874014667,84954.51571211651,7071.463028030164,0.0,0.0,1540.71,285.71,600.0,250.0,100000.0,True,site_KARNATAKA_3051,1.0,,,,,,,,,,,39596090.2281128,,,,0,489.50000000000006,89372.55337479417,445.00000000000006,445.00000000000006,,
84,site_ANDHRA_PRADESH_3930,84,2108,SAFProductionSite,site_ANDHRA_PRADESH_3930,ANDHRA_PRADESH,inv_11,90368.50713103816,79056.94540351332,11311.561727524837,0.0,0.0,1540.71,285.71,600.0,250.0,100000.0,True,site_ANDHRA_PRADESH_3930,1.0,,,,,,,,,,,38124880.44638926,,,,0,495.00000000000006,81960.83413849205,450.0,450.0,,
84,site_WEST_BENGAL_4276,84,2108,SAFProductionSite,site_WEST_BENGAL_4276,WEST_BENGAL,inv_02,92609.83573293693,86430.32698555692,6179.508747380009,0.0,0.0,1540.71,285.71,600.0,250.0,100000.0,True,site_WEST_BENGAL_4276,1.0,,,,,,,,,,,38886454.096339375,,,,0,500.50000000000006,88781.33805457133,454.99999999999994,454.99999999999994,,
84,site_MAHARASHTRA_4310,84,2108,SAFProductionSite,site_MAHARASHTRA_4310,MAHARASHTRA,inv_10,91914.92047926558,80559.96581554833,11354.954663717246,0.0,0.0,1570.71,285.71,600.0,250.0,100000.0,True,site_MAHARASHTRA_4310,1.0,,,,,,,,,,,36917115.58873595,,,,0,517.0,82222.18557144729,470.00000000000006,470.00000000000006,,
84,site_TAMIL_NADU_4435,84,2108,SAFProductionSite,site_TAMIL_NADU_4435,TAMIL_NADU,inv_35,91050.66524606865,78423.18586722734,12627.479378841308,0.0,0.0,1570.71,285.71,600.0,250.0,100000.0,True,site_TAMIL_NADU_4435,1.0,,,,,,,,,,,36066726.93810065,,,,0,522.5,81299.19183205116,475.00000000000006,475.00000000000006,,
84,site_JHARKHAND_4876,84,2108,SAFProductionSite,site_JHARKHAND_4876,JHARKHAND,inv_37,90581.87631355721,78936.28570362148,11645.590609935723,0.0,0.0,1570.71,285.71,600.0,250.0,100000.0,True,site_JHARKHAND_4876,1.0,,,,,,,,,,,35475897.5542047,,,,0,528.0,82592.79794654396,480.0,480.0,,
84,site_RAJASTHAN_5813,84,2108,SAFProductionSite,site_RAJASTHAN_5813,RAJASTHAN,inv_41,94377.1987626823,87385.47737563321,6991.721387049081,0.0,0.0,1570.71,285.71,600.0,250.0,100000.0,True,site_RAJASTHAN_5813,1.0,,,,,,,,,,,36809474.21882039,,,,0,533.5,89742.42689939626,484.99999999999994,484.99999999999994,,
84,site_CHHATTISGARH_6311,84,2108,SAFProductionSite,site_CHHATTISGARH_6311,CHHATTISGARH,inv_43,89911.3510328794,79742.71751843834,10168.633514441055,0.0,0.0,1495.71,285.71,600.0,250.0,100000.0,True,site_CHHATTISGARH_6311,1.0,,,,,,,,,,,32108123.281450525,,,,0,660.0,81891.07885224825,492.5719050036115,492.5719050036115,,
84,site_PUNJAB_7112,84,2108,SAFProductionSite,site_PUNJAB_7112,PUNJAB,inv_46,83616.44886613094,77980.03717589747,5636.411690233479,0.0,0.0,1495.71,285.71,600.0,250.0,100000.0,True,site_PUNJAB_7112,1.0,,,,,,,,,,,29096380.35764627,,,,0,660.0,80584.46574920612,501.1922698217161,501.1922698217161,,
84,site_HARYANA_8697,84,2108,SAFProductionSite,site_HARYANA_8697,HARYANA,inv_23,89576.00177371848,76645.09919447689,12930.902579241592,0.0,0.0,1495.71,285.71,600.0,250.0,100000.0,True,site_HARYANA_8697,1.0,,,,,,,,,,,30304271.910112202,,,,0,665.5,80548.00324073785,511.79298437821285,511.79298437821285,,
84,site_ASSAM_8961,84,2108,SAFProductionSite,site_ASSAM_8961,ASSAM,inv_12,90515.82440714417,78442.98769820874,12072.836708935429,0.0,0.0,1615.71,285.71,600.0,250.0,100000.0,True,site_ASSAM_8961,1.0,,,,,,,,,,,31737350.71495013,,,,0,572.0,81976.2481996464,520.0,520.0,,
84,site_KERALA_9594,84,2108,SAFProductionSite,site_KERALA_9594,KERALA,inv_25,93179.8569438914,83600.79321171691,9579.063732174487,0.0,0.0,1615.71,285.71,600.0,250.0,100000.0,True,site_KERALA_9594,1.0,,,,,,,,,,,32390736.27725318,,,,0,577.5,85933.74841798336,525.0,525.0,,
84,site_ODISHA_10038,84,2108,SAFProductionSite,site_ODISHA_10038,ODISHA,inv_02,92893.34840798938,81785.33295741638,11108.015450573002,0.0,0.0,1495.71,285.71,600.0,250.0,100000.0,True,site_ODISHA_10038,1.0,,,,,,,,,,,31023603.54053265,,,,0,665.5,83516.17937270824,522.4497194627018,522.4497194627018,,
84,site_MADHYA_PRADESH_10183,84,2108,SAFProductionSite,site_MADHYA_PRADESH_10183,MADHYA_PRADESH,inv_28,90529.59786375512,79110.63085051172,11418.967013243397,0.0,0.0,1525.71,285.71,600.0,250.0,100000.0,True,site_MADHYA_PRADESH_10183,1.0,,,,,,,,,,,29101856.663836718,,,,0,693.0,82850.5352138366,530.7049189666487,530.7049189666487,,
85,site_GUJARAT_001,85,2109,SAFProductionSite,site_GUJARAT_001,GUJARAT,inv_01,86860.8541394513,84062.41863799145,2798.435501459855,0.0,0.0,1540.71,285.71,600.0,250.0,100000.0,True,site_GUJARAT_001,1.0,,,,,,,,,,,36824926.968127504,,,,0,495.00000000000006,86562.40829619016,450.0,450.0,,
85,site_PUNJAB_020,85,2109,SAFProductionSite,site_PUNJAB_020,PUNJAB,inv_02,92314.73410098147,83048.3879674417,9266.346133539773,0.0,0.0,1495.71,285.71,600.0,250.0,100000.0,True,site_PUNJAB_020,1.0,,,,,,,,,,,40737042.983766586,,,,0,660.0,85109.34684683023,400.0,400.0,,
85,site_CHHATTISGARH_245,85,2109,SAFProductionSite,site_CHHATTISGARH_245,CHHATTISGARH,inv_06,90841.08029709544,78091.8183919988,12749.261905096646,0.0,0.0,1495.71,285.71,600.0,250.0,100000.0,True,site_CHHATTISGARH_245,1.0,,,,,,,,,,,38926583.59463717,,,,0,660.0,80197.30664774435,400.0,400.0,,
85,site_HARYANA_525,85,2109,SAFProductionSite,site_HARYANA_525,HARYANA,inv_10,92592.50863210626,84812.14505867708,7780.363573429175,0.0,0.0,1495.71,285.71,600.0,250.0,100000.0,True,site_HARYANA_525,1.0,,,,,,,,,,,40736073.067132756,,,,0,665.5,86545.10098269311,405.0,405.0,,
85,site_ODISHA_624,85,2109,SAFProductionSite,site_ODISHA_624,ODISHA,inv_11,93450.36153696028,86291.91210727744,7158.449429682834,0.0,0.0,1495.71,285.71,600.0,250.0,100000.0,True,site_ODISHA_624,1.0,,,,,,,,,,,41809632.09544709,,,,0,665.5,89404.74534625192,405.0,405.0,,
85,site_BIHAR_725,85,2109,SAFProductionSite,site_BIHAR_725,BIHAR,inv_12,91821.14846811778,82748.5199034481,9072.628564669678,0.0,0.0,1525.71,285.71,600.0,250.0,100000.0,True,site_BIHAR_725,1.0,,,,,,,,,,,41250162.61803605,,,,0,467.50000000000006,86458.07461765366,425.0,425.0,,
85,site_MADHYA_PRADESH_1615,85,2109,SAFProductionSite,site_MADHYA_PRADESH_1615,MADHYA_PRADESH,inv_19,91758.06332014053,79662.46809145981,12095.595228680715,0.0,0.0,1525.71,285.71,600.0,250.0,100000.0,True,site_MADHYA_PRADESH_1615,1.0,,,,,,,,,,,36989650.45262891,,,,0,693.0,82175.48493991613,430.0,430.0,,
85,site_UTTAR_PRADESH_2182,85,2109,SAFProductionSite,site_UTTAR_PRADESH_2182,UTTAR_PRADESH,inv_23,92851.99308948571,85053.13885431111,7798.8542351746,0.0,0.0,1525.71,285.71,600.0,250.0,100000.0,True,site_UTTAR_PRADESH_2182,1.0,,,,,,,,,,,41320970.25256236,,,,0,473.00000000000006,88418.01075474071,430.0,430.0,,
85,site_TELANGANA_2516,85,2109,SAFProductionSite,site_TELANGANA_2516,TELANGANA,inv_25,92935.64773665153,87624.91056475401,5310.737171897519,0.0,0.0,1525.71,285.71,600.0,250.0,100000.0,True,site_TELANGANA_2516,1.0,,,,,,,,,,,40937184.75878933,,,,0,478.50000000000006,89631.22631233465,435.0,435.0,,
85,site_KARNATAKA_3051,85,2109,SAFProductionSite,site_KARNATAKA_3051,KARNATAKA,inv_28,92025.97874014667,86279.26295419894,5746.71578594773,0.0,0.0,1540.71,285.71,600.0,250.0,100000.0,True,site_KARNATAKA_3051,1.0,,,,,,,,,,,39596090.2281128,,,,0,489.50000000000006,89372.55337479417,445.00000000000006,445.00000000000006,,
85,site_ANDHRA_PRADESH_3930,85,2109,SAFProductionSite,site_ANDHRA_PRADESH_3930,ANDHRA_PRADESH,inv_11,91203.79645831854,79028.20080963503,12175.595648683506,0.0,0.0,1540.71,285.71,600.0,250.0,100000.0,True,site_ANDHRA_PRADESH_3930,1.0,,,,,,,,,,,38477274.2918971,,,,0,495.00000000000006,81960.83413849205,450.0,450.0,,
85,site_WEST_BENGAL_4276,85,2109,SAFProductionSite,site_WEST_BENGAL_4276,WEST_BENGAL,inv_02,92280.46311422728,84781.22564526617,7499.237468961117,0.0,0.0,1540.71,285.71,600.0,250.0,100000.0,True,site_WEST_BENGAL_4276,1.0,,,,,,,,,,,38748152.013016626,,,,0,500.50000000000006,88781.33805457133,454.99999999999994,454.99999999999994,,
85,site_MAHARASHTRA_4310,85,2109,SAFProductionSite,site_MAHARASHTRA_4310,MAHARASHTRA,inv_10,92522.95955519119,80360.29049732238,12162.669057868814,0.0,0.0,1570.71,285.71,600.0,250.0,100000.0,True,site_MAHARASHTRA_4310,1.0,,,,,,,,,,,37161331.09511262,,,,0,517.0,82222.18557144729,470.00000000000006,470.00000000000006,,
85,site_TAMIL_NADU_4435,85,2109,SAFProductionSite,site_TAMIL_NADU_4435,TAMIL_NADU,inv_35,89823.48130540198,77366.19552001695,12457.28578538503,0.0,0.0,1570.71,285.71,600.0,250.0,100000.0,True,site_TAMIL_NADU_4435,1.0,,,,,,,,,,,35580618.374574706,,,,0,522.5,81299.19183205116,475.00000000000006,475.00000000000006,,
85,site_JHARKHAND_4876,85,2109,SAFProductionSite,site_JHARKHAND_4876,JHARKHAND,inv_37,90581.87631355721,79781.58149524064,10800.294818316572,0.0,0.0,1570.71,285.71,600.0,250.0,100000.0,True,site_JHARKHAND_4876,1.0,,,,,,,,,,,35475897.5542047,,,,0,528.0,82592.79794654396,480.0,480.0,,
85,site_RAJASTHAN_5813,85,2109,SAFProductionSite,site_RAJASTHAN_5813,RAJASTHAN,inv_41,94345.88099513964,87356.47971409066,6989.40128104898,0.0,0.0,1570.71,285.71,600.0,250.0,100000.0,True,site_RAJASTHAN_5813,1.0,,,,,,,,,,,36797259.50412163,,,,0,533.5,89742.42689939626,484.99999999999994,484.99999999999994,,
85,site_CHHATTISGARH_6311,85,2109,SAFProductionSite,site_CHHATTISGARH_6311,CHHATTISGARH,inv_43,91518.04802016103,79250.54233437793,12267.505685783108,0.0,0.0,1495.71,285.71,600.0,250.0,100000.0,True,site_CHHATTISGARH_6311,1.0,,,,,,,,,,,32681888.710964635,,,,0,660.0,81891.07885224825,492.5719050036115,492.5719050036115,,
85,site_PUNJAB_7112,85,2109,SAFProductionSite,site_PUNJAB_7112,PUNJAB,inv_46,83616.44886613094,78498.36678479376,5118.082081337183,0.0,0.0,1495.71,285.71,600.0,250.0,100000.0,True,site_PUNJAB_7112,1.0,,,,,,,,,,,29096380.35764627,,,,0,660.0,80584.46574920612,501.1922698217161,501.1922698217161,,
85,site_HARYANA_8697,85,2109,SAFProductionSite,site_HARYANA_8697,HARYANA,inv_23,89601.72273338516,77219.64561279256,12382.0771205926,0.0,0.0,1495.71,285.71,600.0,250.0,100000.0,True,site_HARYANA_8697,1.0,,,,,,,,,,,30312973.514784172,,,,0,665.5,80548.00324073785,511.79298437821285,511.79298437821285,,
85,site_ASSAM_8961,85,2109,SAFProductionSite,site_ASSAM_8961,ASSAM,inv_12,90106.43231485358,78088.19958165969,12018.232733193887,0.0,0.0,1615.71,285.71,600.0,250.0,100000.0,True,site_ASSAM_8961,1.0,,,,,,,,,,,31593806.52808498,,,,0,572.0,81976.2481996464,520.0,520.0,,
85,site_KERALA_9594,85,2109,SAFProductionSite,site_KERALA_9594,KERALA,inv_25,91291.9527738903,81906.96912466301,9384.983649227288,0.0,0.0,1615.71,285.71,600.0,250.0,100000.0,True,site_KERALA_9594,1.0,,,,,,,,,,,31734472.057787225,,,,0,577.5,85933.74841798336,525.0,525.0,,
85,site_ODISHA_10038,85,2109,SAFProductionSite,site_ODISHA_10038,ODISHA,inv_02,90395.25031652898,79422.20346603618,10973.0468504928,0.0,0.0,1495.71,285.71,600.0,250.0,100000.0,True,site_ODISHA_10038,1.0,,,,,,,,,,,30189313.398956,,,,0,665.5,83516.17937270824,522.4497194627018,522.4497194627018,,
85,site_MADHYA_PRADESH_10183,85,2109,SAFProductionSite,site_MADHYA_PRADESH_10183,MADHYA_PRADESH,inv_28,90258.70549776455,78835.7956881055,11422.909809659046,0.0,0.0,1525.71,285.71,600.0,250.0,100000.0,True,site_MADHYA_PRADESH_10183,1.0,,,,,,,,,,,29014774.969093636,,,,0,693.0,82850.5352138366,530.7049189666487,530.7049189666487,,
86,site_GUJARAT_001,86,2110,SAFProductionSite,site_GUJARAT_001,GUJARAT,inv_01,86430.17331763246,82584.16560887716,3846.0077087553072,0.0,0.0,1540.71,285.71,600.0,250.0,100000.0,True,site_GUJARAT_001,1.0,,,,,,,,,,,36642338.50561263,,,,0,495.00000000000006,86562.40829619016,450.0,450.0,,
86,site_PUNJAB_020,86,2110,SAFProductionSite,site_PUNJAB_020,PUNJAB,inv_02,91952.81313078884,81919.96397240025,10032.849158388592,0.0,0.0,1495.71,285.71,600.0,250.0,100000.0,True,site_PUNJAB_020,1.0,,,,,,,,,,,40577332.94112775,,,,0,660.0,85109.34684683023,400.0,400.0,,
86,site_CHHATTISGARH_245,86,2110,SAFProductionSite,site_CHHATTISGARH_245,CHHATTISGARH,inv_06,91589.77584598768,78319.77954918824,13269.996296799436,0.0,0.0,1495.71,285.71,600.0,250.0,100000.0,True,site_CHHATTISGARH_245,1.0,,,,,,,,,,,39247409.36834629,,,,0,660.0,80197.30664774435,400.0,400.0,,
86,site_HARYANA_525,86,2110,SAFProductionSite,site_HARYANA_525,HARYANA,inv_10,92393.10721539409,83325.10037402931,9068.006841364782,0.0,0.0,1495.71,285.71,600.0,250.0,100000.0,True,site_HARYANA_525,1.0,,,,,,,,,,,40648346.41623114,,,,0,665.5,86545.10098269311,405.0,405.0,,
86,site_ODISHA_624,86,2110,SAFProductionSite,site_ODISHA_624,ODISHA,inv_11,93450.36153696028,87100.53005770636,6349.831479253917,0.0,0.0,1495.71,285.71,600.0,250.0,100000.0,True,site_ODISHA_624,1.0,,,,,,,,,,,41809632.09544709,,,,0,665.5,89404.74534625192,405.0,405.0,,
86,site_BIHAR_725,86,2110,SAFProductionSite,site_BIHAR_725,BIHAR,inv_12,91187.56508697695,82177.53938425943,9010.02570271751,0.0,0.0,1525.71,285.71,600.0,250.0,100000.0,True,site_BIHAR_725,1.0,,,,,,,,,,,40965528.6536371,,,,0,467.50000000000006,86458.07461765366,425.0,425.0,,
86,site_MADHYA_PRADESH_1615,86,2110,SAFProductionSite,site_MADHYA_PRADESH_1615,MADHYA_PRADESH,inv_19,91437.5291838346,79384.18693030883,12053.34225352577,0.0,0.0,1525.71,285.71,600.0,250.0,100000.0,True,site_MADHYA_PRADESH_1615,1.0,,,,,,,,,,,36860436.242661044,,,,0,693.0,82175.48493991613,430.0,430.0,,
86,site_UTTAR_PRADESH_2182,86,2110,SAFProductionSite,site_UTTAR_PRADESH_2182,UTTAR_PRADESH,inv_23,92851.99308948571,86522.11218727952,6329.8809022061905,0.0,0.0,1525.71,285.71,600.0,250.0,100000.0,True,site_UTTAR_PRADESH_2182,1.0,,,,,,,,,,,41320970.25256236,,,,0,473.00000000000006,88418.01075474071,430.0,430.0,,
86,site_TELANGANA_2516,86,2110,SAFProductionSite,site_TELANGANA_2516,TELANGANA,inv_25,94639.43794628172,87549.84231027125,7089.595636010461,0.0,0.0,1525.71,285.71,600.0,250.0,100000.0,True,site_TELANGANA_2516,1.0,,,,,,,,,,,41687686.59850848,,,,0,478.50000000000006,0.0,435.0,435.0,,
86,site_KARNATAKA_3051,86,2110,SAFProductionSite,site_KARNATAKA_3051,KARNATAKA,inv_28,92553.16671695901,85441.193494548,7111.973222411005,0.0,0.0,1540.71,285.71,600.0,250.0,100000.0,True,site_KARNATAKA_3051,1.0,,,,,,,,,,,39822923.81339836,,,,0,489.50000000000006,89372.55337479417,445.00000000000006,445.00000000000006,,
86,site_ANDHRA_PRADESH_3930,86,2110,SAFProductionSite,site_ANDHRA_PRADESH_3930,ANDHRA_PRADESH,inv_11,90843.10914366947,78715.66481180953,12127.444331859937,0.0,0.0,1540.71,285.71,600.0,250.0,100000.0,True,site_ANDHRA_PRADESH_3930,1.0,,,,,,,,,,,38325106.67082991,,,,0,495.00000000000006,81960.83413849205,450.0,450.0,,
86,site_WEST_BENGAL_4276,86,2110,SAFProductionSite,site_WEST_BENGAL_4276,WEST_BENGAL,inv_02,92280.46311422728,84850.81719005595,7429.645924171331,0.0,0.0,1540.71,285.71,600.0,250.0,100000.0,True,site_WEST_BENGAL_4276,1.0,,,,,,,,,,,38748152.013016626,,,,0,500.50000000000006,88781.33805457133,454.99999999999994,454.99999999999994,,
86,site_MAHARASHTRA_4310,86,2110,SAFProductionSite,site_MAHARASHTRA_4310,MAHARASHTRA,inv_10,91541.73639825953,79508.05470295512,12033.681695304404,0.0,0.0,1570.71,285.71,600.0,250.0,100000.0,True,site_MAHARASHTRA_4310,1.0,,,,,,,,,,,36767228.2822732,,,,0,517.0,82222.18557144729,470.00000000000006,470.00000000000006,,
86,site_TAMIL_NADU_4435,86,2110,SAFProductionSite,site_TAMIL_NADU_4435,TAMIL_NADU,inv_35,89823.48130540198,78976.10224650685,10847.379058895123,0.0,0.0,1570.71,285.71,600.0,250.0,100000.0,True,site_TAMIL_NADU_4435,1.0,,,,,,,,,,,35580618.374574706,,,,0,522.5,81299.19183205116,475.00000000000006,475.00000000000006,,
86,site_JHARKHAND_4876,86,2110,SAFProductionSite,site_JHARKHAND_4876,JHARKHAND,inv_37,91172.31380386109,79450.81404330196,11721.499760559134,0.0,0.0,1570.71,285.71,600.0,250.0,100000.0,True,site_JHARKHAND_4876,1.0,,,,,,,,,,,35707139.175273284,,,,0,528.0,82592.79794654396,480.0,480.0,,
86,site_RAJASTHAN_5813,86,2110,SAFProductionSite,site_RAJASTHAN_5813,RAJASTHAN,inv_41,93459.50728204283,86535.77099347112,6923.736288571716,0.0,0.0,1570.71,285.71,600.0,250.0,100000.0,True,site_RAJASTHAN_5813,1.0,,,,,,,,,,,36451551.52837932,,,,0,533.5,89742.42689939626,484.99999999999994,484.99999999999994,,
86,site_CHHATTISGARH_6311,86,2110,SAFProductionSite,site_CHHATTISGARH_6311,CHHATTISGARH,inv_43,91518.04802016103,79553.6384767802,11964.40954338084,0.0,0.0,1495.71,285.71,600.0,250.0,100000.0,True,site_CHHATTISGARH_6311,1.0,,,,,,,,,,,32681888.710964635,,,,0,660.0,81891.07885224825,492.5719050036115,492.5719050036115,,
86,site_PUNJAB_7112,86,2110,SAFProductionSite,site_PUNJAB_7112,PUNJAB,inv_46,84139.16095517491,78467.5143252942,5671.646629880706,0.0,0.0,1495.71,285.71,600.0,250.0,100000.0,True,site_PUNJAB_7112,1.0,,,,,,,,,,,29278270.762783095,,,,0,660.0,0.0,501.1922698217161,501.1922698217161,,
86,site_HARYANA_8697,86,2110,SAFProductionSite,site_HARYANA_8697,HARYANA,inv_23,90195.10078995777,77152.67336401781,13042.427425939954,0.0,0.0,1495.71,285.71,600.0,250.0,100000.0,True,site_HARYANA_8697,1.0,,,,,,,,,,,30513718.017952487,,,,0,665.5,80548.00324073785,511.79298437821285,511.79298437821285,,
86,site_ASSAM_8961,86,2110,SAFProductionSite,site_ASSAM_8961,ASSAM,inv_12,90106.43231485358,78256.07527972406,11850.35703512952,0.0,0.0,1615.71,285.71,600.0,250.0,100000.0,True,site_ASSAM_8961,1.0,,,,,,,,,,,31593806.52808498,,,,0,572.0,81976.2481996464,520.0,520.0,,
86,site_KERALA_9594,86,2110,SAFProductionSite,site_KERALA_9594,KERALA,inv_25,91281.7438897036,81897.80973288235,9383.934156821255,0.0,0.0,1615.71,285.71,600.0,250.0,100000.0,True,site_KERALA_9594,1.0,,,,,,,,,,,31730923.29428594,,,,0,577.5,85933.74841798336,525.0,525.0,,
86,site_ODISHA_10038,86,2110,SAFProductionSite,site_ODISHA_10038,ODISHA,inv_02,90395.25031652898,81635.89330759467,8759.357008934312,0.0,0.0,1495.71,285.71,600.0,250.0,100000.0,True,site_ODISHA_10038,1.0,,,,,,,,,,,30189313.398956,,,,0,665.5,83516.17937270824,522.4497194627018,522.4497194627018,,
86,site_MADHYA_PRADESH_10183,86,2110,SAFProductionSite,site_MADHYA_PRADESH_10183,MADHYA_PRADESH,inv_28,90258.70549776455,81135.92246651268,9122.783031251864,0.0,0.0,1525.71,285.71,600.0,250.0,100000.0,True,site_MADHYA_PRADESH_10183,1.0,,,,,,,,,,,29014774.969093636,,,,0,693.0,82850.5352138366,530.7049189666487,530.7049189666487,,
87,site_GUJARAT_001,87,2111,SAFProductionSite,site_GUJARAT_001,GUJARAT,inv_01,86430.17331763246,84541.07091667272,1889.1024009597459,0.0,0.0,1540.71,285.71,600.0,250.0,100000.0,True,site_GUJARAT_001,1.0,,,,,,,,,,,36642338.50561263,,,,0,495.00000000000006,86562.40829619016,450.0,450.0,,
87,site_PUNJAB_020,87,2111,SAFProductionSite,site_PUNJAB_020,PUNJAB,inv_02,91952.81313078884,81942.21184771572,10010.60128307312,0.0,0.0,1495.71,285.71,600.0,250.0,100000.0,True,site_PUNJAB_020,1.0,,,,,,,,,,,40577332.94112775,,,,0,660.0,85109.34684683023,400.0,400.0,,
87,site_CHHATTISGARH_245,87,2111,SAFProductionSite,site_CHHATTISGARH_245,CHHATTISGARH,inv_06,89439.8050750733,76258.69755029399,13181.107524779305,0.0,0.0,1495.71,285.71,600.0,250.0,100000.0,True,site_CHHATTISGARH_245,1.0,,,,,,,,,,,38326118.949228466,,,,0,660.0,80197.30664774435,400.0,400.0,,
87,site_HARYANA_525,87,2111,SAFProductionSite,site_HARYANA_525,HARYANA,inv_10,92393.10721539409,83587.48786612201,8805.619349272078,0.0,0.0,1495.71,285.71,600.0,250.0,100000.0,True,site_HARYANA_525,1.0,,,,,,,,,,,40648346.41623114,,,,0,665.5,86545.10098269311,405.0,405.0,,
87,site_ODISHA_624,87,2111,SAFProductionSite,site_ODISHA_624,ODISHA,inv_11,92660.06720119747,85562.15560084005,7097.911600357416,0.0,0.0,1495.71,285.71,600.0,250.0,100000.0,True,site_ODISHA_624,1.0,,,,,,,,,,,41456054.914129406,,,,0,665.5,89404.74534625192,405.0,405.0,,
87,site_BIHAR_725,87,2111,SAFProductionSite,site_BIHAR_725,BIHAR,inv_12,91187.56508697695,83623.8405664064,7563.72452057054,0.0,0.0,1525.71,285.71,600.0,250.0,100000.0,True,site_BIHAR_725,1.0,,,,,,,,,,,40965528.6536371,,,,0,467.50000000000006,86458.07461765366,425.0,425.0,,
87,site_MADHYA_PRADESH_1615,87,2111,SAFProductionSite,site_MADHYA_PRADESH_1615,MADHYA_PRADESH,inv_19,91437.5291838346,79461.73873088698,11975.790452947622,0.0,0.0,1525.71,285.71,600.0,250.0,100000.0,True,site_MADHYA_PRADESH_1615,1.0,,,,,,,,,,,36860436.242661044,,,,0,693.0,82175.48493991613,430.0,430.0,,
87,site_UTTAR_PRADESH_2182,87,2111,SAFProductionSite,site_UTTAR_PRADESH_2182,UTTAR_PRADESH,inv_23,94146.48705070362,86238.90526563009,7907.581785073533,0.0,0.0,1525.71,285.71,600.0,250.0,100000.0,True,site_UTTAR_PRADESH_2182,1.0,,,,,,,,,,,41897045.62460157,,,,0,473.00000000000006,88418.01075474071,430.0,430.0,,
87,site_TELANGANA_2516,87,2111,SAFProductionSite,site_TELANGANA_2516,TELANGANA,inv_25,92398.78504273001,85477.0403934916,6921.744649238419,0.0,0.0,1525.71,285.71,600.0,250.0,100000.0,True,site_TELANGANA_2516,1.0,,,,,,,,,,,40700702.33437623,,,,0,478.50000000000006,89631.22631233465,435.0,435.0,,
87,site_KARNATAKA_3051,87,2111,SAFProductionSite,site_KARNATAKA_3051,KARNATAKA,inv_28,92553.16671695901,87403.09023006071,5150.076486898295,0.0,0.0,1540.71,285.71,600.0,250.0,100000.0,True,site_KARNATAKA_3051,1.0,,,,,,,,,,,39822923.81339836,,,,0,489.50000000000006,89372.55337479417,445.00000000000006,445.00000000000006,,
87,site_ANDHRA_PRADESH_3930,87,2111,SAFProductionSite,site_ANDHRA_PRADESH_3930,ANDHRA_PRADESH,inv_11,90843.10914366947,79422.63498910023,11420.474154569238,0.0,0.0,1540.71,285.71,600.0,250.0,100000.0,True,site_ANDHRA_PRADESH_3930,1.0,,,,,,,,,,,38325106.67082991,,,,0,495.00000000000006,81960.83413849205,450.0,450.0,,
87,site_WEST_BENGAL_4276,87,2111,SAFProductionSite,site_WEST_BENGAL_4276,WEST_BENGAL,inv_02,92356.21030864632,85798.80156182678,6557.408746819536,0.0,0.0,1540.71,285.71,600.0,250.0,100000.0,True,site_WEST_BENGAL_4276,1.0,,,,,,,,,,,38779957.9197585,,,,0,500.50000000000006,88781.33805457133,454.99999999999994,454.99999999999994,,
87,site_MAHARASHTRA_4310,87,2111,SAFProductionSite,site_MAHARASHTRA_4310,MAHARASHTRA,inv_10,90794.08714498114,78858.68819465922,11935.39895032192,0.0,0.0,1570.71,285.71,600.0,250.0,100000.0,True,site_MAHARASHTRA_4310,1.0,,,,,,,,,,,36466939.126179814,,,,0,517.0,82222.18557144729,470.00000000000006,470.00000000000006,,
87,site_TAMIL_NADU_4435,87,2111,SAFProductionSite,site_TAMIL_NADU_4435,TAMIL_NADU,inv_35,89900.799933992,77432.79111450852,12468.008819483483,0.0,0.0,1570.71,285.71,600.0,250.0,100000.0,True,site_TAMIL_NADU_4435,1.0,,,,,,,,,,,35611245.606754184,,,,0,522.5,81299.19183205116,475.00000000000006,475.00000000000006,,
87,site_JHARKHAND_4876,87,2111,SAFProductionSite,site_JHARKHAND_4876,JHARKHAND,inv_37,91172.31380386109,79845.51982829846,11326.793975562628,0.0,0.0,1570.71,285.71,600.0,250.0,100000.0,True,site_JHARKHAND_4876,1.0,,,,,,,,,,,35707139.175273284,,,,0,528.0,82592.79794654396,480.0,480.0,,
87,site_RAJASTHAN_5813,87,2111,SAFProductionSite,site_RAJASTHAN_5813,RAJASTHAN,inv_41,93459.50728204283,86646.87034426648,6812.636937776348,0.0,0.0,1570.71,285.71,600.0,250.0,100000.0,True,site_RAJASTHAN_5813,1.0,,,,,,,,,,,36451551.52837932,,,,0,533.5,89742.42689939626,484.99999999999994,484.99999999999994,,
87,site_CHHATTISGARH_6311,87,2111,SAFProductionSite,site_CHHATTISGARH_6311,CHHATTISGARH,inv_43,90477.75035233973,78349.69101436436,12128.05933797537,0.0,0.0,1495.71,285.71,600.0,250.0,100000.0,True,site_CHHATTISGARH_6311,1.0,,,,,,,,,,,32310389.3909778,,,,0,660.0,81891.07885224825,492.5719050036115,492.5719050036115,,
87,site_PUNJAB_7112,87,2111,SAFProductionSite,site_PUNJAB_7112,PUNJAB,inv_46,84139.16095517491,78791.70094232967,5347.460012845244,0.0,0.0,1495.71,285.71,600.0,250.0,100000.0,True,site_PUNJAB_7112,1.0,,,,,,,,,,,29278270.762783095,,,,0,660.0,80584.46574920612,501.1922698217161,501.1922698217161,,
87,site_HARYANA_8697,87,2111,SAFProductionSite,site_HARYANA_8697,HARYANA,inv_23,89644.57154798666,76681.75196794275,12962.819580043913,0.0,0.0,1495.71,285.71,600.0,250.0,100000.0,True,site_HARYANA_8697,1.0,,,,,,,,,,,30327469.608637393,,,,0,665.5,80548.00324073785,511.79298437821285,511.79298437821285,,
87,site_ASSAM_8961,87,2111,SAFProductionSite,site_ASSAM_8961,ASSAM,inv_12,90300.14506922598,78319.33113136058,11980.813937865401,0.0,0.0,1615.71,285.71,600.0,250.0,100000.0,True,site_ASSAM_8961,1.0,,,,,,,,,,,31661727.575744256,,,,0,572.0,81976.2481996464,520.0,520.0,,
87,site_KERALA_9594,87,2111,SAFProductionSite,site_KERALA_9594,KERALA,inv_25,91281.7438897036,83537.79532992844,7743.948559775163,0.0,0.0,1615.71,285.71,600.0,250.0,100000.0,True,site_KERALA_9594,1.0,,,,,,,,,,,31730923.29428594,,,,0,577.5,85933.74841798336,525.0,525.0,,
87,site_ODISHA_10038,87,2111,SAFProductionSite,site_ODISHA_10038,ODISHA,inv_02,91443.88646090415,80343.54604685512,11100.340414049031,0.0,0.0,1495.71,285.71,600.0,250.0,100000.0,True,site_ODISHA_10038,1.0,,,,,,,,,,,30539526.54724823,,,,0,665.5,83516.17937270824,522.4497194627018,522.4497194627018,,
87,site_MADHYA_PRADESH_10183,87,2111,SAFProductionSite,site_MADHYA_PRADESH_10183,MADHYA_PRADESH,inv_28,90293.3437272679,78866.05019230058,11427.29353496732,0.0,0.0,1525.71,285.71,600.0,250.0,100000.0,True,site_MADHYA_PRADESH_10183,1.0,,,,,,,,,,,29025909.85551624,,,,0,693.0,82850.5352138366,530.7049189666487,530.7049189666487,,
88,site_GUJARAT_001,88,2112,SAFProductionSite,site_GUJARAT_001,GUJARAT,inv_01,87468.68630584434,83576.46639127028,3892.2199145740597,0.0,0.0,1540.71,285.71,600.0,250.0,100000.0,True,site_GUJARAT_001,1.0,,,,,,,,,,,37082619.289462134,,,,0,495.00000000000006,86562.40829619016,450.0,450.0,,
88,site_PUNJAB_020,88,2112,SAFProductionSite,site_PUNJAB_020,PUNJAB,inv_02,91977.785733586,82642.81607138633,9334.96966219967,0.0,0.0,1495.71,285.71,600.0,250.0,100000.0,True,site_PUNJAB_020,1.0,,,,,,,,,,,40588352.95871727,,,,0,660.0,85109.34684683023,400.0,400.0,,
88,site_CHHATTISGARH_245,88,2112,SAFProductionSite,site_CHHATTISGARH_245,CHHATTISGARH,inv_06,89439.8050750733,76809.7363315812,12630.068743492098,0.0,0.0,1495.71,285.71,600.0,250.0,100000.0,True,site_CHHATTISGARH_245,1.0,,,,,,,,,,,38326118.949228466,,,,0,660.0,0.0,400.0,400.0,,
88,site_HARYANA_525,88,2112,SAFProductionSite,site_HARYANA_525,HARYANA,inv_10,92684.0495074535,83832.7437598671,8851.305747586404,0.0,0.0,1495.71,285.71,600.0,250.0,100000.0,True,site_HARYANA_525,1.0,,,,,,,,,,,40776346.47414878,,,,0,665.5,86545.10098269311,405.0,405.0,,
88,site_ODISHA_624,88,2112,SAFProductionSite,site_ODISHA_624,ODISHA,inv_11,92660.06720119747,86549.82505200696,6110.242149190512,0.0,0.0,1495.71,285.71,600.0,250.0,100000.0,True,site_ODISHA_624,1.0,,,,,,,,,,,41456054.914129406,,,,0,665.5,89404.74534625192,405.0,405.0,,
88,site_BIHAR_725,88,2112,SAFProductionSite,site_BIHAR_725,BIHAR,inv_12,92792.44014372097,84023.49552097404,8768.94462274693,0.0,0.0,1525.71,285.71,600.0,250.0,100000.0,True,site_BIHAR_725,1.0,,,,,,,,,,,41686510.237692416,,,,0,467.50000000000006,86458.07461765366,425.0,425.0,,
88,site_MADHYA_PRADESH_1615,88,2112,SAFProductionSite,site_MADHYA_PRADESH_1615,MADHYA_PRADESH,inv_19,91230.63292767748,79204.56384533967,12026.06908233781,0.0,0.0,1525.71,285.71,600.0,250.0,100000.0,True,site_MADHYA_PRADESH_1615,1.0,,,,,,,,,,,36777031.9082811,,,,0,693.0,82175.48493991613,430.0,430.0,,
88,site_UTTAR_PRADESH_2182,88,2112,SAFProductionSite,site_UTTAR_PRADESH_2182,UTTAR_PRADESH,inv_23,92461.82648560488,84695.74324833624,7766.083237268642,0.0,0.0,1525.71,285.71,600.0,250.0,100000.0,True,site_UTTAR_PRADESH_2182,1.0,,,,,,,,,,,41147338.41014227,,,,0,473.00000000000006,88418.01075474071,430.0,430.0,,
88,site_TELANGANA_2516,88,2112,SAFProductionSite,site_TELANGANA_2516,TELANGANA,inv_25,92398.78504273001,85825.42347252692,6573.361570203095,0.0,0.0,1525.71,285.71,600.0,250.0,100000.0,True,site_TELANGANA_2516,1.0,,,,,,,,,,,40700702.33437623,,,,0,478.50000000000006,89631.22631233465,435.0,435.0,,
88,site_KARNATAKA_3051,88,2112,SAFProductionSite,site_KARNATAKA_3051,KARNATAKA,inv_28,92318.04913917935,85224.14282875635,7093.906310423001,0.0,0.0,1540.71,285.71,600.0,250.0,100000.0,True,site_KARNATAKA_3051,1.0,,,,,,,,,,,39721759.58834547,,,,0,489.50000000000006,89372.55337479417,445.00000000000006,445.00000000000006,,
88,site_ANDHRA_PRADESH_3930,88,2112,SAFProductionSite,site_ANDHRA_PRADESH_3930,ANDHRA_PRADESH,inv_11,91658.99971806126,79891.95771247701,11767.04200558424,0.0,0.0,1540.71,285.71,600.0,250.0,100000.0,True,site_ANDHRA_PRADESH_3930,1.0,,,,,,,,,,,38669316.52439003,,,,0,495.00000000000006,81960.83413849205,450.0,450.0,,
88,site_WEST_BENGAL_4276,88,2112,SAFProductionSite,site_WEST_BENGAL_4276,WEST_BENGAL,inv_02,92204.97898344861,84711.87578606291,7493.1031973857025,0.0,0.0,1540.71,285.71,600.0,250.0,100000.0,True,site_WEST_BENGAL_4276,1.0,,,,,,,,,,,38716456.565515876,,,,0,500.50000000000006,88781.33805457133,454.99999999999994,454.99999999999994,,
88,site_MAHARASHTRA_4310,88,2112,SAFProductionSite,site_MAHARASHTRA_4310,MAHARASHTRA,inv_10,90794.08714498114,78945.973479159,11848.113665822137,0.0,0.0,1570.71,285.71,600.0,250.0,100000.0,True,site_MAHARASHTRA_4310,1.0,,,,,,,,,,,36466939.126179814,,,,0,517.0,82222.18557144729,470.00000000000006,470.00000000000006,,
88,site_TAMIL_NADU_4435,88,2112,SAFProductionSite,site_TAMIL_NADU_4435,TAMIL_NADU,inv_35,89900.799933992,78283.57582207551,11617.224111916497,0.0,0.0,1570.71,285.71,600.0,250.0,100000.0,True,site_TAMIL_NADU_4435,1.0,,,,,,,,,,,35611245.606754184,,,,0,522.5,81299.19183205116,475.00000000000006,475.00000000000006,,
88,site_JHARKHAND_4876,88,2112,SAFProductionSite,site_JHARKHAND_4876,JHARKHAND,inv_37,91625.25113525568,80072.15257001013,11553.098565245542,0.0,0.0,1570.71,285.71,600.0,250.0,100000.0,True,site_JHARKHAND_4876,1.0,,,,,,,,,,,35884529.609441474,,,,0,528.0,82592.79794654396,480.0,480.0,,
88,site_RAJASTHAN_5813,88,2112,SAFProductionSite,site_RAJASTHAN_5813,RAJASTHAN,inv_41,92313.34790337962,85474.52224095307,6838.825662426549,0.0,0.0,1570.71,285.71,600.0,250.0,100000.0,True,site_RAJASTHAN_5813,1.0,,,,,,,,,,,36004520.62840897,,,,0,533.5,89742.42689939626,484.99999999999994,484.99999999999994,,
88,site_CHHATTISGARH_6311,88,2112,SAFProductionSite,site_CHHATTISGARH_6311,CHHATTISGARH,inv_43,90106.42993328978,78028.1441148604,12078.285818429373,0.0,0.0,1495.71,285.71,600.0,250.0,100000.0,True,site_CHHATTISGARH_6311,1.0,,,,,,,,,,,32177787.64876379,,,,0,660.0,81891.07885224825,492.5719050036115,492.5719050036115,,
88,site_PUNJAB_7112,88,2112,SAFProductionSite,site_PUNJAB_7112,PUNJAB,inv_46,84254.28553619859,78574.87859667648,5679.406939522101,0.0,0.0,1495.71,285.71,600.0,250.0,100000.0,True,site_PUNJAB_7112,1.0,,,,,,,,,,,29318331.165292427,,,,0,660.0,80584.46574920612,501.1922698217161,501.1922698217161,,
88,site_HARYANA_8697,88,2112,SAFProductionSite,site_HARYANA_8697,HARYANA,inv_23,89644.57154798666,78759.7801505758,10884.791397410867,0.0,0.0,1495.71,285.71,600.0,250.0,100000.0,True,site_HARYANA_8697,1.0,,,,,,,,,,,30327469.608637393,,,,0,665.5,80548.00324073785,511.79298437821285,511.79298437821285,,
88,site_ASSAM_8961,88,2112,SAFProductionSite,site_ASSAM_8961,ASSAM,inv_12,90373.13636809752,78425.78401624951,11947.352351848007,0.0,0.0,1615.71,285.71,600.0,250.0,100000.0,True,site_ASSAM_8961,1.0,,,,,,,,,,,31687320.343269676,,,,0,572.0,81976.2481996464,520.0,520.0,,
88,site_KERALA_9594,88,2112,SAFProductionSite,site_KERALA_9594,KERALA,inv_25,93109.64070087142,83798.93148591681,9310.709214954608,0.0,0.0,1615.71,285.71,600.0,250.0,100000.0,True,site_KERALA_9594,1.0,,,,,,,,,,,32366328.04263431,,,,0,577.5,85933.74841798336,525.0,525.0,,
88,site_ODISHA_10038,88,2112,SAFProductionSite,site_ODISHA_10038,ODISHA,inv_02,91443.88646090415,81426.47451957826,10017.411941325889,0.0,0.0,1495.71,285.71,600.0,250.0,100000.0,True,site_ODISHA_10038,1.0,,,,,,,,,,,30539526.54724823,,,,0,665.5,83516.17937270824,522.4497194627018,522.4497194627018,,
88,site_MADHYA_PRADESH_10183,88,2112,SAFProductionSite,site_MADHYA_PRADESH_10183,MADHYA_PRADESH,inv_28,90293.3437272679,79762.09921953679,10531.244507731113,0.0,0.0,1525.71,285.71,600.0,250.0,100000.0,True,site_MADHYA_PRADESH_10183,1.0,,,,,,,,,,,29025909.85551624,,,,0,693.0,82850.5352138366,530.7049189666487,530.7049189666487,,
89,site_GUJARAT_001,89,2113,SAFProductionSite,site_GUJARAT_001,GUJARAT,inv_01,87468.68630584434,84147.92273714358,3320.763568700757,0.0,0.0,1540.71,285.71,600.0,250.0,100000.0,True,site_GUJARAT_001,1.0,,,,,,,,,,,37082619.289462134,,,,0,495.00000000000006,86562.40829619016,450.0,450.0,,
89,site_PUNJAB_020,89,2113,SAFProductionSite,site_PUNJAB_020,PUNJAB,inv_02,90963.76153786667,81038.82648350378,9924.935054362883,0.0,0.0,1495.71,285.71,600.0,250.0,100000.0,True,site_PUNJAB_020,1.0,,,,,,,,,,,40140879.99949914,,,,0,660.0,85109.34684683023,400.0,400.0,,
89,site_CHHATTISGARH_245,89,2113,SAFProductionSite,site_CHHATTISGARH_245,CHHATTISGARH,inv_06,90086.08940421004,78264.12259840772,11821.966805802324,0.0,0.0,1495.71,285.71,600.0,250.0,100000.0,True,site_CHHATTISGARH_245,1.0,,,,,,,,,,,38603060.18420464,,,,0,660.0,80197.30664774435,400.0,400.0,,
89,site_HARYANA_525,89,2113,SAFProductionSite,site_HARYANA_525,HARYANA,inv_10,92756.45970500683,83652.79129795886,9103.668407047968,0.0,0.0,1495.71,285.71,600.0,250.0,100000.0,True,site_HARYANA_525,1.0,,,,,,,,,,,40808203.33969778,,,,0,665.5,86545.10098269311,405.0,405.0,,
89,site_ODISHA_624,89,2113,SAFProductionSite,site_ODISHA_624,ODISHA,inv_11,93668.0541548662,86492.92911718287,7175.125037683334,0.0,0.0,1495.71,285.71,600.0,250.0,100000.0,True,site_ODISHA_624,1.0,,,,,,,,,,,41907027.633729115,,,,0,665.5,89404.74534625192,405.0,405.0,,
89,site_BIHAR_725,89,2113,SAFProductionSite,site_BIHAR_725,BIHAR,inv_12,92095.41874218956,82995.69018623796,9099.728555951602,0.0,0.0,1525.71,285.71,600.0,250.0,100000.0,True,site_BIHAR_725,1.0,,,,,,,,,,,41373377.0800146,,,,0,467.50000000000006,86458.07461765366,425.0,425.0,,
89,site_MADHYA_PRADESH_1615,89,2113,SAFProductionSite,site_MADHYA_PRADESH_1615,MADHYA_PRADESH,inv_19,91230.63292767748,80412.12677752804,10818.506150149435,0.0,0.0,1525.71,285.71,600.0,250.0,100000.0,True,site_MADHYA_PRADESH_1615,1.0,,,,,,,,,,,36777031.9082811,,,,0,693.0,82175.48493991613,430.0,430.0,,
89,site_UTTAR_PRADESH_2182,89,2113,SAFProductionSite,site_UTTAR_PRADESH_2182,UTTAR_PRADESH,inv_23,92461.82648560488,86047.81190806693,6414.01457753795,0.0,0.0,1525.71,285.71,600.0,250.0,100000.0,True,site_UTTAR_PRADESH_2182,1.0,,,,,,,,,,,41147338.41014227,,,,0,473.00000000000006,88418.01075474071,430.0,430.0,,
89,site_TELANGANA_2516,89,2113,SAFProductionSite,site_TELANGANA_2516,TELANGANA,inv_25,92775.37942508256,86232.90201272858,6542.477412353983,0.0,0.0,1525.71,285.71,600.0,250.0,100000.0,True,site_TELANGANA_2516,1.0,,,,,,,,,,,40866588.23698676,,,,0,478.50000000000006,89631.22631233465,435.0,435.0,,
89,site_KARNATAKA_3051,89,2113,SAFProductionSite,site_KARNATAKA_3051,KARNATAKA,inv_28,92318.04913917935,87265.74098017748,5052.30815900187,0.0,0.0,1540.71,285.71,600.0,250.0,100000.0,True,site_KARNATAKA_3051,1.0,,,,,,,,,,,39721759.58834547,,,,0,489.50000000000006,0.0,445.00000000000006,445.00000000000006,,
89,site_ANDHRA_PRADESH_3930,89,2113,SAFProductionSite,site_ANDHRA_PRADESH_3930,ANDHRA_PRADESH,inv_11,91097.34816262304,78935.96323165315,12161.384930969885,0.0,0.0,1540.71,285.71,600.0,250.0,100000.0,True,site_ANDHRA_PRADESH_3930,1.0,,,,,,,,,,,38432365.632055804,,,,0,495.00000000000006,81960.83413849205,450.0,450.0,,
89,site_WEST_BENGAL_4276,89,2113,SAFProductionSite,site_WEST_BENGAL_4276,WEST_BENGAL,inv_02,92204.97898344861,85348.27161317965,6856.707370268967,0.0,0.0,1540.71,285.71,600.0,250.0,100000.0,True,site_WEST_BENGAL_4276,1.0,,,,,,,,,,,38716456.565515876,,,,0,500.50000000000006,88781.33805457133,454.99999999999994,454.99999999999994,,
89,site_MAHARASHTRA_4310,89,2113,SAFProductionSite,site_MAHARASHTRA_4310,MAHARASHTRA,inv_10,90894.58320836714,79540.21324967079,11354.369958696348,0.0,0.0,1570.71,285.71,600.0,250.0,100000.0,True,site_MAHARASHTRA_4310,1.0,,,,,,,,,,,36507302.80999619,,,,0,517.0,82222.18557144729,470.00000000000006,470.00000000000006,,
89,site_TAMIL_NADU_4435,89,2113,SAFProductionSite,site_TAMIL_NADU_4435,TAMIL_NADU,inv_35,90888.57558667088,78898.27523116369,11990.300355507192,0.0,0.0,1570.71,285.71,600.0,250.0,100000.0,True,site_TAMIL_NADU_4435,1.0,,,,,,,,,,,36002520.449667096,,,,0,522.5,81299.19183205116,475.00000000000006,475.00000000000006,,
89,site_JHARKHAND_4876,89,2113,SAFProductionSite,site_JHARKHAND_4876,JHARKHAND,inv_37,91460.31083459765,79701.7849529939,11758.525881603753,0.0,0.0,1570.71,285.71,600.0,250.0,100000.0,True,site_JHARKHAND_4876,1.0,,,,,,,,,,,35819931.64076559,,,,0,528.0,82592.79794654396,480.0,480.0,,
89,site_RAJASTHAN_5813,89,2113,SAFProductionSite,site_RAJASTHAN_5813,RAJASTHAN,inv_41,92313.34790337962,85995.1634499937,6318.184453385911,0.0,0.0,1570.71,285.71,600.0,250.0,100000.0,True,site_RAJASTHAN_5813,1.0,,,,,,,,,,,36004520.62840897,,,,0,533.5,89742.42689939626,484.99999999999994,484.99999999999994,,
89,site_CHHATTISGARH_6311,89,2113,SAFProductionSite,site_CHHATTISGARH_6311,CHHATTISGARH,inv_43,90106.42993328978,78555.76534702283,11550.664586266954,0.0,0.0,1495.71,285.71,600.0,250.0,100000.0,True,site_CHHATTISGARH_6311,1.0,,,,,,,,,,,32177787.64876379,,,,0,660.0,81891.07885224825,492.5719050036115,492.5719050036115,,
89,site_PUNJAB_7112,89,2113,SAFProductionSite,site_PUNJAB_7112,PUNJAB,inv_46,83155.63728254211,77550.28794704811,5605.349335494,0.0,0.0,1495.71,285.71,600.0,250.0,100000.0,True,site_PUNJAB_7112,1.0,,,,,,,,,,,28936029.7413366,,,,0,660.0,80584.46574920612,501.1922698217161,501.1922698217161,,
89,site_HARYANA_8697,89,2113,SAFProductionSite,site_HARYANA_8697,HARYANA,inv_23,89477.54536286897,76538.87816891422,12938.667193954752,0.0,0.0,1495.71,285.71,600.0,250.0,100000.0,True,site_HARYANA_8697,1.0,,,,,,,,,,,30270963.32537301,,,,0,665.5,80548.00324073785,511.79298437821285,511.79298437821285,,
89,site_ASSAM_8961,89,2113,SAFProductionSite,site_ASSAM_8961,ASSAM,inv_12,90495.9729774489,79333.36717603759,11162.605801411308,0.0,0.0,1615.71,285.71,600.0,250.0,100000.0,True,site_ASSAM_8961,1.0,,,,,,,,,,,31730390.254825547,,,,0,572.0,81976.2481996464,520.0,520.0,,
89,site_KERALA_9594,89,2113,SAFProductionSite,site_KERALA_9594,KERALA,inv_25,92901.37511986829,83350.93984053824,9550.43527933005,0.0,0.0,1615.71,285.71,600.0,250.0,100000.0,True,site_KERALA_9594,1.0,,,,,,,,,,,32293931.75730878,,,,0,577.5,85933.74841798336,525.0,525.0,,
89,site_ODISHA_10038,89,2113,SAFProductionSite,site_ODISHA_10038,ODISHA,inv_02,91907.46679695541,80750.85253302328,11156.614263932133,0.0,0.0,1495.71,285.71,600.0,250.0,100000.0,True,site_ODISHA_10038,1.0,,,,,,,,,,,30694348.531828597,,,,0,665.5,83516.17937270824,522.4497194627018,522.4497194627018,,
89,site_MADHYA_PRADESH_10183,89,2113,SAFProductionSite,site_MADHYA_PRADESH_10183,MADHYA_PRADESH,inv_28,91319.225746406,80095.82241969279,11223.403326713204,0.0,0.0,1525.71,285.71,600.0,250.0,100000.0,True,site_MADHYA_PRADESH_10183,1.0,,,,,,,,,,,29355692.293298572,,,,0,693.0,82850.5352138366,530.7049189666487,530.7049189666487,,
90,site_GUJARAT_001,90,2114,SAFProductionSite,site_GUJARAT_001,GUJARAT,inv_01,87069.90641638616,83195.43158399903,3874.4748323871318,0.0,0.0,1540.71,285.71,600.0,250.0,100000.0,True,site_GUJARAT_001,1.0,,,,,,,,,,,36913555.3255955,,,,0,495.00000000000006,86562.40829619016,450.0,450.0,,
90,site_PUNJAB_020,90,2114,SAFProductionSite,site_PUNJAB_020,PUNJAB,inv_02,90963.76153786667,82991.95151022325,7971.8100276434125,0.0,0.0,1495.71,285.71,600.0,250.0,100000.0,True,site_PUNJAB_020,1.0,,,,,,,,,,,40140879.99949914,,,,0,660.0,85109.34684683023,400.0,400.0,,
90,site_CHHATTISGARH_245,90,2114,SAFProductionSite,site_CHHATTISGARH_245,CHHATTISGARH,inv_06,89509.59613735476,76318.20322012152,13191.392917233243,0.0,0.0,1495.71,285.71,600.0,250.0,100000.0,True,site_CHHATTISGARH_245,1.0,,,,,,,,,,,38356025.32651034,,,,0,660.0,80197.30664774435,400.0,400.0,,
90,site_HARYANA_525,90,2114,SAFProductionSite,site_HARYANA_525,HARYANA,inv_10,92756.45970500683,84564.38998504679,8192.06971996004,0.0,0.0,1495.71,285.71,600.0,250.0,100000.0,True,site_HARYANA_525,1.0,,,,,,,,,,,40808203.33969778,,,,0,665.5,86545.10098269311,405.0,405.0,,
90,site_ODISHA_624,90,2114,SAFProductionSite,site_ODISHA_624,ODISHA,inv_11,93130.04536185086,85996.13267128084,7133.912690570025,0.0,0.0,1495.71,285.71,600.0,250.0,100000.0,True,site_ODISHA_624,1.0,,,,,,,,,,,41666322.84318437,,,,0,665.5,89404.74534625192,405.0,405.0,,
90,site_BIHAR_725,90,2114,SAFProductionSite,site_BIHAR_725,BIHAR,inv_12,91492.30558891615,82452.1692044131,9040.136384503043,0.0,0.0,1525.71,285.71,600.0,250.0,100000.0,True,site_BIHAR_725,1.0,,,,,,,,,,,41102431.703435674,,,,0,467.50000000000006,86458.07461765366,425.0,425.0,,
90,site_MADHYA_PRADESH_1615,90,2114,SAFProductionSite,site_MADHYA_PRADESH_1615,MADHYA_PRADESH,inv_19,89939.9030058061,78083.97860742956,11855.924398376548,0.0,0.0,1525.71,285.71,600.0,250.0,100000.0,True,site_MADHYA_PRADESH_1615,1.0,,,,,,,,,,,36256710.89330724,,,,0,693.0,82175.48493991613,430.0,430.0,,
90,site_UTTAR_PRADESH_2182,90,2114,SAFProductionSite,site_UTTAR_PRADESH_2182,UTTAR_PRADESH,inv_23,93937.87159741278,86486.01511487871,7451.856482534073,0.0,0.0,1525.71,285.71,600.0,250.0,100000.0,True,site_UTTAR_PRADESH_2182,1.0,,,,,,,,,,,41804207.628853336,,,,0,473.00000000000006,88418.01075474071,430.0,430.0,,
90,site_TELANGANA_2516,90,2114,SAFProductionSite,site_TELANGANA_2516,TELANGANA,inv_25,93215.85469039701,87695.978051154,5519.876639243012,0.0,0.0,1525.71,285.71,600.0,250.0,100000.0,True,site_TELANGANA_2516,1.0,,,,,,,,,,,41060613.00312331,,,,0,478.50000000000006,89631.22631233465,435.0,435.0,,
90,site_KARNATAKA_3051,90,2114,SAFProductionSite,site_KARNATAKA_3051,KARNATAKA,inv_28,92384.78929457313,85285.75453512071,7099.034759452421,0.0,0.0,1540.71,285.71,600.0,250.0,100000.0,True,site_KARNATAKA_3051,1.0,,,,,,,,,,,39750475.92748131,,,,0,489.50000000000006,89372.55337479417,445.00000000000006,445.00000000000006,,
90,site_ANDHRA_PRADESH_3930,90,2114,SAFProductionSite,site_ANDHRA_PRADESH_3930,ANDHRA_PRADESH,inv_11,91097.34816262304,80001.84010633556,11095.50805628748,0.0,0.0,1540.71,285.71,600.0,250.0,100000.0,True,site_ANDHRA_PRADESH_3930,1.0,,,,,,,,,,,38432365.632055804,,,,0,495.00000000000006,81960.83413849205,450.0,450.0,,
90,site_WEST_BENGAL_4276,90,2114,SAFProductionSite,site_WEST_BENGAL_4276,WEST_BENGAL,inv_02,91856.80697113411,84391.99821996462,7464.80875116949,0.0,0.0,1540.71,285.71,600.0,250.0,100000.0,True,site_WEST_BENGAL_4276,1.0,,,,,,,,,,,38570260.70124999,,,,0,500.50000000000006,88781.33805457133,454.99999999999994,454.99999999999994,,
90,site_MAHARASHTRA_4310,90,2114,SAFProductionSite,site_MAHARASHTRA_4310,MAHARASHTRA,inv_10,91578.76219668203,79885.8627337397,11692.899462942325,0.0,0.0,1570.71,285.71,600.0,250.0,100000.0,True,site_MAHARASHTRA_4310,1.0,,,,,,,,,,,36782099.48787291,,,,0,517.0,82222.18557144729,470.00000000000006,470.00000000000006,,
90,site_TAMIL_NADU_4435,90,2114,SAFProductionSite,site_TAMIL_NADU_4435,TAMIL_NADU,inv_35,90732.1782298442,78148.86863514376,12583.309594700433,0.0,0.0,1570.71,285.71,600.0,250.0,100000.0,True,site_TAMIL_NADU_4435,1.0,,,,,,,,,,,35940568.779712096,,,,0,522.5,81299.19183205116,475.00000000000006,475.00000000000006,,
90,site_JHARKHAND_4876,90,2114,SAFProductionSite,site_JHARKHAND_4876,JHARKHAND,inv_37,91283.39898198993,79547.6176392869,11735.781342703034,0.0,0.0,1570.71,285.71,600.0,250.0,100000.0,True,site_JHARKHAND_4876,1.0,,,,,,,,,,,35750645.07909724,,,,0,528.0,82592.79794654396,480.0,480.0,,
90,site_RAJASTHAN_5813,90,2114,SAFProductionSite,site_RAJASTHAN_5813,RAJASTHAN,inv_41,92875.6456712164,87066.05954645366,5809.586124762747,0.0,0.0,1570.71,285.71,600.0,250.0,100000.0,True,site_RAJASTHAN_5813,1.0,,,,,,,,,,,36223830.85863243,,,,0,533.5,89742.42689939626,484.99999999999994,484.99999999999994,,
90,site_CHHATTISGARH_6311,90,2114,SAFProductionSite,site_CHHATTISGARH_6311,CHHATTISGARH,inv_43,89947.29809885232,77890.34305316102,12056.955045691298,0.0,0.0,1495.71,285.71,600.0,250.0,100000.0,True,site_CHHATTISGARH_6311,1.0,,,,,,,,,,,32120960.29048893,,,,0,660.0,81891.07885224825,492.5719050036115,492.5719050036115,,
90,site_PUNJAB_7112,90,2114,SAFProductionSite,site_PUNJAB_7112,PUNJAB,inv_46,82468.23643198337,76909.22336456228,5559.013067421096,0.0,0.0,1495.71,285.71,600.0,250.0,100000.0,True,site_PUNJAB_7112,1.0,,,,,,,,,,,28696831.869658887,,,,0,660.0,80584.46574920612,501.1922698217161,501.1922698217161,,
90,site_HARYANA_8697,90,2114,SAFProductionSite,site_HARYANA_8697,HARYANA,inv_23,89477.54536286897,78846.4013720098,10631.143990859171,0.0,0.0,1495.71,285.71,600.0,250.0,100000.0,True,site_HARYANA_8697,1.0,,,,,,,,,,,30270963.32537301,,,,0,665.5,80548.00324073785,511.79298437821285,511.79298437821285,,
90,site_ASSAM_8961,90,2114,SAFProductionSite,site_ASSAM_8961,ASSAM,inv_12,91543.23851815362,79810.34697462994,11732.891543523685,0.0,0.0,1615.71,285.71,600.0,250.0,100000.0,True,site_ASSAM_8961,1.0,,,,,,,,,,,32097590.509308368,,,,0,572.0,81976.2481996464,520.0,520.0,,
90,site_KERALA_9594,90,2114,SAFProductionSite,site_KERALA_9594,KERALA,inv_25,92901.37511986829,83410.27441344294,9491.10070642535,0.0,0.0,1615.71,285.71,600.0,250.0,100000.0,True,site_KERALA_9594,1.0,,,,,,,,,,,32293931.75730878,,,,0,577.5,85933.74841798336,525.0,525.0,,
90,site_ODISHA_10038,90,2114,SAFProductionSite,site_ODISHA_10038,ODISHA,inv_02,91907.46679695541,81132.45793760833,10775.008859347086,0.0,0.0,1495.71,285.71,600.0,250.0,100000.0,True,site_ODISHA_10038,1.0,,,,,,,,,,,30694348.531828597,,,,0,665.5,83516.17937270824,522.4497194627018,522.4497194627018,,
90,site_MADHYA_PRADESH_10183,90,2114,SAFProductionSite,site_MADHYA_PRADESH_10183,MADHYA_PRADESH,inv_28,91701.303757768,80573.1175791885,11128.18617857949,0.0,0.0,1525.71,285.71,600.0,250.0,100000.0,True,site_MADHYA_PRADESH_10183,1.0,,,,,,,,,,,29478515.98613985,,,,0,693.0,82850.5352138366,530.7049189666487,530.7049189666487,,
91,site_GUJARAT_001,91,2115,SAFProductionSite,site_GUJARAT_001,GUJARAT,inv_01,86578.0186272158,82725.43203311833,3852.5865940974763,0.0,0.0,1540.71,285.71,600.0,250.0,100000.0,True,site_GUJARAT_001,1.0,,,,,,,,,,,36705017.980526,,,,0,495.00000000000006,86562.40829619016,450.0,450.0,,
91,site_PUNJAB_020,91,2115,SAFProductionSite,site_PUNJAB_020,PUNJAB,inv_02,93156.08843712544,83201.89387101283,9954.194566112608,0.0,0.0,1495.71,285.71,600.0,250.0,100000.0,True,site_PUNJAB_020,1.0,,,,,,,,,,,41108319.44455977,,,,0,660.0,85109.34684683023,400.0,400.0,,
91,site_CHHATTISGARH_245,91,2115,SAFProductionSite,site_CHHATTISGARH_245,CHHATTISGARH,inv_06,89509.59613735476,77549.39421170192,11960.201925652844,0.0,0.0,1495.71,285.71,600.0,250.0,100000.0,True,site_CHHATTISGARH_245,1.0,,,,,,,,,,,38356025.32651034,,,,0,660.0,80197.30664774435,400.0,400.0,,
91,site_HARYANA_525,91,2115,SAFProductionSite,site_HARYANA_525,HARYANA,inv_10,93767.26479081478,84628.93681859388,9138.327972220897,0.0,0.0,1495.71,285.71,600.0,250.0,100000.0,True,site_HARYANA_525,1.0,,,,,,,,,,,41252907.0251299,,,,0,665.5,86545.10098269311,405.0,405.0,,
91,site_ODISHA_624,91,2115,SAFProductionSite,site_ODISHA_624,ODISHA,inv_11,93130.04536185086,87172.22746990382,5957.817891947037,0.0,0.0,1495.71,285.71,600.0,250.0,100000.0,True,site_ODISHA_624,1.0,,,,,,,,,,,41666322.84318437,,,,0,665.5,89404.74534625192,405.0,405.0,,
91,site_BIHAR_725,91,2115,SAFProductionSite,site_BIHAR_725,BIHAR,inv_12,91492.30558891615,82612.95452656195,8879.351062354195,0.0,0.0,1525.71,285.71,600.0,250.0,100000.0,True,site_BIHAR_725,1.0,,,,,,,,,,,41102431.703435674,,,,0,467.50000000000006,86458.07461765366,425.0,425.0,,
91,site_MADHYA_PRADESH_1615,91,2115,SAFProductionSite,site_MADHYA_PRADESH_1615,MADHYA_PRADESH,inv_19,89939.9030058061,79810.0635501911,10129.839455615001,0.0,0.0,1525.71,285.71,600.0,250.0,100000.0,True,site_MADHYA_PRADESH_1615,1.0,,,,,,,,,,,36256710.89330724,,,,0,693.0,82175.48493991613,430.0,430.0,,
91,site_UTTAR_PRADESH_2182,91,2115,SAFProductionSite,site_UTTAR_PRADESH_2182,UTTAR_PRADESH,inv_23,91814.37369362645,84102.67151788149,7711.702175744955,0.0,0.0,1525.71,285.71,600.0,250.0,100000.0,True,site_UTTAR_PRADESH_2182,1.0,,,,,,,,,,,40859209.133999586,,,,0,473.00000000000006,88418.01075474071,430.0,430.0,,
91,site_TELANGANA_2516,91,2115,SAFProductionSite,site_TELANGANA_2516,TELANGANA,inv_25,92095.0266991608,85196.03708602257,6898.989613138227,0.0,0.0,1525.71,285.71,600.0,250.0,100000.0,True,site_TELANGANA_2516,1.0,,,,,,,,,,,40566899.948149204,,,,0,478.50000000000006,89631.22631233465,435.0,435.0,,
91,site_KARNATAKA_3051,91,2115,SAFProductionSite,site_KARNATAKA_3051,KARNATAKA,inv_28,92384.78929457313,86395.82701800702,5988.962276566104,0.0,0.0,1540.71,285.71,600.0,250.0,100000.0,True,site_KARNATAKA_3051,1.0,,,,,,,,,,,39750475.92748131,,,,0,489.50000000000006,89372.55337479417,445.00000000000006,445.00000000000006,,
91,site_ANDHRA_PRADESH_3930,91,2115,SAFProductionSite,site_ANDHRA_PRADESH_3930,ANDHRA_PRADESH,inv_11,91392.27219425919,79191.51526458174,12200.756929677445,0.0,0.0,1540.71,285.71,600.0,250.0,100000.0,True,site_ANDHRA_PRADESH_3930,1.0,,,,,,,,,,,38556788.88307391,,,,0,495.00000000000006,81960.83413849205,450.0,450.0,,
91,site_WEST_BENGAL_4276,91,2115,SAFProductionSite,site_WEST_BENGAL_4276,WEST_BENGAL,inv_02,91856.80697113411,85027.21117668538,6829.595794448731,0.0,0.0,1540.71,285.71,600.0,250.0,100000.0,True,site_WEST_BENGAL_4276,1.0,,,,,,,,,,,38570260.70124999,,,,0,500.50000000000006,88781.33805457133,454.99999999999994,454.99999999999994,,
91,site_MAHARASHTRA_4310,91,2115,SAFProductionSite,site_MAHARASHTRA_4310,MAHARASHTRA,inv_10,90826.42975088139,78886.77918113522,11939.650569746169,0.0,0.0,1570.71,285.71,600.0,250.0,100000.0,True,site_MAHARASHTRA_4310,1.0,,,,,,,,,,,36479929.35360135,,,,0,517.0,82222.18557144729,470.00000000000006,470.00000000000006,,
91,site_TAMIL_NADU_4435,91,2115,SAFProductionSite,site_TAMIL_NADU_4435,TAMIL_NADU,inv_35,90320.54448206974,77794.32284655786,12526.221635511887,0.0,0.0,1570.71,285.71,600.0,250.0,100000.0,True,site_TAMIL_NADU_4435,1.0,,,,,,,,,,,35777513.60664593,,,,0,522.5,81299.19183205116,475.00000000000006,475.00000000000006,,
91,site_JHARKHAND_4876,91,2115,SAFProductionSite,site_JHARKHAND_4876,JHARKHAND,inv_37,91283.39898198993,80169.61976995174,11113.779212038193,0.0,0.0,1570.71,285.71,600.0,250.0,100000.0,True,site_JHARKHAND_4876,1.0,,,,,,,,,,,35750645.07909724,,,,0,528.0,82592.79794654396,480.0,480.0,,
91,site_RAJASTHAN_5813,91,2115,SAFProductionSite,site_RAJASTHAN_5813,RAJASTHAN,inv_41,92859.56981970926,85980.27854159857,6879.291278110686,0.0,0.0,1570.71,285.71,600.0,250.0,100000.0,True,site_RAJASTHAN_5813,1.0,,,,,,,,,,,36217560.87340978,,,,0,533.5,89742.42689939626,484.99999999999994,484.99999999999994,,
91,site_CHHATTISGARH_6311,91,2115,SAFProductionSite,site_CHHATTISGARH_6311,CHHATTISGARH,inv_43,89947.29809885232,79598.19451768565,10349.103581166666,0.0,0.0,1495.71,285.71,600.0,250.0,100000.0,True,site_CHHATTISGARH_6311,1.0,,,,,,,,,,,32120960.29048893,,,,0,660.0,81891.07885224825,492.5719050036115,492.5719050036115,,
91,site_PUNJAB_7112,91,2115,SAFProductionSite,site_PUNJAB_7112,PUNJAB,inv_46,82468.23643198337,77716.30645686566,4751.929975117717,0.0,0.0,1495.71,285.71,600.0,250.0,100000.0,True,site_PUNJAB_7112,1.0,,,,,,,,,,,28696831.869658887,,,,0,660.0,80584.46574920612,501.1922698217161,501.1922698217161,,
91,site_HARYANA_8697,91,2115,SAFProductionSite,site_HARYANA_8697,HARYANA,inv_23,90876.27225073377,77735.34580141025,13140.926449323524,0.0,0.0,1495.71,285.71,600.0,250.0,100000.0,True,site_HARYANA_8697,1.0,,,,,,,,,,,30744163.726133466,,,,0,665.5,80548.00324073785,511.79298437821285,511.79298437821285,,
91,site_ASSAM_8961,91,2115,SAFProductionSite,site_ASSAM_8961,ASSAM,inv_12,90804.7874215232,78693.40934912597,12111.37807239723,0.0,0.0,1615.71,285.71,600.0,250.0,100000.0,True,site_ASSAM_8961,1.0,,,,,,,,,,,31838669.137348264,,,,0,572.0,81976.2481996464,520.0,520.0,,
91,site_KERALA_9594,91,2115,SAFProductionSite,site_KERALA_9594,KERALA,inv_25,92213.6498533362,82733.91401886905,9479.735834467152,0.0,0.0,1615.71,285.71,600.0,250.0,100000.0,True,site_KERALA_9594,1.0,,,,,,,,,,,32054867.988914534,,,,0,577.5,85933.74841798336,525.0,525.0,,
91,site_ODISHA_10038,91,2115,SAFProductionSite,site_ODISHA_10038,ODISHA,inv_02,92341.79516565091,81446.49656588519,10895.298599765723,0.0,0.0,1495.71,285.71,600.0,250.0,100000.0,True,site_ODISHA_10038,1.0,,,,,,,,,,,30839401.23310098,,,,0,665.5,83516.17937270824,522.4497194627018,522.4497194627018,,
91,site_MADHYA_PRADESH_10183,91,2115,SAFProductionSite,site_MADHYA_PRADESH_10183,MADHYA_PRADESH,inv_28,90639.19872101129,79168.13466685732,11471.064054153961,0.0,0.0,1525.71,285.71,600.0,250.0,100000.0,True,site_MADHYA_PRADESH_10183,1.0,,,,,,,,,,,29137089.21223381,,,,0,693.0,82850.5352138366,530.7049189666487,530.7049189666487,,
92,site_GUJARAT_001,92,2116,SAFProductionSite,site_GUJARAT_001,GUJARAT,inv_01,86578.0186272158,82764.77104579573,3813.2475814200734,0.0,0.0,1540.71,285.71,600.0,250.0,100000.0,True,site_GUJARAT_001,1.0,,,,,,,,,,,36705017.980526,,,,0,495.00000000000006,86562.40829619016,450.0,450.0,,
92,site_PUNJAB_020,92,2116,SAFProductionSite,site_PUNJAB_020,PUNJAB,inv_02,92286.3077367263,82217.07142537755,10069.236311348752,0.0,0.0,1495.71,285.71,600.0,250.0,100000.0,True,site_PUNJAB_020,1.0,,,,,,,,,,,40724498.8754635,,,,0,660.0,85109.34684683023,400.0,400.0,,
92,site_CHHATTISGARH_245,92,2116,SAFProductionSite,site_CHHATTISGARH_245,CHHATTISGARH,inv_06,90204.33097132924,76910.55215846328,13293.77881286596,0.0,0.0,1495.71,285.71,600.0,250.0,100000.0,True,site_CHHATTISGARH_245,1.0,,,,,,,,,,,38653728.23253444,,,,0,660.0,80197.30664774435,400.0,400.0,,
92,site_HARYANA_525,92,2116,SAFProductionSite,site_HARYANA_525,HARYANA,inv_10,92211.30575803845,83161.14198861655,9050.163769421895,0.0,0.0,1495.71,285.71,600.0,250.0,100000.0,True,site_HARYANA_525,1.0,,,,,,,,,,,40568362.86723824,,,,0,665.5,0.0,405.0,405.0,,
92,site_ODISHA_624,92,2116,SAFProductionSite,site_ODISHA_624,ODISHA,inv_11,94403.70452003965,87412.29832967753,6991.406190362119,0.0,0.0,1495.71,285.71,600.0,250.0,100000.0,True,site_ODISHA_624,1.0,,,,,,,,,,,42236157.137488395,,,,0,665.5,89404.74534625192,405.0,405.0,,
92,site_BIHAR_725,92,2116,SAFProductionSite,site_BIHAR_725,BIHAR,inv_12,91670.71957086712,83451.11045772875,8219.609113138373,0.0,0.0,1525.71,285.71,600.0,250.0,100000.0,True,site_BIHAR_725,1.0,,,,,,,,,,,41182583.2359703,,,,0,467.50000000000006,86458.07461765366,425.0,425.0,,
92,site_MADHYA_PRADESH_1615,92,2116,SAFProductionSite,site_MADHYA_PRADESH_1615,MADHYA_PRADESH,inv_19,91896.55948076959,79782.70761676898,12113.851864000608,0.0,0.0,1525.71,285.71,600.0,250.0,100000.0,True,site_MADHYA_PRADESH_1615,1.0,,,,,,,,,,,37045481.2361626,,,,0,693.0,82175.48493991613,430.0,430.0,,
92,site_UTTAR_PRADESH_2182,92,2116,SAFProductionSite,site_UTTAR_PRADESH_2182,UTTAR_PRADESH,inv_23,91814.37369362645,85059.60624725185,6754.767446374593,0.0,0.0,1525.71,285.71,600.0,250.0,100000.0,True,site_UTTAR_PRADESH_2182,1.0,,,,,,,,,,,40859209.133999586,,,,0,473.00000000000006,88418.01075474071,430.0,430.0,,
92,site_TELANGANA_2516,92,2116,SAFProductionSite,site_TELANGANA_2516,TELANGANA,inv_25,92095.0266991608,87077.81201334186,5017.214685818937,0.0,0.0,1525.71,285.71,600.0,250.0,100000.0,True,site_TELANGANA_2516,1.0,,,,,,,,,,,40566899.948149204,,,,0,478.50000000000006,89631.22631233465,435.0,435.0,,
92,site_KARNATAKA_3051,92,2116,SAFProductionSite,site_KARNATAKA_3051,KARNATAKA,inv_28,93527.61536978232,86340.76353466335,7186.8518351189705,0.0,0.0,1540.71,285.71,600.0,250.0,100000.0,True,site_KARNATAKA_3051,1.0,,,,,,,,,,,40242200.60141063,,,,0,489.50000000000006,89372.55337479417,445.00000000000006,445.00000000000006,,
92,site_ANDHRA_PRADESH_3930,92,2116,SAFProductionSite,site_ANDHRA_PRADESH_3930,ANDHRA_PRADESH,inv_11,90477.13606159831,78398.54869006938,12078.587371528934,0.0,0.0,1540.71,285.71,600.0,250.0,100000.0,True,site_ANDHRA_PRADESH_3930,1.0,,,,,,,,,,,38170709.07764703,,,,0,495.00000000000006,81960.83413849205,450.0,450.0,,
92,site_WEST_BENGAL_4276,92,2116,SAFProductionSite,site_WEST_BENGAL_4276,WEST_BENGAL,inv_02,92548.20704675476,85053.78278282478,7494.424263929977,0.0,0.0,1540.71,285.71,600.0,250.0,100000.0,True,site_WEST_BENGAL_4276,1.0,,,,,,,,,,,38860576.487797335,,,,0,500.50000000000006,88781.33805457133,454.99999999999994,454.99999999999994,,
92,site_MAHARASHTRA_4310,92,2116,SAFProductionSite,site_MAHARASHTRA_4310,MAHARASHTRA,inv_10,90826.42975088139,79371.2139166182,11455.215834263188,0.0,0.0,1570.71,285.71,600.0,250.0,100000.0,True,site_MAHARASHTRA_4310,1.0,,,,,,,,,,,36479929.35360135,,,,0,517.0,82222.18557144729,470.00000000000006,470.00000000000006,,
92,site_TAMIL_NADU_4435,92,2116,SAFProductionSite,site_TAMIL_NADU_4435,TAMIL_NADU,inv_35,90320.54448206974,78584.81235756083,11735.732124508912,0.0,0.0,1570.71,285.71,600.0,250.0,100000.0,True,site_TAMIL_NADU_4435,1.0,,,,,,,,,,,35777513.60664593,,,,0,522.5,81299.19183205116,475.00000000000006,475.00000000000006,,
92,site_JHARKHAND_4876,92,2116,SAFProductionSite,site_JHARKHAND_4876,JHARKHAND,inv_37,90392.86873687594,78771.57774348368,11621.290993392264,0.0,0.0,1570.71,285.71,600.0,250.0,100000.0,True,site_JHARKHAND_4876,1.0,,,,,,,,,,,35401873.768209115,,,,0,528.0,82592.79794654396,480.0,480.0,,
92,site_RAJASTHAN_5813,92,2116,SAFProductionSite,site_RAJASTHAN_5813,RAJASTHAN,inv_41,92859.56981970926,87344.71075311466,5514.859066594596,0.0,0.0,1570.71,285.71,600.0,250.0,100000.0,True,site_RAJASTHAN_5813,1.0,,,,,,,,,,,36217560.87340978,,,,0,533.5,89742.42689939626,484.99999999999994,484.99999999999994,,
92,site_CHHATTISGARH_6311,92,2116,SAFProductionSite,site_CHHATTISGARH_6311,CHHATTISGARH,inv_43,91749.79590049935,79451.22564875115,12298.570251748199,0.0,0.0,1495.71,285.71,600.0,250.0,100000.0,True,site_CHHATTISGARH_6311,1.0,,,,,,,,,,,32764647.889051035,,,,0,660.0,81891.07885224825,492.5719050036115,492.5719050036115,,
92,site_PUNJAB_7112,92,2116,SAFProductionSite,site_PUNJAB_7112,PUNJAB,inv_46,83021.89920686171,77425.56487814467,5596.334328717043,0.0,0.0,1495.71,285.71,600.0,250.0,100000.0,True,site_PUNJAB_7112,1.0,,,,,,,,,,,28889492.319919363,,,,0,660.0,80584.46574920612,501.1922698217161,501.1922698217161,,
92,site_HARYANA_8697,92,2116,SAFProductionSite,site_HARYANA_8697,HARYANA,inv_23,90876.27225073377,78135.07649396738,12741.195756766392,0.0,0.0,1495.71,285.71,600.0,250.0,100000.0,True,site_HARYANA_8697,1.0,,,,,,,,,,,30744163.726133466,,,,0,665.5,0.0,511.79298437821285,511.79298437821285,,
92,site_ASSAM_8961,92,2116,SAFProductionSite,site_ASSAM_8961,ASSAM,inv_12,90735.75932984008,78633.5880992816,12102.17123055848,0.0,0.0,1615.71,285.71,600.0,250.0,100000.0,True,site_ASSAM_8961,1.0,,,,,,,,,,,31814465.979842037,,,,0,572.0,81976.2481996464,520.0,520.0,,
92,site_KERALA_9594,92,2116,SAFProductionSite,site_KERALA_9594,KERALA,inv_25,92213.6498533362,83580.7835012696,8632.866352066601,0.0,0.0,1615.71,285.71,600.0,250.0,100000.0,True,site_KERALA_9594,1.0,,,,,,,,,,,32054867.988914534,,,,0,577.5,85933.74841798336,525.0,525.0,,
92,site_ODISHA_10038,92,2116,SAFProductionSite,site_ODISHA_10038,ODISHA,inv_02,92699.22166823196,81675.79925907838,11023.422409153573,0.0,0.0,1495.71,285.71,600.0,250.0,100000.0,True,site_ODISHA_10038,1.0,,,,,,,,,,,30958771.008235514,,,,0,665.5,83516.17937270824,522.4497194627018,522.4497194627018,,
92,site_MADHYA_PRADESH_10183,92,2116,SAFProductionSite,site_MADHYA_PRADESH_10183,MADHYA_PRADESH,inv_28,90639.19872101129,80800.49881812553,9838.699902885754,0.0,0.0,1525.71,285.71,600.0,250.0,100000.0,True,site_MADHYA_PRADESH_10183,1.0,,,,,,,,,,,29137089.21223381,,,,0,693.0,82850.5352138366,530.7049189666487,530.7049189666487,,
93,site_GUJARAT_001,93,2117,SAFProductionSite,site_GUJARAT_001,GUJARAT,inv_01,86619.1896877791,84264.23395816382,2354.955729615278,0.0,0.0,1540.71,285.71,600.0,250.0,100000.0,True,site_GUJARAT_001,1.0,,,,,,,,,,,36722472.57861239,,,,0,495.00000000000006,86562.40829619016,450.0,450.0,,
93,site_PUNJAB_020,93,2117,SAFProductionSite,site_PUNJAB_020,PUNJAB,inv_02,92233.30309632918,82169.8500508066,10063.453045522576,0.0,0.0,1495.71,285.71,600.0,250.0,100000.0,True,site_PUNJAB_020,1.0,,,,,,,,,,,40701108.75973359,,,,0,660.0,85109.34684683023,400.0,400.0,,
93,site_CHHATTISGARH_245,93,2117,SAFProductionSite,site_CHHATTISGARH_245,CHHATTISGARH,inv_06,90204.33097132924,78450.4066784023,11753.924292926939,0.0,0.0,1495.71,285.71,600.0,250.0,100000.0,True,site_CHHATTISGARH_245,1.0,,,,,,,,,,,38653728.23253444,,,,0,660.0,80197.30664774435,400.0,400.0,,
93,site_HARYANA_525,93,2117,SAFProductionSite,site_HARYANA_525,HARYANA,inv_10,92043.16448564189,83009.5030966936,9033.661388948283,0.0,0.0,1495.71,285.71,600.0,250.0,100000.0,True,site_HARYANA_525,1.0,,,,,,,,,,,40494389.11645499,,,,0,665.5,86545.10098269311,405.0,405.0,,
93,site_ODISHA_624,93,2117,SAFProductionSite,site_ODISHA_624,ODISHA,inv_11,92268.21584046687,85200.32069059298,7067.89514987389,0.0,0.0,1495.71,285.71,600.0,250.0,100000.0,True,site_ODISHA_624,1.0,,,,,,,,,,,41280740.86548586,,,,0,665.5,0.0,405.0,405.0,,
93,site_BIHAR_725,93,2117,SAFProductionSite,site_BIHAR_725,BIHAR,inv_12,92600.77173717653,84234.15226370384,8366.619473472689,0.0,0.0,1525.71,285.71,600.0,250.0,100000.0,True,site_BIHAR_725,1.0,,,,,,,,,,,41600404.2254,,,,0,467.50000000000006,86458.07461765366,425.0,425.0,,
93,site_MADHYA_PRADESH_1615,93,2117,SAFProductionSite,site_MADHYA_PRADESH_1615,MADHYA_PRADESH,inv_19,91286.53837361038,79253.09980655792,12033.438567052464,0.0,0.0,1525.71,285.71,600.0,250.0,100000.0,True,site_MADHYA_PRADESH_1615,1.0,,,,,,,,,,,36799568.59692331,,,,0,693.0,82175.48493991613,430.0,430.0,,
93,site_UTTAR_PRADESH_2182,93,2117,SAFProductionSite,site_UTTAR_PRADESH_2182,UTTAR_PRADESH,inv_23,92859.05350292524,86247.0186067485,6612.03489617673,0.0,0.0,1525.71,285.71,600.0,250.0,100000.0,True,site_UTTAR_PRADESH_2182,1.0,,,,,,,,,,,41324112.27594815,,,,0,473.00000000000006,88418.01075474071,430.0,430.0,,
93,site_TELANGANA_2516,93,2117,SAFProductionSite,site_TELANGANA_2516,TELANGANA,inv_25,92711.92679818315,85766.72418605853,6945.202612124616,0.0,0.0,1525.71,285.71,600.0,250.0,100000.0,True,site_TELANGANA_2516,1.0,,,,,,,,,,,40838638.015795305,,,,0,478.50000000000006,89631.22631233465,435.0,435.0,,
93,site_KARNATAKA_3051,93,2117,SAFProductionSite,site_KARNATAKA_3051,KARNATAKA,inv_28,93527.61536978232,87116.03791610243,6411.577453679885,0.0,0.0,1540.71,285.71,600.0,250.0,100000.0,True,site_KARNATAKA_3051,1.0,,,,,,,,,,,40242200.60141063,,,,0,489.50000000000006,89372.55337479417,445.00000000000006,445.00000000000006,,
93,site_ANDHRA_PRADESH_3930,93,2117,SAFProductionSite,site_ANDHRA_PRADESH_3930,ANDHRA_PRADESH,inv_11,90477.13606159831,80057.59930348398,10419.536758114336,0.0,0.0,1540.71,285.71,600.0,250.0,100000.0,True,site_ANDHRA_PRADESH_3930,1.0,,,,,,,,,,,38170709.07764703,,,,0,495.00000000000006,81960.83413849205,450.0,450.0,,
93,site_WEST_BENGAL_4276,93,2117,SAFProductionSite,site_WEST_BENGAL_4276,WEST_BENGAL,inv_02,92577.12901741007,86692.16566121807,5884.963356192005,0.0,0.0,1540.71,285.71,600.0,250.0,100000.0,True,site_WEST_BENGAL_4276,1.0,,,,,,,,,,,38872720.69338156,,,,0,500.50000000000006,88781.33805457133,454.99999999999994,454.99999999999994,,
93,site_MAHARASHTRA_4310,93,2117,SAFProductionSite,site_MAHARASHTRA_4310,MAHARASHTRA,inv_10,90448.68988559593,78558.69536872051,11889.99451687542,0.0,0.0,1570.71,285.71,600.0,250.0,100000.0,True,site_MAHARASHTRA_4310,1.0,,,,,,,,,,,36328212.24177116,,,,0,517.0,82222.18557144729,470.00000000000006,470.00000000000006,,
93,site_TAMIL_NADU_4435,93,2117,SAFProductionSite,site_TAMIL_NADU_4435,TAMIL_NADU,inv_35,90665.37698242348,78091.33180519882,12574.04517722466,0.0,0.0,1570.71,285.71,600.0,250.0,100000.0,True,site_TAMIL_NADU_4435,1.0,,,,,,,,,,,35914107.66223055,,,,0,522.5,81299.19183205116,475.00000000000006,475.00000000000006,,
93,site_JHARKHAND_4876,93,2117,SAFProductionSite,site_JHARKHAND_4876,JHARKHAND,inv_37,90392.86873687594,80611.78267646024,9781.086060415706,0.0,0.0,1570.71,285.71,600.0,250.0,100000.0,True,site_JHARKHAND_4876,1.0,,,,,,,,,,,35401873.768209115,,,,0,528.0,82592.79794654396,480.0,480.0,,
93,site_RAJASTHAN_5813,93,2117,SAFProductionSite,site_RAJASTHAN_5813,RAJASTHAN,inv_41,92296.01979630582,85458.47784751364,6837.541948792175,0.0,0.0,1570.71,285.71,600.0,250.0,100000.0,True,site_RAJASTHAN_5813,1.0,,,,,,,,,,,35997762.23211247,,,,0,533.5,89742.42689939626,484.99999999999994,484.99999999999994,,
93,site_CHHATTISGARH_6311,93,2117,SAFProductionSite,site_CHHATTISGARH_6311,CHHATTISGARH,inv_43,90698.44833415355,78540.80561011049,12157.642724043064,0.0,0.0,1495.71,285.71,600.0,250.0,100000.0,True,site_CHHATTISGARH_6311,1.0,,,,,,,,,,,32389202.55446206,,,,0,660.0,81891.07885224825,492.5719050036115,492.5719050036115,,
93,site_PUNJAB_7112,93,2117,SAFProductionSite,site_PUNJAB_7112,PUNJAB,inv_46,83021.89920686171,78372.84283939822,4649.0563674634905,0.0,0.0,1495.71,285.71,600.0,250.0,100000.0,True,site_PUNJAB_7112,1.0,,,,,,,,,,,28889492.319919363,,,,0,660.0,80584.46574920612,501.1922698217161,501.1922698217161,,
93,site_HARYANA_8697,93,2117,SAFProductionSite,site_HARYANA_8697,HARYANA,inv_23,90673.54641481765,77561.93460652388,13111.611808293776,0.0,0.0,1495.71,285.71,600.0,250.0,100000.0,True,site_HARYANA_8697,1.0,,,,,,,,,,,30675579.96783705,,,,0,665.5,80548.00324073785,511.79298437821285,511.79298437821285,,
93,site_ASSAM_8961,93,2117,SAFProductionSite,site_ASSAM_8961,ASSAM,inv_12,90515.33242102717,78442.56133230889,12072.771088718277,0.0,0.0,1615.71,285.71,600.0,250.0,100000.0,True,site_ASSAM_8961,1.0,,,,,,,,,,,31737178.211014554,,,,0,572.0,0.0,520.0,520.0,,
93,site_KERALA_9594,93,2117,SAFProductionSite,site_KERALA_9594,KERALA,inv_25,93157.5545005133,84120.21477594851,9037.339724564794,0.0,0.0,1615.71,285.71,600.0,250.0,100000.0,True,site_KERALA_9594,1.0,,,,,,,,,,,32382983.608538166,,,,0,577.5,85933.74841798336,525.0,525.0,,
93,site_ODISHA_10038,93,2117,SAFProductionSite,site_ODISHA_10038,ODISHA,inv_02,91220.7805547815,80147.52288625209,11073.257668529404,0.0,0.0,1495.71,285.71,600.0,250.0,100000.0,True,site_ODISHA_10038,1.0,,,,,,,,,,,30465015.83902505,,,,0,665.5,83516.17937270824,522.4497194627018,522.4497194627018,,
93,site_MADHYA_PRADESH_10183,93,2117,SAFProductionSite,site_MADHYA_PRADESH_10183,MADHYA_PRADESH,inv_28,91167.166997063,79629.28463473101,11537.882362331991,0.0,0.0,1525.71,285.71,600.0,250.0,100000.0,True,site_MADHYA_PRADESH_10183,1.0,,,,,,,,,,,29306811.131421313,,,,0,693.0,82850.5352138366,530.7049189666487,530.7049189666487,,
94,site_GUJARAT_001,94,2118,SAFProductionSite,site_GUJARAT_001,GUJARAT,inv_01,86736.07912790705,82876.45908841921,3859.6200394878397,0.0,0.0,1540.71,285.71,600.0,250.0,100000.0,True,site_GUJARAT_001,1.0,,,,,,,,,,,36772028.21721047,,,,0,495.00000000000006,86562.40829619016,450.0,450.0,,
94,site_PUNJAB_020,94,2118,SAFProductionSite,site_PUNJAB_020,PUNJAB,inv_02,92120.49360559131,82069.34905358484,10051.144552006474,0.0,0.0,1495.71,285.71,600.0,250.0,100000.0,True,site_PUNJAB_020,1.0,,,,,,,,,,,40651327.70237672,,,,0,660.0,85109.34684683023,400.0,400.0,,
94,site_CHHATTISGARH_245,94,2118,SAFProductionSite,site_CHHATTISGARH_245,CHHATTISGARH,inv_06,91551.3708885457,78059.07332919883,13492.297559346873,0.0,0.0,1495.71,285.71,600.0,250.0,100000.0,True,site_CHHATTISGARH_245,1.0,,,,,,,,,,,39230952.344922245,,,,0,660.0,80197.30664774435,400.0,400.0,,
94,site_HARYANA_525,94,2118,SAFProductionSite,site_HARYANA_525,HARYANA,inv_10,91736.74601969567,82733.1583540939,9003.587665601764,0.0,0.0,1495.71,285.71,600.0,250.0,100000.0,True,site_HARYANA_525,1.0,,,,,,,,,,,40359580.31602062,,,,0,665.5,86545.10098269311,405.0,405.0,,
94,site_ODISHA_624,94,2118,SAFProductionSite,site_ODISHA_624,ODISHA,inv_11,92268.21584046687,87033.12451153033,5235.091328936542,0.0,0.0,1495.71,285.71,600.0,250.0,100000.0,True,site_ODISHA_624,1.0,,,,,,,,,,,41280740.86548586,,,,0,665.5,89404.74534625192,405.0,405.0,,
94,site_BIHAR_725,94,2118,SAFProductionSite,site_BIHAR_725,BIHAR,inv_12,93469.66701176364,84383.02449188913,9086.642519874513,0.0,0.0,1525.71,285.71,600.0,250.0,100000.0,True,site_BIHAR_725,1.0,,,,,,,,,,,41990750.806473374,,,,0,467.50000000000006,0.0,425.0,425.0,,
94,site_MADHYA_PRADESH_1615,94,2118,SAFProductionSite,site_MADHYA_PRADESH_1615,MADHYA_PRADESH,inv_19,91286.53837361038,79871.11664852274,11415.421725087639,0.0,0.0,1525.71,285.71,600.0,250.0,100000.0,True,site_MADHYA_PRADESH_1615,1.0,,,,,,,,,,,36799568.59692331,,,,0,693.0,82175.48493991613,430.0,430.0,,
94,site_UTTAR_PRADESH_2182,94,2118,SAFProductionSite,site_UTTAR_PRADESH_2182,UTTAR_PRADESH,inv_23,94155.3443357328,86387.4054934104,7767.938842322401,0.0,0.0,1525.71,285.71,600.0,250.0,100000.0,True,site_UTTAR_PRADESH_2182,1.0,,,,,,,,,,,41900987.29132332,,,,0,473.00000000000006,88418.01075474071,430.0,430.0,,
94,site_TELANGANA_2516,94,2118,SAFProductionSite,site_TELANGANA_2516,TELANGANA,inv_25,92711.92679818315,86665.0097078042,6046.917090378949,0.0,0.0,1525.71,285.71,600.0,250.0,100000.0,True,site_TELANGANA_2516,1.0,,,,,,,,,,,40838638.015795305,,,,0,478.50000000000006,89631.22631233465,435.0,435.0,,
94,site_KARNATAKA_3051,94,2118,SAFProductionSite,site_KARNATAKA_3051,KARNATAKA,inv_28,92847.6391561629,85713.03807371593,7134.60108244697,0.0,0.0,1540.71,285.71,600.0,250.0,100000.0,True,site_KARNATAKA_3051,1.0,,,,,,,,,,,39949626.70134409,,,,0,489.50000000000006,89372.55337479417,445.00000000000006,445.00000000000006,,
94,site_ANDHRA_PRADESH_3930,94,2118,SAFProductionSite,site_ANDHRA_PRADESH_3930,ANDHRA_PRADESH,inv_11,90577.21167875262,78485.26433432693,12091.947344425687,0.0,0.0,1540.71,285.71,600.0,250.0,100000.0,True,site_ANDHRA_PRADESH_3930,1.0,,,,,,,,,,,38212929.21672794,,,,0,495.00000000000006,0.0,450.0,450.0,,
94,site_WEST_BENGAL_4276,94,2118,SAFProductionSite,site_WEST_BENGAL_4276,WEST_BENGAL,inv_02,93729.10314194449,86112.1409107935,7616.962231150988,0.0,0.0,1540.71,285.71,600.0,250.0,100000.0,True,site_WEST_BENGAL_4276,1.0,,,,,,,,,,,39356429.454544485,,,,0,500.50000000000006,88781.33805457133,454.99999999999994,454.99999999999994,,
94,site_MAHARASHTRA_4310,94,2118,SAFProductionSite,site_MAHARASHTRA_4310,MAHARASHTRA,inv_10,90388.01334008096,78505.99510008018,11882.018240000776,0.0,0.0,1570.71,285.71,600.0,250.0,100000.0,True,site_MAHARASHTRA_4310,1.0,,,,,,,,,,,36303841.845402196,,,,0,517.0,82222.18557144729,470.00000000000006,470.00000000000006,,
94,site_TAMIL_NADU_4435,94,2118,SAFProductionSite,site_TAMIL_NADU_4435,TAMIL_NADU,inv_35,90665.37698242348,78096.68490847717,12568.69207394631,0.0,0.0,1570.71,285.71,600.0,250.0,100000.0,True,site_TAMIL_NADU_4435,1.0,,,,,,,,,,,35914107.66223055,,,,0,522.5,81299.19183205116,475.00000000000006,475.00000000000006,,
94,site_JHARKHAND_4876,94,2118,SAFProductionSite,site_JHARKHAND_4876,JHARKHAND,inv_37,91055.3664112114,79348.90190398466,11706.464507226745,0.0,0.0,1570.71,285.71,600.0,250.0,100000.0,True,site_JHARKHAND_4876,1.0,,,,,,,,,,,35661337.36712228,,,,0,528.0,82592.79794654396,480.0,480.0,,
94,site_RAJASTHAN_5813,94,2118,SAFProductionSite,site_RAJASTHAN_5813,RAJASTHAN,inv_41,92296.01979630582,85853.71346477659,6442.306331529224,0.0,0.0,1570.71,285.71,600.0,250.0,100000.0,True,site_RAJASTHAN_5813,1.0,,,,,,,,,,,35997762.23211247,,,,0,533.5,89742.42689939626,484.99999999999994,484.99999999999994,,
94,site_CHHATTISGARH_6311,94,2118,SAFProductionSite,site_CHHATTISGARH_6311,CHHATTISGARH,inv_43,90669.50927000988,78515.74567299808,12153.763597011799,0.0,0.0,1495.71,285.71,600.0,250.0,100000.0,True,site_CHHATTISGARH_6311,1.0,,,,,,,,,,,32378868.163659334,,,,0,660.0,81891.07885224825,492.5719050036115,492.5719050036115,,
94,site_PUNJAB_7112,94,2118,SAFProductionSite,site_PUNJAB_7112,PUNJAB,inv_46,82154.53828548102,76616.67096060372,5537.8673248772975,0.0,0.0,1495.71,285.71,600.0,250.0,100000.0,True,site_PUNJAB_7112,1.0,,,,,,,,,,,28587672.957603976,,,,0,660.0,80584.46574920612,501.1922698217161,501.1922698217161,,
94,site_HARYANA_8697,94,2118,SAFProductionSite,site_HARYANA_8697,HARYANA,inv_23,90673.54641481765,78366.38177756207,12307.164637255584,0.0,0.0,1495.71,285.71,600.0,250.0,100000.0,True,site_HARYANA_8697,1.0,,,,,,,,,,,30675579.96783705,,,,0,665.5,80548.00324073785,511.79298437821285,511.79298437821285,,
94,site_ASSAM_8961,94,2118,SAFProductionSite,site_ASSAM_8961,ASSAM,inv_12,90515.33242102717,78697.22113356693,11818.11128746024,0.0,0.0,1615.71,285.71,600.0,250.0,100000.0,True,site_ASSAM_8961,1.0,,,,,,,,,,,31737178.211014554,,,,0,572.0,81976.2481996464,520.0,520.0,,
94,site_KERALA_9594,94,2118,SAFProductionSite,site_KERALA_9594,KERALA,inv_25,92039.07927938168,82577.28962672375,9461.789652657928,0.0,0.0,1615.71,285.71,600.0,250.0,100000.0,True,site_KERALA_9594,1.0,,,,,,,,,,,31994184.600806996,,,,0,577.5,85933.74841798336,525.0,525.0,,
94,site_ODISHA_10038,94,2118,SAFProductionSite,site_ODISHA_10038,ODISHA,inv_02,91220.7805547815,80330.82533292526,10889.955221856231,0.0,0.0,1495.71,285.71,600.0,250.0,100000.0,True,site_ODISHA_10038,1.0,,,,,,,,,,,30465015.83902505,,,,0,665.5,83516.17937270824,522.4497194627018,522.4497194627018,,
94,site_MADHYA_PRADESH_10183,94,2118,SAFProductionSite,site_MADHYA_PRADESH_10183,MADHYA_PRADESH,inv_28,91167.166997063,80016.24047463875,11150.926522424255,0.0,0.0,1525.71,285.71,600.0,250.0,100000.0,True,site_MADHYA_PRADESH_10183,1.0,,,,,,,,,,,29306811.131421313,,,,0,693.0,82850.5352138366,530.7049189666487,530.7049189666487,,
95,site_GUJARAT_001,95,2119,SAFProductionSite,site_GUJARAT_001,GUJARAT,inv_01,86736.07912790705,83532.13636962984,3203.9427582772187,0.0,0.0,1540.71,285.71,600.0,250.0,100000.0,True,site_GUJARAT_001,1.0,,,,,,,,,,,36772028.21721047,,,,0,495.00000000000006,86562.40829619016,450.0,450.0,,
95,site_PUNJAB_020,95,2119,SAFProductionSite,site_PUNJAB_020,PUNJAB,inv_02,92120.49360559131,83027.80544723765,9092.68815835366,0.0,0.0,1495.71,285.71,600.0,250.0,100000.0,True,site_PUNJAB_020,1.0,,,,,,,,,,,40651327.70237672,,,,0,660.0,85109.34684683023,400.0,400.0,,
95,site_CHHATTISGARH_245,95,2119,SAFProductionSite,site_CHHATTISGARH_245,CHHATTISGARH,inv_06,90982.55197970374,77574.08357442626,13408.468405277483,0.0,0.0,1495.71,285.71,600.0,250.0,100000.0,True,site_CHHATTISGARH_245,1.0,,,,,,,,,,,38987206.04938249,,,,0,660.0,80197.30664774435,400.0,400.0,,
95,site_HARYANA_525,95,2119,SAFProductionSite,site_HARYANA_525,HARYANA,inv_10,91736.74601969567,84298.93314908889,7437.81287060678,0.0,0.0,1495.71,285.71,600.0,250.0,100000.0,True,site_HARYANA_525,1.0,,,,,,,,,,,40359580.31602062,,,,0,665.5,86545.10098269311,405.0,405.0,,
95,site_ODISHA_624,95,2119,SAFProductionSite,site_ODISHA_624,ODISHA,inv_11,93205.96896901166,86066.24040685548,7139.72856215619,0.0,0.0,1495.71,285.71,600.0,250.0,100000.0,True,site_ODISHA_624,1.0,,,,,,,,,,,41700291.01656051,,,,0,665.5,89404.74534625192,405.0,405.0,,
95,site_BIHAR_725,95,2119,SAFProductionSite,site_BIHAR_725,BIHAR,inv_12,93634.86173649019,84389.42074755525,9245.440988934934,0.0,0.0,1525.71,285.71,600.0,250.0,100000.0,True,site_BIHAR_725,1.0,,,,,,,,,,,42064963.65800376,,,,0,467.50000000000006,86458.07461765366,425.0,425.0,,
95,site_MADHYA_PRADESH_1615,95,2119,SAFProductionSite,site_MADHYA_PRADESH_1615,MADHYA_PRADESH,inv_19,90280.30574441473,78379.50928148099,11900.796462933737,0.0,0.0,1525.71,285.71,600.0,250.0,100000.0,True,site_MADHYA_PRADESH_1615,1.0,,,,,,,,,,,36393934.56454277,,,,0,693.0,82175.48493991613,430.0,430.0,,
95,site_UTTAR_PRADESH_2182,95,2119,SAFProductionSite,site_UTTAR_PRADESH_2182,UTTAR_PRADESH,inv_23,92491.91468247706,84723.30426777476,7768.6104147023,0.0,0.0,1525.71,285.71,600.0,250.0,100000.0,True,site_UTTAR_PRADESH_2182,1.0,,,,,,,,,,,41160728.25183055,,,,0,473.00000000000006,88418.01075474071,430.0,430.0,,
95,site_TELANGANA_2516,95,2119,SAFProductionSite,site_TELANGANA_2516,TELANGANA,inv_25,92391.2226156361,85470.04448022411,6921.1781354119885,0.0,0.0,1525.71,285.71,600.0,250.0,100000.0,True,site_TELANGANA_2516,1.0,,,,,,,,,,,40697371.1640158,,,,0,478.50000000000006,89631.22631233465,435.0,435.0,,
95,site_KARNATAKA_3051,95,2119,SAFProductionSite,site_KARNATAKA_3051,KARNATAKA,inv_28,92145.51687515936,85064.86829416084,7080.648580998517,0.0,0.0,1540.71,285.71,600.0,250.0,100000.0,True,site_KARNATAKA_3051,1.0,,,,,,,,,,,39647523.99545179,,,,0,489.50000000000006,89372.55337479417,445.00000000000006,445.00000000000006,,
95,site_ANDHRA_PRADESH_3930,95,2119,SAFProductionSite,site_ANDHRA_PRADESH_3930,ANDHRA_PRADESH,inv_11,90334.22589468372,78274.71685622871,12059.509038455013,0.0,0.0,1540.71,285.71,600.0,250.0,100000.0,True,site_ANDHRA_PRADESH_3930,1.0,,,,,,,,,,,38110417.79696569,,,,0,495.00000000000006,81960.83413849205,450.0,450.0,,
95,site_WEST_BENGAL_4276,95,2119,SAFProductionSite,site_WEST_BENGAL_4276,WEST_BENGAL,inv_02,93729.10314194449,86655.78857267559,7073.3145692688995,0.0,0.0,1540.71,285.71,600.0,250.0,100000.0,True,site_WEST_BENGAL_4276,1.0,,,,,,,,,,,39356429.454544485,,,,0,500.50000000000006,88781.33805457133,454.99999999999994,454.99999999999994,,
95,site_MAHARASHTRA_4310,95,2119,SAFProductionSite,site_MAHARASHTRA_4310,MAHARASHTRA,inv_10,90054.88981487378,78216.66255618147,11838.227258692306,0.0,0.0,1570.71,285.71,600.0,250.0,100000.0,True,site_MAHARASHTRA_4310,1.0,,,,,,,,,,,36170044.63792732,,,,0,517.0,82222.18557144729,470.00000000000006,470.00000000000006,,
95,site_TAMIL_NADU_4435,95,2119,SAFProductionSite,site_TAMIL_NADU_4435,TAMIL_NADU,inv_35,90671.59202723752,78269.58889585944,12402.003131378078,0.0,0.0,1570.71,285.71,600.0,250.0,100000.0,True,site_TAMIL_NADU_4435,1.0,,,,,,,,,,,35916569.54785888,,,,0,522.5,81299.19183205116,475.00000000000006,475.00000000000006,,
95,site_JHARKHAND_4876,95,2119,SAFProductionSite,site_JHARKHAND_4876,JHARKHAND,inv_37,91055.3664112114,79985.53375532727,11069.832655884136,0.0,0.0,1570.71,285.71,600.0,250.0,100000.0,True,site_JHARKHAND_4876,1.0,,,,,,,,,,,35661337.36712228,,,,0,528.0,82592.79794654396,480.0,480.0,,
95,site_RAJASTHAN_5813,95,2119,SAFProductionSite,site_RAJASTHAN_5813,RAJASTHAN,inv_41,92513.26892192036,85659.6325628491,6853.636359071257,0.0,0.0,1570.71,285.71,600.0,250.0,100000.0,True,site_RAJASTHAN_5813,1.0,,,,,,,,,,,36082494.83906849,,,,0,533.5,89742.42689939626,484.99999999999994,484.99999999999994,,
95,site_CHHATTISGARH_6311,95,2119,SAFProductionSite,site_CHHATTISGARH_6311,CHHATTISGARH,inv_43,90669.50927000988,80130.4244022969,10539.084867712969,0.0,0.0,1495.71,285.71,600.0,250.0,100000.0,True,site_CHHATTISGARH_6311,1.0,,,,,,,,,,,32378868.163659334,,,,0,660.0,81891.07885224825,492.5719050036115,492.5719050036115,,
95,site_PUNJAB_7112,95,2119,SAFProductionSite,site_PUNJAB_7112,PUNJAB,inv_46,82154.53828548102,77688.61289055308,4465.925394927937,0.0,0.0,1495.71,285.71,600.0,250.0,100000.0,True,site_PUNJAB_7112,1.0,,,,,,,,,,,28587672.957603976,,,,0,660.0,80584.46574920612,501.1922698217161,501.1922698217161,,
95,site_HARYANA_8697,95,2119,SAFProductionSite,site_HARYANA_8697,HARYANA,inv_23,89594.40076057673,76638.83599645924,12955.564764117487,0.0,0.0,1495.71,285.71,600.0,250.0,100000.0,True,site_HARYANA_8697,1.0,,,,,,,,,,,30310496.433305725,,,,0,665.5,80548.00324073785,511.79298437821285,511.79298437821285,,
95,site_ASSAM_8961,95,2119,SAFProductionSite,site_ASSAM_8961,ASSAM,inv_12,90809.18586198626,79748.2019349498,11060.983927036461,0.0,0.0,1615.71,285.71,600.0,250.0,100000.0,True,site_ASSAM_8961,1.0,,,,,,,,,,,31840211.35218738,,,,0,572.0,81976.2481996464,520.0,520.0,,
95,site_KERALA_9594,95,2119,SAFProductionSite,site_KERALA_9594,KERALA,inv_25,91920.35519585844,82470.77060124539,9449.584594613058,0.0,0.0,1615.71,285.71,600.0,250.0,100000.0,True,site_KERALA_9594,1.0,,,,,,,,,,,31952914.30264078,,,,0,577.5,0.0,525.0,525.0,,
95,site_ODISHA_10038,95,2119,SAFProductionSite,site_ODISHA_10038,ODISHA,inv_02,91256.88263110504,80179.2425445447,11077.640086560335,0.0,0.0,1495.71,285.71,600.0,250.0,100000.0,True,site_ODISHA_10038,1.0,,,,,,,,,,,30477072.8541079,,,,0,665.5,83516.17937270824,522.4497194627018,522.4497194627018,,
95,site_MADHYA_PRADESH_10183,95,2119,SAFProductionSite,site_MADHYA_PRADESH_10183,MADHYA_PRADESH,inv_28,90453.445879653,79005.8902277304,11447.555651922594,0.0,0.0,1525.71,285.71,600.0,250.0,100000.0,True,site_MADHYA_PRADESH_10183,1.0,,,,,,,,,,,29077376.668583214,,,,0,693.0,82850.5352138366,530.7049189666487,530.7049189666487,,
96,site_GUJARAT_001,96,2120,SAFProductionSite,site_GUJARAT_001,GUJARAT,inv_01,87422.29180121614,83997.71868354834,3424.5731176677946,0.0,0.0,1540.71,285.71,600.0,250.0,100000.0,True,site_GUJARAT_001,1.0,,,,,,,,,,,37062950.196156725,,,,0,495.00000000000006,86562.40829619016,450.0,450.0,,
96,site_PUNJAB_020,96,2120,SAFProductionSite,site_PUNJAB_020,PUNJAB,inv_02,92073.32086177592,82027.32326511505,10045.997596660876,0.0,0.0,1495.71,285.71,600.0,250.0,100000.0,True,site_PUNJAB_020,1.0,,,,,,,,,,,40630511.111058086,,,,0,660.0,85109.34684683023,400.0,400.0,,
96,site_CHHATTISGARH_245,96,2120,SAFProductionSite,site_CHHATTISGARH_245,CHHATTISGARH,inv_06,89764.63767383542,76535.6582489749,13228.979424860518,0.0,0.0,1495.71,285.71,600.0,250.0,100000.0,True,site_CHHATTISGARH_245,1.0,,,,,,,,,,,38465313.93973963,,,,0,660.0,80197.30664774435,400.0,400.0,,
96,site_HARYANA_525,96,2120,SAFProductionSite,site_HARYANA_525,HARYANA,inv_10,93071.85796005843,83937.23449996852,9134.623460089919,0.0,0.0,1495.71,285.71,600.0,250.0,100000.0,True,site_HARYANA_525,1.0,,,,,,,,,,,40946962.79824185,,,,0,665.5,86545.10098269311,405.0,405.0,,
96,site_ODISHA_624,96,2120,SAFProductionSite,site_ODISHA_624,ODISHA,inv_11,93205.96896901166,87162.54691230562,6043.42205670604,0.0,0.0,1495.71,285.71,600.0,250.0,100000.0,True,site_ODISHA_624,1.0,,,,,,,,,,,41700291.01656051,,,,0,665.5,89404.74534625192,405.0,405.0,,
96,site_BIHAR_725,96,2120,SAFProductionSite,site_BIHAR_725,BIHAR,inv_12,91930.84088100948,82847.37387078417,9083.467010225315,0.0,0.0,1525.71,285.71,600.0,250.0,100000.0,True,site_BIHAR_725,1.0,,,,,,,,,,,41299441.351151854,,,,0,467.50000000000006,86458.07461765366,425.0,425.0,,
96,site_MADHYA_PRADESH_1615,96,2120,SAFProductionSite,site_MADHYA_PRADESH_1615,MADHYA_PRADESH,inv_19,90172.04295665969,78285.51775024152,11886.52520641817,0.0,0.0,1525.71,285.71,600.0,250.0,100000.0,True,site_MADHYA_PRADESH_1615,1.0,,,,,,,,,,,36350291.50439976,,,,0,693.0,82175.48493991613,430.0,430.0,,
96,site_UTTAR_PRADESH_2182,96,2120,SAFProductionSite,site_UTTAR_PRADESH_2182,UTTAR_PRADESH,inv_23,91943.57607239291,84221.02188921861,7722.554183174303,0.0,0.0,1525.71,285.71,600.0,250.0,100000.0,True,site_UTTAR_PRADESH_2182,1.0,,,,,,,,,,,40916706.74360314,,,,0,473.00000000000006,88418.01075474071,430.0,430.0,,
96,site_TELANGANA_2516,96,2120,SAFProductionSite,site_TELANGANA_2516,TELANGANA,inv_25,92391.2226156361,86677.1484812324,5714.074134403694,0.0,0.0,1525.71,285.71,600.0,250.0,100000.0,True,site_TELANGANA_2516,1.0,,,,,,,,,,,40697371.1640158,,,,0,478.50000000000006,89631.22631233465,435.0,435.0,,
96,site_KARNATAKA_3051,96,2120,SAFProductionSite,site_KARNATAKA_3051,KARNATAKA,inv_28,92145.51687515936,86768.93309141582,5376.583783743539,0.0,0.0,1540.71,285.71,600.0,250.0,100000.0,True,site_KARNATAKA_3051,1.0,,,,,,,,,,,39647523.99545179,,,,0,489.50000000000006,89372.55337479417,445.00000000000006,445.00000000000006,,
96,site_ANDHRA_PRADESH_3930,96,2120,SAFProductionSite,site_ANDHRA_PRADESH_3930,ANDHRA_PRADESH,inv_11,90334.22589468372,79880.43057271547,10453.795321968253,0.0,0.0,1540.71,285.71,600.0,250.0,100000.0,True,site_ANDHRA_PRADESH_3930,1.0,,,,,,,,,,,38110417.79696569,,,,0,495.00000000000006,81960.83413849205,450.0,450.0,,
96,site_WEST_BENGAL_4276,96,2120,SAFProductionSite,site_WEST_BENGAL_4276,WEST_BENGAL,inv_02,94090.48288202129,86444.15286926356,7646.330012757724,0.0,0.0,1540.71,285.71,600.0,250.0,100000.0,True,site_WEST_BENGAL_4276,1.0,,,,,,,,,,,39508171.1843794,,,,0,500.50000000000006,0.0,454.99999999999994,454.99999999999994,,
96,site_MAHARASHTRA_4310,96,2120,SAFProductionSite,site_MAHARASHTRA_4310,MAHARASHTRA,inv_10,90054.88981487378,79553.96852505177,10500.921289822014,0.0,0.0,1570.71,285.71,600.0,250.0,100000.0,True,site_MAHARASHTRA_4310,1.0,,,,,,,,,,,36170044.63792732,,,,0,517.0,0.0,470.00000000000006,470.00000000000006,,
96,site_TAMIL_NADU_4435,96,2120,SAFProductionSite,site_TAMIL_NADU_4435,TAMIL_NADU,inv_35,90093.77287469669,77599.0013531194,12494.771521577291,0.0,0.0,1570.71,285.71,600.0,250.0,100000.0,True,site_TAMIL_NADU_4435,1.0,,,,,,,,,,,35687685.49151535,,,,0,522.5,0.0,475.00000000000006,475.00000000000006,,
96,site_JHARKHAND_4876,96,2120,SAFProductionSite,site_JHARKHAND_4876,JHARKHAND,inv_37,91785.92153046426,80264.52933903233,11521.392191431922,0.0,0.0,1570.71,285.71,600.0,250.0,100000.0,True,site_JHARKHAND_4876,1.0,,,,,,,,,,,35947455.29294886,,,,0,528.0,82592.79794654396,480.0,480.0,,
96,site_RAJASTHAN_5813,96,2120,SAFProductionSite,site_RAJASTHAN_5813,RAJASTHAN,inv_41,92513.26892192036,87156.36439366432,5356.90452825604,0.0,0.0,1570.71,285.71,600.0,250.0,100000.0,True,site_RAJASTHAN_5813,1.0,,,,,,,,,,,36082494.83906849,,,,0,533.5,89742.42689939626,484.99999999999994,484.99999999999994,,
96,site_CHHATTISGARH_6311,96,2120,SAFProductionSite,site_CHHATTISGARH_6311,CHHATTISGARH,inv_43,91495.25381321968,79230.8035691697,12264.450244049978,0.0,0.0,1495.71,285.71,600.0,250.0,100000.0,True,site_CHHATTISGARH_6311,1.0,,,,,,,,,,,32673748.701965004,,,,0,660.0,81891.07885224825,492.5719050036115,492.5719050036115,,
96,site_PUNJAB_7112,96,2120,SAFProductionSite,site_PUNJAB_7112,PUNJAB,inv_46,83303.96037886744,78878.11351526795,4425.846863599494,0.0,0.0,1495.71,285.71,600.0,250.0,100000.0,True,site_PUNJAB_7112,1.0,,,,,,,,,,,28987642.37599194,,,,0,660.0,80584.46574920612,501.1922698217161,501.1922698217161,,
96,site_HARYANA_8697,96,2120,SAFProductionSite,site_HARYANA_8697,HARYANA,inv_23,89594.40076057673,78244.07460912484,11350.326151451882,0.0,0.0,1495.71,285.71,600.0,250.0,100000.0,True,site_HARYANA_8697,1.0,,,,,,,,,,,30310496.433305725,,,,0,665.5,80548.00324073785,511.79298437821285,511.79298437821285,,
96,site_ASSAM_8961,96,2120,SAFProductionSite,site_ASSAM_8961,ASSAM,inv_12,92021.9187838791,80277.65755739174,11744.26122648736,0.0,0.0,1615.71,285.71,600.0,250.0,100000.0,True,site_ASSAM_8961,1.0,,,,,,,,,,,32265429.04553294,,,,0,572.0,81976.2481996464,520.0,520.0,,
96,site_KERALA_9594,96,2120,SAFProductionSite,site_KERALA_9594,KERALA,inv_25,91920.35519585844,84083.65893265515,7836.6962632032955,0.0,0.0,1615.71,285.71,600.0,250.0,100000.0,True,site_KERALA_9594,1.0,,,,,,,,,,,31952914.30264078,,,,0,577.5,85933.74841798336,525.0,525.0,,
96,site_ODISHA_10038,96,2120,SAFProductionSite,site_ODISHA_10038,ODISHA,inv_02,90434.85750863265,79457.00275536788,10977.854753264764,0.0,0.0,1495.71,285.71,600.0,250.0,100000.0,True,site_ODISHA_10038,1.0,,,,,,,,,,,30202541.01800771,,,,0,665.5,83516.17937270824,522.4497194627018,522.4497194627018,,
96,site_MADHYA_PRADESH_10183,96,2120,SAFProductionSite,site_MADHYA_PRADESH_10183,MADHYA_PRADESH,inv_28,90453.445879653,79446.17569376391,11007.27018588908,0.0,0.0,1525.71,285.71,600.0,250.0,100000.0,True,site_MADHYA_PRADESH_10183,1.0,,,,,,,,,,,29077376.668583214,,,,0,693.0,82850.5352138366,530.7049189666487,530.7049189666487,,
97,site_GUJARAT_001,97,2121,SAFProductionSite,site_GUJARAT_001,GUJARAT,inv_01,87909.55663932301,84036.48026457756,3873.0763747454475,0.0,0.0,1540.71,285.71,600.0,250.0,100000.0,True,site_GUJARAT_001,1.0,,,,,,,,,,,37269527.62686694,,,,0,495.00000000000006,86562.40829619016,450.0,450.0,,
97,site_PUNJAB_020,97,2121,SAFProductionSite,site_PUNJAB_020,PUNJAB,inv_02,92073.32086177592,82692.0859887342,9381.234873041729,0.0,0.0,1495.71,285.71,600.0,250.0,100000.0,True,site_PUNJAB_020,1.0,,,,,,,,,,,40630511.111058086,,,,0,660.0,85109.34684683023,400.0,400.0,,
97,site_CHHATTISGARH_245,97,2121,SAFProductionSite,site_CHHATTISGARH_245,CHHATTISGARH,inv_06,89764.63767383542,78398.97602566275,11365.661648172667,0.0,0.0,1495.71,285.71,600.0,250.0,100000.0,True,site_CHHATTISGARH_245,1.0,,,,,,,,,,,38465313.93973963,,,,0,660.0,80197.30664774435,400.0,400.0,,
97,site_HARYANA_525,97,2121,SAFProductionSite,site_HARYANA_525,HARYANA,inv_10,93071.85796005843,83978.08555934415,9093.772400714282,0.0,0.0,1495.71,285.71,600.0,250.0,100000.0,True,site_HARYANA_525,1.0,,,,,,,,,,,40946962.79824185,,,,0,665.5,86545.10098269311,405.0,405.0,,
97,site_ODISHA_624,97,2121,SAFProductionSite,site_ODISHA_624,ODISHA,inv_11,93440.1590359528,86282.49113441301,7157.667901539797,0.0,0.0,1495.71,285.71,600.0,250.0,100000.0,True,site_ODISHA_624,1.0,,,,,,,,,,,41805067.503009364,,,,0,665.5,89404.74534625192,405.0,405.0,,
97,site_BIHAR_725,97,2121,SAFProductionSite,site_BIHAR_725,BIHAR,inv_12,91930.84088100948,84661.24698273149,7269.593898277992,0.0,0.0,1525.71,285.71,600.0,250.0,100000.0,True,site_BIHAR_725,1.0,,,,,,,,,,,41299441.351151854,,,,0,467.50000000000006,86458.07461765366,425.0,425.0,,
97,site_MADHYA_PRADESH_1615,97,2121,SAFProductionSite,site_MADHYA_PRADESH_1615,MADHYA_PRADESH,inv_19,90172.04295665969,78664.58455935944,11507.458397300245,0.0,0.0,1525.71,285.71,600.0,250.0,100000.0,True,site_MADHYA_PRADESH_1615,1.0,,,,,,,,,,,36350291.50439976,,,,0,693.0,82175.48493991613,430.0,430.0,,
97,site_UTTAR_PRADESH_2182,97,2121,SAFProductionSite,site_UTTAR_PRADESH_2182,UTTAR_PRADESH,inv_23,91943.57607239291,85183.59239158127,6759.983680811638,0.0,0.0,1525.71,285.71,600.0,250.0,100000.0,True,site_UTTAR_PRADESH_2182,1.0,,,,,,,,,,,40916706.74360314,,,,0,473.00000000000006,88418.01075474071,430.0,430.0,,
97,site_TELANGANA_2516,97,2121,SAFProductionSite,site_TELANGANA_2516,TELANGANA,inv_25,93173.38848257232,86193.6170182353,6979.771464337027,0.0,0.0,1525.71,285.71,600.0,250.0,100000.0,True,site_TELANGANA_2516,1.0,,,,,,,,,,,41041907.08092809,,,,0,478.50000000000006,89631.22631233465,435.0,435.0,,
97,site_KARNATAKA_3051,97,2121,SAFProductionSite,site_KARNATAKA_3051,KARNATAKA,inv_28,92872.35561611933,85735.8552707125,7136.500345406821,0.0,0.0,1540.71,285.71,600.0,250.0,100000.0,True,site_KARNATAKA_3051,1.0,,,,,,,,,,,39960261.47200291,,,,0,489.50000000000006,89372.55337479417,445.00000000000006,445.00000000000006,,
97,site_ANDHRA_PRADESH_3930,97,2121,SAFProductionSite,site_ANDHRA_PRADESH_3930,ANDHRA_PRADESH,inv_11,91473.79415157279,79262.15413997021,12211.640011602576,0.0,0.0,1540.71,285.71,600.0,250.0,100000.0,True,site_ANDHRA_PRADESH_3930,1.0,,,,,,,,,,,38591181.560069546,,,,0,495.00000000000006,81960.83413849205,450.0,450.0,,
97,site_WEST_BENGAL_4276,97,2121,SAFProductionSite,site_WEST_BENGAL_4276,WEST_BENGAL,inv_02,94090.48288202129,86588.42621775699,7502.056664264295,0.0,0.0,1540.71,285.71,600.0,250.0,100000.0,True,site_WEST_BENGAL_4276,1.0,,,,,,,,,,,39508171.1843794,,,,0,500.50000000000006,88781.33805457133,454.99999999999994,454.99999999999994,,
97,site_MAHARASHTRA_4310,97,2121,SAFProductionSite,site_MAHARASHTRA_4310,MAHARASHTRA,inv_10,91347.32325952649,79339.19827661302,12008.124982913461,0.0,0.0,1570.71,285.71,600.0,250.0,100000.0,True,site_MAHARASHTRA_4310,1.0,,,,,,,,,,,36689143.328522995,,,,0,517.0,82222.18557144729,470.00000000000006,470.00000000000006,,
97,site_TAMIL_NADU_4435,97,2121,SAFProductionSite,site_TAMIL_NADU_4435,TAMIL_NADU,inv_35,90093.77287469669,78289.35518989217,11804.417684804517,0.0,0.0,1570.71,285.71,600.0,250.0,100000.0,True,site_TAMIL_NADU_4435,1.0,,,,,,,,,,,35687685.49151535,,,,0,522.5,81299.19183205116,475.00000000000006,475.00000000000006,,
97,site_JHARKHAND_4876,97,2121,SAFProductionSite,site_JHARKHAND_4876,JHARKHAND,inv_37,90364.53302312916,78746.8849894035,11617.648033725665,0.0,0.0,1570.71,285.71,600.0,250.0,100000.0,True,site_JHARKHAND_4876,1.0,,,,,,,,,,,35390776.24054776,,,,0,528.0,82592.79794654396,480.0,480.0,,
97,site_RAJASTHAN_5813,97,2121,SAFProductionSite,site_RAJASTHAN_5813,RAJASTHAN,inv_41,93121.44571241469,86222.75395088442,6898.691761530266,0.0,0.0,1570.71,285.71,600.0,250.0,100000.0,True,site_RAJASTHAN_5813,1.0,,,,,,,,,,,36319699.038638756,,,,0,533.5,89742.42689939626,484.99999999999994,484.99999999999994,,
97,site_CHHATTISGARH_6311,97,2121,SAFProductionSite,site_CHHATTISGARH_6311,CHHATTISGARH,inv_43,90605.05316324878,78459.92956319149,12145.123600057297,0.0,0.0,1495.71,285.71,600.0,250.0,100000.0,True,site_CHHATTISGARH_6311,1.0,,,,,,,,,,,32355850.328888178,,,,0,660.0,81891.07885224825,492.5719050036115,492.5719050036115,,
97,site_PUNJAB_7112,97,2121,SAFProductionSite,site_PUNJAB_7112,PUNJAB,inv_46,82535.32554938279,76971.7901434658,5563.535405916991,0.0,0.0,1495.71,285.71,600.0,250.0,100000.0,True,site_PUNJAB_7112,1.0,,,,,,,,,,,28720177.162411466,,,,0,660.0,80584.46574920612,501.1922698217161,501.1922698217161,,
97,site_HARYANA_8697,97,2121,SAFProductionSite,site_HARYANA_8697,HARYANA,inv_23,91471.0001335912,78338.09460695481,13132.905526636387,0.0,0.0,1495.71,285.71,600.0,250.0,100000.0,True,site_HARYANA_8697,1.0,,,,,,,,,,,30945364.88624066,,,,0,665.5,80548.00324073785,511.79298437821285,511.79298437821285,,
97,site_ASSAM_8961,97,2121,SAFProductionSite,site_ASSAM_8961,ASSAM,inv_12,90075.37478636179,78061.28445006392,12014.090336297872,0.0,0.0,1615.71,285.71,600.0,250.0,100000.0,True,site_ASSAM_8961,1.0,,,,,,,,,,,31582916.899884164,,,,0,572.0,81976.2481996464,520.0,520.0,,
97,site_KERALA_9594,97,2121,SAFProductionSite,site_KERALA_9594,KERALA,inv_25,92908.82852972994,83357.62702591288,9551.201503817065,0.0,0.0,1615.71,285.71,600.0,250.0,100000.0,True,site_KERALA_9594,1.0,,,,,,,,,,,32296522.6760021,,,,0,577.5,85933.74841798336,525.0,525.0,,
97,site_ODISHA_10038,97,2121,SAFProductionSite,site_ODISHA_10038,ODISHA,inv_02,90434.85750863265,81110.2344472905,9324.62306134215,0.0,0.0,1495.71,285.71,600.0,250.0,100000.0,True,site_ODISHA_10038,1.0,,,,,,,,,,,30202541.01800771,,,,0,665.5,0.0,522.4497194627018,522.4497194627018,,
97,site_MADHYA_PRADESH_10183,97,2121,SAFProductionSite,site_MADHYA_PRADESH_10183,MADHYA_PRADESH,inv_28,90957.5264926132,80261.26971017198,10696.25678244121,0.0,0.0,1525.71,285.71,600.0,250.0,100000.0,True,site_MADHYA_PRADESH_10183,1.0,,,,,,,,,,,29239419.60361828,,,,0,693.0,0.0,530.7049189666487,530.7049189666487,,
98,site_GUJARAT_001,98,2122,SAFProductionSite,site_GUJARAT_001,GUJARAT,inv_01,86897.32126555481,83030.52620280178,3866.795062753037,0.0,0.0,1540.71,285.71,600.0,250.0,100000.0,True,site_GUJARAT_001,1.0,,,,,,,,,,,36840387.318693995,,,,0,495.00000000000006,86562.40829619016,450.0,450.0,,
98,site_PUNJAB_020,98,2122,SAFProductionSite,site_PUNJAB_020,PUNJAB,inv_02,91477.10177110108,81496.15684654916,9980.94492455192,0.0,0.0,1495.71,285.71,600.0,250.0,100000.0,True,site_PUNJAB_020,1.0,,,,,,,,,,,40367408.98590875,,,,0,660.0,85109.34684683023,400.0,400.0,,
98,site_CHHATTISGARH_245,98,2122,SAFProductionSite,site_CHHATTISGARH_245,CHHATTISGARH,inv_06,89389.09988784204,76215.46499255246,13173.634895289579,0.0,0.0,1495.71,285.71,600.0,250.0,100000.0,True,site_CHHATTISGARH_245,1.0,,,,,,,,,,,38304391.11747016,,,,0,660.0,80197.30664774435,400.0,400.0,,
98,site_HARYANA_525,98,2122,SAFProductionSite,site_HARYANA_525,HARYANA,inv_10,93044.30495081702,83912.3857062669,9131.919244550125,0.0,0.0,1495.71,285.71,600.0,250.0,100000.0,True,site_HARYANA_525,1.0,,,,,,,,,,,40934840.85215509,,,,0,665.5,86545.10098269311,405.0,405.0,,
98,site_ODISHA_624,98,2122,SAFProductionSite,site_ODISHA_624,ODISHA,inv_11,93440.1590359528,87424.84965294752,6015.309383005282,0.0,0.0,1495.71,285.71,600.0,250.0,100000.0,True,site_ODISHA_624,1.0,,,,,,,,,,,41805067.503009364,,,,0,665.5,89404.74534625192,405.0,405.0,,
98,site_BIHAR_725,98,2122,SAFProductionSite,site_BIHAR_725,BIHAR,inv_12,92016.38915014577,82924.46931959341,9091.91983055236,0.0,0.0,1525.71,285.71,600.0,250.0,100000.0,True,site_BIHAR_725,1.0,,,,,,,,,,,41337873.45609105,,,,0,467.50000000000006,86458.07461765366,425.0,425.0,,
98,site_MADHYA_PRADESH_1615,98,2122,SAFProductionSite,site_MADHYA_PRADESH_1615,MADHYA_PRADESH,inv_19,90180.28981398353,78292.67750257983,11887.612311403704,0.0,0.0,1525.71,285.71,600.0,250.0,100000.0,True,site_MADHYA_PRADESH_1615,1.0,,,,,,,,,,,36353615.990103826,,,,0,693.0,82175.48493991613,430.0,430.0,,
98,site_UTTAR_PRADESH_2182,98,2122,SAFProductionSite,site_UTTAR_PRADESH_2182,UTTAR_PRADESH,inv_23,92994.4084207042,86280.7638452375,6713.6445754667075,0.0,0.0,1525.71,285.71,600.0,250.0,100000.0,True,site_UTTAR_PRADESH_2182,1.0,,,,,,,,,,,41384347.88689183,,,,0,473.00000000000006,88418.01075474071,430.0,430.0,,
98,site_TELANGANA_2516,98,2122,SAFProductionSite,site_TELANGANA_2516,TELANGANA,inv_25,93173.38848257232,87782.44164633266,5390.946836239658,0.0,0.0,1525.71,285.71,600.0,250.0,100000.0,True,site_TELANGANA_2516,1.0,,,,,,,,,,,41041907.08092809,,,,0,478.50000000000006,89631.22631233465,435.0,435.0,,
98,site_KARNATAKA_3051,98,2122,SAFProductionSite,site_KARNATAKA_3051,KARNATAKA,inv_28,92872.35561611933,86101.09828448432,6771.257331635003,0.0,0.0,1540.71,285.71,600.0,250.0,100000.0,True,site_KARNATAKA_3051,1.0,,,,,,,,,,,39960261.47200291,,,,0,489.50000000000006,89372.55337479417,445.00000000000006,445.00000000000006,,
98,site_ANDHRA_PRADESH_3930,98,2122,SAFProductionSite,site_ANDHRA_PRADESH_3930,ANDHRA_PRADESH,inv_11,90458.13446328782,78382.08378197016,12076.050681317662,0.0,0.0,1540.71,285.71,600.0,250.0,100000.0,True,site_ANDHRA_PRADESH_3930,1.0,,,,,,,,,,,38162692.63821615,,,,0,495.00000000000006,81960.83413849205,450.0,450.0,,
98,site_WEST_BENGAL_4276,98,2122,SAFProductionSite,site_WEST_BENGAL_4276,WEST_BENGAL,inv_02,92327.78235712498,84824.69945623423,7503.082900890746,0.0,0.0,1540.71,285.71,600.0,250.0,100000.0,True,site_WEST_BENGAL_4276,1.0,,,,,,,,,,,38768021.15058988,,,,0,500.50000000000006,88781.33805457133,454.99999999999994,454.99999999999994,,
98,site_MAHARASHTRA_4310,98,2122,SAFProductionSite,site_MAHARASHTRA_4310,MAHARASHTRA,inv_10,90386.36887798812,78504.56681187877,11881.802066109347,0.0,0.0,1570.71,285.71,600.0,250.0,100000.0,True,site_MAHARASHTRA_4310,1.0,,,,,,,,,,,36303181.35636686,,,,0,517.0,82222.18557144729,470.00000000000006,470.00000000000006,,
98,site_TAMIL_NADU_4435,98,2122,SAFProductionSite,site_TAMIL_NADU_4435,TAMIL_NADU,inv_35,90469.38630659763,77922.52234996864,12546.863956628993,0.0,0.0,1570.71,285.71,600.0,250.0,100000.0,True,site_TAMIL_NADU_4435,1.0,,,,,,,,,,,35836472.40093598,,,,0,522.5,81299.19183205116,475.00000000000006,475.00000000000006,,
98,site_JHARKHAND_4876,98,2122,SAFProductionSite,site_JHARKHAND_4876,JHARKHAND,inv_37,90364.53302312916,80858.7450755929,9505.787947536257,0.0,0.0,1570.71,285.71,600.0,250.0,100000.0,True,site_JHARKHAND_4876,1.0,,,,,,,,,,,35390776.24054776,,,,0,528.0,0.0,480.0,480.0,,
98,site_RAJASTHAN_5813,98,2122,SAFProductionSite,site_RAJASTHAN_5813,RAJASTHAN,inv_41,93016.88301607387,86125.93754548971,6890.945470584164,0.0,0.0,1570.71,285.71,600.0,250.0,100000.0,True,site_RAJASTHAN_5813,1.0,,,,,,,,,,,36278916.96494228,,,,0,533.5,89742.42689939626,484.99999999999994,484.99999999999994,,
98,site_CHHATTISGARH_6311,98,2122,SAFProductionSite,site_CHHATTISGARH_6311,CHHATTISGARH,inv_43,90605.05316324878,79947.74432082703,10657.308842421757,0.0,0.0,1495.71,285.71,600.0,250.0,100000.0,True,site_CHHATTISGARH_6311,1.0,,,,,,,,,,,32355850.328888178,,,,0,660.0,81891.07885224825,492.5719050036115,492.5719050036115,,
98,site_PUNJAB_7112,98,2122,SAFProductionSite,site_PUNJAB_7112,PUNJAB,inv_46,82464.66513374363,76905.89280014251,5558.772333601126,0.0,0.0,1495.71,285.71,600.0,250.0,100000.0,True,site_PUNJAB_7112,1.0,,,,,,,,,,,28695589.14943622,,,,0,660.0,80584.46574920612,501.1922698217161,501.1922698217161,,
98,site_HARYANA_8697,98,2122,SAFProductionSite,site_HARYANA_8697,HARYANA,inv_23,90033.02897466402,77014.03752108004,13018.991453583978,0.0,0.0,1495.71,285.71,600.0,250.0,100000.0,True,site_HARYANA_8697,1.0,,,,,,,,,,,30458887.837297246,,,,0,665.5,80548.00324073785,511.79298437821285,511.79298437821285,,
98,site_ASSAM_8961,98,2122,SAFProductionSite,site_ASSAM_8961,ASSAM,inv_12,90075.37478636179,79702.22681740664,10373.147968955149,0.0,0.0,1615.71,285.71,600.0,250.0,100000.0,True,site_ASSAM_8961,1.0,,,,,,,,,,,31582916.899884164,,,,0,572.0,81976.2481996464,520.0,520.0,,
98,site_KERALA_9594,98,2122,SAFProductionSite,site_KERALA_9594,KERALA,inv_25,92908.82852972994,84164.98023733219,8743.848292397757,0.0,0.0,1615.71,285.71,600.0,250.0,100000.0,True,site_KERALA_9594,1.0,,,,,,,,,,,32296522.6760021,,,,0,577.5,85933.74841798336,525.0,525.0,,
98,site_ODISHA_10038,98,2122,SAFProductionSite,site_ODISHA_10038,ODISHA,inv_02,90972.4332201746,79929.32234506957,11043.110875105034,0.0,0.0,1495.71,285.71,600.0,250.0,100000.0,True,site_ODISHA_10038,1.0,,,,,,,,,,,30382075.247677743,,,,0,665.5,83516.17937270824,522.4497194627018,522.4497194627018,,
98,site_MADHYA_PRADESH_10183,98,2122,SAFProductionSite,site_MADHYA_PRADESH_10183,MADHYA_PRADESH,inv_28,91408.7170186334,79840.26470633698,11568.452312296416,0.0,0.0,1525.71,285.71,600.0,250.0,100000.0,True,site_MADHYA_PRADESH_10183,1.0,,,,,,,,,,,29384460.367370278,,,,0,693.0,82850.5352138366,530.7049189666487,530.7049189666487,,
99,site_GUJARAT_001,99,2123,SAFProductionSite,site_GUJARAT_001,GUJARAT,inv_01,86897.32126555481,83223.14505928793,3674.176206266886,0.0,0.0,1540.71,285.71,600.0,250.0,100000.0,True,site_GUJARAT_001,1.0,,,,,,,,,,,36840387.318693995,,,,0,495.00000000000006,86562.40829619016,450.0,450.0,,
99,site_PUNJAB_020,99,2123,SAFProductionSite,site_PUNJAB_020,PUNJAB,inv_02,91477.10177110108,81981.5307964588,9495.57097464228,0.0,0.0,1495.71,285.71,600.0,250.0,100000.0,True,site_PUNJAB_020,1.0,,,,,,,,,,,40367408.98590875,,,,0,660.0,85109.34684683023,400.0,400.0,,
99,site_CHHATTISGARH_245,99,2123,SAFProductionSite,site_CHHATTISGARH_245,CHHATTISGARH,inv_06,89389.09988784204,76690.42268296095,12698.677204881082,0.0,0.0,1495.71,285.71,600.0,250.0,100000.0,True,site_CHHATTISGARH_245,1.0,,,,,,,,,,,38304391.11747016,,,,0,660.0,80197.30664774435,400.0,400.0,,
99,site_HARYANA_525,99,2123,SAFProductionSite,site_HARYANA_525,HARYANA,inv_10,93044.30495081702,84527.11347669119,8517.191474125837,0.0,0.0,1495.71,285.71,600.0,250.0,100000.0,True,site_HARYANA_525,1.0,,,,,,,,,,,40934840.85215509,,,,0,665.5,86545.10098269311,405.0,405.0,,
99,site_ODISHA_624,99,2123,SAFProductionSite,site_ODISHA_624,ODISHA,inv_11,93875.91356242483,86684.86615661986,7191.047405804973,0.0,0.0,1495.71,285.71,600.0,250.0,100000.0,True,site_ODISHA_624,1.0,,,,,,,,,,,42000023.79997903,,,,0,665.5,89404.74534625192,405.0,405.0,,
99,site_BIHAR_725,99,2123,SAFProductionSite,site_BIHAR_725,BIHAR,inv_12,92016.38915014577,84193.38273070929,7823.006419436482,0.0,0.0,1525.71,285.71,600.0,250.0,100000.0,True,site_BIHAR_725,1.0,,,,,,,,,,,41337873.45609105,,,,0,467.50000000000006,86458.07461765366,425.0,425.0,,
99,site_MADHYA_PRADESH_1615,99,2123,SAFProductionSite,site_MADHYA_PRADESH_1615,MADHYA_PRADESH,inv_19,90080.42190840394,78205.974235818,11874.447672585942,0.0,0.0,1525.71,285.71,600.0,250.0,100000.0,True,site_MADHYA_PRADESH_1615,1.0,,,,,,,,,,,36313357.08766888,,,,0,693.0,82175.48493991613,430.0,430.0,,
99,site_UTTAR_PRADESH_2182,99,2123,SAFProductionSite,site_UTTAR_PRADESH_2182,UTTAR_PRADESH,inv_23,92650.13081245683,84868.2314580742,7781.899354382636,0.0,0.0,1525.71,285.71,600.0,250.0,100000.0,True,site_UTTAR_PRADESH_2182,1.0,,,,,,,,,,,41231137.55358963,,,,0,473.00000000000006,88418.01075474071,430.0,430.0,,
99,site_TELANGANA_2516,99,2123,SAFProductionSite,site_TELANGANA_2516,TELANGANA,inv_25,93198.97920722424,86217.29069969938,6981.688507524857,0.0,0.0,1525.71,285.71,600.0,250.0,100000.0,True,site_TELANGANA_2516,1.0,,,,,,,,,,,41053179.528570086,,,,0,478.50000000000006,89631.22631233465,435.0,435.0,,
99,site_KARNATAKA_3051,99,2123,SAFProductionSite,site_KARNATAKA_3051,KARNATAKA,inv_28,91992.5578273865,84923.6629301405,7068.894897245991,0.0,0.0,1540.71,285.71,600.0,250.0,100000.0,True,site_KARNATAKA_3051,1.0,,,,,,,,,,,39581710.185702235,,,,0,489.50000000000006,89372.55337479417,445.00000000000006,445.00000000000006,,
99,site_ANDHRA_PRADESH_3930,99,2123,SAFProductionSite,site_ANDHRA_PRADESH_3930,ANDHRA_PRADESH,inv_11,90458.13446328782,78807.83827033849,11650.296192949332,0.0,0.0,1540.71,285.71,600.0,250.0,100000.0,True,site_ANDHRA_PRADESH_3930,1.0,,,,,,,,,,,38162692.63821615,,,,0,495.00000000000006,81960.83413849205,450.0,450.0,,
99,site_WEST_BENGAL_4276,99,2123,SAFProductionSite,site_WEST_BENGAL_4276,WEST_BENGAL,inv_02,92327.78235712498,85945.43119290496,6382.351164220017,0.0,0.0,1540.71,285.71,600.0,250.0,100000.0,True,site_WEST_BENGAL_4276,1.0,,,,,,,,,,,38768021.15058988,,,,0,500.50000000000006,88781.33805457133,454.99999999999994,454.99999999999994,,
99,site_MAHARASHTRA_4310,99,2123,SAFProductionSite,site_MAHARASHTRA_4310,MAHARASHTRA,inv_10,90386.36887798812,79382.02929804835,11004.33957993977,0.0,0.0,1570.71,285.71,600.0,250.0,100000.0,True,site_MAHARASHTRA_4310,1.0,,,,,,,,,,,36303181.35636686,,,,0,517.0,82222.18557144729,470.00000000000006,470.00000000000006,,
99,site_TAMIL_NADU_4435,99,2123,SAFProductionSite,site_TAMIL_NADU_4435,TAMIL_NADU,inv_35,90469.38630659763,78573.81963136744,11895.566675230191,0.0,0.0,1570.71,285.71,600.0,250.0,100000.0,True,site_TAMIL_NADU_4435,1.0,,,,,,,,,,,35836472.40093598,,,,0,522.5,81299.19183205116,475.00000000000006,475.00000000000006,,
99,site_JHARKHAND_4876,99,2123,SAFProductionSite,site_JHARKHAND_4876,JHARKHAND,inv_37,92006.7800231761,80177.99774249866,11828.78228067745,0.0,0.0,1570.71,285.71,600.0,250.0,100000.0,True,site_JHARKHAND_4876,1.0,,,,,,,,,,,36033953.316397816,,,,0,528.0,82592.79794654396,480.0,480.0,,
99,site_RAJASTHAN_5813,99,2123,SAFProductionSite,site_RAJASTHAN_5813,RAJASTHAN,inv_41,92959.4651841237,86072.77338380003,6886.691800323679,0.0,0.0,1570.71,285.71,600.0,250.0,100000.0,True,site_RAJASTHAN_5813,1.0,,,,,,,,,,,36256522.57061209,,,,0,533.5,89742.42689939626,484.99999999999994,484.99999999999994,,
99,site_CHHATTISGARH_6311,99,2123,SAFProductionSite,site_CHHATTISGARH_6311,CHHATTISGARH,inv_43,91014.68077448122,78814.64878030322,12200.031994178004,0.0,0.0,1495.71,285.71,600.0,250.0,100000.0,True,site_CHHATTISGARH_6311,1.0,,,,,,,,,,,32502131.901680097,,,,0,660.0,81891.07885224825,492.5719050036115,492.5719050036115,,
99,site_PUNJAB_7112,99,2123,SAFProductionSite,site_PUNJAB_7112,PUNJAB,inv_46,82464.66513374363,78579.20341830957,3885.4617154340667,0.0,0.0,1495.71,285.71,600.0,250.0,100000.0,True,site_PUNJAB_7112,1.0,,,,,,,,,,,28695589.14943622,,,,0,660.0,80584.46574920612,501.1922698217161,501.1922698217161,,
99,site_HARYANA_8697,99,2123,SAFProductionSite,site_HARYANA_8697,HARYANA,inv_23,89671.22834747354,76704.55413042972,12966.674217043823,0.0,0.0,1495.71,285.71,600.0,250.0,100000.0,True,site_HARYANA_8697,1.0,,,,,,,,,,,30336487.81534353,,,,0,665.5,80548.00324073785,511.79298437821285,511.79298437821285,,
99,site_ASSAM_8961,99,2123,SAFProductionSite,site_ASSAM_8961,ASSAM,inv_12,90046.77113517355,78036.49590206164,12010.275233111912,0.0,0.0,1615.71,285.71,600.0,250.0,100000.0,True,site_ASSAM_8961,1.0,,,,,,,,,,,31572887.66891341,,,,0,572.0,81976.2481996464,520.0,520.0,,
99,site_KERALA_9594,99,2123,SAFProductionSite,site_KERALA_9594,KERALA,inv_25,93184.89841411775,83605.31640936605,9579.582004751705,0.0,0.0,1615.71,285.71,600.0,250.0,100000.0,True,site_KERALA_9594,1.0,,,,,,,,,,,32392488.769024566,,,,0,577.5,85933.74841798336,525.0,525.0,,
99,site_ODISHA_10038,99,2123,SAFProductionSite,site_ODISHA_10038,ODISHA,inv_02,90909.8462953425,79874.33282448168,11035.513470860824,0.0,0.0,1495.71,285.71,600.0,250.0,100000.0,True,site_ODISHA_10038,1.0,,,,,,,,,,,30361173.084324926,,,,0,665.5,83516.17937270824,522.4497194627018,522.4497194627018,,
99,site_MADHYA_PRADESH_10183,99,2123,SAFProductionSite,site_MADHYA_PRADESH_10183,MADHYA_PRADESH,inv_28,91408.7170186334,80232.27928037124,11176.43773826216,0.0,0.0,1525.71,285.71,600.0,250.0,100000.0,True,site_MADHYA_PRADESH_10183,1.0,,,,,,,,,,,29384460.367370278,,,,0,693.0,82850.5352138366,530.7049189666487,530.7049189666487,,
100,site_GUJARAT_001,100,2124,SAFProductionSite,site_GUJARAT_001,GUJARAT,inv_01,87098.91052939976,84477.69676354462,2621.2137658551364,0.0,0.0,1540.71,285.71,600.0,250.0,100000.0,True,site_GUJARAT_001,1.0,,,,,,,,,,,36925851.708748564,,,,0,495.00000000000006,86562.40829619016,450.0,450.0,,
100,site_PUNJAB_020,100,2124,SAFProductionSite,site_PUNJAB_020,PUNJAB,inv_02,92021.92012734,82794.691424294,9227.228703046,0.0,0.0,1495.71,285.71,600.0,250.0,100000.0,True,site_PUNJAB_020,1.0,,,,,,,,,,,40607828.773850426,,,,0,660.0,85109.34684683023,400.0,400.0,,
100,site_CHHATTISGARH_245,100,2124,SAFProductionSite,site_CHHATTISGARH_245,CHHATTISGARH,inv_06,89923.63622331311,76671.22453610373,13252.411687209373,0.0,0.0,1495.71,285.71,600.0,250.0,100000.0,True,site_CHHATTISGARH_245,1.0,,,,,,,,,,,38533446.88474013,,,,0,660.0,80197.30664774435,400.0,400.0,,
100,site_HARYANA_525,100,2124,SAFProductionSite,site_HARYANA_525,HARYANA,inv_10,93023.82930876178,83893.91966501235,9129.90964374943,0.0,0.0,1495.71,285.71,600.0,250.0,100000.0,True,site_HARYANA_525,1.0,,,,,,,,,,,40925832.59367736,,,,0,665.5,86545.10098269311,405.0,405.0,,
100,site_ODISHA_624,100,2124,SAFProductionSite,site_ODISHA_624,ODISHA,inv_11,93005.48477889482,85881.11363122905,7124.371147665777,0.0,0.0,1495.71,285.71,600.0,250.0,100000.0,True,site_ODISHA_624,1.0,,,,,,,,,,,41610594.51788592,,,,0,665.5,89404.74534625192,405.0,405.0,,
100,site_BIHAR_725,100,2124,SAFProductionSite,site_BIHAR_725,BIHAR,inv_12,93029.43756568091,83837.42083865628,9192.016727024631,0.0,0.0,1525.71,285.71,600.0,250.0,100000.0,True,site_BIHAR_725,1.0,,,,,,,,,,,41792980.06908749,,,,0,467.50000000000006,86458.07461765366,425.0,425.0,,
100,site_MADHYA_PRADESH_1615,100,2124,SAFProductionSite,site_MADHYA_PRADESH_1615,MADHYA_PRADESH,inv_19,90080.42190840394,78236.61721244616,11843.804695957777,0.0,0.0,1525.71,285.71,600.0,250.0,100000.0,True,site_MADHYA_PRADESH_1615,1.0,,,,,,,,,,,36313357.08766888,,,,0,693.0,82175.48493991613,430.0,430.0,,
100,site_UTTAR_PRADESH_2182,100,2124,SAFProductionSite,site_UTTAR_PRADESH_2182,UTTAR_PRADESH,inv_23,92650.13081245683,85602.81657432308,7047.314238133753,0.0,0.0,1525.71,285.71,600.0,250.0,100000.0,True,site_UTTAR_PRADESH_2182,1.0,,,,,,,,,,,41231137.55358963,,,,0,473.00000000000006,88418.01075474071,430.0,430.0,,
100,site_TELANGANA_2516,100,2124,SAFProductionSite,site_TELANGANA_2516,TELANGANA,inv_25,92793.17491598308,85841.88587399489,6951.289041988188,0.0,0.0,1525.71,285.71,600.0,250.0,100000.0,True,site_TELANGANA_2516,1.0,,,,,,,,,,,40874426.96536073,,,,0,478.50000000000006,89631.22631233465,435.0,435.0,,
100,site_KARNATAKA_3051,100,2124,SAFProductionSite,site_KARNATAKA_3051,KARNATAKA,inv_28,91992.5578273865,86286.72653375052,5705.8312936359725,0.0,0.0,1540.71,285.71,600.0,250.0,100000.0,True,site_KARNATAKA_3051,1.0,,,,,,,,,,,39581710.185702235,,,,0,489.50000000000006,89372.55337479417,445.00000000000006,445.00000000000006,,
100,site_ANDHRA_PRADESH_3930,100,2124,SAFProductionSite,site_ANDHRA_PRADESH_3930,ANDHRA_PRADESH,inv_11,90949.4834412545,80127.96977422162,10821.51366703288,0.0,0.0,1540.71,285.71,600.0,250.0,100000.0,True,site_ANDHRA_PRADESH_3930,1.0,,,,,,,,,,,38369984.112172574,,,,0,495.00000000000006,81960.83413849205,450.0,450.0,,
100,site_WEST_BENGAL_4276,100,2124,SAFProductionSite,site_WEST_BENGAL_4276,WEST_BENGAL,inv_02,92027.66477934684,84548.97114687125,7478.693632475595,0.0,0.0,1540.71,285.71,600.0,250.0,100000.0,True,site_WEST_BENGAL_4276,1.0,,,,,,,,,,,38642003.12756446,,,,0,500.50000000000006,88781.33805457133,454.99999999999994,454.99999999999994,,
100,site_MAHARASHTRA_4310,100,2124,SAFProductionSite,site_MAHARASHTRA_4310,MAHARASHTRA,inv_10,91396.63683018985,80536.00004916929,10860.636781020556,0.0,0.0,1570.71,285.71,600.0,250.0,100000.0,True,site_MAHARASHTRA_4310,1.0,,,,,,,,,,,36708949.8493662,,,,0,517.0,82222.18557144729,470.00000000000006,470.00000000000006,,
100,site_TAMIL_NADU_4435,100,2124,SAFProductionSite,site_TAMIL_NADU_4435,TAMIL_NADU,inv_35,91225.55363247897,78949.23645033622,12276.317182142753,0.0,0.0,1570.71,285.71,600.0,250.0,100000.0,True,site_TAMIL_NADU_4435,1.0,,,,,,,,,,,36136003.22136842,,,,0,522.5,81299.19183205116,475.00000000000006,475.00000000000006,,
100,site_JHARKHAND_4876,100,2124,SAFProductionSite,site_JHARKHAND_4876,JHARKHAND,inv_37,92006.7800231761,80566.4491663124,11440.3308568637,0.0,0.0,1570.71,285.71,600.0,250.0,100000.0,True,site_JHARKHAND_4876,1.0,,,,,,,,,,,36033953.316397816,,,,0,528.0,82592.79794654396,480.0,480.0,,
100,site_RAJASTHAN_5813,100,2124,SAFProductionSite,site_RAJASTHAN_5813,RAJASTHAN,inv_41,92959.4651841237,87537.41758055275,5422.047603570958,0.0,0.0,1570.71,285.71,600.0,250.0,100000.0,True,site_RAJASTHAN_5813,1.0,,,,,,,,,,,36256522.57061209,,,,0,533.5,89742.42689939626,484.99999999999994,484.99999999999994,,
100,site_CHHATTISGARH_6311,100,2124,SAFProductionSite,site_CHHATTISGARH_6311,CHHATTISGARH,inv_43,91014.68077448122,79217.5890246142,11797.091749867031,0.0,0.0,1495.71,285.71,600.0,250.0,100000.0,True,site_CHHATTISGARH_6311,1.0,,,,,,,,,,,32502131.901680097,,,,0,660.0,81891.07885224825,492.5719050036115,492.5719050036115,,
100,site_PUNJAB_7112,100,2124,SAFProductionSite,site_PUNJAB_7112,PUNJAB,inv_46,83294.44945614529,77679.74307943926,5614.706376706032,0.0,0.0,1495.71,285.71,600.0,250.0,100000.0,True,site_PUNJAB_7112,1.0,,,,,,,,,,,28984332.818735823,,,,0,660.0,80584.46574920612,501.1922698217161,501.1922698217161,,
100,site_HARYANA_8697,100,2124,SAFProductionSite,site_HARYANA_8697,HARYANA,inv_23,89671.22834747354,77569.92443546823,12101.303912005314,0.0,0.0,1495.71,285.71,600.0,250.0,100000.0,True,site_HARYANA_8697,1.0,,,,,,,,,,,30336487.81534353,,,,0,665.5,80548.00324073785,511.79298437821285,511.79298437821285,,
100,site_ASSAM_8961,100,2124,SAFProductionSite,site_ASSAM_8961,ASSAM,inv_12,90046.77113517355,79530.07658057602,10516.694554597532,0.0,0.0,1615.71,285.71,600.0,250.0,100000.0,True,site_ASSAM_8961,1.0,,,,,,,,,,,31572887.66891341,,,,0,572.0,81976.2481996464,520.0,520.0,,
100,site_KERALA_9594,100,2124,SAFProductionSite,site_KERALA_9594,KERALA,inv_25,91185.40665217135,81811.37614371757,9374.030508453783,0.0,0.0,1615.71,285.71,600.0,250.0,100000.0,True,site_KERALA_9594,1.0,,,,,,,,,,,31697435.004467413,,,,0,577.5,85933.74841798336,525.0,525.0,,
100,site_ODISHA_10038,100,2124,SAFProductionSite,site_ODISHA_10038,ODISHA,inv_02,90466.04879779795,79484.40774518516,10981.641052612787,0.0,0.0,1495.71,285.71,600.0,250.0,100000.0,True,site_ODISHA_10038,1.0,,,,,,,,,,,30212957.976870388,,,,0,665.5,83516.17937270824,522.4497194627018,522.4497194627018,,
100,site_MADHYA_PRADESH_10183,100,2124,SAFProductionSite,site_MADHYA_PRADESH_10183,MADHYA_PRADESH,inv_28,91857.53253041655,80242.46374799173,11615.068782424816,0.0,0.0,1525.71,285.71,600.0,250.0,100000.0,True,site_MADHYA_PRADESH_10183,1.0,,,,,,,,,,,29528737.653480366,,,,0,693.0,82850.5352138366,530.7049189666487,530.7049189666487,,
